{
   "number_epochs": 500,
   "info_used": "full info",
   "perc_full_data": 0.04,
   "n_epochs_no_selection": 0,
   "Frequency % cutoff": 0.33,
   "hidden_size": 32,
   "random_state": 14,
   "train_errors": [
      0.40927448868751526,
      0.30711883306503296,
      0.22099986672401428,
      0.14528191089630127,
      0.09000300616025925,
      0.054536473006010056,
      0.04819916561245918,
      0.05787225067615509,
      0.06949631124734879,
      0.06844151765108109,
      0.05809381231665611,
      0.04687262699007988,
      0.0412113219499588,
      0.040376026183366776,
      0.04020082950592041,
      0.04135318472981453,
      0.041770562529563904,
      0.040141817182302475,
      0.039917800575494766,
      0.037295859307050705,
      0.035219065845012665,
      0.0342472679913044,
      0.03367044776678085,
      0.03253477066755295,
      0.03219135105609894,
      0.032354824244976044,
      0.030998872593045235,
      0.03105412796139717,
      0.030437540262937546,
      0.029254304245114326,
      0.028387844562530518,
      0.027325941249728203,
      0.02691897377371788,
      0.026455534622073174,
      0.026028703898191452,
      0.024941306561231613,
      0.024635842069983482,
      0.024682777002453804,
      0.02307332493364811,
      0.023393072187900543,
      0.022956307977437973,
      0.021995775401592255,
      0.021556565538048744,
      0.020882025361061096,
      0.019734784960746765,
      0.020798342302441597,
      0.01915709115564823,
      0.019351696595549583,
      0.019213004037737846,
      0.018341032788157463,
      0.01808495633304119,
      0.018315032124519348,
      0.018251359462738037,
      0.017972538247704506,
      0.018105845898389816,
      0.01747741363942623,
      0.018091190606355667,
      0.01724615879356861,
      0.017944512888789177,
      0.016893893480300903,
      0.0172235406935215,
      0.016475630924105644,
      0.01627439819276333,
      0.01552378199994564,
      0.015518172644078732,
      0.015941886231303215,
      0.016003074124455452,
      0.016940975561738014,
      0.015315269120037556,
      0.015463987365365028,
      0.01465844176709652,
      0.014591340906918049,
      0.015270672738552094,
      0.015329363755881786,
      0.015241228975355625,
      0.015150995925068855,
      0.014492779970169067,
      0.015048292465507984,
      0.014805844984948635,
      0.014857739210128784,
      0.014615075662732124,
      0.014557273127138615,
      0.014742638915777206,
      0.015303474850952625,
      0.014253422617912292,
      0.013772852718830109,
      0.014176382683217525,
      0.013937246054410934,
      0.014163429848849773,
      0.013648984022438526,
      0.014842759817838669,
      0.014851795509457588,
      0.01350903045386076,
      0.014365031383931637,
      0.013527922332286835,
      0.01362635102123022,
      0.01356608234345913,
      0.013481160625815392,
      0.013337814249098301,
      0.013916106894612312,
      0.012665465474128723,
      0.013275820761919022,
      0.01420868281275034,
      0.0133396340534091,
      0.014458268880844116,
      0.013147777877748013,
      0.013401701115071774,
      0.013443893752992153,
      0.01320140901952982,
      0.013851070776581764,
      0.013530801050364971,
      0.013343965634703636,
      0.012873155064880848,
      0.014943255111575127,
      0.013218611478805542,
      0.013902133330702782,
      0.0138277942314744,
      0.012327287346124649,
      0.013192982412874699,
      0.012325647287070751,
      0.012423776090145111,
      0.012783554382622242,
      0.013330693356692791,
      0.012555732391774654,
      0.012913176789879799,
      0.012619176879525185,
      0.013012707233428955,
      0.012859011068940163,
      0.012276762165129185,
      0.01337130181491375,
      0.012393413111567497,
      0.0141350869089365,
      0.011948199942708015,
      0.013363776728510857,
      0.012138164602220058,
      0.013270851224660873,
      0.012438264675438404,
      0.013239540159702301,
      0.012067713774740696,
      0.012898189015686512,
      0.011942757293581963,
      0.011909767985343933,
      0.011956640519201756,
      0.01162800844758749,
      0.013644714839756489,
      0.012045704759657383,
      0.012297267094254494,
      0.012067049741744995,
      0.011797793209552765,
      0.012095805257558823,
      0.011539874598383904,
      0.011131798848509789,
      0.011845738627016544,
      0.011542405001819134,
      0.01152476854622364,
      0.011537458747625351,
      0.0121410321444273,
      0.012143390253186226,
      0.011673885397613049,
      0.011448241770267487,
      0.01170397736132145,
      0.011759823188185692,
      0.012243032455444336,
      0.013264574110507965,
      0.011946604587137699,
      0.011515585705637932,
      0.011949398554861546,
      0.01209094189107418,
      0.012443026527762413,
      0.011626200750470161,
      0.011523718945682049,
      0.011394926346838474,
      0.012232041917741299,
      0.010968619957566261,
      0.01168730203062296,
      0.011466293595731258,
      0.011120207607746124,
      0.011673642322421074,
      0.011611015535891056,
      0.01214391179382801,
      0.0112738823518157,
      0.010995322838425636,
      0.011382993310689926,
      0.011402705684304237,
      0.01199534721672535,
      0.011202717199921608,
      0.01112760603427887,
      0.010510379448533058,
      0.011360850185155869,
      0.011427879333496094,
      0.011811090633273125,
      0.011035135947167873,
      0.010948052629828453,
      0.010379987768828869,
      0.010901727713644505,
      0.011419758200645447,
      0.01132203545421362,
      0.010688195936381817,
      0.010969158262014389,
      0.010918810032308102,
      0.011097900569438934,
      0.010861649177968502,
      0.0108343455940485,
      0.01124628260731697,
      0.01044829934835434,
      0.01142454519867897,
      0.011408871971070766,
      0.011957792565226555,
      0.010890883393585682,
      0.010208859108388424,
      0.011273544281721115,
      0.011806217953562737,
      0.010521993041038513,
      0.011373279616236687,
      0.010638180188834667,
      0.010441292077302933,
      0.010343870148062706,
      0.010068414732813835,
      0.011523899622261524,
      0.011216942220926285,
      0.010820439085364342,
      0.010614924132823944,
      0.010834986343979836,
      0.011078567244112492,
      0.010748187080025673,
      0.011384479701519012,
      0.010892795398831367,
      0.01055573858320713,
      0.01070368941873312,
      0.010927488096058369,
      0.010433568619191647,
      0.010876866988837719,
      0.010054154321551323,
      0.010783832520246506,
      0.010647541843354702,
      0.011224445886909962,
      0.010375147685408592,
      0.011450081132352352,
      0.010350115597248077,
      0.010392031632363796,
      0.010677614249289036,
      0.011680315248668194,
      0.010667407885193825,
      0.010416085831820965,
      0.010217435657978058,
      0.01051284372806549,
      0.011170578189194202,
      0.010952521115541458,
      0.010806653648614883,
      0.010622597299516201,
      0.01023821346461773,
      0.010229616425931454,
      0.011182565242052078,
      0.010214323177933693,
      0.01049764733761549,
      0.01046533603221178,
      0.01052843127399683,
      0.010994247160851955,
      0.010624721646308899,
      0.010729990899562836,
      0.010217033326625824,
      0.010246781632304192,
      0.010582813061773777,
      0.011116900481283665,
      0.01043060515075922,
      0.010112585499882698,
      0.010154013521969318,
      0.010574574582278728,
      0.010815400630235672,
      0.010142704471945763,
      0.010661231353878975,
      0.00992188323289156,
      0.010473361238837242,
      0.009828699752688408,
      0.009613960050046444,
      0.009971803985536098,
      0.010958798229694366,
      0.010052119381725788,
      0.009980856440961361,
      0.009861164726316929,
