{
   "number_epochs": 500,
   "info_used": "full info",
   "perc_full_data": 0.04,
   "n_epochs_no_selection": 0,
   "Frequency % cutoff": 0.33,
   "hidden_size": 32,
   "random_state": 5,
   "train_errors": [
      0.45031753182411194,
      0.37604013085365295,
      0.30822253227233887,
      0.2460726797580719,
      0.1844651699066162,
      0.1305709332227707,
      0.08548420667648315,
      0.056717824190855026,
      0.04271518811583519,
      0.05055031552910805,
      0.0671103298664093,
      0.07068958878517151,
      0.06395456939935684,
      0.054627154022455215,
      0.04549160599708557,
      0.04166163504123688,
      0.0391877219080925,
      0.042144984006881714,
      0.04048812761902809,
      0.0412789024412632,
      0.03921617940068245,
      0.037878163158893585,
      0.03499084338545799,
      0.034145742654800415,
      0.034190963953733444,
      0.03402722254395485,
      0.03354548662900925,
      0.03363721817731857,
      0.03305556997656822,
      0.031572889536619186,
      0.03140035271644592,
      0.029982740059494972,
      0.030927710235118866,
      0.02999926172196865,
      0.029534487053751945,
      0.02886340394616127,
      0.02766190469264984,
      0.027695711702108383,
      0.02704675681889057,
      0.026973212137818336,
      0.025532245635986328,
      0.025921059772372246,
      0.025279924273490906,
      0.024360623210668564,
      0.023817770183086395,
      0.0240091010928154,
      0.02337229810655117,
      0.02307780459523201,
      0.022483134642243385,
      0.02204306423664093,
      0.02225474826991558,
      0.021455341950058937,
      0.02221878618001938,
      0.020842667669057846,
      0.02068883739411831,
      0.020824464038014412,
      0.020012952387332916,
      0.020659632980823517,
      0.020738214254379272,
      0.020478596910834312,
      0.01951148733496666,
      0.01988484524190426,
      0.019212113693356514,
      0.01968071609735489,
      0.019565066322684288,
      0.0199908260256052,
      0.019057895988225937,
      0.01894877851009369,
      0.019399702548980713,
      0.018939564004540443,
      0.018915139138698578,
      0.01947968453168869,
      0.018881812691688538,
      0.01970742829144001,
      0.018761344254016876,
      0.018694646656513214,
      0.0195970069617033,
      0.019552035257220268,
      0.018640613183379173,
      0.01895418018102646,
      0.018970342352986336,
      0.018294574692845345,
      0.018978815525770187,
      0.018186207860708237,
      0.01876729540526867,
      0.01911739446222782,
      0.019464002922177315,
      0.018389156088232994,
      0.018897293135523796,
      0.019070422276854515,
      0.018874961882829666,
      0.018149225041270256,
      0.019010094925761223,
      0.017993634566664696,
      0.018343864008784294,
      0.01840352825820446,
      0.018456274643540382,
      0.018100854009389877,
      0.01771826297044754,
      0.01821468025445938,
      0.01743512600660324,
      0.017530810087919235,
      0.01838792860507965,
      0.017887845635414124,
      0.018111011013388634,
      0.017928851768374443,
      0.01653231866657734,
      0.018111633136868477,
      0.01802724041044712,
      0.01820632442831993,
      0.018288245424628258,
      0.01799347624182701,
      0.01783163845539093,
      0.017295869067311287,
      0.018466398119926453,
      0.017988363280892372,
      0.017817547544836998,
      0.017634939402341843,
      0.017429169267416,
      0.0173343475908041,
      0.017587555572390556,
      0.017945829778909683,
      0.01853155717253685,
      0.018263138830661774,
      0.01801072619855404,
      0.01768134906888008,
      0.017528193071484566,
      0.017675083130598068,
      0.018430156633257866,
      0.01809517852962017,
      0.017349110916256905,
      0.018190529197454453,
      0.017557185143232346,
      0.01831316016614437,
      0.017145449295639992,
      0.016812311485409737,
      0.01681971736252308,
      0.016822515055537224,
      0.017540400847792625,
      0.016856415197253227,
      0.017231900244951248,
      0.017169037833809853,
      0.016291501000523567,
      0.017316685989499092,
      0.016719583421945572,
      0.017135966569185257,
      0.016944706439971924,
      0.016398746520280838,
      0.01702079176902771,
      0.016569340601563454,
      0.016043491661548615,
      0.015463615767657757,
      0.016699258238077164,
      0.016601743176579475,
      0.016054823994636536,
      0.015417094342410564,
      0.017350539565086365,
      0.01584566943347454,
      0.01523094903677702,
      0.016719046980142593,
      0.01570196822285652,
      0.016678811982274055,
      0.01625514030456543,
      0.01615096814930439,
      0.01617034524679184,
      0.015202007256448269,
      0.015432913787662983,
      0.015893595293164253,
      0.015030557289719582,
      0.015918800607323647,
      0.014914932660758495,
      0.014659833163022995,
      0.015182777307927608,
      0.014784649945795536,
      0.01564473658800125,
      0.01513094175606966,
      0.015791095793247223,
      0.015148858539760113,
      0.015118977054953575,
      0.014163446612656116,
      0.014519069343805313,
      0.015276674181222916,
      0.014181703329086304,
      0.01406979188323021,
      0.014325390569865704,
      0.015254556201398373,
      0.014260750263929367,
      0.01464853249490261,
      0.013871351256966591,
      0.014371796511113644,
      0.015066269785165787,
      0.012989348731935024,
      0.013280024752020836,
      0.013957666233181953,
      0.01344005111604929,
      0.012354039587080479,
      0.013618335127830505,
      0.013276269659399986,
      0.013224363327026367,
      0.013854007236659527,
      0.014385215938091278,
      0.013463319279253483,
      0.01323645655065775,
      0.013455740176141262,
      0.013449869118630886,
      0.01282624900341034,
      0.012956742197275162,
      0.013339051976799965,
      0.013979173265397549,
      0.013740590773522854,
      0.01428123377263546,
      0.013211507350206375,
      0.013130096718668938,
      0.01312895305454731,
      0.013474738225340843,
      0.01338350959122181,
      0.013169405981898308,
      0.012637926265597343,
      0.0133523503318429,
      0.014099476858973503,
      0.013848786242306232,
      0.013456054031848907,
      0.013652450405061245,
      0.013303031213581562,
      0.012479176744818687,
      0.012898936867713928,
      0.013021646998822689,
      0.012581822462379932,
      0.013652200810611248,
      0.013034109957516193,
      0.012771791778504848,
      0.012689901515841484,
      0.01241228636354208,
      0.01469848770648241,
      0.012364850379526615,
      0.012868904508650303,
      0.012739963829517365,
      0.012242567725479603,
      0.012203781865537167,
      0.013218485750257969,
      0.0129691231995821,
      0.012568709440529346,
      0.014475016854703426,
      0.013606616295874119,
      0.012721754610538483,
      0.012992019765079021,
      0.012575418688356876,
      0.012240816839039326,
      0.0133356973528862,
      0.012621825560927391,
      0.01305087935179472,
      0.01272232923656702,
      0.0122116319835186,
      0.012736053206026554,
      0.011764233000576496,
      0.01284849178045988,
      0.011871696449816227,
      0.01271068211644888,
      0.012200466357171535,
      0.012218470685184002,
      0.012385979294776917,
      0.012875037267804146,
      0.012490532360970974,
      0.011646381579339504,
      0.012542976066470146,
      0.011838951148092747,
      0.012948762625455856,
      0.013234947808086872,
      0.01223643310368061,
      0.012420423328876495,
      0.011609716340899467,
      0.011583805084228516,
      0.01141856238245964,
      0.011896488256752491,
      0.011695525608956814,
      0.01169571839272976,
      0.01237962394952774,
      0.011410881765186787,
      0.011692842468619347,
      0.011655429378151894,
      0.011727915145456791,
      0.012132118456065655,
