{
   "number_epochs": 500,
   "info_used": "full info",
   "perc_full_data": 0.03,
   "n_epochs_no_selection": 0,
   "Frequency % cutoff": 0.33,
   "hidden_size": 32,
   "random_state": 0,
   "train_errors": [
      0.045466553419828415,
      0.020481549203395844,
      0.015657437965273857,
      0.01900002546608448,
      0.01779203675687313,
      0.015582839027047157,
      0.013594611547887325,
      0.01301582157611847,
      0.012755519710481167,
      0.01277925819158554,
      0.012486954219639301,
      0.012028073891997337,
      0.011328579857945442,
      0.010894838720560074,
      0.010863459669053555,
      0.010958845727145672,
      0.010948619805276394,
      0.010717591270804405,
      0.011095318011939526,
      0.010696863755583763,
      0.010722564533352852,
      0.010911981575191021,
      0.010610232129693031,
      0.01061350479722023,
      0.010411415249109268,
      0.010683727450668812,
      0.010555373504757881,
      0.010254038497805595,
      0.009919920936226845,
      0.010374069213867188,
      0.009929127059876919,
      0.009700167924165726,
      0.010304076597094536,
      0.010080390609800816,
      0.00978656206279993,
      0.009769861586391926,
      0.009695980697870255,
      0.009831484407186508,
      0.00944211333990097,
      0.00979710090905428,
      0.00980260968208313,
      0.009206113405525684,
      0.009649183601140976,
      0.009133517742156982,
      0.008582018315792084,
      0.00876984279602766,
      0.008790629915893078,
      0.008883386850357056,
      0.009064222685992718,
      0.008239488117396832,
      0.008192112669348717,
      0.008016603998839855,
      0.00802027340978384,
      0.007881985045969486,
      0.007973071187734604,
      0.00731692835688591,
      0.00765654444694519,
      0.00681065721437335,
      0.007270177360624075,
      0.00716206431388855,
      0.00627755606546998,
      0.006238098721951246,
      0.006272369064390659,
      0.005863652564585209,
      0.005782415624707937,
      0.0063749561086297035,
      0.005652985069900751,
      0.006205915007740259,
      0.005981254857033491,
      0.00564411049708724,
      0.004811631049960852,
      0.005552404094487429,
      0.005012150388211012,
      0.004447806626558304,
      0.004695890937000513,
      0.004645880311727524,
      0.003980882000178099,
      0.004497208632528782,
      0.0041707600466907024,
      0.004992103204131126,
      0.0039940220303833485,
      0.004334358964115381,
      0.004365861881524324,
      0.0050119138322770596,
      0.0046974066644907,
      0.003480610903352499,
      0.0036376763600856066,
      0.004054560326039791,
      0.00376965943723917,
      0.003913591615855694,
      0.004630020819604397,
      0.00383937731385231,
      0.005022882018238306,
      0.0037209931761026382,
      0.0037338838446885347,
      0.004193474538624287,
      0.003863805439323187,
      0.003359077265486121,
      0.0035587199963629246,
      0.004850024823099375,
      0.003850363427773118,
      0.0028620401863008738,
      0.0032926760613918304,
      0.0035435943864285946,
      0.0029477744828909636,
      0.0040510594844818115,
      0.003348569618538022,
      0.003740008920431137,
      0.003790586721152067,
      0.004741937853395939,
      0.0035861521027982235,
      0.00448536267504096,
      0.0028617687057703733,
      0.0031638536602258682,
      0.004717589356005192,
      0.003273220034316182,
      0.002945196582004428,
      0.0031935356091707945,
      0.00308926566503942,
      0.002838387619704008,
      0.003316996619105339,
      0.00377371977083385,
      0.0029353564605116844,
      0.0029494143091142178,
      0.003282978432253003,
      0.003236975520849228,
      0.0028706365264952183,
      0.00319406995549798,
      0.003285096725448966,
      0.003971656784415245,
      0.003631196217611432,
      0.002789457328617573,
      0.0028768652118742466,
      0.00323636457324028,
      0.0031705540604889393,
      0.0026153072249144316,
      0.00281643308699131,
      0.0029817773029208183,
      0.002986161969602108,
      0.0035783664789050817,
      0.0027918945997953415,
      0.002578750951215625,
      0.003485523397102952,
      0.0031093009747564793,
      0.0026578805409371853,
      0.0028882704209536314,
      0.002902151318266988,
      0.0025125949177891016,
      0.0031707151792943478,
      0.0034365158062428236,
      0.003273106412962079,
      0.003012940986081958,
      0.002607484580948949,
      0.0025973315350711346,
      0.0026853184681385756,
      0.0028992025181651115,
      0.0024094791151583195,
      0.0032008937560021877,
      0.0033855889923870564,
      0.0025382395833730698,
      0.0028517935425043106,
      0.0028809725772589445,
      0.002760856179520488,
      0.0028840338345617056,
      0.002747987164184451,
      0.0025512422434985638,
      0.002449861029163003,
      0.0025413103867322206,
      0.003065382596105337,
      0.0027400734834372997,
      0.0026563219726085663,
      0.0023052648175507784,
      0.002943863859400153,
      0.002497717970982194,
      0.0028161732479929924,
      0.0024194628931581974,
      0.0030176586005836725,
      0.0022478834725916386,
      0.0020588012412190437,
      0.0025237752124667168,
      0.002042850712314248,
      0.0025122740771621466,
      0.002624665619805455,
      0.0021418104879558086,
      0.0025060793850570917,
      0.002282781060785055,
      0.002634519012644887,
      0.002204175805673003,
      0.0020918704103678465,
      0.0025086409877985716,
      0.0025433774571865797,
      0.002643178217113018,
      0.002559226006269455,
      0.0026422981172800064,
      0.002175400499254465,
      0.0021059561986476183,
      0.00224668369628489,
      0.0022699281107634306,
      0.00241819117218256,
      0.0021727485582232475,
      0.002132900757715106,
      0.001987092662602663,
      0.0022515193559229374,
      0.001882794313132763,
      0.0020194894168525934,
      0.0022536145988851786,
      0.0026399153284728527,
      0.0021306313574314117,
      0.0019349638605490327,
      0.002107374370098114,
      0.0019224926363676786,
      0.002044105902314186,
      0.001898152637295425,
      0.002140337834134698,
      0.0018206581007689238,
      0.001933684223331511,
      0.0022545731626451015,
      0.0019838125444948673,
      0.0018362466944381595,
      0.002413123846054077,
      0.0017918384401127696,
      0.002036098623648286,
      0.0028404223266988993,
      0.0021314278710633516,
      0.002408923115581274,
      0.0022410263773053885,
      0.002179717179387808,
      0.002033482538536191,
      0.0018477167468518019,
      0.001961382571607828,
      0.002077410463243723,
      0.0020642168819904327,
      0.001750886789523065,
      0.0017910621827468276,
      0.0021000613924115896,
      0.0018096290295943618,
      0.0019491154234856367,
      0.0017519016982987523,
      0.0024049668572843075,
      0.002024812623858452,
      0.0018045050092041492,
      0.0018193721771240234,
      0.00195825332775712,
      0.0019470531260594726,
      0.0018073003739118576,
      0.0020407524425536394,
      0.0018209877889603376,
      0.0016868981765583158,
      0.0016225595027208328,
      0.001981619745492935,
      0.0019029290415346622,
      0.001975048566237092,
      0.0018017266411334276,
      0.001701162662357092,
      0.0018384528812021017,
      0.001817521988414228,
      0.0017927269218489528,
      0.0017614703392609954,
      0.001783774932846427,
      0.0018306998535990715,
      0.0018820853438228369,
      0.0016489370027557015,
      0.0019065294181928039,
      0.0020230538211762905,
      0.0015406135935336351,
      0.0018417860846966505,
      0.0017276976723223925,
      0.0018637710018083453,
      0.0015924457693472505,
      0.0020083594135940075,
      0.001847444917075336,
      0.0015816191444173455,
      0.0020909591112285852,
      0.002401793608441949,
      0.0023024682886898518,
