{
   "number_epochs": 75,
   "info_used": "partial info",
   "perc_full_data": 0.1,
   "n_epochs_no_selection": 0,
   "Frequency % cutoff": 0.25,
   "hidden_size": 32,
   "random_state": 6,
   "train_errors": [
      0.6530033349990845,
      0.6397403478622437,
      0.6333896517753601,
      0.6241116523742676,
      0.6175710558891296,
      0.614011287689209,
      0.6128628849983215,
      0.6184974312782288,
      0.6063096523284912,
      0.609123170375824,
      0.613211452960968,
      0.6148001551628113,
      0.6189126372337341,
      0.6066136360168457,
      0.6047367453575134,
      0.6179824471473694,
      0.6212177276611328,
      0.6112741231918335,
      0.6162488460540771,
      0.6173937916755676,
      0.6088459491729736,
      0.6059218645095825,
      0.6007656455039978,
      0.5918869376182556,
      0.6097656488418579,
      0.6084979772567749,
      0.5959571599960327,
      0.6042062640190125,
      0.6041279435157776,
      0.6081230044364929,
      0.6057718396186829,
      0.598235011100769,
      0.6050143241882324,
      0.6061180233955383,
      0.6036242246627808,
      0.6019221544265747,
      0.6040095090866089,
      0.5897530317306519,
      0.606012761592865,
      0.6010648608207703,
      0.6080945730209351,
      0.5994158387184143,
      0.5973864793777466,
      0.5899947285652161,
      0.6059587001800537,
      0.5926777124404907,
      0.5913068652153015,
      0.5900766253471375,
      0.6015747785568237,
      0.5907272696495056,
      0.5926607847213745,
      0.593542218208313,
      0.5906449556350708,
      0.5799310207366943,
      0.5966663360595703,
      0.5834246277809143,
      0.6034064292907715,
      0.5875512957572937,
      0.5833932161331177,
      0.6054402589797974,
      0.5847928524017334,
      0.5653385519981384,
      0.5890058875083923,
      0.5920008420944214,
      0.5742954015731812,
      0.5769655108451843,
      0.5811737775802612,
      0.59515780210495,
      0.5809023976325989,
      0.5634389519691467,
      0.5722825527191162,
      0.5654619932174683,
      0.5675420165061951,
      0.5631784200668335,
      0.5535387992858887
   ],
   "valid_errors": [
      0.6680774092674255,
      0.6615129709243774,
      0.6795008182525635,
      0.683509349822998,
      0.6715905666351318,
      0.6639488339424133,
      0.6628926992416382,
      0.6661441922187805,
      0.6699861288070679,
      0.6701502799987793,
      0.6689941883087158,
      0.6684163808822632,
      0.666188657283783,
      0.6663973331451416,
      0.6667391061782837,
      0.6696056127548218
   ],
   "val_epochs": [
      0,
      5,
      10,
      15,
      20,
      25,
      30,
      35,
      40,
      45,
      50,
      55,
      60,
      65,
      70,
      74
   ],
   "input_data_path": "../data/donated_blood/donated_blood_subsampled_balance.csv",
   "gradwcontext": false,
   "Encompassing Param": 0.1,
   "Normalize Grads & Contx": false,
   "cluster_all_classes": false,
   "imputation method": "",
   "model_dropout": 0.15
}