{
   "number_epochs": 75,
   "info_used": "partial info",
   "perc_full_data": 0.1,
   "n_epochs_no_selection": 0,
   "Frequency % cutoff": 0.25,
   "hidden_size": 32,
   "random_state": 9,
   "train_errors": [
      0.7112655639648438,
      0.6997323632240295,
      0.6926998496055603,
      0.6825335025787354,
      0.6751791834831238,
      0.6718252301216125,
      0.6612414717674255,
      0.6516458988189697,
      0.65697181224823,
      0.646575391292572,
      0.6344332695007324,
      0.6377376317977905,
      0.6286159753799438,
      0.6388947367668152,
      0.6327720284461975,
      0.6163987517356873,
      0.6339977383613586,
      0.6265785098075867,
      0.6350553035736084,
      0.6236801743507385,
      0.6272886395454407,
      0.6143373250961304,
      0.6387286186218262,
      0.6409199237823486,
      0.6229073405265808,
      0.6161530017852783,
      0.6294288039207458,
      0.6349031925201416,
      0.6232377290725708,
      0.6125964522361755,
      0.6231663823127747,
      0.6274987459182739,
      0.6307178735733032,
      0.6435136198997498,
      0.6307329535484314,
      0.6183789968490601,
      0.6132203340530396,
      0.6311708688735962,
      0.6193527579307556,
      0.6305468082427979,
      0.6308494210243225,
      0.622246503829956,
      0.6330203413963318,
      0.6154519319534302,
      0.624485433101654,
      0.6376121044158936,
      0.6148615479469299,
      0.6334429383277893,
      0.6169284582138062,
      0.6278640627861023,
      0.624691367149353,
      0.6110776662826538,
      0.6286849975585938,
      0.6184122562408447,
      0.6139491200447083,
      0.623590886592865,
      0.6180823445320129,
      0.611361026763916,
      0.6084979176521301,
      0.6129224896430969,
      0.6066451668739319,
      0.6042693257331848,
      0.6126841306686401,
      0.6119357943534851,
      0.6204021573066711,
      0.6045105457305908,
      0.6094210147857666,
      0.6110309362411499,
      0.6090262532234192,
      0.6164863109588623,
      0.6111881732940674,
      0.6114233136177063,
      0.6061117649078369,
      0.58499675989151,
      0.6030684113502502
   ],
   "valid_errors": [
      0.6958000659942627,
      0.6674977540969849,
      0.6543564200401306,
      0.656553328037262,
      0.6662008166313171,
      0.66490238904953,
      0.6576992273330688,
      0.6525234580039978,
      0.6499828100204468,
      0.649120569229126,
      0.648629367351532,
      0.6489330530166626,
      0.6477137207984924,
      0.6452292799949646,
      0.6407627463340759,
      0.637916624546051
   ],
   "val_epochs": [
      0,
      5,
      10,
      15,
      20,
      25,
      30,
      35,
      40,
      45,
      50,
      55,
      60,
      65,
      70,
      74
   ],
   "input_data_path": "../data/donated_blood/donated_blood_subsampled_balance.csv",
   "gradwcontext": false,
   "Encompassing Param": 0.1,
   "Normalize Grads & Contx": false,
   "cluster_all_classes": false,
   "imputation method": "",
   "model_dropout": 0.15
}