{
   "number_epochs": 75,
   "info_used": "partial info",
   "perc_full_data": 0.1,
   "n_epochs_no_selection": 0,
   "Frequency % cutoff": 0.25,
   "hidden_size": 32,
   "random_state": 14,
   "train_errors": [
      0.7112810015678406,
      0.6970199346542358,
      0.6864373087882996,
      0.6734994649887085,
      0.6578835248947144,
      0.6478238105773926,
      0.6408848762512207,
      0.6334015130996704,
      0.6258758306503296,
      0.6184023022651672,
      0.6138763427734375,
      0.5952247381210327,
      0.6005570292472839,
      0.6039043664932251,
      0.5973325967788696,
      0.6006104946136475,
      0.6030325889587402,
      0.6042330861091614,
      0.612803041934967,
      0.602289080619812,
      0.5834267139434814,
      0.5891581773757935,
      0.5950387120246887,
      0.5949273109436035,
      0.6100838780403137,
      0.5912350416183472,
      0.5986230373382568,
      0.6039102077484131,
      0.5878628492355347,
      0.5929638147354126,
      0.5975944399833679,
      0.5832921266555786,
      0.5877078771591187,
      0.5794680118560791,
      0.5976608395576477,
      0.603728711605072,
      0.5819981098175049,
      0.5859358906745911,
      0.594132125377655,
      0.580734133720398,
      0.590966522693634,
      0.582141101360321,
      0.5837416052818298,
      0.5827009677886963,
      0.5681160688400269,
      0.5832561254501343,
      0.5612348914146423,
      0.5758309960365295,
      0.5779458284378052,
      0.5864642262458801,
      0.5874224305152893,
      0.5784200429916382,
      0.576701819896698,
      0.5741221308708191,
      0.5800493359565735,
      0.5674426555633545,
      0.5681819915771484,
      0.5634520649909973,
      0.5669753551483154,
      0.5714203119277954,
      0.5668459534645081,
      0.5567137598991394,
      0.5714309215545654,
      0.5573288202285767,
      0.5674299597740173,
      0.5569664239883423,
      0.5340427160263062,
      0.5515831112861633,
      0.5673349499702454,
      0.5386109352111816,
      0.533155083656311,
      0.5503818988800049,
      0.5573671460151672,
      0.5542916059494019,
      0.5469271540641785
   ],
   "valid_errors": [
      0.6929444074630737,
      0.6712458729743958,
      0.6767297387123108,
      0.7095932364463806,
      0.7246946096420288,
      0.7089956402778625,
      0.687075138092041,
      0.6772928833961487,
      0.6766694784164429,
      0.6819505095481873,
      0.6878757476806641,
      0.6831170916557312,
      0.6750068068504333,
      0.6695190072059631,
      0.6704819798469543,
      0.6706284880638123
   ],
   "val_epochs": [
      0,
      5,
      10,
      15,
      20,
      25,
      30,
      35,
      40,
      45,
      50,
      55,
      60,
      65,
      70,
      74
   ],
   "input_data_path": "../data/donated_blood/donated_blood_subsampled_balance.csv",
   "gradwcontext": false,
   "Encompassing Param": 0.1,
   "Normalize Grads & Contx": false,
   "cluster_all_classes": false,
   "imputation method": "",
   "model_dropout": 0.15
}