{
   "number_epochs": 75,
   "info_used": "partial info",
   "perc_full_data": 0.1,
   "n_epochs_no_selection": 0,
   "Frequency % cutoff": 0.25,
   "hidden_size": 32,
   "random_state": 1,
   "train_errors": [
      0.6867398619651794,
      0.6768859028816223,
      0.6634554862976074,
      0.6566124558448792,
      0.644525945186615,
      0.6355160474777222,
      0.6252201199531555,
      0.6258722543716431,
      0.6212794780731201,
      0.6102909445762634,
      0.5976423025131226,
      0.6001508831977844,
      0.5902998447418213,
      0.5837664008140564,
      0.5703942775726318,
      0.578860878944397,
      0.5678504109382629,
      0.5765866637229919,
      0.555985689163208,
      0.5574232339859009,
      0.5694863200187683,
      0.5729348659515381,
      0.568943202495575,
      0.5668550133705139,
      0.5779681205749512,
      0.5673384666442871,
      0.5544272661209106,
      0.5717610716819763,
      0.576636791229248,
      0.5583663582801819,
      0.5802873373031616,
      0.5614483952522278,
      0.5662408471107483,
      0.5576358437538147,
      0.552269458770752,
      0.557013988494873,
      0.532678484916687,
      0.5571441054344177,
      0.5522714853286743,
      0.555063009262085,
      0.5672440528869629,
      0.5511040091514587,
      0.5451405644416809,
      0.5523449182510376,
      0.5487640500068665,
      0.5428840517997742,
      0.5391581058502197,
      0.5350451469421387,
      0.5613736510276794,
      0.5365880131721497,
      0.5321821570396423,
      0.5351913571357727,
      0.5439999103546143,
      0.5412192940711975,
      0.5507738590240479,
      0.5229731202125549,
      0.5336387753486633,
      0.5579608678817749,
      0.5361572504043579,
      0.5081389546394348,
      0.520168125629425,
      0.5359095931053162,
      0.5331632494926453,
      0.5172500014305115,
      0.5027478337287903,
      0.5250583291053772,
      0.5079420804977417,
      0.5192074775695801,
      0.4993577301502228,
      0.5147168636322021,
      0.5458747148513794,
      0.48275938630104065,
      0.5010555386543274,
      0.5009616613388062,
      0.4965306520462036
   ],
   "valid_errors": [
      0.6835799217224121,
      0.6633967757225037,
      0.6582933664321899,
      0.6730249524116516,
      0.704689085483551,
      0.7168562412261963,
      0.7007360458374023,
      0.6809126138687134,
      0.6714829206466675,
      0.6703792214393616,
      0.6776935458183289,
      0.679379403591156,
      0.6655910611152649,
      0.657495379447937,
      0.6555606126785278,
      0.652980387210846
   ],
   "val_epochs": [
      0,
      5,
      10,
      15,
      20,
      25,
      30,
      35,
      40,
      45,
      50,
      55,
      60,
      65,
      70,
      74
   ],
   "input_data_path": "../data/donated_blood/donated_blood_subsampled_balance.csv",
   "gradwcontext": false,
   "Encompassing Param": 0.1,
   "Normalize Grads & Contx": false,
   "cluster_all_classes": false,
   "imputation method": "",
   "model_dropout": 0.15
}