{
   "number_epochs": 100,
   "info_used": "use imputation",
   "perc_full_data": 0.015,
   "n_epochs_no_selection": 0,
   "Frequency % cutoff": 0.33,
   "hidden_size": 32,
   "random_state": 5,
   "train_errors": [
      0.16501380503177643,
      0.10056561976671219,
      0.05499616265296936,
      0.02622852474451065,
      0.013405784964561462,
      0.014597694389522076,
      0.021208660677075386,
      0.026030050590634346,
      0.02182300016283989,
      0.017841771245002747,
      0.014003866352140903,
      0.012260818853974342,
      0.01165840309113264,
      0.011490089818835258,
      0.012664144858717918,
      0.012176655232906342,
      0.012100553140044212,
      0.01192913856357336,
      0.011229554191231728,
      0.011111109517514706,
      0.01138613373041153,
      0.011197663843631744,
      0.011240260675549507,
      0.01198549009859562,
      0.012188021093606949,
      0.010652364231646061,
      0.011355049908161163,
      0.01080213114619255,
      0.010873737744987011,
      0.010839482769370079,
      0.010753408074378967,
      0.01018087100237608,
      0.010578450746834278,
      0.010625743307173252,
      0.011193396523594856,
      0.010827519930899143,
      0.01035967655479908,
      0.01085695344954729,
      0.010801835916936398,
      0.010580671951174736,
      0.010682250373065472,
      0.010823098011314869,
      0.010253679007291794,
      0.010695996694266796,
      0.010432745330035686,
      0.010361511260271072,
      0.01029446441680193,
      0.010140663012862206,
      0.01044845674186945,
      0.011060616001486778,
      0.010289642959833145,
      0.010338795371353626,
      0.010101434774696827,
      0.010221905075013638,
      0.009988236241042614,
      0.010568216443061829,
      0.010622872039675713,
      0.010026909410953522,
      0.010196898132562637,
      0.010408690199255943,
      0.010130209848284721,
      0.01006465032696724,
      0.010572213679552078,
      0.010196852497756481,
      0.010375835932791233,
      0.010154725052416325,
      0.010089688003063202,
      0.009427611716091633,
      0.010196926072239876,
      0.009834709577262402,
      0.010073583573102951,
      0.00976064894348383,
      0.010583579540252686,
      0.010024329647421837,
      0.00989054050296545,
      0.01004415936768055,
      0.01054813340306282,
      0.010232964530587196,
      0.009950874373316765,
      0.00922313891351223,
      0.00937469769269228,
      0.009314307011663914,
      0.009695114567875862,
      0.009564186446368694,
      0.00945126824080944,
      0.009525787085294724,
      0.009627601131796837,
      0.00974536594003439,
      0.009162766858935356,
      0.00933709554374218,
      0.00923940446227789,
      0.009901572950184345,
      0.009708271361887455,
      0.009132836945354939,
      0.009400744922459126,
      0.008979574777185917,
      0.00911756046116352,
      0.009580968879163265,
      0.009439666755497456,
      0.00947662629187107
   ],
   "valid_errors": [
      0.1284392923116684,
      0.015264790505170822,
      0.011233970522880554,
      0.012015377171337605,
      0.01004604622721672,
      0.009786026552319527,
      0.0096261752769351,
      0.009290765970945358,
      0.009053295478224754,
      0.008867858909070492,
      0.0086497962474823,
      0.008499612100422382,
      0.008376081474125385,
      0.008287137374281883,
      0.00822223350405693,
      0.008195780217647552,
      0.008378528989851475,
      0.008452855050563812,
      0.00875761266797781,
      0.008358404040336609,
      0.009346268139779568
   ],
   "val_epochs": [
      0,
      5,
      10,
      15,
      20,
      25,
      30,
      35,
      40,
      45,
      50,
      55,
      60,
      65,
      70,
      75,
      80,
      85,
      90,
      95,
      99
   ],
   "input_data_path": "../data/dataset_photo_pce10/data.csv",
   "gradwcontext": true,
   "Encompassing Param": 0.1,
   "Normalize Grads & Contx": false,
   "cluster_all_classes": false,
   "imputation method": "KNN Imputer",
   "model_dropout": 0.05
}