{
   "number_epochs": 30,
   "info_used": "use imputation",
   "perc_full_data": 0.03,
   "n_epochs_no_selection": 0,
   "Frequency % cutoff": 0.33,
   "hidden_size": 32,
   "random_state": 2,
   "train_errors": [
      0.013311656191945076,
      0.012375092133879662,
      0.013820107094943523,
      0.011610563844442368,
      0.010280754417181015,
      0.009826449677348137,
      0.009485645219683647,
      0.008281193673610687,
      0.009659514762461185,
      0.008923966437578201,
      0.008662383072078228,
      0.007880829274654388,
      0.008616271428763866,
      0.007968578487634659,
      0.007711546029895544,
      0.007720127236098051,
      0.008646802976727486,
      0.007624153979122639,
      0.00832358282059431,
      0.007656128611415625,
      0.007537132129073143,
      0.007752317003905773,
      0.008006942458450794,
      0.007512032054364681,
      0.0076780859380960464,
      0.007646836340427399,
      0.007183195557445288,
      0.007377534173429012,
      0.007256189826875925,
      0.0072890594601631165
   ],
   "valid_errors": [
      0.011286551132798195,
      0.009523933753371239,
      0.009263905696570873,
      0.009675748646259308,
      0.0099548464640975,
      0.009545808658003807,
      0.009451815858483315
   ],
   "val_epochs": [
      0,
      5,
      10,
      15,
      20,
      25,
      29
   ],
   "input_data_path": "../data/dataset_photo_pce10/data.csv",
   "gradwcontext": true,
   "Encompassing Param": 0.1,
   "Normalize Grads & Contx": false,
   "cluster_all_classes": false,
   "imputation method": "KNN Imputer",
   "model_dropout": 0.05
}