{
   "number_epochs": 500,
   "info_used": "use imputation",
   "perc_full_data": 0.015,
   "n_epochs_no_selection": 0,
   "Frequency % cutoff": 0.33,
   "hidden_size": 32,
   "random_state": 31,
   "train_errors": [
      0.008849856443703175,
      0.008498350158333778,
      0.008660634979605675,
      0.008022251538932323,
      0.007596416398882866,
      0.007790726609528065,
      0.007966605015099049,
      0.008100701496005058,
      0.007817527279257774,
      0.007705922704190016,
      0.007876249961555004,
      0.008020177483558655,
      0.008057687431573868,
      0.007960036396980286,
      0.007834884338080883,
      0.008268139325082302,
      0.007930003106594086,
      0.00786881148815155,
      0.007914133369922638,
      0.007674388121813536,
      0.007755374535918236,
      0.007927754893898964,
      0.007905890233814716,
      0.007635675370693207,
      0.007798074744641781,
      0.007822921499609947,
      0.007470796350389719,
      0.0075370799750089645,
      0.007744152098894119,
      0.007643779274076223,
      0.007712090387940407,
      0.0077749998308718204,
      0.007653423119336367,
      0.007761959917843342,
      0.0075594717636704445,
      0.007907828316092491,
      0.007558566518127918,
      0.007756918668746948,
      0.00782388262450695,
      0.007733420934528112,
      0.007778112776577473,
      0.007781242020428181,
      0.007717251777648926,
      0.007771757896989584,
      0.007630960550159216,
      0.0075203790329396725,
      0.007868853397667408,
      0.007564186118543148,
      0.007818189449608326,
      0.007583189755678177,
      0.007694469299167395,
      0.007765488233417273,
      0.007844606414437294,
      0.007709262426942587,
      0.007550445850938559,
      0.007748414762318134,
      0.007653298322111368,
      0.007589342538267374,
      0.007774971425533295,
      0.007751543074846268,
      0.007595742121338844,
      0.007524498272687197,
      0.007616271730512381,
      0.007720237597823143,
      0.007572210393846035,
      0.0075156125240027905,
      0.007789460476487875,
      0.007670213934034109,
      0.007740754634141922,
      0.007638076785951853,
      0.007823849096894264,
      0.0075890058651566505,
      0.007370434235781431,
      0.007505391724407673,
      0.007725325878709555,
      0.007725080009549856,
      0.007845349609851837,
      0.007709367200732231,
      0.007886880077421665,
      0.007741261273622513,
      0.007676324341446161,
      0.00784566905349493,
      0.0076352995820343494,
      0.007410283200442791,
      0.007629770785570145,
      0.007727100979536772,
      0.007583962753415108,
      0.007618559990078211,
      0.007689533289521933,
      0.007845427840948105,
      0.007696002721786499,
      0.0073631806299090385,
      0.0074723525904119015,
      0.007660556584596634,
      0.0076662288047373295,
      0.00778835779055953,
      0.007681537419557571,
      0.0076966541819274426,
      0.007360399700701237,
      0.007614131551235914,
      0.007516638841480017,
      0.007470940239727497,
      0.007919810712337494,
      0.007494030054658651,
      0.0073104128241539,
      0.007640073541551828,
      0.007724406663328409,
      0.007732023950666189,
      0.007677359506487846,
      0.007762005086988211,
      0.007391880266368389,
      0.007529160473495722,
      0.0074400403536856174,
      0.007534230127930641,
      0.0074308160692453384,
      0.007902038283646107,
      0.007757482584565878,
      0.007780654355883598,
      0.007879952900111675,
      0.00752743287011981,
      0.007508846465498209,
      0.007528533227741718,
      0.007604845333844423,
      0.007209950126707554,
      0.007410668767988682,
      0.007945639081299305,
      0.007578124292194843,
      0.007319148164242506,
      0.007897001691162586,
      0.0074448962695896626,
      0.007760109845548868,
      0.007337300572544336,
      0.007585917133837938,
      0.00720685301348567,
      0.00744274165481329,
      0.007672310806810856,
      0.007871482521295547,
      0.00754818320274353,
      0.0072680371813476086,
      0.007425524760037661,
      0.007429876830428839,
      0.007558843586593866,
      0.007401170674711466,
      0.00730082718655467,
      0.007456705439835787,
      0.007469740230590105,
      0.007547186687588692,
      0.00741012254729867,
      0.007372254505753517,
      0.007651789113879204,
      0.007550801150500774,
      0.0073133488185703754,
      0.007464648690074682,
      0.007837405428290367,
      0.007552610244601965,
      0.007739674299955368,
      0.007517596241086721,
      0.007544717285782099,
      0.007386057637631893,
      0.007466054521501064,
      0.008017698302865028,
      0.007363013923168182,
      0.007409476675093174,
      0.00719294510781765,
      0.007378645706921816,
      0.007522155996412039,
      0.007526985835283995,
      0.007087423000484705,
      0.007283865008503199,
      0.00736111868172884,
      0.00723608210682869,
      0.0075043486431241035,
      0.006927885115146637,
      0.007847392931580544,
      0.00717168627306819,
      0.007366543635725975,
      0.007024695165455341,
      0.007030226290225983,
      0.007414335384964943,
      0.007142676506191492,
      0.006822620052844286,
      0.0069410307332873344,
      0.007425372488796711,
      0.007139511872082949,
      0.007543729152530432,
      0.00744351651519537,
      0.006962618324905634,
      0.007545421831309795,
      0.007410236168652773,
      0.007666804362088442,
      0.007380656432360411,
      0.007218574173748493,
      0.007035037036985159,
      0.007634536828845739,
      0.007324905134737492,
      0.007591760717332363,
      0.0071630016900599,
      0.006824152544140816,
      0.006883361842483282,
      0.007182850036770105,
      0.007068503648042679,
      0.007213473320007324,
      0.006995461881160736,
      0.007712959311902523,
      0.007348653394728899,
      0.007240939885377884,
      0.007198553532361984,
      0.0072003514505922794,
      0.0073943124152719975,
      0.007004180457442999,
      0.00743342749774456,
      0.007078749127686024,
      0.00705961836501956,
      0.006643264088779688,
      0.007273558992892504,
      0.007400354836136103,
      0.007087365258485079,
      0.006811153143644333,
      0.006961299106478691,
      0.007393939420580864,
      0.0070481994189321995,
      0.0075401421636343,
      0.006743690464645624,
      0.007053442299365997,
      0.007649241480976343,
      0.007098658010363579,
      0.00714427325874567,
      0.007424946408718824,
      0.006963219027966261,
      0.007025081664323807,
      0.0067466250620782375,
      0.006800956092774868,
      0.007226340007036924,
      0.007094372995197773,
      0.0069295079447329044,
      0.0068658459931612015,
      0.006394944619387388,
      0.007328487932682037,
      0.0069622742012143135,
      0.006630592979490757,
      0.006793777458369732,
      0.007433455437421799,
      0.007091437000781298,
      0.007268548011779785,
      0.006663633044809103,
      0.0070549119263887405,
      0.006955698598176241,
      0.0070576779544353485,
      0.006580073852092028,
      0.007012588903307915,
      0.007371736690402031,
      0.006876221392303705,
      0.0071684629656374454,
      0.00685698539018631,
      0.006429366767406464,
      0.0068318797275424,
      0.006996432784944773,
      0.006697498261928558,
      0.007247953675687313,
      0.006384248845279217,
      0.0063696992583572865,
      0.006686046719551086,
      0.006630737334489822,
      0.006601824890822172,
      0.006601638626307249,
      0.007245150860399008,
      0.006792703177779913,
      0.007166225463151932,
      0.006576932035386562,
      0.006831008940935135,
      0.0068837921135127544,
      0.00688317883759737,
      0.0065897926688194275,
      0.006523907650262117,
      0.006366209592670202,
      0.0067090196534991264,
      0.0072990101762115955,
