{
   "number_epochs": 500,
   "info_used": "use imputation",
   "perc_full_data": 0.03,
   "n_epochs_no_selection": 0,
   "Frequency % cutoff": 0.33,
   "hidden_size": 32,
   "random_state": 6,
   "train_errors": [
      0.10734672099351883,
      0.05414237827062607,
      0.02479388192296028,
      0.016911130398511887,
      0.021880146116018295,
      0.023559782654047012,
      0.020430121570825577,
      0.01750127598643303,
      0.015367532148957253,
      0.015493794344365597,
      0.015895815566182137,
      0.016306016594171524,
      0.01625276729464531,
      0.016366150230169296,
      0.016111090779304504,
      0.015553121455013752,
      0.015101037919521332,
      0.014675997197628021,
      0.014704158529639244,
      0.014226957224309444,
      0.014048812910914421,
      0.014010561630129814,
      0.014074238948523998,
      0.013717636466026306,
      0.013932980597019196,
      0.01452735997736454,
      0.013131537474691868,
      0.014390658587217331,
      0.013718584552407265,
      0.013753109611570835,
      0.01353019755333662,
      0.013354918919503689,
      0.013511165045201778,
      0.013738203793764114,
      0.01333782821893692,
      0.013000969775021076,
      0.013226051814854145,
      0.013370133005082607,
      0.013004831969738007,
      0.0128695759922266,
      0.01260646153241396,
      0.012617668136954308,
      0.013091863133013248,
      0.012691703625023365,
      0.01316242665052414,
      0.013043359853327274,
      0.012300499714910984,
      0.01265730895102024,
      0.01289085578173399,
      0.012742380611598492,
      0.012878121808171272,
      0.012690075673162937,
      0.01284056156873703,
      0.012887625955045223,
      0.012174014933407307,
      0.012720015831291676,
      0.012491096742451191,
      0.011871677823364735,
      0.012308677658438683,
      0.012159197591245174,
      0.011890435591340065,
      0.01260876189917326,
      0.012058145366609097,
      0.012693410739302635,
      0.01245020516216755,
      0.012045882642269135,
      0.011986272409558296,
      0.012026641517877579,
      0.011360050179064274,
      0.011665686964988708,
      0.012191620655357838,
      0.011929294094443321,
      0.012415319681167603,
      0.01206776313483715,
      0.012000009417533875,
      0.012101453728973866,
      0.012002178467810154,
      0.011635332368314266,
      0.012147867120802402,
      0.01135205291211605,
      0.011854404583573341,
      0.011823716573417187,
      0.011715142987668514,
      0.011871282011270523,
      0.012197943404316902,
      0.011258929967880249,
      0.01132234651595354,
      0.011635445058345795,
      0.0114516019821167,
      0.01198548637330532,
      0.011511855758726597,
      0.011527488008141518,
      0.010935042053461075,
      0.011029061861336231,
      0.011485852301120758,
      0.011407917365431786,
      0.01162941288203001,
      0.011753522790968418,
      0.011149992235004902,
      0.011081424541771412,
      0.010983315296471119,
      0.010545480065047741,
      0.011578495614230633,
      0.010928547009825706,
      0.01156373880803585,
      0.011167529039084911,
      0.011275462806224823,
      0.011438789777457714,
      0.011308816261589527,
      0.010807063430547714,
      0.010682515799999237,
      0.011027186177670956,
      0.010870400816202164,
      0.01136282179504633,
      0.011325039900839329,
      0.011041317135095596,
      0.010659433901309967,
      0.010815829038619995,
      0.010998677462339401,
      0.011147251352667809,
      0.010581089183688164,
      0.010386188514530659,
      0.010876498185098171,
      0.010152905248105526,
      0.011024132370948792,
      0.010804054327309132,
      0.01080514956265688,
      0.011233043856918812,
      0.011213975958526134,
      0.010388796217739582,
      0.010478158481419086,
      0.010629403404891491,
      0.010667461901903152,
      0.010320584289729595,
      0.010740288533270359,
      0.010174966417253017,
      0.010370053350925446,
      0.01009526289999485,
      0.010687368921935558,
      0.010146066546440125,
      0.01040608063340187,
      0.01071965042501688,
      0.010433071292936802,
      0.010140466503798962,
      0.010428258217871189,
      0.010525672696530819,
      0.010713735595345497,
      0.010219740681350231,
      0.010381217114627361,
      0.01067667081952095,
      0.010712780989706516,
      0.010284783318638802,
      0.01056593842804432,
      0.010648287832736969,
      0.010519100353121758,
      0.010223391465842724,
      0.010522040538489819,
      0.0102766714990139,
      0.010840488597750664,
      0.01010627020150423,
      0.010326297022402287,
      0.01033664308488369,
      0.009934628382325172,
      0.00993494875729084,
      0.010729861445724964,
      0.010149612091481686,
      0.010367587208747864,
      0.010639851912856102,
      0.010452596470713615,
      0.011024851351976395,
      0.010596591979265213,
      0.010382930748164654,
      0.010553459636867046,
      0.010250817984342575,
      0.010327188298106194,
      0.010896393097937107,
      0.009723552502691746,
      0.0107359504327178,
      0.010290023870766163,
      0.00960114412009716,
      0.010450171306729317,
      0.010397112928330898,
      0.009938975796103477,
      0.010166275314986706,
      0.009999963454902172,
      0.010732057504355907,
      0.009921667166054249,
      0.010462526232004166,
      0.010301673784852028,
      0.009775364771485329,
      0.010098918341100216,
      0.00997144915163517,
      0.010053981095552444,
      0.010098555125296116,
      0.009838847443461418,
      0.009891373105347157,
      0.010067703202366829,
      0.009658725932240486,
      0.01012273970991373,
      0.010054263286292553,
      0.010158377699553967,
      0.009961708448827267,
      0.01035736408084631,
      0.009798041544854641,
      0.009889828972518444,
      0.009758375585079193,
      0.010497757233679295,
      0.009815705008804798,
      0.009727713651955128,
      0.010180599987506866,
      0.009652011096477509,
      0.009809988550841808,
      0.009684707969427109,
      0.009704993106424809,
      0.010352546349167824,
      0.009832891635596752,
      0.009725295938551426,
      0.009482277557253838,
      0.009625391103327274,
      0.010080515407025814,
      0.010216712020337582,
      0.009606271982192993,
      0.009906699880957603,
      0.01028728112578392,
      0.009932211600244045,
      0.010092882439494133,
      0.00969470851123333,
      0.01027465146034956,
      0.010252649895846844,
      0.010117605328559875,
      0.009979006834328175,
      0.009843223728239536,
      0.009687501937150955,
      0.01005526352673769,
      0.009821739979088306,
      0.00981131475418806,
      0.010187520645558834,
      0.010221997275948524,
      0.009757861495018005,
      0.010087569244205952,
      0.009922865778207779,
      0.009603981859982014,
      0.010077589191496372,
      0.009478793479502201,
      0.01012452319264412,
      0.009901857934892178,
      0.009887659922242165,
      0.009998008608818054,
      0.009460869245231152,
      0.009986692108213902,
      0.009981056675314903,
      0.010070021264255047,
      0.009477336890995502,
      0.00975881703197956,
      0.00954139232635498,
      0.009645870886743069,
      0.0094551807269454,
      0.01018886175006628,
      0.010070491582155228,
      0.009942172095179558,
      0.009862157516181469,
      0.009989533573389053,
      0.009823929518461227,
      0.01010545901954174,
      0.009658316150307655,
      0.009689142927527428,
      0.009916804730892181,
      0.011142320930957794,
      0.00969386100769043,
      0.010029283352196217,
      0.009447501040995121,
      0.009389376267790794,
      0.009223626926541328,
      0.00936145894229412,
      0.009233125485479832,
      0.0099447350949049,
      0.00961260311305523,
      0.009869135916233063,
      0.00970855075865984,
      0.009624509140849113,
