{
   "number_epochs": 500,
   "info_used": "use imputation",
   "perc_full_data": 0.03,
   "n_epochs_no_selection": 0,
   "Frequency % cutoff": 0.33,
   "hidden_size": 32,
   "random_state": 0,
   "train_errors": [
      0.04767536371946335,
      0.02125905267894268,
      0.015360563062131405,
      0.01916682720184326,
      0.01841988041996956,
      0.015935834497213364,
      0.013816893100738525,
      0.013026638887822628,
      0.012755349278450012,
      0.012709829024970531,
      0.012646160088479519,
      0.012335089966654778,
      0.011831250973045826,
      0.011339107528328896,
      0.01138343010097742,
      0.011389313265681267,
      0.011452396400272846,
      0.011387139558792114,
      0.011611754074692726,
      0.011083338409662247,
      0.011143863201141357,
      0.011408008635044098,
      0.011253247037529945,
      0.01121736690402031,
      0.011000864207744598,
      0.011324879713356495,
      0.01132763922214508,
      0.011059741489589214,
      0.010665705427527428,
      0.011103098280727863,
      0.01078477967530489,
      0.010788358747959137,
      0.0112543273717165,
      0.011105948127806187,
      0.010862976312637329,
      0.010857285000383854,
      0.011021115817129612,
      0.011070353910326958,
      0.010777934454381466,
      0.011142466217279434,
      0.011254576966166496,
      0.010627353563904762,
      0.011296226643025875,
      0.01095063891261816,
      0.010504908859729767,
      0.010880458168685436,
      0.010949240066111088,
      0.011033882386982441,
      0.01096087321639061,
      0.01077854260802269,
      0.010888180695474148,
      0.010654712095856667,
      0.01074110995978117,
      0.010786233469843864,
      0.010983974672853947,
      0.010610481724143028,
      0.01100443210452795,
      0.010402187705039978,
      0.010706420987844467,
      0.010956626385450363,
      0.010779831558465958,
      0.01056169718503952,
      0.010455935262143612,
      0.010810162872076035,
      0.010592850856482983,
      0.010858570225536823,
      0.01093225460499525,
      0.011129994876682758,
      0.01099441945552826,
      0.010887203738093376,
      0.01066617202013731,
      0.010894960723817348,
      0.010609358549118042,
      0.010806073434650898,
      0.01017880067229271,
      0.010617966763675213,
      0.01023126021027565,
      0.01084044761955738,
      0.01029171235859394,
      0.010645492002367973,
      0.010906594805419445,
      0.010543267242610455,
      0.010821687057614326,
      0.010790848173201084,
      0.010179870761930943,
      0.010459642857313156,
      0.010546986944973469,
      0.010747198946774006,
      0.010750056244432926,
      0.01035259384661913,
      0.010600334033370018,
      0.010564164258539677,
      0.010280893184244633,
      0.010735654272139072,
      0.01064134482294321,
      0.010696975514292717,
      0.010637721046805382,
      0.010560600087046623,
      0.01083434745669365,
      0.010745763778686523,
      0.010923003777861595,
      0.010127350687980652,
      0.010351739823818207,
      0.010654039680957794,
      0.01035972312092781,
      0.010429378598928452,
      0.010471769608557224,
      0.01043712254613638,
      0.010214622132480145,
      0.01051995437592268,
      0.010194766335189342,
      0.010623750276863575,
      0.01017744466662407,
      0.010311651043593884,
      0.01010963600128889,
      0.010084858164191246,
      0.010476628318428993,
      0.010367983020842075,
      0.01045982912182808,
      0.010141851380467415,
      0.01027168333530426,
      0.010044610127806664,
      0.01006673276424408,
      0.010306618176400661,
      0.010469716973602772,
      0.009982245974242687,
      0.010160704143345356,
      0.010029850527644157,
      0.010280151851475239,
      0.01016932725906372,
      0.010046536102890968,
      0.009836799465119839,
      0.010257374495267868,
      0.010145975276827812,
      0.01003518421202898,
      0.009691026993095875,
      0.010233161970973015,
      0.010011940263211727,
      0.010383880697190762,
      0.009803553111851215,
      0.010271374136209488,
      0.009715056046843529,
      0.00998571515083313,
      0.010098079219460487,
      0.010130827315151691,
      0.009671824984252453,
      0.00981313269585371,
      0.00978121254593134,
      0.009949132800102234,
      0.009599980898201466,
      0.010036992840468884,
      0.010214894078671932,
      0.009435472078621387,
      0.009577549993991852,
      0.010064557194709778,
      0.009538405574858189,
      0.009545398876070976,
      0.009906577877700329,
      0.009737308137118816,
      0.009463599883019924,
      0.009898856282234192,
      0.01004115492105484,
      0.010059734806418419,
      0.009954944252967834,
      0.00997675396502018,
      0.009974618442356586,
      0.009974678978323936,
      0.009827551431953907,
      0.0098557248711586,
      0.009554020129144192,
      0.009690918028354645,
      0.009534724056720734,
      0.009827718138694763,
      0.009548895992338657,
      0.00999450869858265,
      0.00954456813633442,
      0.009633575566112995,
      0.009783961810171604,
      0.009409247897565365,
      0.010069884359836578,
      0.00946121197193861,
      0.009323195554316044,
      0.009622459299862385,
      0.009476324543356895,
      0.009559262543916702,
      0.009691686369478703,
      0.009484509937465191,
      0.009305315092206001,
      0.009476931765675545,
      0.00946530420333147,
      0.00971211213618517,
      0.009815587662160397,
      0.009413368068635464,
      0.009097584523260593,
      0.009436757303774357,
      0.009550333954393864,
      0.008731222711503506,
      0.009849115274846554,
      0.008993917144834995,
      0.00997499655932188,
      0.009219100698828697,
      0.009463251568377018,
      0.009865537285804749,
      0.00935865193605423,
      0.009377172216773033,
      0.009495222941040993,
      0.009253574535250664,
      0.009796002879738808,
      0.009479780681431293,
      0.009196517057716846,
      0.009295432828366756,
      0.009320639073848724,
      0.009379205293953419,
      0.009012550115585327,
      0.009546242654323578,
      0.009099476039409637,
      0.009433547034859657,
      0.009130697697401047,
      0.009342935867607594,
      0.00913330726325512,
      0.009114312008023262,
      0.00923212617635727,
      0.009405966848134995,
      0.0096469447016716,
      0.009003730490803719,
      0.009045412763953209,
      0.009244635701179504,
      0.009130530059337616,
      0.00899211410433054,
      0.00909258984029293,
      0.008937621489167213,
      0.009534597396850586,
      0.009468887001276016,
      0.009089606814086437,
      0.008763299323618412,
      0.008851312100887299,
      0.009062262251973152,
      0.009066530503332615,
      0.0096860621124506,
      0.00917538907378912,
      0.008984695188701153,
      0.009433153085410595,
      0.008897916413843632,
      0.008943453431129456,
      0.008726355619728565,
      0.009361461736261845,
      0.00968901813030243,
      0.009300115518271923,
      0.009168867953121662,
      0.009004773572087288,
      0.008762900717556477,
      0.008614412508904934,
      0.009267201647162437,
      0.008977293036878109,
      0.009521386586129665,
      0.009406167082488537,
      0.009722365997731686,
      0.00906418263912201,
      0.009154031053185463,
      0.009094715118408203,
      0.009038254618644714,
      0.008965638466179371,
      0.009147176519036293,
      0.008757435716688633,
      0.008809995837509632,
      0.008930783718824387,
      0.008779864758253098,
      0.008933287113904953,
      0.00874166190624237,
      0.009483140893280506,
      0.009272823110222816,
      0.008960249833762646,
      0.009035012684762478,
      0.008364739827811718,
      0.009351187385618687,
      0.008382987231016159,
      0.008660377934575081,
      0.008611823432147503,
      0.008946634829044342,
      0.009282976388931274,
