{
   "number_epochs": 500,
   "info_used": "use imputation",
   "perc_full_data": 0.02,
   "n_epochs_no_selection": 0,
   "Frequency % cutoff": 0.33,
   "hidden_size": 32,
   "random_state": 16,
   "train_errors": [
      0.050920020788908005,
      0.022320201620459557,
      0.010256149806082249,
      0.016214707866311073,
      0.018170194700360298,
      0.015560900792479515,
      0.011313244700431824,
      0.00993027538061142,
      0.010087082162499428,
      0.011031359434127808,
      0.010951628908514977,
      0.01069511380046606,
      0.010189139284193516,
      0.009569192305207253,
      0.009716271422803402,
      0.009330346249043941,
      0.009691774845123291,
      0.009519966319203377,
      0.009343013167381287,
      0.00879137497395277,
      0.008388807997107506,
      0.008527549915015697,
      0.008930006995797157,
      0.008873420767486095,
      0.008350889198482037,
      0.008789178915321827,
      0.008743849582970142,
      0.008476939983665943,
      0.008540710434317589,
      0.00858403742313385,
      0.008386953733861446,
      0.008280530571937561,
      0.009043676778674126,
      0.009124425239861012,
      0.008961720392107964,
      0.008342012763023376,
      0.008688121102750301,
      0.00856036227196455,
      0.00848525669425726,
      0.008502625860273838,
      0.008143660612404346,
      0.008076438680291176,
      0.008404177613556385,
      0.008348709903657436,
      0.007993113249540329,
      0.008352922275662422,
      0.008517473004758358,
      0.007855834439396858,
      0.008446780033409595,
      0.008279272355139256,
      0.008616158738732338,
      0.008068962953984737,
      0.008278788067400455,
      0.008471241220831871,
      0.00838596373796463,
      0.007870599627494812,
      0.007945460267364979,
      0.008003327995538712,
      0.007965532131493092,
      0.007979944348335266,
      0.008182833902537823,
      0.00813058577477932,
      0.007851970382034779,
      0.008189164102077484,
      0.007912403903901577,
      0.008205913007259369,
      0.007894037291407585,
      0.008438507094979286,
      0.008030205965042114,
      0.007960601709783077,
      0.008412457071244717,
      0.008080732077360153,
      0.0079385070130229,
      0.007978959940373898,
      0.00810201745480299,
      0.008269963786005974,
      0.00803508423268795,
      0.007927206344902515,
      0.007876817137002945,
      0.008091251365840435,
      0.008205153979361057,
      0.007613686379045248,
      0.0083911819383502,
      0.0077317580580711365,
      0.00772364716976881,
      0.007923307828605175,
      0.007753281854093075,
      0.007763977162539959,
      0.0077208830043673515,
      0.007633460685610771,
      0.007717431988567114,
      0.007900580763816833,
      0.008407468907535076,
      0.007991824299097061,
      0.007867985405027866,
      0.007879736833274364,
      0.008184069767594337,
      0.008132933638989925,
      0.008231556974351406,
      0.00795688945800066,
      0.007859512232244015,
      0.0075707691721618176,
      0.007657451555132866,
      0.007506872992962599,
      0.007949387654662132,
      0.0077811842784285545,
      0.007735490798950195,
      0.007903882302343845,
      0.007755832746624947,
      0.007970398291945457,
      0.007701219525188208,
      0.007535443175584078,
      0.007669542916119099,
      0.008153334259986877,
      0.007519276347011328,
      0.00800643302500248,
      0.007792116608470678,
      0.007712208665907383,
      0.007840367965400219,
      0.00785330031067133,
      0.007664372678846121,
      0.007695584092289209,
      0.007829524576663971,
      0.0074502890929579735,
      0.007450456731021404,
      0.008107217960059643,
      0.00782853178679943,
      0.007825984619557858,
      0.007983595132827759,
      0.007574019487947226,
      0.007604280952364206,
      0.007420154754072428,
      0.007731437683105469,
      0.007193440571427345,
      0.007569889537990093,
      0.007284641265869141,
      0.007588875479996204,
      0.007551455870270729,
      0.007720432709902525,
      0.007429526653140783,
      0.007284919731318951,
      0.007397882174700499,
      0.007348222658038139,
      0.007418916095048189,
      0.007632899098098278,
      0.007299272809177637,
      0.007608740124851465,
      0.007724737748503685,
      0.007233153097331524,
      0.0072922189719974995,
      0.0072361184284091,
      0.007507116999477148,
      0.007352019660174847,
      0.007432196754962206,
      0.007380384020507336,
      0.007235092110931873,
      0.007668024860322475,
      0.007048089988529682,
      0.0074294074438512325,
      0.007608251180499792,
      0.007220071740448475,
      0.007418910972774029,
      0.007107164245098829,
      0.006991773843765259,
      0.0071702455170452595,
      0.007036345079541206,
      0.007482178509235382,
      0.0067136092111468315,
      0.007477311883121729,
      0.007650585379451513,
      0.007191617041826248,
      0.007540438789874315,
      0.007614343427121639,
      0.007882886566221714,
      0.0071435184217989445,
      0.007344388402998447,
      0.007124652154743671,
      0.007271742448210716,
      0.007196031045168638,
      0.007234242279082537,
      0.007070464082062244,
      0.007193246390670538,
      0.007067965343594551,
      0.007526126224547625,
      0.007798467297106981,
      0.007147351745516062,
      0.007131773978471756,
      0.0072523243725299835,
      0.00683728838339448,
      0.0074895950965583324,
      0.007468105293810368,
      0.007408113218843937,
      0.007560013793408871,
      0.007140709087252617,
      0.007276733871549368,
      0.0074969506822526455,
      0.006955666933208704,
      0.006796224042773247,
      0.007023324724286795,
      0.006778879556804895,
      0.006926314905285835,
      0.007472469005733728,
      0.006687179673463106,
      0.006832151673734188,
      0.007472090423107147,
      0.0077318768016994,
      0.007204535882920027,
      0.00729001360014081,
      0.007078560534864664,
      0.006899823900312185,
      0.0069131627678871155,
      0.006922661326825619,
      0.007277789060026407,
      0.006879504304379225,
      0.0072312611155211926,
      0.0074440184980630875,
      0.007299087475985289,
      0.00726520549505949,
      0.006734269671142101,
      0.007103235460817814,
      0.006902290508151054,
      0.007184918504208326,
      0.0074550495482981205,
      0.0068572890013456345,
      0.00687781535089016,
      0.0070103746838867664,
      0.0067843045108020306,
      0.007026781793683767,
      0.0070179845206439495,
      0.007082929369062185,
      0.00698729045689106,
      0.007074965629726648,
      0.0065508028492331505,
      0.007342436816543341,
      0.006909506395459175,
      0.007055414840579033,
      0.007034867070615292,
      0.006991239730268717,
      0.007287005428224802,
      0.0070610446855425835,
      0.007222142536193132,
      0.007165193557739258,
      0.006887600291520357,
      0.0074983020313084126,
      0.006786554120481014,
      0.006879185326397419,
      0.006891707424074411,
      0.007092962507158518,
      0.007001680321991444,
      0.007436748128384352,
      0.006931671407073736,
      0.007210330571979284,
      0.007187985815107822,
      0.006811514962464571,
      0.007071458734571934,
      0.006926150526851416,
      0.006992806680500507,
      0.0073404377326369286,
      0.006766420789062977,
      0.0071452283300459385,
      0.007168791722506285,
      0.007242653984576464,
      0.007629889063537121,
      0.007127523422241211,
      0.007144148461520672,
      0.007492515724152327,
      0.006880695000290871,
      0.007425372488796711,
      0.007068993989378214,
      0.0071767279878258705,
      0.007352521177381277,
      0.0070328302681446075,
      0.007018726319074631,
      0.007290751673281193,
      0.007383878342807293,
      0.006733536720275879,
      0.007339404430240393,
