{
   "number_epochs": 500,
   "info_used": "use imputation",
   "perc_full_data": 0.03,
   "n_epochs_no_selection": 0,
   "Frequency % cutoff": 0.33,
   "hidden_size": 32,
   "random_state": 4,
   "train_errors": [
      0.013896864838898182,
      0.013559212908148766,
      0.013148268684744835,
      0.013188773766160011,
      0.012525632046163082,
      0.012220733799040318,
      0.011960510164499283,
      0.01178345363587141,
      0.011819549836218357,
      0.011348381638526917,
      0.011086533777415752,
      0.010600320994853973,
      0.01065991260111332,
      0.010486840270459652,
      0.010043943300843239,
      0.009998668916523457,
      0.009732686914503574,
      0.009389951825141907,
      0.00953738484531641,
      0.009475992061197758,
      0.008463669568300247,
      0.009080284275114536,
      0.008205631747841835,
      0.008650112897157669,
      0.008520574308931828,
      0.007171486504375935,
      0.007413225248456001,
      0.00751273799687624,
      0.00701880780979991,
      0.007035760674625635,
      0.007229404058307409,
      0.006758897565305233,
      0.007082505617290735,
      0.0063354880549013615,
      0.007070307154208422,
      0.0070756301283836365,
      0.0068586161360144615,
      0.006532570812851191,
      0.006226937752217054,
      0.00605037622153759,
      0.006019781809300184,
      0.006433660164475441,
      0.005772710312157869,
      0.006271865218877792,
      0.0062415082938969135,
      0.005815092008560896,
      0.006580051500350237,
      0.00587201863527298,
      0.006257772445678711,
      0.00634645763784647,
      0.006084098946303129,
      0.005666549317538738,
      0.00638399226590991,
      0.005594365764409304,
      0.006270842161029577,
      0.0059167370200157166,
      0.005822949111461639,
      0.006135581526905298,
      0.005690828897058964,
      0.005705895833671093,
      0.006038478575646877,
      0.005957678891718388,
      0.005665924865752459,
      0.005658210255205631,
      0.00573280593380332,
      0.005791924893856049,
      0.005598108749836683,
      0.005724860355257988,
      0.0056538875214755535,
      0.00564704742282629,
      0.005563986953347921,
      0.0055926782079041,
      0.005512116011232138,
      0.005594405811280012,
      0.005400603637099266,
      0.00561780808493495,
      0.005244354251772165,
      0.005404401570558548,
      0.00504635414108634,
      0.00519635621458292,
      0.005260773003101349,
      0.0051153069362044334,
      0.005782522261142731,
      0.005273853428661823,
      0.0053956164047122,
      0.00541291618719697,
      0.0049913860857486725,
      0.005342458374798298,
      0.0054793814197182655,
      0.005697505082935095,
      0.005250905640423298,
      0.005106312222778797,
      0.005278967320919037,
      0.0051393345929682255,
      0.005374319851398468,
      0.0049966382794082165,
      0.005358765833079815,
      0.005527699366211891,
      0.005352456122636795,
      0.005426456220448017,
      0.004855416249483824,
      0.005258619319647551,
      0.005246578250080347,
      0.0049440995790064335,
      0.005061224102973938,
      0.005211243871599436,
      0.005124826915562153,
      0.005938929505646229,
      0.005105567630380392,
      0.005148068070411682,
      0.004818483721464872,
      0.005022668745368719,
      0.004288947209715843,
      0.00492082629352808,
      0.005112052895128727,
      0.004866235889494419,
      0.005290986504405737,
      0.004755352158099413,
      0.005108388606458902,
      0.004906609188765287,
      0.0052118762396276,
      0.005050861742347479,
      0.00472060265019536,
      0.004797974601387978,
      0.004621815402060747,
      0.0049603707157075405,
      0.005066680256277323,
      0.005096662323921919,
      0.004781302995979786,
      0.004702643491327763,
      0.004557964392006397,
      0.004862633999437094,
      0.004973188973963261,
      0.00481432257220149,
      0.004413203336298466,
      0.004698881413787603,
      0.004725457169115543,
      0.004519827198237181,
      0.005052506923675537,
      0.004578847438097,
      0.004864225629717112,
      0.004903520457446575,
      0.004317020997405052,
      0.004789439029991627,
      0.004509693011641502,
      0.0042128427885472775,
      0.004440970718860626,
      0.004493266809731722,
      0.0045150695368647575,
      0.004475004971027374,
      0.004363123327493668,
      0.004220111761242151,
      0.004465379752218723,
      0.004703819751739502,
      0.004229771438986063,
      0.004343654029071331,
      0.004520585294812918,
      0.0044905864633619785,
      0.0043278164230287075,
      0.00430383812636137,
      0.004213024862110615,
      0.004333424847573042,
      0.004269327502697706,
      0.004358896054327488,
      0.004205082543194294,
      0.004279766697436571,
      0.004496575333178043,
      0.004323678556829691,
      0.004008638206869364,
      0.004758750554174185,
      0.004024270456284285,
      0.003981941379606724,
      0.00429642666131258,
      0.004293328151106834,
      0.004006750416010618,
      0.004223452880978584,
      0.003990469966083765,
      0.004172943532466888,
      0.004254522733390331,
      0.004189617931842804,
      0.004014849662780762,
      0.0038918594364076853,
      0.003759858664125204,
      0.004323828965425491,
      0.0036179714370518923,
      0.0038412848953157663,
      0.003797754645347595,
      0.003774183802306652,
      0.0035435159225016832,
      0.0038178374525159597,
      0.003937960602343082,
      0.003518084529787302,
      0.004168132785707712,
      0.0039423792622983456,
      0.003721504705026746,
      0.004179889336228371,
      0.003579966025426984,
      0.0037811249494552612,
      0.0036733094602823257,
      0.003985558170825243,
      0.00415879487991333,
      0.004161980468779802,
      0.0038890307769179344,
      0.003480984130874276,
      0.0037241706158965826,
      0.00389263522811234,
      0.0036787628196179867,
      0.003936393652111292,
      0.003794387448579073,
      0.0034213915932923555,
      0.0036391362082213163,
      0.004076950252056122,
      0.004005839116871357,
      0.003732399782165885,
      0.004199776332825422,
      0.0038346233777701855,
      0.003479759907349944,
      0.0035977817606180906,
      0.0034220467787235975,
      0.003453725017607212,
      0.003673812374472618,
      0.0038332093972712755,
      0.0035388823598623276,
      0.00396163621917367,
      0.003564304206520319,
      0.0034490872640162706,
      0.0035282261669635773,
      0.0033093190286308527,
      0.003837275318801403,
      0.0039800009690225124,
      0.0033484320156276226,
      0.0036265156231820583,
      0.00356033886782825,
      0.0032439043279737234,
      0.003421236528083682,
      0.0034285131841897964,
      0.003756121499463916,
      0.0036258939653635025,
      0.0034322876017540693,
      0.0034944647923111916,
      0.003247948130592704,
      0.004036386031657457,
      0.0035203397274017334,
      0.0034671525936573744,
      0.0038936384953558445,
      0.0037314973305910826,
      0.0037058547604829073,
      0.003574454691261053,
      0.003679396351799369,
      0.0036852979101240635,
      0.0034565634559839964,
      0.0035019211936742067,
      0.0033719453494995832,
      0.003491603536531329,
      0.0037441004533320665,
      0.003237079596146941,
      0.0033236942254006863,
      0.003993357997387648,
      0.003554215654730797,
      0.0037462871987372637,
      0.003509862581267953,
      0.003658061847090721,
      0.0033314195461571217,
      0.003427678719162941,
      0.0035229199565947056,
      0.0035703652538359165,
      0.0035289095249027014,
      0.003381001064553857,
      0.003479947103187442,
      0.0034695928916335106,
      0.003393166698515415,
      0.0034437912981957197,
      0.0036817542277276516,
      0.003159217769280076,
      0.0032770312391221523,
      0.003365434007719159,
