{
   "number_epochs": 500,
   "info_used": "use imputation",
   "perc_full_data": 0.015,
   "n_epochs_no_selection": 0,
   "Frequency % cutoff": 0.33,
   "hidden_size": 32,
   "random_state": 16,
   "train_errors": [
      0.04963291808962822,
      0.02122514694929123,
      0.00981952901929617,
      0.016188211739063263,
      0.0177776999771595,
      0.015148185193538666,
      0.011108645237982273,
      0.009699155576527119,
      0.009929916821420193,
      0.010904292576014996,
      0.010892831720411777,
      0.010624280199408531,
      0.010211003012955189,
      0.009677005931735039,
      0.009808099828660488,
      0.009431716986000538,
      0.009718206711113453,
      0.009682020172476768,
      0.00951839704066515,
      0.00899577047675848,
      0.008576474152505398,
      0.008613144978880882,
      0.008987735956907272,
      0.008814861066639423,
      0.008338414132595062,
      0.00877308752387762,
      0.008619721047580242,
      0.008489548228681087,
      0.008615228347480297,
      0.008678451180458069,
      0.008424702100455761,
      0.00823884829878807,
      0.009067130275070667,
      0.008921009488403797,
      0.008750302717089653,
      0.008352038450539112,
      0.00863160751760006,
      0.008480329997837543,
      0.008371247909963131,
      0.008316835388541222,
      0.00787846464663744,
      0.007765558082610369,
      0.008286241441965103,
      0.007973283529281616,
      0.007664889097213745,
      0.008025753311812878,
      0.008146010339260101,
      0.00745783606544137,
      0.008044984191656113,
      0.007902857847511768,
      0.0083463778719306,
      0.007566800806671381,
      0.008022619411349297,
      0.00806680228561163,
      0.007789879105985165,
      0.0072807976976037025,
      0.007355516776442528,
      0.007503175176680088,
      0.007265088614076376,
      0.007549917325377464,
      0.007833683863282204,
      0.007498814258724451,
      0.007201173808425665,
      0.007573792245239019,
      0.007407463155686855,
      0.007486714515835047,
      0.007086767349392176,
      0.007526614237576723,
      0.007538336329162121,
      0.00729928957298398,
      0.007692350074648857,
      0.007195222191512585,
      0.007553094066679478,
      0.0077581098303198814,
      0.007548796012997627,
      0.007631434127688408,
      0.0073767974972724915,
      0.006942331790924072,
      0.007205020636320114,
      0.007430011406540871,
      0.007654306013137102,
      0.006862332113087177,
      0.007771398406475782,
      0.00703070592135191,
      0.006853155791759491,
      0.006952284369617701,
      0.0072874329052865505,
      0.006865969393402338,
      0.007099767215549946,
      0.0070104822516441345,
      0.007148604840040207,
      0.007436839397996664,
      0.007710744626820087,
      0.007396957371383905,
      0.007173637393862009,
      0.00739039434120059,
      0.007505842950195074,
      0.007259850390255451,
      0.007472244556993246,
      0.0070329769514501095,
      0.007270704954862595,
      0.006727035157382488,
      0.0068351272493600845,
      0.006892133504152298,
      0.007328628096729517,
      0.007058589719235897,
      0.006845075637102127,
      0.006782056298106909,
      0.007062569726258516,
      0.0076171415857970715,
      0.00702873757109046,
      0.007142054848372936,
      0.006496584042906761,
      0.00728560471907258,
      0.006879523862153292,
      0.007498246617615223,
      0.007203961722552776,
      0.007029728963971138,
      0.00685833441093564,
      0.007201991509646177,
      0.006964370142668486,
      0.0070467437617480755,
      0.006982927210628986,
      0.006501553580164909,
      0.006261485628783703,
      0.007589415181428194,
      0.00696556456387043,
      0.007419045548886061,
      0.007442129775881767,
      0.006708356551826,
      0.0066161202266812325,
      0.006481514777988195,
      0.006989221088588238,
      0.006506750360131264,
      0.006762831471860409,
      0.006673878990113735,
      0.00659845070913434,
      0.006808666046708822,
      0.006863835733383894,
      0.006560079753398895,
      0.006364248692989349,
      0.006521717645227909,
      0.006495276931673288,
      0.00660332478582859,
      0.0069815306924283504,
      0.006287095602601767,
      0.007174438796937466,
      0.0066179619170725346,
      0.0062891230918467045,
      0.0061507560312747955,
      0.0069688428193330765,
      0.006663413718342781,
      0.006763859186321497,
      0.006668352521955967,
      0.006294593680649996,
      0.006200624629855156,
      0.006699134595692158,
      0.00603783642873168,
      0.0065386611968278885,
      0.006658508908003569,
      0.006596527528017759,
      0.0066566504538059235,
      0.00634579686447978,
      0.006273054983466864,
      0.006042732857167721,
      0.006045523099601269,
      0.00654218252748251,
      0.006029617041349411,
      0.007841449230909348,
      0.006640080828219652,
      0.006162931211292744,
      0.006958126090466976,
      0.0064382837153971195,
      0.0074004484340548515,
      0.006227358244359493,
      0.006350010167807341,
      0.0061736502684652805,
      0.006035070866346359,
      0.006056469865143299,
      0.0060459463857114315,
      0.005907563492655754,
      0.006023946683853865,
      0.005926812998950481,
      0.006041145417839289,
      0.006643574219197035,
      0.006075902841985226,
      0.006210619583725929,
      0.006179943680763245,
      0.0059396312572062016,
      0.006478740833699703,
      0.006311342585831881,
      0.006064172368496656,
      0.0063293795101344585,
      0.006443336606025696,
      0.00654576113447547,
      0.0063310833647847176,
      0.005597744602710009,
      0.005918283015489578,
      0.005744114518165588,
      0.005436066538095474,
      0.0055210646241903305,
      0.00635191285982728,
      0.005527463275939226,
      0.005875671282410622,
      0.006200249306857586,
      0.00663589546456933,
      0.006055884528905153,
      0.0058787367306649685,
      0.00583854503929615,
      0.005449526011943817,
      0.00589348841458559,
      0.005721537861973047,
      0.00585161941125989,
      0.005216754041612148,
      0.005976543296128511,
      0.00610982533544302,
      0.006101349834352732,
      0.005771600175648928,
      0.005573379807174206,
      0.006356273777782917,
      0.005773118231445551,
      0.006122673861682415,
      0.006898140534758568,
      0.0053639598190784454,
      0.00590758491307497,
      0.005751102231442928,
      0.005324781872332096,
      0.006181175820529461,
      0.006053008139133453,
      0.005554337054491043,
      0.005697946529835463,
      0.005914620589464903,
      0.005818747915327549,
      0.005447729490697384,
      0.005946556571871042,
      0.0061030606739223,
      0.0057902866974473,
      0.005312860012054443,
      0.005873927380889654,
      0.005686210468411446,
      0.005564555991441011,
      0.006241078022867441,
      0.005467792507261038,
      0.00567640271037817,
      0.005408136639744043,
      0.006287658587098122,
      0.0055809952318668365,
      0.0057326192036271095,
      0.005951033439487219,
      0.006309476215392351,
      0.005313952919095755,
      0.006107845809310675,
      0.005927576217800379,
      0.005433273501694202,
      0.005382457748055458,
      0.005250975023955107,
      0.00511296046897769,
      0.006063378881663084,
      0.0053917421028018,
      0.00547085190191865,
      0.005915043409913778,
      0.005766876041889191,
      0.006308174692094326,
      0.0055985585786402225,
      0.005425425246357918,
      0.005853628274053335,
      0.00571615481749177,
      0.005700916051864624,
      0.00592820392921567,
      0.005849726498126984,
      0.0055013480596244335,
      0.005557166878134012,
      0.005391725804656744,
      0.0061728754080832005,
      0.005815865471959114,
      0.005606387741863728,
      0.006316940765827894,
      0.005646612960845232,
