{
   "number_epochs": 500,
   "info_used": "use imputation",
   "perc_full_data": 0.03,
   "n_epochs_no_selection": 0,
   "Frequency % cutoff": 0.33,
   "hidden_size": 32,
   "random_state": 3,
   "train_errors": [
      0.013774050399661064,
      0.013254531659185886,
      0.012227972969412804,
      0.011763758957386017,
      0.011684260331094265,
      0.011422074399888515,
      0.011146964505314827,
      0.011067042127251625,
      0.011128624901175499,
      0.011367381550371647,
      0.011245275847613811,
      0.011147039011120796,
      0.010994243435561657,
      0.011094409972429276,
      0.010778040625154972,
      0.010562472976744175,
      0.010726341977715492,
      0.011060521006584167,
      0.010837003588676453,
      0.010439880192279816,
      0.010470333509147167,
      0.010274880565702915,
      0.010847299359738827,
      0.010664294473826885,
      0.010648182593286037,
      0.010745309293270111,
      0.010435509495437145,
      0.010266860015690327,
      0.010434777475893497,
      0.010861581191420555,
      0.010505740530788898,
      0.010257072746753693,
      0.010439508594572544,
      0.01032364834100008,
      0.010265238583087921,
      0.010328908450901508,
      0.010025274008512497,
      0.010499728843569756,
      0.010605817660689354,
      0.010251931846141815,
      0.010261756367981434,
      0.010719208978116512,
      0.009960810653865337,
      0.010114317759871483,
      0.009980677627027035,
      0.010372860357165337,
      0.010451353155076504,
      0.010011943988502026,
      0.010150306858122349,
      0.010105672292411327,
      0.009902510792016983,
      0.01030719093978405,
      0.010380759835243225,
      0.00987249892205,
      0.010149732232093811,
      0.009815024212002754,
      0.010060829110443592,
      0.010061312466859818,
      0.010392201133072376,
      0.010065916925668716,
      0.010010309517383575,
      0.009900095872581005,
      0.009810945019125938,
      0.010161289945244789,
      0.009805308654904366,
      0.010354856960475445,
      0.00962246023118496,
      0.009739902801811695,
      0.009714961983263493,
      0.009765991941094398,
      0.009520350024104118,
      0.01000173855572939,
      0.010059679858386517,
      0.009820964187383652,
      0.010066885501146317,
      0.009553532116115093,
      0.00967742782086134,
      0.00994616374373436,
      0.010028312914073467,
      0.010098017752170563,
      0.009750355035066605,
      0.00981889758259058,
      0.009459727443754673,
      0.00960495974868536,
      0.009539389982819557,
      0.010045487433671951,
      0.009583108127117157,
      0.009535626508295536,
      0.009492580778896809,
      0.009766141884028912,
      0.009823746047914028,
      0.009332997724413872,
      0.009753622114658356,
      0.009943605400621891,
      0.009965404868125916,
      0.0099321398884058,
      0.009624169208109379,
      0.009917155839502811,
      0.009660888463258743,
      0.009633048437535763,
      0.009575972333550453,
      0.010115845128893852,
      0.009285656735301018,
      0.009613171219825745,
      0.009829252026975155,
      0.009741043671965599,
      0.009618912823498249,
      0.0099045280367136,
      0.009652477689087391,
      0.010008086450397968,
      0.009354816749691963,
      0.00987923238426447,
      0.009957566857337952,
      0.00949554517865181,
      0.009496317245066166,
      0.010186472907662392,
      0.010452867485582829,
      0.009614662267267704,
      0.009841679595410824,
      0.009435358457267284,
      0.010048925876617432,
      0.010147166438400745,
      0.009618503041565418,
      0.01002201996743679,
      0.009815623052418232,
      0.009488214738667011,
      0.00976675096899271,
      0.009549322538077831,
      0.010108650662004948,
      0.009417742490768433,
      0.010209920816123486,
      0.009738976135849953,
      0.010125336237251759,
      0.009279793128371239,
      0.009780148044228554,
      0.0101512735709548,
      0.009681210853159428,
      0.00979852955788374,
      0.009750639088451862,
      0.009964616037905216,
      0.00992978923022747,
      0.009464822709560394,
      0.009614505805075169,
      0.010037935338914394,
      0.009947326965630054,
      0.009769468568265438,
      0.009738978929817677,
      0.009656735695898533,
      0.01022852398455143,
      0.009743211790919304,
      0.009587191045284271,
      0.009802133776247501,
      0.009608902968466282,
      0.00943560991436243,
      0.009514609351754189,
      0.009675963781774044,
      0.009911056607961655,
      0.009694550186395645,
      0.009948247112333775,
      0.009778724983334541,
      0.009821401908993721,
      0.009384725242853165,
      0.009730192832648754,
      0.01022003311663866,
      0.009589907713234425,
      0.009930752217769623,
      0.01002396922558546,
      0.009581825695931911,
      0.00926460511982441,
      0.009653445333242416,
      0.00964435189962387,
      0.009904532693326473,
      0.009193102829158306,
      0.009788033552467823,
      0.009802800603210926,
      0.009344310499727726,
      0.01020107977092266,
      0.009570619091391563,
      0.00955665297806263,
      0.010263659991323948,
      0.009112824685871601,
      0.010034734383225441,
      0.009505857713520527,
      0.010042461566627026,
      0.009951901622116566,
      0.009434287436306477,
      0.00980975292623043,
      0.010302148759365082,
      0.009462528862059116,
      0.009276231750845909,
      0.009340683929622173,
      0.009684896096587181,
      0.009947082959115505,
      0.009581130929291248,
      0.009603375568985939,
      0.009524598717689514,
      0.009633399546146393,
      0.009965430945158005,
      0.009861272759735584,
      0.009651539847254753,
      0.009706301614642143,
      0.009628036059439182,
      0.009510932490229607,
      0.009287836030125618,
      0.009645665995776653,
      0.010036016814410686,
      0.010095557197928429,
      0.00948948971927166,
      0.01007332094013691,
      0.009637352079153061,
      0.009707544930279255,
      0.009859408251941204,
      0.009384285658597946,
      0.00929518323391676,
      0.00942059513181448,
      0.00926013570278883,
      0.009988629259169102,
      0.009687424637377262,
      0.00953518133610487,
      0.009079581126570702,
      0.009611702524125576,
      0.009902417659759521,
      0.009563565254211426,
      0.010023050010204315,
      0.00953085720539093,
      0.009648994542658329,
      0.010004458948969841,
      0.00977872684597969,
      0.009774022735655308,
      0.009650313295423985,
      0.009796740487217903,
      0.009490178897976875,
      0.00918631348758936,
      0.009882011450827122,
      0.009878769516944885,
      0.00923379510641098,
      0.00970902107656002,
      0.009813172742724419,
      0.009691057726740837,
      0.009822947904467583,
      0.009622419252991676,
      0.009948021732270718,
      0.009173871017992496,
      0.009268756955862045,
      0.009289640001952648,
      0.009776086546480656,
      0.009452937170863152,
      0.009486289694905281,
      0.009548353031277657,
      0.009426343254745007,
      0.010097400285303593,
      0.008984084241092205,
      0.009434958919882774,
      0.009667404927313328,
      0.00954650528728962,
      0.009654035791754723,
      0.009991365484893322,
      0.009599939920008183,
      0.010292497463524342,
      0.009699049405753613,
      0.009394118562340736,
      0.009140047244727612,
      0.009496340528130531,
      0.009353246539831161,
      0.009949933737516403,
      0.00982427317649126,
      0.009377017617225647,
      0.009553768672049046,
      0.009297121316194534,
      0.00933978520333767,
      0.009494486264884472,
      0.00947927962988615,
      0.009216702543199062,
      0.009695306420326233,
      0.009550025686621666,
      0.008955828845500946,
      0.009188412688672543,
      0.009382008574903011,
      0.009309247136116028,
