{
   "number_epochs": 500,
   "info_used": "use imputation",
   "perc_full_data": 0.015,
   "n_epochs_no_selection": 0,
   "Frequency % cutoff": 0.33,
   "hidden_size": 32,
   "random_state": 20,
   "train_errors": [
      0.042234499007463455,
      0.015951991081237793,
      0.012236451730132103,
      0.015517711639404297,
      0.016516832634806633,
      0.01466639619320631,
      0.011813565157353878,
      0.010618112981319427,
      0.011034609749913216,
      0.012082627043128014,
      0.012568334117531776,
      0.012291135266423225,
      0.011945286765694618,
      0.011191971600055695,
      0.010379001498222351,
      0.010382836684584618,
      0.010537284426391125,
      0.010258283466100693,
      0.010333077982068062,
      0.010277686640620232,
      0.009728905744850636,
      0.009956679306924343,
      0.010131570510566235,
      0.010288840159773827,
      0.009902170859277248,
      0.009662482887506485,
      0.009882600978016853,
      0.009799405932426453,
      0.009840390644967556,
      0.009981859475374222,
      0.010084409266710281,
      0.009911727160215378,
      0.009980111382901669,
      0.009844609536230564,
      0.009746711701154709,
      0.009815807454288006,
      0.009803432039916515,
      0.009897472336888313,
      0.009737571701407433,
      0.009748706594109535,
      0.009706709533929825,
      0.009542402811348438,
      0.009733590297400951,
      0.00979791022837162,
      0.009344719350337982,
      0.009639229625463486,
      0.009232738986611366,
      0.009583749808371067,
      0.009636851027607918,
      0.009631345979869366,
      0.009521347470581532,
      0.009502280503511429,
      0.009499214589595795,
      0.009473772719502449,
      0.009350106120109558,
      0.009563076309859753,
      0.009159249253571033,
      0.009074061177670956,
      0.009293323382735252,
      0.009183188900351524,
      0.009225239977240562,
      0.009261270053684711,
      0.009301308542490005,
      0.009023887105286121,
      0.009487622417509556,
      0.009316700510680676,
      0.009092919528484344,
      0.009146615862846375,
      0.009171850048005581,
      0.009305433370172977,
      0.009079785086214542,
      0.009222987107932568,
      0.008925891481339931,
      0.008748074062168598,
      0.0090703209862113,
      0.009230880066752434,
      0.00889207050204277,
      0.008698594756424427,
      0.008765739388763905,
      0.008428475819528103,
      0.00896717794239521,
      0.008465273305773735,
      0.008708624169230461,
      0.00868462584912777,
      0.008749646134674549,
      0.008553355000913143,
      0.00854234118014574,
      0.00880013220012188,
      0.008437121286988258,
      0.008734221570193768,
      0.008492477238178253,
      0.008254911750555038,
      0.008177108131349087,
      0.008320622146129608,
      0.008516701869666576,
      0.00845522154122591,
      0.008049866184592247,
      0.007926364429295063,
      0.00847124308347702,
      0.007930688560009003,
      0.008056503720581532,
      0.007933693937957287,
      0.007932630367577076,
      0.008120736107230186,
      0.007341371849179268,
      0.008020945824682713,
      0.008073799312114716,
      0.007839290425181389,
      0.007945824414491653,
      0.007511143106967211,
      0.0076843686401844025,
      0.0077111138962209225,
      0.008207189850509167,
      0.007659198250621557,
      0.007774604484438896,
      0.008095785044133663,
      0.008090716786682606,
      0.007289429660886526,
      0.007444943301379681,
      0.007938182912766933,
      0.008122900500893593,
      0.007554865442216396,
      0.00738773075863719,
      0.00734782125800848,
      0.007445471361279488,
      0.007735793478786945,
      0.007420574314892292,
      0.0068127247504889965,
      0.007423707749694586,
      0.006669819820672274,
      0.0070605045184493065,
      0.007257859222590923,
      0.007160872220993042,
      0.007268781773746014,
      0.007358227856457233,
      0.007091870065778494,
      0.006633865647017956,
      0.0070981672033667564,
      0.006994552910327911,
      0.007513377349823713,
      0.008283393457531929,
      0.0072853113524615765,
      0.006779268849641085,
      0.006806188262999058,
      0.0073245191015303135,
      0.0070045990869402885,
      0.0072639938443899155,
      0.007042327430099249,
      0.006829960271716118,
      0.006922043859958649,
      0.00711648678407073,
      0.007388345897197723,
      0.0072134919464588165,
      0.006819802336394787,
      0.006962682120501995,
      0.0066093560308218,
      0.006608711555600166,
      0.007041968405246735,
      0.007052701897919178,
      0.0066542839631438255,
      0.006736711598932743,
      0.007089368999004364,
      0.006938674952834845,
      0.0068582408130168915,
      0.00690377876162529,
      0.006909640040248632,
      0.0069587682373821735,
      0.006930683273822069,
      0.006637446116656065,
      0.006821376271545887,
      0.006437654606997967,
      0.006310250610113144,
      0.006422740872949362,
      0.006867539137601852,
      0.00693023856729269,
      0.0063716573640704155,
      0.006464188918471336,
      0.007150872144848108,
      0.006465171463787556,
      0.0065786936320364475,
      0.006636331789195538,
      0.006725468207150698,
      0.006390917114913464,
      0.00650439690798521,
      0.006523581221699715,
      0.006777019705623388,
      0.006415917072445154,
      0.007012080401182175,
      0.0065466733649373055,
      0.007105594500899315,
      0.006955309305340052,
      0.006249191239476204,
      0.0067743039689958096,
      0.006299703847616911,
      0.006958533078432083,
      0.0068346429616212845,
      0.006119457073509693,
      0.006485675927251577,
      0.006454133428633213,
      0.006717493291944265,
      0.006338032428175211,
      0.007020695600658655,
      0.006726007908582687,
      0.006616617552936077,
      0.006298117805272341,
      0.00659342622384429,
      0.006341272033751011,
      0.006524817552417517,
      0.006294731516391039,
      0.005988786928355694,
      0.006242551375180483,
      0.006338596809655428,
      0.006523823365569115,
      0.006352223455905914,
      0.006205551326274872,
      0.006376456003636122,
      0.006217367481440306,
      0.006406302563846111,
      0.006772845983505249,
      0.006864560768008232,
      0.005816636607050896,
      0.0062029920518398285,
      0.006678213365375996,
      0.006252758204936981,
      0.006061299238353968,
      0.006298165302723646,
      0.0062614018097519875,
      0.0062247528694570065,
      0.006492751184850931,
      0.006197571754455566,
      0.0061010271310806274,
      0.006390055175870657,
      0.00710985716432333,
      0.007257537450641394,
      0.00646100053563714,
      0.006405976135283709,
      0.006625416222959757,
      0.006281577982008457,
      0.006165335886180401,
      0.006023562978953123,
      0.0065927389077842236,
      0.006304729264229536,
      0.0060285585932433605,
      0.0060321614146232605,
      0.0062509095296263695,
      0.005987293086946011,
      0.006228929851204157,
      0.006197115872055292,
      0.00657838536426425,
      0.006538943853229284,
      0.006341438740491867,
      0.005876926239579916,
      0.0060084606520831585,
      0.006414496805518866,
      0.006103551480919123,
      0.0061130099929869175,
      0.006025445647537708,
      0.006539371330291033,
      0.006281196139752865,
      0.006083917338401079,
      0.006562043912708759,
      0.006418992765247822,
      0.006355417892336845,
      0.0059319450519979,
      0.006060923915356398,
      0.00633335392922163,
      0.0060251131653785706,
      0.006241399794816971,
      0.005947025492787361,
      0.006485645659267902,
      0.006673049181699753,
      0.005936531815677881,
      0.00600229948759079,
      0.006167897488921881,
      0.006142000202089548,
      0.006247765850275755,
      0.006312650628387928,
