{
   "number_epochs": 20,
   "info_used": "use imputation",
   "perc_full_data": 0.08,
   "n_epochs_no_selection": 0,
   "Frequency % cutoff": 0.33,
   "hidden_size": 32,
   "random_state": 0,
   "train_errors": [
      0.4214950203895569,
      0.29406702518463135,
      0.18838371336460114,
      0.10864346474409103,
      0.06353960186243057,
      0.06206747144460678,
      0.08728133141994476,
      0.0932917669415474,
      0.07805531471967697,
      0.06116480007767677,
      0.04755373299121857,
      0.04663044959306717,
      0.047603342682123184,
      0.048675455152988434,
      0.04817112162709236,
      0.04624125361442566,
      0.04308691248297691,
      0.038488589227199554,
      0.03697160258889198,
      0.03655264526605606
   ],
   "valid_errors": [
      0.35054078698158264,
      0.06396759301424026,
      0.037190038710832596,
      0.036419790238142014,
      0.027795083820819855
   ],
   "val_epochs": [
      0,
      5,
      10,
      15,
      19
   ],
   "input_data_path": "../data/airfoil_self_noise/data.csv",
   "gradwcontext": true,
   "Encompassing Param": 0.1,
   "Normalize Grads & Contx": false,
   "cluster_all_classes": false,
   "imputation method": "Miss Forest",
   "model_dropout": 0.05,
   "model_type": "mlp",
   "problem_type": "regression"
}