{
   "number_epochs": 20,
   "info_used": "use imputation",
   "perc_full_data": 0.08,
   "n_epochs_no_selection": 0,
   "Frequency % cutoff": 0.33,
   "hidden_size": 32,
   "random_state": 1,
   "train_errors": [
      0.28364297747612,
      0.19443580508232117,
      0.1204800084233284,
      0.06757859885692596,
      0.04398064687848091,
      0.04995976760983467,
      0.06246064975857735,
      0.060835905373096466,
      0.051100075244903564,
      0.04152512922883034,
      0.03690369799733162,
      0.036022257059812546,
      0.037323493510484695,
      0.0384807288646698,
      0.038146957755088806,
      0.03677806258201599,
      0.03371984884142876,
      0.03339412808418274,
      0.031890224665403366,
      0.031238846480846405
   ],
   "valid_errors": [
      0.24448294937610626,
      0.06927352398633957,
      0.04304184764623642,
      0.041241176426410675,
      0.03576376289129257
   ],
   "val_epochs": [
      0,
      5,
      10,
      15,
      19
   ],
   "input_data_path": "../data/airfoil_self_noise/data.csv",
   "gradwcontext": true,
   "Encompassing Param": 0.1,
   "Normalize Grads & Contx": false,
   "cluster_all_classes": false,
   "imputation method": "Miss Forest",
   "model_dropout": 0.05,
   "model_type": "mlp",
   "problem_type": "regression"
}