{
   "number_epochs": 20,
   "info_used": "use imputation",
   "perc_full_data": 0.08,
   "n_epochs_no_selection": 0,
   "Frequency % cutoff": 0.33,
   "hidden_size": 32,
   "random_state": 9,
   "train_errors": [
      0.17770415544509888,
      0.11847177892923355,
      0.07153493165969849,
      0.04283029958605766,
      0.039250101894140244,
      0.04984389990568161,
      0.05557960644364357,
      0.04907776787877083,
      0.04029585048556328,
      0.03488383814692497,
      0.03403351455926895,
      0.03512585535645485,
      0.035719145089387894,
      0.034895990043878555,
      0.03402147814631462,
      0.03155652433633804,
      0.0306563600897789,
      0.0302116759121418,
      0.030363351106643677,
      0.030358359217643738
   ],
   "valid_errors": [
      0.14274387061595917,
      0.06674756854772568,
      0.03963801637291908,
      0.036181800067424774,
      0.036371536552906036
   ],
   "val_epochs": [
      0,
      5,
      10,
      15,
      19
   ],
   "input_data_path": "../data/airfoil_self_noise/data.csv",
   "gradwcontext": true,
   "Encompassing Param": 0.1,
   "Normalize Grads & Contx": false,
   "cluster_all_classes": false,
   "imputation method": "Miss Forest",
   "model_dropout": 0.05,
   "model_type": "mlp",
   "problem_type": "regression"
}