{
   "number_epochs": 400,
   "info_used": "use imputation",
   "perc_full_data": 0.04,
   "n_epochs_no_selection": 0,
   "Frequency % cutoff": 0.33,
   "hidden_size": 32,
   "random_state": 8,
   "train_errors": [
      0.3128693401813507,
      0.2063777595758438,
      0.1305650919675827,
      0.07657741010189056,
      0.04526735469698906,
      0.042678553611040115,
      0.055996526032686234,
      0.062081385403871536,
      0.05464926362037659,
      0.04442044347524643,
      0.037655059248209,
      0.03429248929023743,
      0.03552214056253433,
      0.03681487590074539,
      0.036365773528814316,
      0.035764336585998535,
      0.03464118018746376,
      0.033426038920879364,
      0.03182508423924446,
      0.03156062960624695,
      0.030401362106204033,
      0.03059902787208557,
      0.030856642872095108,
      0.03019365668296814,
      0.0296506118029356,
      0.02848685532808304,
      0.02860013209283352,
      0.027876747772097588,
      0.027526671066880226,
      0.02680712752044201,
      0.025904148817062378,
      0.025891324505209923,
      0.025135090574622154,
      0.024958204478025436,
      0.02429359219968319,
      0.023939022794365883,
      0.023894745856523514,
      0.02292114682495594,
      0.023201236501336098,
      0.022840267047286034,
      0.02244652807712555,
      0.021800950169563293,
      0.020999012514948845,
      0.020727988332509995,
      0.02089507319033146,
      0.020426422357559204,
      0.020780421793460846,
      0.020504137501120567,
      0.01993674971163273,
      0.019170118495821953,
      0.019541198387742043,
      0.019101355224847794,
      0.01897827722132206,
      0.01885436661541462,
      0.01843429170548916,
      0.018169745802879333,
      0.017997972667217255,
      0.017809780314564705,
      0.01810675486922264,
      0.017759107053279877,
      0.018040325492620468,
      0.017253300175070763,
      0.0169618409126997,
      0.016920316964387894,
      0.01680959202349186,
      0.01693163625895977,
      0.016681134700775146,
      0.01650581881403923,
      0.016162166371941566,
      0.016774823889136314,
      0.016084427013993263,
      0.016563376411795616,
      0.016051964834332466,
      0.016547998413443565,
      0.015675056725740433,
      0.01539910864084959,
      0.015929022803902626,
      0.015371685847640038,
      0.015424150973558426,
      0.01514565572142601,
      0.01441926509141922,
      0.015164324082434177,
      0.015067771077156067,
      0.015292497351765633,
      0.014378989115357399,
      0.015314864926040173,
      0.014766080304980278,
      0.014606785029172897,
      0.015105455182492733,
      0.014721233397722244,
      0.014058140106499195,
      0.014109689742326736,
      0.014611782506108284,
      0.013791557401418686,
      0.01456134021282196,
      0.014210372231900692,
      0.014117270708084106,
      0.01360146515071392,
      0.013881446793675423,
      0.01361104752868414,
      0.013548959977924824,
      0.014390739612281322,
      0.013680662028491497,
      0.013213662430644035,
      0.013426259160041809,
      0.013904716819524765,
      0.013681923970580101,
      0.013253157958388329,
      0.013652925379574299,
      0.013040640391409397,
      0.013435326516628265,
      0.013869218528270721,
      0.012759922072291374,
      0.013005577027797699,
      0.013351088389754295,
      0.012132501229643822,
      0.012828100472688675,
      0.013165367767214775,
      0.012332995422184467,
      0.012279879301786423,
      0.012153435498476028,
      0.013001920655369759,
      0.011915728449821472,
      0.012113736011087894,
      0.012761824764311314,
      0.012273435480892658,
      0.011955955997109413,
      0.012028561905026436,
      0.012393567711114883,
      0.012472409754991531,
      0.012356927618384361,
      0.012506598606705666,
      0.012019084766507149,
      0.012782691977918148,
      0.012284297496080399,
      0.011330333538353443,
      0.011792711913585663,
      0.01249721273779869,
      0.012102278880774975,
      0.011815337464213371,
      0.011957830749452114,
      0.011325580067932606,
      0.012257784605026245,
      0.011861458420753479,
      0.012176752090454102,
      0.011332848109304905,
      0.011706151999533176,
      0.01171125378459692,
      0.011377477087080479,
      0.011782578192651272,
      0.011662830598652363,
      0.011717223562300205,
      0.011706465855240822,
      0.011460168287158012,
      0.011814589612185955,
      0.01154491025954485,
      0.011598194018006325,
      0.011753888800740242,
      0.011668493039906025,
      0.011595763266086578,
      0.011454198509454727,
      0.011460594832897186,
      0.011357791721820831,
      0.011365619488060474,
      0.011147893033921719,
      0.011938565410673618,
      0.01135976891964674,
      0.011530272662639618,
      0.011259717866778374,
      0.010761884041130543,
      0.011469627730548382,
      0.011883605271577835,
      0.011454400606453419,
      0.011176199652254581,
      0.011201094835996628,
      0.010984725318849087,
      0.010928573086857796,
      0.010578927583992481,
      0.010646448470652103,
      0.01122667919844389,
      0.011725664138793945,
      0.010558013804256916,
      0.010585358366370201,
      0.011196489445865154,
      0.010911357589066029,
      0.010838635265827179,
      0.010579618625342846,
      0.011715931817889214,
      0.011197464540600777,
      0.010562212206423283,
      0.011098944582045078,
      0.011354517191648483,
      0.011451724916696548,
      0.011022133752703667,
      0.010411707684397697,
      0.010535572655498981,
      0.010678551159799099,
      0.010851155035197735,
      0.010569746606051922,
      0.01049561332911253,
      0.010639891028404236,
      0.010402809828519821,
      0.010214985348284245,
      0.010223024524748325,
      0.01015112642198801,
      0.00988843198865652,
      0.010403173044323921,
      0.01033996231853962,
      0.010247861966490746,
      0.010118632577359676,
      0.01040305383503437,
      0.010283824987709522,
      0.01010727696120739,
      0.010202714242041111,
      0.00974739994853735,
      0.010095104575157166,
      0.010383926331996918,
      0.010171028785407543,
      0.009866250678896904,
      0.009288197383284569,
      0.009680494666099548,
      0.009550780989229679,
      0.00967284757643938,
      0.009732228703796864,
      0.009808311238884926,
      0.009311622940003872,
      0.009971000254154205,
      0.009056060574948788,
      0.009992255829274654,
      0.009641407988965511,
      0.00926719605922699,
      0.009574275463819504,
      0.009316416457295418,
      0.00991313997656107,
      0.009311814792454243,
      0.010233715176582336,
      0.009338424541056156,
      0.009231084026396275,
      0.009358969517052174,
      0.010278708301484585,
      0.009395287372171879,
      0.009354695677757263,
      0.009065411984920502,
      0.009380903095006943,
      0.009319162927567959,
      0.009034774266183376,
      0.009627428837120533,
      0.009605697356164455,
      0.009248671121895313,
      0.009424298070371151,
      0.009366494603455067,
      0.008827786892652512,
      0.009404086507856846,
      0.009023405611515045,
      0.009802183136343956,
      0.009130694903433323,
      0.009045199491083622,
      0.009206665679812431,
      0.009154696017503738,
      0.009310663677752018,
      0.009838760830461979,
      0.00894950795918703,
      0.008843489922583103,
      0.00918963085860014,
      0.009029754437506199,
      0.008820392191410065,
      0.008628361858427525,
      0.008879631757736206,
      0.009586130268871784,
      0.008961041457951069,
      0.009133409708738327,
      0.008835499174892902,
      0.008904190734028816,
      0.009025049395859241,
      0.009005038067698479,
      0.00914275087416172,
      0.008953025564551353,
      0.009054645895957947,
      0.0088444659486413,
      0.00916752964258194,
