{
   "number_epochs": 400,
   "info_used": "use imputation",
   "perc_full_data": 0.04,
   "n_epochs_no_selection": 0,
   "Frequency % cutoff": 0.33,
   "hidden_size": 32,
   "random_state": 0,
   "train_errors": [
      0.4230092763900757,
      0.2940989136695862,
      0.18797548115253448,
      0.10714137554168701,
      0.06376839429140091,
      0.06640385091304779,
      0.08432536572217941,
      0.09391124546527863,
      0.07574047893285751,
      0.058224279433488846,
      0.04727817699313164,
      0.04525162652134895,
      0.046670667827129364,
      0.047149185091257095,
      0.04767642542719841,
      0.04643348976969719,
      0.042837828397750854,
      0.03916268050670624,
      0.03638818860054016,
      0.036434534937143326,
      0.03620343655347824,
      0.03578809276223183,
      0.03507498279213905,
      0.033010244369506836,
      0.031697966158390045,
      0.03040323033928871,
      0.03045038878917694,
      0.029732953757047653,
      0.029759928584098816,
      0.029407653957605362,
      0.028192518278956413,
      0.02854917198419571,
      0.027736427262425423,
      0.027097830548882484,
      0.02777581661939621,
      0.026864388957619667,
      0.027019746601581573,
      0.02734079770743847,
      0.02712567150592804,
      0.02648121677339077,
      0.025878386572003365,
      0.02550670877099037,
      0.02571447566151619,
      0.02610541693866253,
      0.025580530986189842,
      0.02545684389770031,
      0.025444502010941505,
      0.024752983823418617,
      0.024409662932157516,
      0.025227323174476624,
      0.024485725909471512,
      0.023742010816931725,
      0.02385547012090683,
      0.024155354127287865,
      0.024100836366415024,
      0.023408060893416405,
      0.022764205932617188,
      0.023011473938822746,
      0.022621916607022285,
      0.02339133992791176,
      0.022026019170880318,
      0.02139923721551895,
      0.021267222240567207,
      0.021131636574864388,
      0.019963735714554787,
      0.020888572558760643,
      0.01993635669350624,
      0.020016105845570564,
      0.01924852468073368,
      0.020174024626612663,
      0.01905282773077488,
      0.018539313226938248,
      0.019229592755436897,
      0.01843089796602726,
      0.019332196563482285,
      0.018868718296289444,
      0.018251577392220497,
      0.01821555383503437,
      0.017590556293725967,
      0.01845933124423027,
      0.017614265903830528,
      0.01833193004131317,
      0.017984433099627495,
      0.017128001898527145,
      0.01681128703057766,
      0.016688264906406403,
      0.01761692203581333,
      0.01681140437722206,
      0.016955215483903885,
      0.017238259315490723,
      0.016871774569153786,
      0.016334397718310356,
      0.015991313382983208,
      0.016317062079906464,
      0.015555399470031261,
      0.015868254005908966,
      0.017057126387953758,
      0.016552403569221497,
      0.015798432752490044,
      0.015688808634877205,
      0.014707394875586033,
      0.015581713058054447,
      0.016193201765418053,
      0.015946947038173676,
      0.015790101140737534,
      0.015903286635875702,
      0.01623726263642311,
      0.016241537407040596,
      0.015930870547890663,
      0.016439717262983322,
      0.015823382884263992,
      0.015621790662407875,
      0.015542170032858849,
      0.015355350449681282,
      0.014648757874965668,
      0.015134884044528008,
      0.015564264729619026,
      0.015261025168001652,
      0.015177364461123943,
      0.015089958906173706,
      0.014807862229645252,
      0.014813055284321308,
      0.015580256469547749,
      0.015336400829255581,
      0.015811437740921974,
      0.015250138007104397,
      0.014868706464767456,
      0.015872566029429436,
      0.014878688380122185,
      0.01574813947081566,
      0.015057002194225788,
      0.014753641560673714,
      0.014992624521255493,
      0.015218553133308887,
      0.0148928826674819,
      0.013952339999377728,
      0.014505183324217796,
      0.014807437546551228,
      0.015068234875798225,
      0.014330210164189339,
      0.015554736368358135,
      0.014551226049661636,
      0.01492465753108263,
      0.014921136200428009,
      0.01590164192020893,
      0.015095501206815243,
      0.01404858659952879,
      0.014585070312023163,
      0.014362498186528683,
      0.01506427675485611,
      0.015431267209351063,
      0.015712710097432137,
      0.014740830287337303,
      0.01472926139831543,
      0.01406696904450655,
      0.014437928795814514,
      0.01406086515635252,
      0.013906838372349739,
      0.013805658556520939,
      0.014216105453670025,
      0.015043184161186218,
      0.015368744730949402,
      0.014292744919657707,
      0.01401994377374649,
      0.014048891142010689,
      0.014835656620562077,
      0.01524242665618658,
      0.014109930954873562,
      0.01446022093296051,
      0.013688154518604279,
      0.013546065427362919,
      0.014173845760524273,
      0.013991138897836208,
      0.014114778488874435,
      0.014680054970085621,
      0.014550814405083656,
      0.014269396662712097,
      0.014112436212599277,
      0.013894538395106792,
      0.014478938654065132,
      0.014031548984348774,
      0.01516877580434084,
      0.01435947697609663,
      0.014366182498633862,
      0.01445377804338932,
      0.014358267188072205,
      0.013501971028745174,
      0.013572770170867443,
      0.014652509242296219,
      0.013787927106022835,
      0.013810810633003712,
      0.014587892219424248,
      0.014216883108019829,
      0.0142208868637681,
      0.013971425592899323,
      0.013407588936388493,
      0.013949967920780182,
      0.013610931113362312,
      0.013909677974879742,
      0.013765511102974415,
      0.014742936007678509,
      0.013977830298244953,
      0.01382782869040966,
      0.014152961783111095,
      0.013316425494849682,
      0.01384596899151802,
      0.01395332906395197,
      0.01413789950311184,
      0.014725981280207634,
      0.014068430289626122,
      0.013391421176493168,
      0.014551227912306786,
      0.013624664396047592,
      0.013689515180885792,
      0.014449755661189556,
      0.013197358697652817,
      0.013575775548815727,
      0.013529355637729168,
      0.013981537893414497,
      0.014487095177173615,
      0.01367994211614132,
      0.013116533868014812,
      0.014591021463274956,
      0.013887031003832817,
      0.013963386416435242,
      0.01335147488862276,
      0.013543165288865566,
      0.013763366267085075,
      0.014324860647320747,
      0.01350503508001566,
      0.013659526593983173,
      0.01339508593082428,
      0.013558775186538696,
      0.012888840399682522,
      0.01455724984407425,
      0.013974778354167938,
      0.014035197906196117,
      0.013850676827132702,
      0.013389225117862225,
      0.012569935992360115,
      0.013539114035665989,
      0.013791341334581375,
      0.012946250848472118,
      0.013749072328209877,
      0.014037003740668297,
      0.013278010301291943,
      0.013907530345022678,
      0.013435620814561844,
      0.013384356163442135,
      0.013355221599340439,
      0.012924116104841232,
      0.013321684673428535,
      0.013005991466343403,
      0.01369522325694561,
      0.012585879303514957,
      0.013952136971056461,
      0.013123961165547371,
      0.012857872061431408,
      0.013478018343448639,
      0.013486719690263271,
      0.013383328914642334,
      0.012830112129449844,
      0.01336183212697506,
      0.013177369721233845,
      0.01362825557589531,
      0.013521877117455006,
      0.012835838831961155,
      0.012698204256594181,
      0.012766825966536999,
      0.013631199486553669,
      0.013528880663216114,
      0.013320677913725376,
      0.012908645905554295,
      0.012884723022580147,
      0.013004161417484283,
      0.013210048899054527,
      0.012714716605842113,
      0.012761367484927177,
      0.013104725629091263,
      0.013383941724896431,
