{
   "number_epochs": 400,
   "info_used": "use imputation",
   "perc_full_data": 0.04,
   "n_epochs_no_selection": 0,
   "Frequency % cutoff": 0.33,
   "hidden_size": 32,
   "random_state": 9,
   "train_errors": [
      0.17821258306503296,
      0.119066022336483,
      0.07231869548559189,
      0.04371410608291626,
      0.03878965601325035,
      0.05042937397956848,
      0.05566788464784622,
      0.048949744552373886,
      0.04002170264720917,
      0.03491106629371643,
      0.03468754142522812,
      0.03547915071249008,
      0.03652871772646904,
      0.036128636449575424,
      0.03545154258608818,
      0.033062707632780075,
      0.03214656189084053,
      0.03180105984210968,
      0.03180094063282013,
      0.03192863240838051,
      0.03196742385625839,
      0.030669433996081352,
      0.029919324442744255,
      0.028671862557530403,
      0.027983762323856354,
      0.027528751641511917,
      0.02743004448711872,
      0.026789989322423935,
      0.026012031361460686,
      0.02549169212579727,
      0.02463061548769474,
      0.02465924061834812,
      0.023479297757148743,
      0.022586779668927193,
      0.02281118556857109,
      0.021508414298295975,
      0.021683597937226295,
      0.02088082581758499,
      0.02091391198337078,
      0.0203213170170784,
      0.020971180871129036,
      0.02101375162601471,
      0.01983967050909996,
      0.01918412186205387,
      0.019944706931710243,
      0.018721528351306915,
      0.019551925361156464,
      0.019183777272701263,
      0.019608812406659126,
      0.018439890816807747,
      0.018976179882884026,
      0.020233454182744026,
      0.018276667222380638,
      0.019420886412262917,
      0.01859353296458721,
      0.01830517314374447,
      0.018550289794802666,
      0.018063917756080627,
      0.018004033714532852,
      0.01800706796348095,
      0.01811007596552372,
      0.017365192994475365,
      0.017757141962647438,
      0.01769295148551464,
      0.018406715244054794,
      0.017293134704232216,
      0.016779324039816856,
      0.017021795734763145,
      0.017050351947546005,
      0.016864905133843422,
      0.01701008901000023,
      0.017481442540884018,
      0.016846075654029846,
      0.01627800241112709,
      0.01658787578344345,
      0.016947587952017784,
      0.017052683979272842,
      0.017015177756547928,
      0.016743650659918785,
      0.016288036480545998,
      0.01623125933110714,
      0.016379766166210175,
      0.01677815616130829,
      0.016015861183404922,
      0.015790438279509544,
      0.015982497483491898,
      0.016632327809929848,
      0.015899235382676125,
      0.01574854739010334,
      0.015605279244482517,
      0.015168712474405766,
      0.015417475253343582,
      0.015004812739789486,
      0.015781428664922714,
      0.01646053045988083,
      0.015893597155809402,
      0.015202839858829975,
      0.015370219945907593,
      0.015402339398860931,
      0.015021828934550285,
      0.015013736672699451,
      0.015252291224896908,
      0.014657308347523212,
      0.015121477656066418,
      0.015108147636055946,
      0.015667734667658806,
      0.014301025308668613,
      0.014278488233685493,
      0.014683067798614502,
      0.01527333166450262,
      0.014901711605489254,
      0.014904596842825413,
      0.01501394435763359,
      0.014291099272668362,
      0.014942948706448078,
      0.014466939494013786,
      0.015035981312394142,
      0.014477411285042763,
      0.013909140601754189,
      0.014000937342643738,
      0.014592486433684826,
      0.014511046931147575,
      0.014013847336173058,
      0.013851511292159557,
      0.01398508995771408,
      0.014090553857386112,
      0.013836197555065155,
      0.013654448091983795,
      0.013595209456980228,
      0.01334104873239994,
      0.014471192844212055,
      0.013862041756510735,
      0.013559038750827312,
      0.013680734671652317,
      0.013733369298279285,
      0.014400816522538662,
      0.013426107354462147,
      0.013923264108598232,
      0.01363389566540718,
      0.014101429842412472,
      0.013675417751073837,
      0.013247190043330193,
      0.013458631932735443,
      0.013096891343593597,
      0.014395298436284065,
      0.013263211585581303,
      0.013915629126131535,
      0.013017253950238228,
      0.013111313804984093,
      0.0132316118106246,
      0.012793202884495258,
      0.01378143671900034,
      0.012672634795308113,
      0.01330204214900732,
      0.013545558787882328,
      0.013327918946743011,
      0.012401132844388485,
      0.012961188331246376,
      0.013123031705617905,
      0.012876506894826889,
      0.013613157905638218,
      0.013065880164504051,
      0.01322376262396574,
      0.012774178758263588,
      0.013560237362980843,
      0.012671840377151966,
      0.012773360125720501,
      0.012605330906808376,
      0.012833823449909687,
      0.013394921086728573,
      0.013608181849122047,
      0.012647150084376335,
      0.01340813934803009,
      0.012185098603367805,
      0.012562545016407967,
      0.012732025235891342,
      0.012316863983869553,
      0.013080833479762077,
      0.012806077487766743,
      0.013182339258491993,
      0.012661811895668507,
      0.012160727754235268,
      0.012739789672195911,
      0.011743090115487576,
      0.012443850748240948,
      0.013086948543787003,
      0.012527305632829666,
      0.012632372789084911,
      0.012367000803351402,
      0.012894862331449986,
      0.012377208098769188,
      0.01242917776107788,
      0.011965951882302761,
      0.012230338528752327,
      0.011952027678489685,
      0.012144033797085285,
      0.012910728342831135,
      0.013001257553696632,
      0.01229389850050211,
      0.012620460242033005,
      0.012051318772137165,
      0.012459549121558666,
      0.0124483248218894,
      0.012672759592533112,
      0.011882894672453403,
      0.01262432336807251,
      0.011837826110422611,
      0.012487341649830341,
      0.012502000667154789,
      0.012036647647619247,
      0.011531779542565346,
      0.011978627182543278,
      0.012193093076348305,
      0.012490513734519482,
      0.011564146727323532,
      0.011736313812434673,
      0.012243284843862057,
      0.012626012787222862,
      0.012278355658054352,
      0.01193261332809925,
      0.012138037011027336,
      0.011894614435732365,
      0.012119369581341743,
      0.011618486605584621,
      0.011672960594296455,
      0.01158507727086544,
      0.012425719760358334,
      0.011808611452579498,
      0.011756977997720242,
      0.012655999511480331,
      0.011124227195978165,
      0.011780762113630772,
      0.011484517715871334,
      0.011364729143679142,
      0.0114047946408391,
      0.011506411246955395,
      0.011479645036160946,
      0.011911443434655666,
      0.010838618502020836,
      0.011881217360496521,
      0.011166084557771683,
      0.011066565290093422,
      0.01105978712439537,
      0.011037488467991352,
      0.01121564768254757,
      0.011260909028351307,
      0.01095612347126007,
      0.010841181501746178,
      0.01111291442066431,
      0.010897191241383553,
      0.010607214644551277,
      0.010454533621668816,
      0.01071428693830967,
      0.011034231632947922,
      0.010363028384745121,
      0.011382709257304668,
      0.010234718210995197,
      0.01050189882516861,
      0.010631212964653969,
      0.010761402547359467,
      0.009971190243959427,
      0.01022344920784235,
      0.010808659717440605,
      0.010086270980536938,
      0.010850807651877403,
      0.01018800400197506,
      0.010526510886847973,
      0.010203045792877674,
      0.01037376094609499,
      0.010386793874204159,
      0.010092400014400482,
      0.010396775789558887,
      0.010170431807637215,
      0.011101013980805874,
      0.01042801421135664,
      0.009948774240911007,
      0.009830723516643047,
      0.010147003456950188,
      0.010409104637801647,
      0.00943787395954132,
