{
   "number_epochs": 400,
   "info_used": "use imputation",
   "perc_full_data": 0.08,
   "n_epochs_no_selection": 0,
   "Frequency % cutoff": 0.33,
   "hidden_size": 32,
   "random_state": 2,
   "train_errors": [
      0.21849997341632843,
      0.17559616267681122,
      0.1356062889099121,
      0.09911570698022842,
      0.0670105442404747,
      0.044889092445373535,
      0.03466343507170677,
      0.04072292149066925,
      0.047466907650232315,
      0.047131069004535675,
      0.041892990469932556,
      0.03471178933978081,
      0.03322461247444153,
      0.03243852034211159,
      0.033936578780412674,
      0.0345972403883934,
      0.03449607267975807,
      0.033224888145923615,
      0.03186643123626709,
      0.031075451523065567,
      0.029894612729549408,
      0.02963150478899479,
      0.02921278588473797,
      0.029429258778691292,
      0.029377900063991547,
      0.02823824994266033,
      0.02833366207778454,
      0.027711136266589165,
      0.02788010612130165,
      0.027229614555835724,
      0.02662776969373226,
      0.02602185495197773,
      0.025434313341975212,
      0.025044606998562813,
      0.024955641478300095,
      0.02398901991546154,
      0.02397209033370018,
      0.023928623646497726,
      0.02338605746626854,
      0.02323869988322258,
      0.02278120256960392,
      0.02253812924027443,
      0.02208808623254299,
      0.021821163594722748,
      0.021312836557626724,
      0.021524231880903244,
      0.021008845418691635,
      0.02036699466407299,
      0.020083190873265266,
      0.021334398537874222,
      0.02066149190068245,
      0.019421081990003586,
      0.019592102617025375,
      0.019763290882110596,
      0.01930888369679451,
      0.018359290435910225,
      0.01885022036731243,
      0.01895773597061634,
      0.0176729504019022,
      0.018432360142469406,
      0.017996102571487427,
      0.017159312963485718,
      0.017043234780430794,
      0.017976971343159676,
      0.01726522669196129,
      0.0171513594686985,
      0.017492694780230522,
      0.017032748088240623,
      0.016390575096011162,
      0.016779066994786263,
      0.016946082934737206,
      0.01713530160486698,
      0.016869276762008667,
      0.0158831849694252,
      0.016228381544351578,
      0.01595606654882431,
      0.016737261787056923,
      0.01647123508155346,
      0.016062581911683083,
      0.015289681032299995,
      0.016364483162760735,
      0.015682388097047806,
      0.016439614817500114,
      0.01616622321307659,
      0.01571645215153694,
      0.01592571660876274,
      0.0149040836840868,
      0.015706581994891167,
      0.015221490524709225,
      0.015600401908159256,
      0.015583233907818794,
      0.014902587048709393,
      0.014334681443870068,
      0.014977239072322845,
      0.014860313385725021,
      0.014978999271988869,
      0.014701951295137405,
      0.014867010526359081,
      0.01502980012446642,
      0.0142255499958992,
      0.015094883739948273,
      0.01514530461281538,
      0.014528623782098293,
      0.014477770775556564,
      0.014927663840353489,
      0.014581083320081234,
      0.014726992696523666,
      0.014157372526824474,
      0.013883491978049278,
      0.014383971691131592,
      0.014148518443107605,
      0.014288212172687054,
      0.013883998617529869,
      0.013988570310175419,
      0.014617020264267921,
      0.013464395888149738,
      0.014064234681427479,
      0.014290135353803635,
      0.014129571616649628,
      0.01410587877035141,
      0.014671891927719116,
      0.014303664676845074,
      0.0137343043461442,
      0.01393165998160839,
      0.013898064382374287,
      0.01430980022996664,
      0.013533022254705429,
      0.013416747562587261,
      0.013647054322063923,
      0.014445875771343708,
      0.013884651474654675,
      0.013386362232267857,
      0.013472961261868477,
      0.01439630426466465,
      0.013682347722351551,
      0.01359873078763485,
      0.013059915043413639,
      0.013405346311628819,
      0.013971665874123573,
      0.013435682281851768,
      0.013638617470860481,
      0.013117286376655102,
      0.013586822897195816,
      0.01304589956998825,
      0.012939916923642159,
      0.013653160072863102,
      0.013755188323557377,
      0.012922195717692375,
      0.013934453018009663,
      0.013256494887173176,
      0.013236983679234982,
      0.013396678492426872,
      0.013142558746039867,
      0.013061773963272572,
      0.01311919279396534,
      0.01324153970927,
      0.012874036096036434,
      0.012784228660166264,
      0.012843153439462185,
      0.012892037630081177,
      0.012609955854713917,
      0.01267943624407053,
      0.012620164081454277,
      0.013040175661444664,
      0.013168497011065483,
      0.012993397191166878,
      0.01285461988300085,
      0.012729886919260025,
      0.012275256216526031,
      0.01327587105333805,
      0.012519169598817825,
      0.012463412247598171,
      0.012719346210360527,
      0.012686297297477722,
      0.012496977113187313,
      0.012803946621716022,
      0.01240423135459423,
      0.012628975324332714,
      0.012418282218277454,
      0.012447621673345566,
      0.012745963409543037,
      0.012280668132007122,
      0.012524678371846676,
      0.013140100054442883,
      0.012307328172028065,
      0.013239177875220776,
      0.012935024686157703,
      0.012234951369464397,
      0.012814456596970558,
      0.012574530206620693,
      0.012255337089300156,
      0.01256338320672512,
      0.012306536547839642,
      0.012957208789885044,
      0.01273970864713192,
      0.012371793389320374,
      0.012280942872166634,
      0.012032471597194672,
      0.011748936027288437,
      0.012680537067353725,
      0.012101076543331146,
      0.011926860548555851,
      0.012160208076238632,
      0.012177041731774807,
      0.011861338280141354,
      0.012045282870531082,
      0.012234970927238464,
      0.012296090833842754,
      0.012560494244098663,
      0.011682865209877491,
      0.012184794060885906,
      0.011870133690536022,
      0.01188058964908123,
      0.011616460978984833,
      0.011919260956346989,
      0.01122589036822319,
      0.011700281873345375,
      0.011480048298835754,
      0.011591831222176552,
      0.011868334375321865,
      0.011540990322828293,
      0.011617383919656277,
      0.011956523172557354,
      0.011363288387656212,
      0.011733757331967354,
      0.011661003343760967,
      0.01179288700222969,
      0.011644013226032257,
      0.011353865265846252,
      0.011496608145534992,
      0.011614730581641197,
      0.011485196650028229,
      0.011730491183698177,
      0.011351441033184528,
      0.011588441208004951,
      0.011591007001698017,
      0.011318855918943882,
      0.011468942277133465,
      0.01142632495611906,
      0.012325992807745934,
      0.011117647401988506,
      0.010992159135639668,
      0.01122615858912468,
      0.011581690981984138,
      0.01108868420124054,
      0.01129245851188898,
      0.010808326303958893,
      0.011288652196526527,
      0.011031710542738438,
      0.011305900290608406,
      0.010722813196480274,
      0.010503294877707958,
      0.011317848227918148,
      0.010679233819246292,
      0.011092262342572212,
      0.010096830315887928,
      0.010913283564150333,
      0.010687250643968582,
      0.010396156460046768,
      0.010407587513327599,
      0.009815465658903122,
      0.010679000057280064,
      0.009933139197528362,
      0.010149117559194565,
      0.009831911884248257,
      0.010197984986007214,
      0.010169812478125095,
      0.009778367355465889,
      0.01028711162507534,
      0.010129017755389214,
      0.009853987954556942,
      0.009859796613454819,
      0.010127243585884571,
      0.009846875444054604,
      0.010113903321325779,
      0.009215771220624447,
      0.009958949871361256,
      0.009421675466001034,
      0.009243173524737358,
      0.009345351718366146,
