{
   "number_epochs": 400,
   "info_used": "use imputation",
   "perc_full_data": 0.08,
   "n_epochs_no_selection": 0,
   "Frequency % cutoff": 0.33,
   "hidden_size": 32,
   "random_state": 1,
   "train_errors": [
      0.2833895981311798,
      0.19389300048351288,
      0.11973541229963303,
      0.06701306253671646,
      0.04346628859639168,
      0.05333958566188812,
      0.06373029202222824,
      0.0600394643843174,
      0.04855399578809738,
      0.04007771611213684,
      0.03691331297159195,
      0.03712538629770279,
      0.03813564404845238,
      0.03868584334850311,
      0.037685737013816833,
      0.03654220700263977,
      0.03429147228598595,
      0.032691050320863724,
      0.03090495616197586,
      0.03131146728992462,
      0.030928928405046463,
      0.031135661527514458,
      0.030298059806227684,
      0.029792435467243195,
      0.030108334496617317,
      0.030728893354535103,
      0.029707517474889755,
      0.029928630217909813,
      0.029364340007305145,
      0.02887703664600849,
      0.02797587774693966,
      0.02854398638010025,
      0.027286158874630928,
      0.02734125219285488,
      0.02615995705127716,
      0.0265446025878191,
      0.02618953213095665,
      0.02555844932794571,
      0.024677202105522156,
      0.025669630616903305,
      0.024830739945173264,
      0.025595789775252342,
      0.024731002748012543,
      0.02517641894519329,
      0.02465921826660633,
      0.024043412879109383,
      0.024623960256576538,
      0.023816969245672226,
      0.023399097844958305,
      0.023901628330349922,
      0.022688068449497223,
      0.023329608142375946,
      0.02296777442097664,
      0.022996611893177032,
      0.02201741375029087,
      0.02298644371330738,
      0.02170496992766857,
      0.02233206480741501,
      0.02086610347032547,
      0.021273545920848846,
      0.021578434854745865,
      0.020428169518709183,
      0.021757977083325386,
      0.019868435338139534,
      0.02018807828426361,
      0.019896553829312325,
      0.01952066645026207,
      0.019178349524736404,
      0.019171128049492836,
      0.019770344719290733,
      0.018215101212263107,
      0.018595300614833832,
      0.018961872905492783,
      0.01869981177151203,
      0.01908080093562603,
      0.018533259630203247,
      0.01777717098593712,
      0.017302075400948524,
      0.016912078484892845,
      0.017386863008141518,
      0.017534960061311722,
      0.017571071162819862,
      0.01619032584130764,
      0.016376793384552002,
      0.016624223440885544,
      0.016372529789805412,
      0.017071900889277458,
      0.016656750813126564,
      0.01671154797077179,
      0.016213787719607353,
      0.01561302412301302,
      0.015826964750885963,
      0.015552888624370098,
      0.015966450795531273,
      0.015529872849583626,
      0.015293728560209274,
      0.01529605221003294,
      0.016020260751247406,
      0.015917479991912842,
      0.015536903403699398,
      0.015376935712993145,
      0.015716180205345154,
      0.015578792430460453,
      0.015878189355134964,
      0.015245712362229824,
      0.015145676210522652,
      0.014920990914106369,
      0.015139531344175339,
      0.015276418998837471,
      0.014675592072308064,
      0.014555931091308594,
      0.015276160091161728,
      0.015078941360116005,
      0.01451391912996769,
      0.014430942013859749,
      0.01590844802558422,
      0.014222386293113232,
      0.014803148806095123,
      0.0147896409034729,
      0.014880113303661346,
      0.014441601000726223,
      0.014436331577599049,
      0.014658338390290737,
      0.01467898953706026,
      0.01504230871796608,
      0.015061836689710617,
      0.014290663413703442,
      0.01428061444312334,
      0.013890927657485008,
      0.01472510676831007,
      0.013833656907081604,
      0.01485765352845192,
      0.013784513808786869,
      0.013749498873949051,
      0.013060640543699265,
      0.013873196206986904,
      0.013911603949964046,
      0.013683362863957882,
      0.013298693113029003,
      0.013337104581296444,
      0.0131031833589077,
      0.013945315033197403,
      0.014280835166573524,
      0.013392699882388115,
      0.013443893752992153,
      0.013746554963290691,
      0.013467131182551384,
      0.013958209194242954,
      0.013267317786812782,
      0.013727686367928982,
      0.012415588833391666,
      0.013330533169209957,
      0.013533256947994232,
      0.013291440904140472,
      0.012873396277427673,
      0.01255798526108265,
      0.013000834733247757,
      0.012884998694062233,
      0.013987971469759941,
      0.01276939082890749,
      0.012990277260541916,
      0.013480272144079208,
      0.013157982379198074,
      0.013054491952061653,
      0.011990881524980068,
      0.012933922931551933,
      0.013625464402139187,
      0.013422779738903046,
      0.01213136687874794,
      0.012776057235896587,
      0.012170120142400265,
      0.012401217594742775,
      0.013721328228712082,
      0.013032005168497562,
      0.013023166917264462,
      0.013765335083007812,
      0.013660632073879242,
      0.013051079586148262,
      0.012590723112225533,
      0.012484246864914894,
      0.01319661270827055,
      0.012586895376443863,
      0.012029596604406834,
      0.012666488997638226,
      0.012160434387624264,
      0.01307567860931158,
      0.01244597788900137,
      0.012451261281967163,
      0.011832430958747864,
      0.012493344023823738,
      0.012929804623126984,
      0.011990444734692574,
      0.012437025085091591,
      0.012444375082850456,
      0.012285442091524601,
      0.012195678427815437,
      0.01210216898471117,
      0.012673011049628258,
      0.012642196379601955,
      0.012418101541697979,
      0.01191043108701706,
      0.01226766686886549,
      0.011969564482569695,
      0.012396061792969704,
      0.01189166959375143,
      0.01256919838488102,
      0.01216728612780571,
      0.011802403256297112,
      0.013325883075594902,
      0.011993884108960629,
      0.011748072691261768,
      0.012359165586531162,
      0.011770014651119709,
      0.0128014562651515,
      0.012087717652320862,
      0.012272178195416927,
      0.012156116776168346,
      0.013035942800343037,
      0.01257847249507904,
      0.012474930845201015,
      0.011886640451848507,
      0.011404561810195446,
      0.01200786978006363,
      0.011439802125096321,
      0.011192023754119873,
      0.012262134812772274,
      0.01187334768474102,
      0.011943760327994823,
      0.011792815290391445,
      0.011501142755150795,
      0.011776093393564224,
      0.011947358958423138,
      0.012656078673899174,
      0.011275941506028175,
      0.012611058540642262,
      0.01181816030293703,
      0.011634510941803455,
      0.011418217793107033,
      0.011644842103123665,
      0.011210015043616295,
      0.012198222801089287,
      0.011441171169281006,
      0.01146199181675911,
      0.011007455177605152,
      0.011614279821515083,
      0.011073998175561428,
      0.011558819562196732,
      0.01149984635412693,
      0.011305790394544601,
      0.01146187074482441,
      0.011919485405087471,
      0.011503687128424644,
      0.012094184756278992,
      0.011835186742246151,
      0.011060567572712898,
      0.011847172863781452,
      0.011397680267691612,
      0.01184326782822609,
      0.011426197364926338,
      0.011749831028282642,
      0.01181392278522253,
      0.011483882553875446,
      0.011773611418902874,
      0.012385924346745014,
      0.011509808711707592,
      0.01081768237054348,
      0.011541959829628468,
      0.011555787175893784,
      0.011683882214128971,
      0.011954453773796558,
      0.011056189425289631,
      0.011152254417538643,
      0.011156667955219746,
      0.011159845627844334,
      0.011347868479788303,
      0.011603147722780704,
      0.010989691130816936,
      0.01144038699567318,
      0.011922834441065788,
      0.011763839982450008,
      0.01217565219849348,
