{
   "number_epochs": 400,
   "info_used": "use imputation",
   "perc_full_data": 0.04,
   "n_epochs_no_selection": 0,
   "Frequency % cutoff": 0.33,
   "hidden_size": 32,
   "random_state": 4,
   "train_errors": [
      0.2840746343135834,
      0.2059440314769745,
      0.13827498257160187,
      0.08854100853204727,
      0.06356821954250336,
      0.06389584392309189,
      0.07301480323076248,
      0.07327456772327423,
      0.06355079263448715,
      0.05261324718594551,
      0.04626664146780968,
      0.045286692678928375,
      0.044806286692619324,
      0.04366598650813103,
      0.04179416969418526,
      0.03938505798578262,
      0.038033608347177505,
      0.036004602909088135,
      0.0354226790368557,
      0.034709151834249496,
      0.03435185179114342,
      0.03394847363233566,
      0.03265554830431938,
      0.03155951574444771,
      0.031242303550243378,
      0.03154376521706581,
      0.030527178198099136,
      0.02983621135354042,
      0.030171897262334824,
      0.02946787141263485,
      0.029281795024871826,
      0.02816087193787098,
      0.028389643877744675,
      0.028572874143719673,
      0.027279770001769066,
      0.02704506367444992,
      0.026980247348546982,
      0.026706194505095482,
      0.026427995413541794,
      0.026476087048649788,
      0.025966830551624298,
      0.025014985352754593,
      0.025457993149757385,
      0.0248306505382061,
      0.02511901967227459,
      0.023899773135781288,
      0.024135753512382507,
      0.022659799084067345,
      0.02278177998960018,
      0.022762233391404152,
      0.022985687479376793,
      0.022391382604837418,
      0.02258184552192688,
      0.021319635212421417,
      0.02132239192724228,
      0.021260609850287437,
      0.02076287567615509,
      0.020181654021143913,
      0.021065836772322655,
      0.021238163113594055,
      0.019406316801905632,
      0.019233200699090958,
      0.019775334745645523,
      0.019498955458402634,
      0.019166022539138794,
      0.01903439871966839,
      0.018413258716464043,
      0.019127773120999336,
      0.018905632197856903,
      0.018430905416607857,
      0.018699320033192635,
      0.018802035599946976,
      0.018318433314561844,
      0.018570974469184875,
      0.018802711740136147,
      0.017913466319441795,
      0.018816249445080757,
      0.017714496701955795,
      0.01828739047050476,
      0.017894526943564415,
      0.017520830035209656,
      0.018013514578342438,
      0.016460692510008812,
      0.016345975920557976,
      0.017200849950313568,
      0.01740555465221405,
      0.017409194260835648,
      0.01647537387907505,
      0.017458366230130196,
      0.01700556091964245,
      0.016911424696445465,
      0.016955716535449028,
      0.016599848866462708,
      0.016710342839360237,
      0.016516223549842834,
      0.016024503856897354,
      0.01618175208568573,
      0.015603451058268547,
      0.016032056882977486,
      0.016000865027308464,
      0.016379499807953835,
      0.015510319732129574,
      0.015623640269041061,
      0.015562379732728004,
      0.015751153230667114,
      0.015605083666741848,
      0.015529369004070759,
      0.015351656824350357,
      0.014851238578557968,
      0.015226075425744057,
      0.014981311745941639,
      0.014746109955012798,
      0.015164577402174473,
      0.014860669150948524,
      0.015554859302937984,
      0.014084402471780777,
      0.014199366793036461,
      0.014203346334397793,
      0.01529888715595007,
      0.014167681336402893,
      0.014698567800223827,
      0.014304076321423054,
      0.013683105818927288,
      0.013192318379878998,
      0.01344667561352253,
      0.013985374942421913,
      0.01400814950466156,
      0.013183691538870335,
      0.014303012751042843,
      0.013396327383816242,
      0.01365501619875431,
      0.0138555858284235,
      0.013022750616073608,
      0.013363942503929138,
      0.01364100631326437,
      0.013614625670015812,
      0.012799040414392948,
      0.012797596864402294,
      0.01294843852519989,
      0.0130917364731431,
      0.013281219638884068,
      0.01303325779736042,
      0.01410401426255703,
      0.013068560510873795,
      0.01268383115530014,
      0.013076100498437881,
      0.012700474821031094,
      0.013177074491977692,
      0.012883014976978302,
      0.01235248427838087,
      0.012522422708570957,
      0.012815235182642937,
      0.013423332013189793,
      0.012538723647594452,
      0.01232148613780737,
      0.012075841426849365,
      0.012762866914272308,
      0.01299739908427,
      0.012053203769028187,
      0.013670592568814754,
      0.013199413195252419,
      0.012736736796796322,
      0.012004375457763672,
      0.012332374230027199,
      0.012358694337308407,
      0.012396418489515781,
      0.012433920986950397,
      0.012214160524308681,
      0.012440857477486134,
      0.012188088148832321,
      0.012087700888514519,
      0.012652847915887833,
      0.011677201837301254,
      0.012646712362766266,
      0.012785444967448711,
      0.012179664336144924,
      0.012207360938191414,
      0.01213548518717289,
      0.012026505544781685,
      0.012160259298980236,
      0.011622613295912743,
      0.012524258345365524,
      0.011535503901541233,
      0.011932904832065105,
      0.012041192501783371,
      0.012061424553394318,
      0.01236046478152275,
      0.012337475083768368,
      0.011949561536312103,
      0.011741922236979008,
      0.01234445534646511,
      0.011972127482295036,
      0.012257648631930351,
      0.012244129553437233,
      0.011979412287473679,
      0.011369763873517513,
      0.011541387066245079,
      0.01143798790872097,
      0.012307395227253437,
      0.0108737051486969,
      0.01099317241460085,
      0.011928468942642212,
      0.011402898468077183,
      0.011390299536287785,
      0.011091873049736023,
      0.0112526286393404,
      0.011160843074321747,
      0.012172735296189785,
      0.010951600037515163,
      0.011354138143360615,
      0.011411916464567184,
      0.012495343573391438,
      0.011721516959369183,
      0.011663993820548058,
      0.011765499599277973,
      0.011276970617473125,
      0.011440121568739414,
      0.010892272926867008,
      0.01163514330983162,
      0.01191751379519701,
      0.011672710068523884,
      0.011634333990514278,
      0.011197183281183243,
      0.010931257158517838,
      0.012175093404948711,
      0.011279117316007614,
      0.012100028805434704,
      0.010909189470112324,
      0.010662888176739216,
      0.01118276547640562,
      0.011281460523605347,
      0.011094437912106514,
      0.01148963999003172,
      0.010791120119392872,
      0.011234533041715622,
      0.011102377437055111,
      0.011548862792551517,
      0.01173259224742651,
      0.01136942021548748,
      0.011272608302533627,
      0.010737434960901737,
      0.010784916579723358,
      0.011389769613742828,
      0.011087996885180473,
      0.010833443142473698,
      0.011365181766450405,
      0.011035564355552197,
      0.010619556531310081,
      0.011749057099223137,
      0.011155571788549423,
      0.010838337242603302,
      0.011748379096388817,
      0.010549922473728657,
      0.011541446670889854,
      0.01090958435088396,
      0.011347802355885506,
      0.01169613003730774,
      0.011097454465925694,
      0.01068671140819788,
      0.010672065429389477,
      0.010694367811083794,
      0.010546442121267319,
      0.010549808852374554,
      0.0112018883228302,
      0.010746611282229424,
      0.010880663059651852,
      0.011308934539556503,
      0.011576213873922825,
      0.010874904692173004,
      0.010988919995725155,
      0.011104018427431583,
      0.01124886516481638,
      0.01062105130404234,
      0.010835486464202404,
      0.010605283081531525,
      0.011368809267878532,
      0.011275902390480042,
      0.01097160018980503,
      0.010242419317364693,
      0.01097115222364664,
      0.010399386286735535,
