{
   "number_epochs": 400,
   "info_used": "use imputation",
   "perc_full_data": 0.08,
   "n_epochs_no_selection": 0,
   "Frequency % cutoff": 0.33,
   "hidden_size": 32,
   "random_state": 11,
   "train_errors": [
      0.4566390812397003,
      0.3372914791107178,
      0.2336333841085434,
      0.149152472615242,
      0.08639195561408997,
      0.05003947392106056,
      0.049713488668203354,
      0.071922168135643,
      0.08277120441198349,
      0.07814265787601471,
      0.06238863617181778,
      0.04677071422338486,
      0.040003009140491486,
      0.03971575200557709,
      0.040351465344429016,
      0.04309377074241638,
      0.041455842554569244,
      0.04048103839159012,
      0.03772392123937607,
      0.03593544661998749,
      0.03517588973045349,
      0.0359451025724411,
      0.036218781024217606,
      0.036343660205602646,
      0.036134615540504456,
      0.035957347601652145,
      0.033275406807661057,
      0.03315768763422966,
      0.0332317128777504,
      0.031579770147800446,
      0.03215924650430679,
      0.031951602548360825,
      0.031380996108055115,
      0.031168123707175255,
      0.03194105997681618,
      0.030238380655646324,
      0.0289645716547966,
      0.030276503413915634,
      0.029843350872397423,
      0.028930580243468285,
      0.028769534081220627,
      0.027680855244398117,
      0.029128380119800568,
      0.02872382290661335,
      0.027857886627316475,
      0.027523702010512352,
      0.027226828038692474,
      0.02627968229353428,
      0.027583841234445572,
      0.026154523715376854,
      0.026410548016428947,
      0.025333357974886894,
      0.02532847784459591,
      0.025108518078923225,
      0.024860966950654984,
      0.025286469608545303,
      0.025197207927703857,
      0.02376614511013031,
      0.024472041055560112,
      0.02313322201371193,
      0.023624522611498833,
      0.023182068020105362,
      0.02171209268271923,
      0.02227802388370037,
      0.02271103300154209,
      0.0231942106038332,
      0.021642284467816353,
      0.02151651494204998,
      0.022782713174819946,
      0.02101087011396885,
      0.021019667387008667,
      0.020587101578712463,
      0.021521784365177155,
      0.01975509151816368,
      0.020343806594610214,
      0.019838061183691025,
      0.019881760701537132,
      0.0196719691157341,
      0.019013164564967155,
      0.01951511949300766,
      0.018524637445807457,
      0.019573746249079704,
      0.02004070393741131,
      0.020422691479325294,
      0.018339691683650017,
      0.01965436525642872,
      0.019461950287222862,
      0.01911282353103161,
      0.01937866397202015,
      0.018725384026765823,
      0.019200367853045464,
      0.01841488853096962,
      0.019187919795513153,
      0.018372878432273865,
      0.019027043133974075,
      0.01794913038611412,
      0.019025372341275215,
      0.018378637731075287,
      0.018137523904442787,
      0.01846870593726635,
      0.017953431233763695,
      0.019104240462183952,
      0.017719190567731857,
      0.017550289630889893,
      0.017130037769675255,
      0.018488842993974686,
      0.017473863437771797,
      0.018380487337708473,
      0.01691492088139057,
      0.017870159819722176,
      0.017051726579666138,
      0.01727648451924324,
      0.018008479848504066,
      0.017265664413571358,
      0.016053440049290657,
      0.017676889896392822,
      0.017353666946291924,
      0.01774376630783081,
      0.0174080990254879,
      0.017249811440706253,
      0.017042456194758415,
      0.016917141154408455,
      0.016028624027967453,
      0.016809452325105667,
      0.017641108483076096,
      0.017439566552639008,
      0.017688043415546417,
      0.016706611961126328,
      0.01643121801316738,
      0.01670059747993946,
      0.01602000743150711,
      0.016530286520719528,
      0.016957690939307213,
      0.01689024455845356,
      0.015513133257627487,
      0.017394602298736572,
      0.016772495582699776,
      0.01683279126882553,
      0.01725464127957821,
      0.017630789428949356,
      0.01701325550675392,
      0.016869574785232544,
      0.016981836408376694,
      0.016169670969247818,
      0.016291925683617592,
      0.01657424122095108,
      0.01719948835670948,
      0.01651112362742424,
      0.017139244824647903,
      0.015990233048796654,
      0.01597045734524727,
      0.01688426546752453,
      0.01687571220099926,
      0.016585402190685272,
      0.015094895847141743,
      0.016040029004216194,
      0.016086438670754433,
      0.016298681497573853,
      0.016707485541701317,
      0.015811869874596596,
      0.01589902676641941,
      0.016043677926063538,
      0.01619569957256317,
      0.01599629409611225,
      0.01634254679083824,
      0.014820391312241554,
      0.0162249356508255,
      0.016952961683273315,
      0.015326260589063168,
      0.01645788364112377,
      0.016306545585393906,
      0.016367651522159576,
      0.01602878049015999,
      0.01571483351290226,
      0.015606987290084362,
      0.0157683864235878,
      0.015738971531391144,
      0.015406572259962559,
      0.016261877492070198,
      0.0160337146371603,
      0.015581588260829449,
      0.015153846703469753,
      0.016362451016902924,
      0.015608659014105797,
      0.01515413448214531,
      0.014963679946959019,
      0.014631044119596481,
      0.01587667129933834,
      0.0157171618193388,
      0.014697937294840813,
      0.016659023240208626,
      0.015086150728166103,
      0.0148091996088624,
      0.01602529175579548,
      0.015322391875088215,
      0.016015280038118362,
      0.015808342024683952,
      0.015820074826478958,
      0.016200773417949677,
      0.015807194635272026,
      0.015436014160513878,
      0.01567894034087658,
      0.014632335864007473,
      0.015420803800225258,
      0.015233536250889301,
      0.015140372328460217,
      0.015203505754470825,
      0.014314861968159676,
      0.014911358244717121,
      0.014706876128911972,
      0.015382064506411552,
      0.014673210680484772,
      0.014845532365143299,
      0.01447185967117548,
      0.014944443479180336,
      0.014443830586969852,
      0.014686559326946735,
      0.01503942720592022,
      0.0148460166528821,
      0.016007930040359497,
      0.014340508729219437,
      0.015674784779548645,
      0.015081284567713737,
      0.014977144077420235,
      0.014994512312114239,
      0.014986973255872726,
      0.014549252577126026,
      0.013985030353069305,
      0.014763306826353073,
      0.014560377225279808,
      0.013754167594015598,
      0.014482598751783371,
      0.014791388995945454,
      0.014702281914651394,
      0.014359698630869389,
      0.01528895739465952,
      0.014722436666488647,
      0.015112770721316338,
      0.015250837430357933,
      0.01525798812508583,
      0.015457073226571083,
      0.01412565540522337,
      0.01449362002313137,
      0.014780343510210514,
      0.013394619338214397,
      0.014772349037230015,
      0.014071086421608925,
      0.013670757412910461,
      0.014206567779183388,
      0.014792339876294136,
      0.01530550979077816,
      0.01489592157304287,
      0.01445465162396431,
      0.013749208301305771,
      0.014205258339643478,
      0.014877822250127792,
      0.014250692911446095,
      0.014506570994853973,
      0.014362447895109653,
      0.014544310048222542,
      0.013512779958546162,
      0.013901868835091591,
      0.015269698575139046,
      0.01407342404127121,
      0.014628985896706581,
      0.014385814778506756,
      0.01421497855335474,
      0.013738810084760189,
      0.014280435629189014,
      0.013797694817185402,
      0.0151138287037611,
      0.013669835403561592,
      0.014014407992362976,
      0.014622754417359829,
      0.014081770554184914,
      0.013497354462742805,
      0.014099613763391972,
      0.01392264012247324,
      0.01445219200104475,
      0.012645525857806206,
      0.014410153031349182,
      0.014429043047130108,
