{
   "number_epochs": 300,
   "info_used": "use imputation",
   "perc_full_data": 0.1,
   "n_epochs_no_selection": 0,
   "Frequency % cutoff": 0.3,
   "hidden_size": 32,
   "random_state": 4,
   "train_errors": [
      0.055494047701358795,
      0.051271162927150726,
      0.04863843321800232,
      0.04742225632071495,
      0.047129228711128235,
      0.04711194336414337,
      0.04612905532121658,
      0.045698534697294235,
      0.04463064670562744,
      0.04330965876579285,
      0.042636215686798096,
      0.040621593594551086,
      0.03911864385008812,
      0.0380413793027401,
      0.036249130964279175,
      0.03492162749171257,
      0.03329670801758766,
      0.031396184116601944,
      0.029748573899269104,
      0.0280551016330719,
      0.0275228563696146,
      0.025404658168554306,
      0.024585839360952377,
      0.02332054078578949,
      0.022603141143918037,
      0.020549196749925613,
      0.020613064989447594,
      0.019647637382149696,
      0.01827543042600155,
      0.018110284581780434,
      0.017870547249913216,
      0.017341874539852142,
      0.01675884798169136,
      0.016408588737249374,
      0.01626034826040268,
      0.015750782564282417,
      0.016018474474549294,
      0.015232391655445099,
      0.015159707516431808,
      0.015495570376515388,
      0.01510394923388958,
      0.015000080689787865,
      0.014355853199958801,
      0.013824294321238995,
      0.014755437150597572,
      0.013534299097955227,
      0.01319102942943573,
      0.01357922051101923,
      0.014273949898779392,
      0.013334624469280243,
      0.013411141000688076,
      0.012682038359344006,
      0.012959864921867847,
      0.013305343687534332,
      0.01319042220711708,
      0.012223778292536736,
      0.013153992593288422,
      0.012418693862855434,
      0.012944103218615055,
      0.012391171418130398,
      0.012454413808882236,
      0.01263940054923296,
      0.011834139935672283,
      0.01242240983992815,
      0.012408106587827206,
      0.012391118332743645,
      0.012052750214934349,
      0.012263576500117779,
      0.012026158161461353,
      0.01068643294274807,
      0.012418034486472607,
      0.012126895599067211,
      0.011297396384179592,
      0.011608428321778774,
      0.01182759739458561,
      0.011204548180103302,
      0.011305713094770908,
      0.011473679915070534,
      0.01144040934741497,
      0.010975925251841545,
      0.01138007827103138,
      0.011807380244135857,
      0.01102228183299303,
      0.010338063351809978,
      0.010964561253786087,
      0.011694639921188354,
      0.011105569079518318,
      0.011200417764484882,
      0.01133370865136385,
      0.010698739439249039,
      0.010684754699468613,
      0.010726090520620346,
      0.010545413941144943,
      0.010515723377466202,
      0.010161429643630981,
      0.011234866455197334,
      0.010512911714613438,
      0.010615505278110504,
      0.010673170909285545,
      0.010170682333409786,
      0.010139849968254566,
      0.010088261216878891,
      0.010531197302043438,
      0.010132672265172005,
      0.010459396988153458,
      0.010077464394271374,
      0.01013240497559309,
      0.010445468127727509,
      0.011255551129579544,
      0.01125594787299633,
      0.010519539937376976,
      0.010334561578929424,
      0.00999341532588005,
      0.00974996481090784,
      0.00945880264043808,
      0.010273532010614872,
      0.010535912588238716,
      0.009347379207611084,
      0.010697615332901478,
      0.010817770846188068,
      0.009363801218569279,
      0.010413438081741333,
      0.010268696583807468,
      0.010875868611037731,
      0.009015875868499279,
      0.010220643132925034,
      0.009817397221922874,
      0.009830977767705917,
      0.009750124998390675,
      0.009946326725184917,
      0.010598761960864067,
      0.010508015751838684,
      0.009660954587161541,
      0.010493725538253784,
      0.00947096198797226,
      0.00960404984652996,
      0.009734422899782658,
      0.009674915112555027,
      0.009419829584658146,
      0.010095511563122272,
      0.009817613288760185,
      0.009725970216095448,
      0.010476863011717796,
      0.010293967090547085,
      0.009240057319402695,
      0.01059396006166935,
      0.008654301054775715,
      0.0101874228566885,
      0.009581273421645164,
      0.009690803475677967,
      0.009316914714872837,
      0.009334363043308258,
      0.009987564757466316,
      0.009385153651237488,
      0.009150237776339054,
      0.009220373816788197,
      0.009097718633711338,
      0.010143077932298183,
      0.010227171704173088,
      0.009774742648005486,
      0.010026643052697182,
      0.0093345046043396,
      0.00990078691393137,
      0.00926321279257536,
      0.009331563487648964,
      0.010643921792507172,
      0.00897971261292696,
      0.009279395453631878,
      0.009232603013515472,
      0.009545375593006611,
      0.010198619216680527,
      0.00941153708845377,
      0.008893745951354504,
      0.009930216707289219,
      0.009096093475818634,
      0.008828106336295605,
      0.009150952100753784,
      0.008944975212216377,
      0.009546494111418724,
      0.01012314110994339,
      0.010735717602074146,
      0.009167240932583809,
      0.009936334565281868,
      0.009258696809411049,
      0.009162373840808868,
      0.009865942411124706,
      0.00935372430831194,
      0.009897208772599697,
      0.009761202149093151,
      0.009480631910264492,
      0.009108885191380978,
      0.009109215810894966,
      0.009440324269235134,
      0.008850800804793835,
      0.008778764866292477,
      0.009494524449110031,
      0.008831406943500042,
      0.0093648387119174,
      0.008976609446108341,
      0.009566457010805607,
      0.009442170150578022,
      0.009241824969649315,
      0.00894079077988863,
      0.009264145977795124,
      0.008894364349544048,
      0.009616435505449772,
      0.00863123219460249,
      0.009373616427183151,
      0.009426665492355824,
      0.00910269096493721,
      0.009888392873108387,
      0.009267603978514671,
      0.0095400745049119,
      0.009113537147641182,
      0.0092096496373415,
      0.009469385258853436,
      0.008992107585072517,
      0.009970837272703648,
      0.008915592916309834,
      0.00950207281857729,
      0.00872902199625969,
      0.009331481531262398,
      0.008923196233808994,
      0.008507886901497841,
      0.009044487029314041,
      0.009668705984950066,
      0.008896983228623867,
      0.00860782340168953,
      0.009427893906831741,
      0.009210694581270218,
      0.00939639937132597,
      0.008615847676992416,
      0.00931356381624937,
      0.010079880245029926,
      0.009124713018536568,
      0.009138203226029873,
      0.009257584810256958,
      0.009311585687100887,
      0.009013078175485134,
      0.009449291974306107,
      0.008425612933933735,
      0.009073899127542973,
      0.009374531917273998,
      0.009252924472093582,
      0.008872607722878456,
      0.009404574520885944,
      0.00854756124317646,
      0.009075957350432873,
      0.008994909934699535,
      0.008302103728055954,
      0.009156866930425167,
      0.009008395485579967,
      0.008512728847563267,
      0.008617742918431759,
      0.00953122042119503,
      0.008277163840830326,
      0.008809397928416729,
      0.008874310180544853,
      0.008752493187785149,
      0.008382514119148254,
      0.009049464017152786,
      0.009385070763528347,
      0.008768477477133274,
      0.009323714300990105,
      0.009528512135148048,
      0.009307751432061195,
      0.008213454857468605,
      0.009528504684567451,
      0.008855491876602173,
      0.009462610818445683,
      0.010099826380610466,
      0.008417876437306404,
      0.008730044588446617,
      0.008840431459248066,
      0.008780066855251789,
      0.008733187802135944,
      0.008817950263619423,
      0.0090367766097188,
      0.009169277735054493,
      0.008586899377405643,
