{
   "number_epochs": 300,
   "info_used": "use imputation",
   "perc_full_data": 0.1,
   "n_epochs_no_selection": 0,
   "Frequency % cutoff": 0.3,
   "hidden_size": 32,
   "random_state": 10,
   "train_errors": [
      0.043027497828006744,
      0.042154710739851,
      0.04180460795760155,
      0.040681179612874985,
      0.03976694121956825,
      0.03878438100218773,
      0.03822998329997063,
      0.03744618967175484,
      0.03643825277686119,
      0.034954752773046494,
      0.03349446877837181,
      0.03272338584065437,
      0.0315822996199131,
      0.030580414459109306,
      0.02861129492521286,
      0.02727135270833969,
      0.02639557048678398,
      0.02508408948779106,
      0.02473320998251438,
      0.02297002449631691,
      0.02270742878317833,
      0.022427210584282875,
      0.021365534514188766,
      0.021270856261253357,
      0.020913152024149895,
      0.020128488540649414,
      0.02002171240746975,
      0.019011761993169785,
      0.018992794677615166,
      0.01869790442287922,
      0.018231777474284172,
      0.018782606348395348,
      0.016948755830526352,
      0.018031399697065353,
      0.01832963339984417,
      0.017846476286649704,
      0.017134686931967735,
      0.017423611134290695,
      0.016813382506370544,
      0.01781846210360527,
      0.016072776168584824,
      0.015250065363943577,
      0.015048544853925705,
      0.014837504364550114,
      0.015441438183188438,
      0.016046876087784767,
      0.015399761497974396,
      0.01507599651813507,
      0.014531559310853481,
      0.01407876517623663,
      0.016046304255723953,
      0.014217390678822994,
      0.014545666053891182,
      0.01510301511734724,
      0.014332317747175694,
      0.01436703186482191,
      0.013682587072253227,
      0.014175372198224068,
      0.013434523716568947,
      0.01258671935647726,
      0.013349063694477081,
      0.014552745968103409,
      0.013224282301962376,
      0.01266398560255766,
      0.013056252151727676,
      0.012023910880088806,
      0.013727016746997833,
      0.012303058989346027,
      0.013933178037405014,
      0.014085429720580578,
      0.013590384274721146,
      0.013623462989926338,
      0.012314051389694214,
      0.013458862900733948,
      0.012968807481229305,
      0.013263396918773651,
      0.012626836076378822,
      0.012942511588335037,
      0.013243823312222958,
      0.012367661111056805,
      0.013087436556816101,
      0.014021266251802444,
      0.013192988000810146,
      0.013096196576952934,
      0.013485417701303959,
      0.01265932060778141,
      0.013955340720713139,
      0.011901558376848698,
      0.013157649897038937,
      0.012745501473546028,
      0.012804185040295124,
      0.012535248883068562,
      0.014021839015185833,
      0.013290717266499996,
      0.01279470045119524,
      0.012123443186283112,
      0.012670409865677357,
      0.012879769317805767,
      0.013203241862356663,
      0.013433349318802357,
      0.013046395033597946,
      0.012697253376245499,
      0.012756886892020702,
      0.012607966549694538,
      0.012458685785531998,
      0.013183307833969593,
      0.012524500489234924,
      0.012353931553661823,
      0.012260138988494873,
      0.012384247966110706,
      0.01287851668894291,
      0.012551073916256428,
      0.013283886946737766,
      0.012918155640363693,
      0.012905132956802845,
      0.012841343879699707,
      0.012438387610018253,
      0.01342974603176117,
      0.01282021589577198,
      0.01258736290037632,
      0.01266701240092516,
      0.013055340386927128,
      0.012717291712760925,
      0.012381755746901035,
      0.01316826231777668,
      0.012039877474308014,
      0.012783273123204708,
      0.011649353429675102,
      0.012275481596589088,
      0.012804852798581123,
      0.012871046550571918,
      0.012268581427633762,
      0.012196763418614864,
      0.013124583289027214,
      0.012249622493982315,
      0.01252754870802164,
      0.01194158848375082,
      0.012165500782430172,
      0.012251636944711208,
      0.012414281256496906,
      0.012616376392543316,
      0.01172222662717104,
      0.012534095905721188,
      0.012206338346004486,
      0.01230390090495348,
      0.012481223791837692,
      0.012819592840969563,
      0.012295955792069435,
      0.012221178971230984,
      0.012725460343062878,
      0.012687912210822105,
      0.012164173647761345,
      0.012342985719442368,
      0.012583160772919655,
      0.011624449864029884,
      0.013593445532023907,
      0.01286417804658413,
      0.012689034454524517,
      0.012465046718716621,
      0.012910786084830761,
      0.012282444164156914,
      0.012026302516460419,
      0.01186574436724186,
      0.013384711928665638,
      0.012377354316413403,
      0.012680008076131344,
      0.012246220372617245,
      0.012125647626817226,
      0.013678240589797497,
      0.012544837780296803,
      0.012259013950824738,
      0.012170801870524883,
      0.012452513910830021,
      0.012903829105198383,
      0.012136953882873058,
      0.012564464472234249,
      0.012755421921610832,
      0.01244478952139616,
      0.012773175723850727,
      0.01182373147457838,
      0.011736820451915264,
      0.012300841510295868,
      0.012469399720430374,
      0.012255476787686348,
      0.012115157209336758,
      0.012608674354851246,
      0.011566847562789917,
      0.01243136078119278,
      0.0117662213742733,
      0.012981139123439789,
      0.01349659450352192,
      0.01193444523960352,
      0.012602536007761955,
      0.012355037033557892,
      0.01221350859850645,
      0.012052422389388084,
      0.01240064948797226,
      0.013174321502447128,
      0.012389762327075005,
      0.012255907990038395,
      0.012260807678103447,
      0.012727172113955021,
      0.01208610087633133,
      0.012058480642735958,
      0.012768196873366833,
      0.012183401733636856,
      0.013516276143491268,
      0.012508454732596874,
      0.012309249490499496,
      0.011995110660791397,
      0.012553569860756397,
      0.010888850316405296,
      0.012001057155430317,
      0.01253976859152317,
      0.011951843276619911,
      0.012539553456008434,
      0.012174519710242748,
      0.012050116434693336,
      0.012178441509604454,
      0.012147919274866581,
      0.011210549622774124,
      0.011551598086953163,
      0.01243448257446289,
      0.01179781649261713,
      0.011842467822134495,
      0.011911576613783836,
      0.011638931930065155,
      0.01239677146077156,
      0.012401745654642582,
      0.012389160692691803,
      0.011916683055460453,
      0.012350210919976234,
      0.011957937851548195,
      0.012276082299649715,
      0.012116511352360249,
      0.013323664665222168,
      0.012665786780416965,
      0.011960231699049473,
      0.012362933717668056,
      0.012673355638980865,
      0.013062623329460621,
      0.011374270543456078,
      0.012042485177516937,
      0.012604457326233387,
      0.01208473276346922,
      0.012044583447277546,
      0.012049242854118347,
      0.012731527909636497,
      0.012396580539643764,
      0.012047836557030678,
      0.011650905944406986,
      0.012458658777177334,
      0.01283152773976326,
      0.013074314221739769,
      0.012057370506227016,
      0.01136993058025837,
      0.012415753677487373,
      0.012086918577551842,
      0.012925995513796806,
      0.0124347610399127,
      0.012215140275657177,
      0.012347941286861897,
      0.01249463390558958,
      0.01163236889988184,
      0.011809009127318859,
      0.011986262165009975,
      0.011655022390186787,
      0.012245627120137215,
      0.012711840681731701,
      0.012039662338793278,
      0.011977100744843483,
      0.012883521616458893,
      0.011809540912508965,
      0.01245801616460085,
      0.011502526700496674,
      0.01160433329641819,
      0.012209296226501465,
      0.011230207979679108,
      0.012058977968990803,
      0.011640083976089954,
