{
   "number_epochs": 300,
   "info_used": "use imputation",
   "perc_full_data": 0.1,
   "n_epochs_no_selection": 0,
   "Frequency % cutoff": 0.3,
   "hidden_size": 32,
   "random_state": 13,
   "train_errors": [
      0.05873538553714752,
      0.056722842156887054,
      0.05497453361749649,
      0.053336694836616516,
      0.05224644020199776,
      0.049933865666389465,
      0.04768519848585129,
      0.045658934861421585,
      0.04312077537178993,
      0.04280833154916763,
      0.039555300027132034,
      0.03767583891749382,
      0.034915294498205185,
      0.033662084490060806,
      0.031208038330078125,
      0.03051103465259075,
      0.028215203434228897,
      0.027353230863809586,
      0.026478813961148262,
      0.02588537707924843,
      0.023011069744825363,
      0.02354390174150467,
      0.023032844066619873,
      0.023998407647013664,
      0.023185759782791138,
      0.02391820028424263,
      0.02332579530775547,
      0.0205332450568676,
      0.021042173728346825,
      0.02112952619791031,
      0.021248064935207367,
      0.020923232659697533,
      0.02082969807088375,
      0.020024986937642097,
      0.019757593050599098,
      0.01963845267891884,
      0.01870923489332199,
      0.019335174933075905,
      0.019458185881376266,
      0.020026857033371925,
      0.019837649539113045,
      0.01887640170753002,
      0.01876210607588291,
      0.01893400028347969,
      0.018046868965029716,
      0.018287017941474915,
      0.017422690987586975,
      0.01838204264640808,
      0.016669614240527153,
      0.017585132271051407,
      0.018324732780456543,
      0.018388008698821068,
      0.01692383736371994,
      0.01650872267782688,
      0.01656964048743248,
      0.01727663353085518,
      0.016134127974510193,
      0.015889424830675125,
      0.015382884070277214,
      0.015712358057498932,
      0.015786685049533844,
      0.015278632752597332,
      0.016091782599687576,
      0.015155861154198647,
      0.015028106048703194,
      0.015809791162610054,
      0.015781071037054062,
      0.0161121878772974,
      0.015537071041762829,
      0.01519798394292593,
      0.014662965200841427,
      0.01445015799254179,
      0.015050610527396202,
      0.014477238990366459,
      0.014375953003764153,
      0.015504848212003708,
      0.01474821101874113,
      0.013964305631816387,
      0.014885262586176395,
      0.013915661722421646,
      0.013588692992925644,
      0.014462008140981197,
      0.015755170956254005,
      0.01491468120366335,
      0.013514071702957153,
      0.012234795838594437,
      0.015167094767093658,
      0.014456236734986305,
      0.014095434918999672,
      0.014155913144350052,
      0.014259974472224712,
      0.01387651078402996,
      0.01438000425696373,
      0.014021708630025387,
      0.013548552058637142,
      0.012724356725811958,
      0.013741816394031048,
      0.013414393179118633,
      0.013915293850004673,
      0.012849459424614906,
      0.01363326981663704,
      0.014063847251236439,
      0.014317614957690239,
      0.013920806348323822,
      0.014478659257292747,
      0.013284903950989246,
      0.013342106714844704,
      0.013006184250116348,
      0.012231269851326942,
      0.0130776297301054,
      0.01318271178752184,
      0.013110820204019547,
      0.013452624902129173,
      0.013103660196065903,
      0.012729942798614502,
      0.013694179244339466,
      0.013123898766934872,
      0.013273841701447964,
      0.013994338922202587,
      0.012819411233067513,
      0.012876857072114944,
      0.012805663049221039,
      0.012017619796097279,
      0.013435416854918003,
      0.012385163456201553,
      0.012891961261630058,
      0.012645358219742775,
      0.013359869830310345,
      0.012838420458137989,
      0.013219505548477173,
      0.013361695222556591,
      0.0134199820458889,
      0.013235576450824738,
      0.01364991720765829,
      0.01337064616382122,
      0.012658205814659595,
      0.01358683779835701,
      0.012264649383723736,
      0.011935406364500523,
      0.013619489036500454,
      0.013026962988078594,
      0.012183353304862976,
      0.012091971933841705,
      0.012055263854563236,
      0.01300814002752304,
      0.013414950110018253,
      0.013115977868437767,
      0.01240659411996603,
      0.011496273800730705,
      0.01243341714143753,
      0.013007952831685543,
      0.012423439882695675,
      0.013172307051718235,
      0.012287276796996593,
      0.013206202536821365,
      0.013779327273368835,
      0.012369458563625813,
      0.01204823050647974,
      0.012545086443424225,
      0.011366477236151695,
      0.013051226735115051,
      0.012622376903891563,
      0.011309144087135792,
      0.01175003033131361,
      0.01270284317433834,
      0.01187459472566843,
      0.012217617593705654,
      0.012294886633753777,
      0.01280185952782631,
      0.012909950688481331,
      0.012402056716382504,
      0.012298664078116417,
      0.012502947822213173,
      0.012566061690449715,
      0.013234959915280342,
      0.013327470049262047,
      0.011381004005670547,
      0.011599146761000156,
      0.01304294727742672,
      0.013010222464799881,
      0.012698730453848839,
      0.012862673960626125,
      0.012972380965948105,
      0.012212657369673252,
      0.012575716711580753,
      0.01226961612701416,
      0.01297560054808855,
      0.012181049212813377,
      0.01138759683817625,
      0.012641847133636475,
      0.012815560214221478,
      0.011598069220781326,
      0.012110602110624313,
      0.011953101493418217,
      0.011936762370169163,
      0.01273525133728981,
      0.013218378648161888,
      0.013324828818440437,
      0.012266984209418297,
      0.012149777263402939,
      0.011822205036878586,
      0.012342967092990875,
      0.01213934738188982,
      0.012044276110827923,
      0.011832773685455322,
      0.012490282766520977,
      0.01252251397818327,
      0.011955886147916317,
      0.012084778398275375,
      0.012313990853726864,
      0.012157225981354713,
      0.011984347365796566,
      0.011475523933768272,
      0.01279708743095398,
      0.011695644818246365,
      0.01238416600972414,
      0.012537570670247078,
      0.011226469650864601,
      0.012383246794342995,
      0.012247301638126373,
      0.011928626336157322,
      0.012577385641634464,
      0.012834472581744194,
      0.012708419002592564,
      0.011676394380629063,
      0.012284703552722931,
      0.012533222325146198,
      0.012491414323449135,
      0.012373583391308784,
      0.011379736475646496,
      0.011867339722812176,
      0.01210030447691679,
      0.011749876663088799,
      0.011850998736917973,
      0.012060675770044327,
      0.011984553188085556,
      0.011989394202828407,
      0.012514619156718254,
      0.012352200224995613,
      0.013148657977581024,
      0.012550811283290386,
      0.012313751503825188,
      0.01284248847514391,
      0.011643454432487488,
      0.011172743514180183,
      0.011513439938426018,
      0.011323886923491955,
      0.01163478847593069,
      0.011826830916106701,
      0.01187669113278389,
      0.011522425338625908,
      0.011746474541723728,
      0.012671404518187046,
      0.012566059827804565,
      0.012395710684359074,
      0.011918528936803341,
      0.012424636632204056,
      0.01229731272906065,
      0.01149468682706356,
      0.011427497491240501,
      0.011199564673006535,
      0.012038592249155045,
      0.013131678104400635,
      0.011355102993547916,
      0.01171851810067892,
      0.011692272499203682,
      0.012059314176440239,
      0.011861399747431278,
      0.012226593680679798,
      0.011870148591697216,
      0.0123671879991889,
      0.011700846254825592,
      0.011986631900072098,
      0.010736295022070408,
      0.011435436084866524,
      0.011664553545415401,
      0.01223698165267706,
      0.01164177991449833,
      0.011666327714920044,
      0.012031844817101955,
