{
   "number_epochs": 300,
   "info_used": "full info",
   "perc_full_data": 0.1,
   "n_epochs_no_selection": 0,
   "Frequency % cutoff": 0.3,
   "hidden_size": 32,
   "random_state": 47,
   "train_errors": [
      0.05130494385957718,
      0.049763888120651245,
      0.04878215119242668,
      0.048846807330846786,
      0.04724455252289772,
      0.04641414433717728,
      0.045240338891744614,
      0.043438442051410675,
      0.04334835335612297,
      0.04244387522339821,
      0.03952835500240326,
      0.03883631154894829,
      0.03610632196068764,
      0.03677754104137421,
      0.03397677466273308,
      0.03230853006243706,
      0.03163059800863266,
      0.030057501047849655,
      0.030687937512993813,
      0.030086614191532135,
      0.028789235278964043,
      0.02863832749426365,
      0.027312910184264183,
      0.0265117809176445,
      0.026632865890860558,
      0.024924859404563904,
      0.02495184913277626,
      0.025200866162776947,
      0.02333684265613556,
      0.02321145497262478,
      0.02240569144487381,
      0.020798055455088615,
      0.02140261046588421,
      0.02140788920223713,
      0.019853124395012856,
      0.020828714594244957,
      0.019172118976712227,
      0.019235512241721153,
      0.018474049866199493,
      0.01824808493256569,
      0.018353186547756195,
      0.016914475709199905,
      0.016168812289834023,
      0.01651274412870407,
      0.015481545589864254,
      0.016110029071569443,
      0.016310272738337517,
      0.013466105796396732,
      0.014627079479396343,
      0.01347214262932539,
      0.013474257662892342,
      0.013842472806572914,
      0.012593516148626804,
      0.012930379249155521,
      0.011367438361048698,
      0.012124909088015556,
      0.013159900903701782,
      0.011244683526456356,
      0.011239119805395603,
      0.01139067579060793,
      0.011495254002511501,
      0.011181659996509552,
      0.010083246044814587,
      0.01066193263977766,
      0.010731902904808521,
      0.009799525141716003,
      0.010646684095263481,
      0.011285994201898575,
      0.009870536625385284,
      0.010066592134535313,
      0.009809421375393867,
      0.009175563231110573,
      0.008874127641320229,
      0.009336564689874649,
      0.00912902969866991,
      0.009554916992783546,
      0.010154406540095806,
      0.010140703991055489,
      0.009016363881528378,
      0.01050339825451374,
      0.008131450042128563,
      0.009510699659585953,
      0.009606060571968555,
      0.008719592355191708,
      0.00836130790412426,
      0.007866174913942814,
      0.009364780969917774,
      0.008440357632935047,
      0.010421284474432468,
      0.009031119756400585,
      0.0079150116071105,
      0.008302349597215652,
      0.00804057065397501,
      0.009173915721476078,
      0.00829956866800785,
      0.0075397789478302,
      0.007534490432590246,
      0.007806067820638418,
      0.007929300889372826,
      0.007255605887621641,
      0.007972955703735352,
      0.008294105529785156,
      0.008253296837210655,
      0.008055719546973705,
      0.008405678905546665,
      0.006754380650818348,
      0.006828710902482271,
      0.007088968064635992,
      0.008181040175259113,
      0.007260879501700401,
      0.007508165203034878,
      0.007614403963088989,
      0.007247865665704012,
      0.007712599355727434,
      0.007734890095889568,
      0.006639860104769468,
      0.007179643027484417,
      0.005852338392287493,
      0.006650304887443781,
      0.0074341087602078915,
      0.005914004053920507,
      0.006149502471089363,
      0.006892879493534565,
      0.005920577794313431,
      0.0062227146700024605,
      0.006253946106880903,
      0.006466316059231758,
      0.006845590192824602,
      0.006321409251540899,
      0.006560552399605513,
      0.005673086270689964,
      0.00640856521204114,
      0.006456735543906689,
      0.005926697980612516,
      0.005385563243180513,
      0.005703971721231937,
      0.005347568076103926,
      0.005703483242541552,
      0.0053019351325929165,
      0.006272023543715477,
      0.006956887897104025,
      0.005074942484498024,
      0.005471515003591776,
      0.0053850943222641945,
      0.006508758757263422,
      0.0053988974541425705,
      0.005770052317529917,
      0.005090999882668257,
      0.007077913265675306,
      0.005892700515687466,
      0.0057830605655908585,
      0.005465702619403601,
      0.0060121710412204266,
      0.005403713323175907,
      0.006172839552164078,
      0.0045769899152219296,
      0.00466901995241642,
      0.00512712774798274,
      0.005243953783065081,
      0.005660621449351311,
      0.00470180856063962,
      0.006290447898209095,
      0.005277339369058609,
      0.004302054177969694,
      0.004404970444738865,
      0.004897672683000565,
      0.005325297825038433,
      0.005003552883863449,
      0.004372681025415659,
      0.005593100097030401,
      0.004249876830726862,
      0.005080277565866709,
      0.005787488538771868,
      0.004640835803002119,
      0.006200868636369705,
      0.004487769678235054,
      0.004563861060887575,
      0.00409744493663311,
      0.00474557327106595,
      0.0035503653343766928,
      0.004841733258217573,
      0.00526038371026516,
      0.004557847511023283,
      0.004057916346937418,
      0.004791185259819031,
      0.004264265298843384,
      0.0047770352102816105,
      0.005102541297674179,
      0.004561831708997488,
      0.004730666056275368,
      0.003987567499279976,
      0.0046399845741689205,
      0.0041836583986878395,
      0.004513041581958532,
      0.0035635463427752256,
      0.00520290806889534,
      0.005195318255573511,
      0.004237025510519743,
      0.004115118645131588,
      0.00481936801224947,
      0.00494022760540247,
      0.004089507274329662,
      0.004785729106515646,
      0.004389647394418716,
      0.004103896673768759,
      0.0048908363096416,
      0.004434738773852587,
      0.005634674336761236,
      0.004645087290555239,
      0.004546080715954304,
      0.003727627918124199,
      0.004662191029638052,
      0.003928879275918007,
      0.004244391806423664,
      0.004499608185142279,
      0.00387473963201046,
      0.0036325815599411726,
      0.004403805360198021,
      0.004819035530090332,
      0.003699043532833457,
      0.004510185681283474,
      0.004529598169028759,
      0.0046062171459198,
      0.003915029112249613,
      0.004395913332700729,
      0.0032001459039747715,
      0.0037061222828924656,
      0.004304282367229462,
      0.003997331950813532,
      0.003748675575479865,
      0.00398388272151351,
      0.0030905972234904766,
      0.004283377900719643,
      0.00339893507771194,
      0.0037001606542617083,
      0.0038241741713136435,
      0.003976134117692709,
      0.0030161759350448847,
      0.0037916384171694517,
      0.003674205159768462,
      0.0032244985923171043,
      0.003069814993068576,
      0.003585429396480322,
      0.004540157970041037,
      0.003390468657016754,
      0.003353545442223549,
      0.004184063524007797,
      0.0039537823759019375,
      0.0037414110265672207,
      0.0032136838417500257,
      0.0036611012183129787,
      0.004285895731300116,
      0.0039601013995707035,
      0.0031272193882614374,
      0.0031772407237440348,
      0.004216145258396864,
      0.003462725318968296,
      0.003944102209061384,
      0.0036122233141213655,
      0.0033200830221176147,
      0.004207032732665539,
      0.0036008816678076982,
      0.003597249975427985,
      0.003601921023800969,
      0.004232475068420172,
      0.0039236778393387794,
      0.0032288855873048306,
      0.004023804794996977,
      0.0038252738304436207,
      0.003553165588527918,
      0.004046764690428972,
      0.0036652295384556055,
      0.0041361963376402855,
      0.0038318440783768892,
      0.003254573792219162,
      0.0035436374600976706,
      0.0025903594214469194,
      0.0028050963301211596,
