{
   "number_epochs": 300,
   "info_used": "full info",
   "perc_full_data": 0.3,
   "n_epochs_no_selection": 0,
   "Frequency % cutoff": 0.3,
   "hidden_size": 32,
   "random_state": 44,
   "train_errors": [
      0.11017730087041855,
      0.09669674187898636,
      0.08647583425045013,
      0.08084114640951157,
      0.07684966921806335,
      0.0737127885222435,
      0.07216547429561615,
      0.06939709931612015,
      0.06698789447546005,
      0.06311177462339401,
      0.06021762639284134,
      0.057616863399744034,
      0.05556219071149826,
      0.05419692024588585,
      0.05292607471346855,
      0.05144393816590309,
      0.05015048012137413,
      0.04665430262684822,
      0.045763809233903885,
      0.04452444240450859,
      0.04218282550573349,
      0.041865065693855286,
      0.039201341569423676,
      0.03939572721719742,
      0.036834247410297394,
      0.03257053717970848,
      0.03454674780368805,
      0.03343408554792404,
      0.032265424728393555,
      0.029410744085907936,
      0.02876582182943821,
      0.027971575036644936,
      0.0258161723613739,
      0.025296635925769806,
      0.025028910487890244,
      0.024133069440722466,
      0.020623933523893356,
      0.022405575960874557,
      0.022019021213054657,
      0.019741574302315712,
      0.023062055930495262,
      0.02178998477756977,
      0.019066551700234413,
      0.01888747327029705,
      0.018786432221531868,
      0.018004558980464935,
      0.018619108945131302,
      0.016832543537020683,
      0.01676592417061329,
      0.01755686104297638,
      0.016741706058382988,
      0.018796270713210106,
      0.01684034988284111,
      0.01571263000369072,
      0.01763968914747238,
      0.018643693998456,
      0.01504124328494072,
      0.01631469465792179,
      0.016434453427791595,
      0.016211355105042458,
      0.01476387120783329,
      0.01328397449105978,
      0.01372519414871931,
      0.014035556465387344,
      0.014304173178970814,
      0.014606829732656479,
      0.014293957501649857,
      0.013602572493255138,
      0.01417776569724083,
      0.01335517130792141,
      0.012202342972159386,
      0.012291775085031986,
      0.012813359498977661,
      0.012244376353919506,
      0.012849479913711548,
      0.011596700176596642,
      0.012158051133155823,
      0.012458148412406445,
      0.012520257383584976,
      0.01243507768958807,
      0.01149679534137249,
      0.01166658103466034,
      0.01182368490844965,
      0.01163153164088726,
      0.010438266210258007,
      0.010128731839358807,
      0.011356456205248833,
      0.00902201235294342,
      0.009542446583509445,
      0.011184467002749443,
      0.011330992914736271,
      0.010324357077479362,
      0.008982020430266857,
      0.010157122276723385,
      0.009825186803936958,
      0.008342694491147995,
      0.00880861934274435,
      0.009263474494218826,
      0.008495029993355274,
      0.008947520516812801,
      0.00894120428711176,
      0.009792943485081196,
      0.009711693041026592,
      0.008315333165228367,
      0.00847941730171442,
      0.008446913212537766,
      0.008675757795572281,
      0.008834398351609707,
      0.008108353242278099,
      0.007992682047188282,
      0.00861847959458828,
      0.008719424717128277,
      0.007748859003186226,
      0.009689833968877792,
      0.0076119969598948956,
      0.007600864861160517,
      0.009057662449777126,
      0.009323325008153915,
      0.007567909546196461,
      0.009684354066848755,
      0.008140231482684612,
      0.008267318829894066,
      0.008265713229775429,
      0.008046703413128853,
      0.007404687348753214,
      0.006771644111722708,
      0.008329445496201515,
      0.007403353229165077,
      0.006774159148335457,
      0.007257319986820221,
      0.008224735967814922,
      0.007873221300542355,
      0.0071015190333127975,
      0.007706846576184034,
      0.007206008303910494,
      0.00652960455045104,
      0.008288200944662094,
      0.00809132307767868,
      0.006236862391233444,
      0.008125402964651585,
      0.007008485961705446,
      0.007289999630302191,
      0.007306420709937811,
      0.007040178403258324,
      0.0074432906694710255,
      0.007837234064936638,
      0.007651938125491142,
      0.006587967276573181,
      0.007951049134135246,
      0.007702534087002277,
      0.00805756263434887,
      0.00662789773195982,
      0.007487787399441004,
      0.007610422559082508,
      0.007055743597447872,
      0.007002849597483873,
      0.006991979666054249,
      0.007370152976363897,
      0.006457308307290077,
      0.007451226469129324,
      0.007325010374188423,
      0.006975934840738773,
      0.007574939168989658,
      0.006109919864684343,
      0.006901056505739689,
      0.006369245238602161,
      0.008641673251986504,
      0.006264221854507923,
      0.00650434335693717,
      0.006503317505121231,
      0.006634291261434555,
      0.005712136626243591,
      0.007185733877122402,
      0.006547993049025536,
      0.006135827396064997,
      0.006289856508374214,
      0.006209087558090687,
      0.006617590319365263,
      0.005362769588828087,
      0.0062435586005449295,
      0.006364965811371803,
      0.006239612586796284,
      0.006229755934327841,
      0.006117214914411306,
      0.006432617548853159,
      0.005931050982326269,
      0.006270110607147217,
      0.00606605364009738,
      0.0056923464871943,
      0.00585920549929142,
      0.005809432826936245,
      0.0061311800964176655,
      0.004698621574789286,
      0.00672773877158761,
      0.005873065907508135,
      0.005148516967892647,
      0.005800322163850069,
      0.0054573179222643375,
      0.0059910849668085575,
      0.0062484135851264,
      0.006055266130715609,
      0.006342950277030468,
      0.006342852022498846,
      0.005970615893602371,
      0.005693842191249132,
      0.006120664533227682,
      0.00593396695330739,
      0.006156029179692268,
      0.005048017483204603,
      0.005928950849920511,
      0.005607470870018005,
      0.00525770615786314,
      0.004857929889112711,
      0.005402271635830402,
      0.005973869934678078,
      0.004619643557816744,
      0.0055969697423279285,
      0.005900848191231489,
      0.0060803829692304134,
      0.006140023935586214,
      0.005701322108507156,
      0.005332746542990208,
      0.006077001336961985,
      0.005610991735011339,
      0.005727982148528099,
      0.005204402841627598,
      0.0049629961140453815,
      0.005398241337388754,
      0.005818180739879608,
      0.0063641974702477455,
      0.005534355528652668,
      0.006294975057244301,
      0.00577926030382514,
      0.0054318164475262165,
      0.005476763471961021,
      0.005719833541661501,
      0.00605571735650301,
      0.005025467369705439,
      0.005911898333579302,
      0.005960874259471893,
      0.006710508372634649,
      0.004604787565767765,
      0.0048708682879805565,
      0.006057878490537405,
      0.004631388932466507,
      0.0053415182046592236,
      0.0041228472255170345,
      0.004942656494677067,
      0.00620972691103816,
      0.0064537376165390015,
      0.005503634922206402,
      0.00482190540060401,
      0.005450489465147257,
      0.006129288114607334,
      0.006175365298986435,
      0.00533116003498435,
      0.005254506599158049,
      0.005392273422330618,
      0.005185165908187628,
      0.005794993136078119,
      0.005286607425659895,
      0.005198200233280659,
      0.005331000778824091,
      0.005224225576967001,
      0.004664385225623846,
      0.005017603747546673,
      0.00541464751586318,
      0.00527978828176856,
      0.0054330527782440186,
      0.0056109498254954815,
      0.00480763940140605,
      0.004776317160576582,
      0.005928006488829851,
      0.0055153085850179195,
      0.005143432877957821,
      0.004062130581587553,
      0.004748173989355564,
      0.005274181254208088,
      0.004129148554056883,
      0.005439906846731901,
