{
   "number_epochs": 300,
   "info_used": "full info",
   "perc_full_data": 0.1,
   "n_epochs_no_selection": 0,
   "Frequency % cutoff": 0.3,
   "hidden_size": 32,
   "random_state": 54,
   "train_errors": [
      0.13168764114379883,
      0.10754226893186569,
      0.09189128875732422,
      0.079221211373806,
      0.0689498707652092,
      0.06135448068380356,
      0.057758115231990814,
      0.05715996026992798,
      0.052878983318805695,
      0.05272192880511284,
      0.05005572363734245,
      0.04945090785622597,
      0.047952014952898026,
      0.04712279886007309,
      0.045431412756443024,
      0.04469441622495651,
      0.04324502497911453,
      0.04173349216580391,
      0.0423140823841095,
      0.0418228879570961,
      0.04059925302863121,
      0.03798405081033707,
      0.03790813684463501,
      0.038616642355918884,
      0.03621930256485939,
      0.03453856334090233,
      0.03569301962852478,
      0.03442193195223808,
      0.03241797909140587,
      0.03108258545398712,
      0.02940458059310913,
      0.028892867267131805,
      0.02886715531349182,
      0.026836415752768517,
      0.0252817552536726,
      0.02399652637541294,
      0.024967702105641365,
      0.02335743047297001,
      0.022334933280944824,
      0.022282913327217102,
      0.020714232698082924,
      0.01860998384654522,
      0.019844016060233116,
      0.01972510665655136,
      0.01971214823424816,
      0.017980948090553284,
      0.016491180285811424,
      0.017135856673121452,
      0.017790455371141434,
      0.014941452071070671,
      0.015013635158538818,
      0.0161997489631176,
      0.01615171507000923,
      0.014874049462378025,
      0.013763218186795712,
      0.013466606847941875,
      0.013131840154528618,
      0.013510131277143955,
      0.013714573346078396,
      0.01503237895667553,
      0.012340517714619637,
      0.013170544989407063,
      0.012835010886192322,
      0.011141697876155376,
      0.01218762993812561,
      0.01222436036914587,
      0.012178653851151466,
      0.012102706357836723,
      0.011286196298897266,
      0.01145002618432045,
      0.01053437776863575,
      0.012567130848765373,
      0.012012317776679993,
      0.011081643402576447,
      0.011367305181920528,
      0.010813881643116474,
      0.009942513890564442,
      0.011546079069375992,
      0.010198995471000671,
      0.01155200507491827,
      0.012282543815672398,
      0.01129731722176075,
      0.011367038823664188,
      0.010748798958957195,
      0.009019319899380207,
      0.00932880025357008,
      0.008694441989064217,
      0.010337170213460922,
      0.011286980472505093,
      0.0096151577308774,
      0.008884316310286522,
      0.009832149371504784,
      0.008886994794011116,
      0.010786429047584534,
      0.009810424409806728,
      0.008984237909317017,
      0.010003098286688328,
      0.011574757285416126,
      0.008958847261965275,
      0.009811416268348694,
      0.008377894759178162,
      0.009975544176995754,
      0.00788990780711174,
      0.008670172654092312,
      0.008955451659858227,
      0.010591702535748482,
      0.007986641488969326,
      0.009219259023666382,
      0.009028059430420399,
      0.008394419215619564,
      0.009646900929510593,
      0.010025357827544212,
      0.007958090864121914,
      0.00853399746119976,
      0.009720784611999989,
      0.008286358788609505,
      0.008960448205471039,
      0.008625884540379047,
      0.007875874638557434,
      0.00731972511857748,
      0.007460399530827999,
      0.00922626443207264,
      0.008167409338057041,
      0.00741804763674736,
      0.008703806437551975,
      0.007528848480433226,
      0.007203544490039349,
      0.008528628386557102,
      0.00798003189265728,
      0.009770387783646584,
      0.00777721730992198,
      0.008385769091546535,
      0.008760198019444942,
      0.008093119598925114,
      0.007844175212085247,
      0.007471390999853611,
      0.006906856782734394,
      0.006579915527254343,
      0.0070236362516880035,
      0.007201258093118668,
      0.007668531499803066,
      0.006731422618031502,
      0.008713637478649616,
      0.007111227605491877,
      0.007811983115971088,
      0.00830650981515646,
      0.006161756347864866,
      0.007735482882708311,
      0.007116078864783049,
      0.007256887853145599,
      0.008152582682669163,
      0.0076139033772051334,
      0.008146928623318672,
      0.006497579161077738,
      0.007296022959053516,
      0.008600113913416862,
      0.007413236424326897,
      0.007885546423494816,
      0.008478742092847824,
      0.007791201118379831,
      0.007258511148393154,
      0.007206037174910307,
      0.007326376158744097,
      0.007992828264832497,
      0.007459299173206091,
      0.007001871708780527,
      0.007125346455723047,
      0.006653410382568836,
      0.006370423827320337,
      0.006161174271255732,
      0.007031546905636787,
      0.007019874639809132,
      0.007215432822704315,
      0.007998282089829445,
      0.006618088111281395,
      0.007181684952229261,
      0.006479258183389902,
      0.007764005102217197,
      0.00757558224722743,
      0.006843889132142067,
      0.006174991372972727,
      0.00663818558678031,
      0.00600219564512372,
      0.006594513542950153,
      0.006899831350892782,
      0.006157468538731337,
      0.007773379795253277,
      0.006077969912439585,
      0.0066092475317418575,
      0.005730768200010061,
      0.007278157863765955,
      0.006620883941650391,
      0.00621784757822752,
      0.006870042532682419,
      0.006420741323381662,
      0.007232070434838533,
      0.006381819024682045,
      0.0072053903713822365,
      0.007265704683959484,
      0.005962718278169632,
      0.006318715866655111,
      0.00564149534329772,
      0.007332890760153532,
      0.007346052210777998,
      0.0072627258487045765,
      0.006292260717600584,
      0.006444133352488279,
      0.006785346660763025,
      0.006830667611211538,
      0.006928626913577318,
      0.005652891471982002,
      0.00605768570676446,
      0.0067151435650885105,
      0.005841192789375782,
      0.0059150527231395245,
      0.0070676980540156364,
      0.006312225479632616,
      0.006910135503858328,
      0.006901694927364588,
      0.006047524977475405,
      0.005841051694005728,
      0.006971495226025581,
      0.007212365511804819,
      0.00533031253144145,
      0.006392232608050108,
      0.005684338044375181,
      0.008193356916308403,
      0.0060769482515752316,
      0.0091563630849123,
      0.007916027680039406,
      0.005965284071862698,
      0.0059125665575265884,
      0.007609472144395113,
      0.005137683358043432,
      0.005741310305893421,
      0.006424295715987682,
      0.007912038825452328,
      0.005151152145117521,
      0.006155974697321653,
      0.00577363558113575,
      0.006063465494662523,
      0.005355293862521648,
      0.006648931186646223,
      0.006389646790921688,
      0.005724387709051371,
      0.006526237353682518,
      0.007156199775636196,
      0.006563787814229727,
      0.0056947628036141396,
      0.00595033960416913,
      0.005945255514234304,
      0.00647870684042573,
      0.0072291395626962185,
      0.005999395158141851,
      0.006080472841858864,
      0.005936784204095602,
      0.0068450686521828175,
      0.006044662557542324,
      0.007221837993711233,
      0.005269113462418318,
      0.006019392516463995,
      0.006068048067390919,
      0.0050088814459741116,
      0.006748534739017487,
      0.005445188842713833,
      0.006092602387070656,
      0.006469570100307465,
      0.006497300695627928,
      0.005922533571720123,
      0.006167562212795019,
      0.0057324557565152645,
      0.00585186155512929,
      0.005770137067884207,
      0.005348592530936003,
      0.005954086780548096,
      0.0053732492960989475,
      0.006499342154711485,
      0.006516876630485058,
      0.005740531254559755,
      0.005878604482859373,
