{
   "number_epochs": 30,
   "info_used": "full info",
   "perc_full_data": 0.1,
   "n_epochs_no_selection": 0,
   "Frequency % cutoff": 0.3,
   "hidden_size": 32,
   "random_state": 43,
   "train_errors": [
      0.04733043909072876,
      0.04512086510658264,
      0.04412481561303139,
      0.04327994957566261,
      0.042240723967552185,
      0.04108015447854996,
      0.0400928258895874,
      0.03895974159240723,
      0.03787028416991234,
      0.036795224994421005,
      0.03464154154062271,
      0.03358548879623413,
      0.03177923336625099,
      0.029829759150743484,
      0.02864488773047924,
      0.027395760640501976,
      0.025111157447099686,
      0.02298685722053051,
      0.022501640021800995,
      0.021429849788546562,
      0.020292429253458977,
      0.019260235130786896,
      0.01823534443974495,
      0.017996447160840034,
      0.01697307825088501,
      0.016229748725891113,
      0.01559731736779213,
      0.0162176676094532,
      0.01504900399595499,
      0.013658000156283379
   ],
   "valid_errors": [
      0.057547371834516525,
      0.05236233398318291,
      0.04613252356648445,
      0.03643306717276573,
      0.028192875906825066,
      0.022934114560484886,
      0.019897421821951866
   ],
   "val_epochs": [
      0,
      5,
      10,
      15,
      20,
      25,
      29
   ],
   "input_data_path": "../data/photoredox_yield/photo_redox_merck2021_1649reactions.csv",
   "gradwcontext": true,
   "Encompassing Param": 0.1,
   "Normalize Grads & Contx": false,
   "cluster_all_classes": false,
   "imputation method": "",
   "model_dropout": 0.05
}