{
   "number_epochs": 300,
   "info_used": "full info",
   "perc_full_data": 0.3,
   "n_epochs_no_selection": 0,
   "Frequency % cutoff": 0.3,
   "hidden_size": 32,
   "random_state": 51,
   "train_errors": [
      0.056890591979026794,
      0.05439935624599457,
      0.05324574559926987,
      0.05266072228550911,
      0.051109716296195984,
      0.05057990550994873,
      0.04998388513922691,
      0.04925692826509476,
      0.048129696398973465,
      0.046313460916280746,
      0.0458989143371582,
      0.04382869228720665,
      0.043399371206760406,
      0.0421268455684185,
      0.040992625057697296,
      0.03887754678726196,
      0.03695719316601753,
      0.03509516268968582,
      0.0336344838142395,
      0.03142307698726654,
      0.029875123873353004,
      0.029623406007885933,
      0.027774140238761902,
      0.02600070834159851,
      0.0238809734582901,
      0.023022949695587158,
      0.02370108850300312,
      0.023038432002067566,
      0.021173346787691116,
      0.020855873823165894,
      0.02224319614470005,
      0.020272186025977135,
      0.018816353753209114,
      0.0199911929666996,
      0.01954512856900692,
      0.01838407851755619,
      0.017503779381513596,
      0.017795702442526817,
      0.017109526321291924,
      0.01669635809957981,
      0.017037130892276764,
      0.017496412619948387,
      0.01722376048564911,
      0.015452425926923752,
      0.01597781479358673,
      0.01583707332611084,
      0.0165993832051754,
      0.01533039566129446,
      0.01363872829824686,
      0.014949049800634384,
      0.012968258932232857,
      0.013674134388566017,
      0.01340030413120985,
      0.014265436679124832,
      0.013551922515034676,
      0.013321137055754662,
      0.013048607856035233,
      0.011776968836784363,
      0.01305707823485136,
      0.012587853707373142,
      0.011509731411933899,
      0.01272612251341343,
      0.012101898901164532,
      0.011857815086841583,
      0.011641941033303738,
      0.011576172895729542,
      0.010493817739188671,
      0.010820489376783371,
      0.011442669667303562,
      0.0109212351962924,
      0.011217263527214527,
      0.010419991798698902,
      0.010267038829624653,
      0.012283881194889545,
      0.009949317201972008,
      0.010293541476130486,
      0.01073463074862957,
      0.009381355717778206,
      0.008783232420682907,
      0.010080227628350258,
      0.008550196886062622,
      0.010148897767066956,
      0.011126688681542873,
      0.009201920591294765,
      0.009132715873420238,
      0.009318775497376919,
      0.010039137676358223,
      0.00914443377405405,
      0.009191140532493591,
      0.008676260709762573,
      0.008776774629950523,
      0.009072219021618366,
      0.008403918705880642,
      0.008542034775018692,
      0.007817389443516731,
      0.00843054335564375,
      0.007983153685927391,
      0.008447746746242046,
      0.007389083504676819,
      0.00709947943687439,
      0.008341026492416859,
      0.007869561202824116,
      0.007094831205904484,
      0.008679419755935669,
      0.007315884344279766,
      0.00657765893265605,
      0.008991764858365059,
      0.007869274355471134,
      0.0067104739136993885,
      0.007115627638995647,
      0.008910076692700386,
      0.006949735805392265,
      0.00643536914139986,
      0.007052099797874689,
      0.00804784893989563,
      0.006610142067074776,
      0.006697571370750666,
      0.007202930748462677,
      0.006544546224176884,
      0.007918437011539936,
      0.006915782578289509,
      0.006907022558152676,
      0.007133258506655693,
      0.006348928902298212,
      0.007550738751888275,
      0.007136536296457052,
      0.0062651862390339375,
      0.0069074141792953014,
      0.0069419024512171745,
      0.006048799026757479,
      0.006579753942787647,
      0.006575063802301884,
      0.006866535637527704,
      0.0063770790584385395,
      0.006556765176355839,
      0.0062207807786762714,
      0.00619871262460947,
      0.0059227230958640575,
      0.005678160116076469,
      0.006077361758798361,
      0.00591231556609273,
      0.006817155983299017,
      0.00615695770829916,
      0.005748338997364044,
      0.006325554568320513,
      0.006644837092608213,
      0.006215516943484545,
      0.0059141730889678,
      0.006169183645397425,
      0.00570314284414053,
      0.005961778108030558,
      0.005634790752083063,
      0.005816541146486998,
      0.00635306304320693,
      0.005634748376905918,
      0.005871950648725033,
      0.005311111453920603,
      0.005551220383495092,
      0.005736245773732662,
      0.0061835600063204765,
      0.004980107769370079,
      0.005641709081828594,
      0.0053043062798678875,
      0.005402076989412308,
      0.0058504752814769745,
      0.005459897685796022,
      0.005487930960953236,
      0.005533905699849129,
      0.005687143187969923,
      0.005819118581712246,
      0.00532551808282733,
      0.006720704957842827,
      0.0061776298098266125,
      0.005113403778523207,
      0.004979131277650595,
      0.006109657697379589,
      0.004835045430809259,
      0.005781255196779966,
      0.005445388145744801,
      0.005512898787856102,
      0.005622287280857563,
      0.005175554659217596,
      0.00523572089150548,
      0.0058425539173185825,
      0.005782578140497208,
      0.005053110420703888,
      0.004836427979171276,
      0.004456834867596626,
      0.005593101028352976,
      0.0048490469343960285,
      0.005570678971707821,
      0.005287572275847197,
      0.0050799488089978695,
      0.005390683654695749,
      0.005194103345274925,
      0.00508783757686615,
      0.004838012158870697,
      0.005524780135601759,
      0.005390753038227558,
      0.005199410952627659,
      0.004695373121649027,
      0.004998147487640381,
      0.004186362028121948,
      0.004799592308700085,
      0.00527924345806241,
      0.005199966952204704,
      0.004649875685572624,
      0.0037970568519085646,
      0.005238521844148636,
      0.004890751093626022,
      0.004547842312604189,
      0.004299886059015989,
      0.004907314199954271,
      0.005020610988140106,
      0.0044531915336847305,
      0.004275364801287651,
      0.004503339529037476,
      0.004564017057418823,
      0.005577217787504196,
      0.004514691419899464,
      0.0045416951179504395,
      0.00527167459949851,
      0.0045772879384458065,
      0.00411155866459012,
      0.0039177569560706615,
      0.00437474250793457,
      0.005399801768362522,
      0.004403627943247557,
      0.003931814339011908,
      0.004540630150586367,
      0.004101377911865711,
      0.004425795283168554,
      0.0053193834610283375,
      0.004006498027592897,
      0.004938947502523661,
      0.0036181332543492317,
      0.004894798155874014,
      0.004351137205958366,
      0.0037725483998656273,
      0.0047057680785655975,
      0.004401538521051407,
      0.0049583944492042065,
      0.004811096005141735,
      0.004142289515584707,
      0.005109075456857681,
      0.004416166339069605,
      0.004043993540108204,
      0.0048150792717933655,
      0.005090618506073952,
      0.0037681732792407274,
      0.004589726682752371,
      0.004659019876271486,
      0.0036470929626375437,
      0.004424356389790773,
      0.003718410152941942,
      0.004599875770509243,
      0.0037866956554353237,
      0.0038363425992429256,
      0.0038640606217086315,
      0.003711113939061761,
      0.00412918534129858,
      0.004472184926271439,
      0.004300849977880716,
      0.004252354148775339,
      0.0038726597558707,
      0.004111309070140123,
      0.0036223032511770725,
      0.00466738548129797,
      0.004102145321667194,
      0.004262302070856094,
      0.003846299136057496,
      0.003963056486099958,
      0.004181129392236471,
      0.003482560161501169,
      0.00447576679289341,
      0.003993712831288576,
      0.004110588692128658,
      0.0043067652732133865,
      0.0036432284396141768,
