{
   "number_epochs": 300,
   "info_used": "full info",
   "perc_full_data": 0.3,
   "n_epochs_no_selection": 0,
   "Frequency % cutoff": 0.3,
   "hidden_size": 32,
   "random_state": 56,
   "train_errors": [
      0.06539120525121689,
      0.05674159526824951,
      0.051994290202856064,
      0.04851266369223595,
      0.04773391783237457,
      0.04628238081932068,
      0.04594246298074722,
      0.04519839212298393,
      0.04419078305363655,
      0.04349808767437935,
      0.04209908843040466,
      0.04121542349457741,
      0.04032804071903229,
      0.03859179839491844,
      0.038398753851652145,
      0.037438489496707916,
      0.0352465845644474,
      0.03468932583928108,
      0.032512564212083817,
      0.031856246292591095,
      0.030016008764505386,
      0.028307799249887466,
      0.02836431749165058,
      0.026271400973200798,
      0.024547835811972618,
      0.02423333190381527,
      0.023673782125115395,
      0.022387687116861343,
      0.02105782926082611,
      0.020024606958031654,
      0.018666109070181847,
      0.018921194598078728,
      0.01827860437333584,
      0.018047327175736427,
      0.01582948863506317,
      0.015199878253042698,
      0.014573534950613976,
      0.01463410072028637,
      0.01423740480095148,
      0.014656754210591316,
      0.014345606788992882,
      0.01382729597389698,
      0.014171821996569633,
      0.014142906293272972,
      0.01269453763961792,
      0.012680217623710632,
      0.013959494419395924,
      0.013061623089015484,
      0.012631317600607872,
      0.012725978158414364,
      0.012173586525022984,
      0.01094038411974907,
      0.011989043094217777,
      0.011823257431387901,
      0.011826022528111935,
      0.011311368085443974,
      0.01051027700304985,
      0.011813712306320667,
      0.010308059863746166,
      0.010366586036980152,
      0.009769968688488007,
      0.010030241683125496,
      0.01012415997684002,
      0.008931397460401058,
      0.009972184896469116,
      0.010823977179825306,
      0.010144838131964207,
      0.009883137419819832,
      0.009205098263919353,
      0.01046365313231945,
      0.010126853361725807,
      0.009071443229913712,
      0.009623263031244278,
      0.008583852089941502,
      0.007631705608218908,
      0.00913759134709835,
      0.008547467179596424,
      0.00818493403494358,
      0.008539222180843353,
      0.00878209713846445,
      0.008228250779211521,
      0.008158822543919086,
      0.00789028313010931,
      0.008235431276261806,
      0.008345471695065498,
      0.007607275154441595,
      0.008356301113963127,
      0.008245897479355335,
      0.0076544564217329025,
      0.008249156177043915,
      0.008440339006483555,
      0.007621143013238907,
      0.005939604248851538,
      0.007333099842071533,
      0.007714603096246719,
      0.00665693636983633,
      0.007114208769053221,
      0.006150190252810717,
      0.006588314194232225,
      0.006929147522896528,
      0.006992085836827755,
      0.00666757021099329,
      0.006896352861076593,
      0.0068107107654213905,
      0.006913493853062391,
      0.006562286522239447,
      0.00577936414629221,
      0.006742844823747873,
      0.006380811799317598,
      0.005824819207191467,
      0.006621765438467264,
      0.006222516763955355,
      0.006809328217059374,
      0.006445316597819328,
      0.005766281392425299,
      0.0054338835179805756,
      0.006022258661687374,
      0.005796865560114384,
      0.006137937307357788,
      0.0056810020469129086,
      0.00526059465482831,
      0.006265344098210335,
      0.005530195776373148,
      0.005313682835549116,
      0.005754807963967323,
      0.0062701646238565445,
      0.005100904032588005,
      0.005438142456114292,
      0.005535101518034935,
      0.005644187331199646,
      0.005519317463040352,
      0.005121120251715183,
      0.005357186775654554,
      0.004680702928453684,
      0.004945640917867422,
      0.004610644653439522,
      0.004908159375190735,
      0.005597298964858055,
      0.004823922645300627,
      0.004378901794552803,
      0.0054819341748952866,
      0.006029181182384491,
      0.005319651216268539,
      0.004733219742774963,
      0.00390671007335186,
      0.005462098401039839,
      0.0044908602721989155,
      0.005448481999337673,
      0.004642150364816189,
      0.004254888743162155,
      0.003918320871889591,
      0.004471382591873407,
      0.00508255697786808,
      0.004937322344630957,
      0.004010430071502924,
      0.004934491589665413,
      0.004059282597154379,
      0.004788624122738838,
      0.0039116088300943375,
      0.004905217792838812,
      0.004806835204362869,
      0.00549698993563652,
      0.004658023361116648,
      0.004653091076761484,
      0.004349003545939922,
      0.005003093276172876,
      0.003852589288726449,
      0.004051173571497202,
      0.003424354363232851,
      0.003964799456298351,
      0.004331234376877546,
      0.004041807726025581,
      0.004038013983517885,
      0.00462503544986248,
      0.003886386752128601,
      0.0045048538595438,
      0.0041929190047085285,
      0.00413172971457243,
      0.0038352517876774073,
      0.00361160677857697,
      0.0036258671898394823,
      0.004112660884857178,
      0.003924925811588764,
      0.0036497609689831734,
      0.0038396769668906927,
      0.0037154776509851217,
      0.0044038803316652775,
      0.0039623756892979145,
      0.003936887253075838,
      0.003956477623432875,
      0.003822230501100421,
      0.003908996470272541,
      0.0046534305438399315,
      0.0035115911159664392,
      0.0041772350668907166,
      0.004091698210686445,
      0.0035992413759231567,
      0.0034239899832755327,
      0.004020743537694216,
      0.003971871919929981,
      0.0034051367547363043,
      0.004086489789187908,
      0.0043024239130318165,
      0.003968267701566219,
      0.003996374551206827,
      0.004061727784574032,
      0.003691092599183321,
      0.003623537952080369,
      0.0036388628650456667,
      0.003728932701051235,
      0.003609149716794491,
      0.0034617080818861723,
      0.0031609705183655024,
      0.0033476604148745537,
      0.0038326263893395662,
      0.003514278680086136,
      0.0038277762942016125,
      0.0028210384771227837,
      0.0042069097980856895,
      0.004078548867255449,
      0.003468944225460291,
      0.0030297492630779743,
      0.003442566841840744,
      0.0034147207625210285,
      0.0031598841305822134,
      0.0036522976588457823,
      0.003633438376709819,
      0.0040179588831961155,
      0.003978081047534943,
      0.00330700003542006,
      0.003369915299117565,
      0.003916171845048666,
      0.0032520268578082323,
      0.0029149933252483606,
      0.0033635408617556095,
      0.0030637311283499002,
      0.0035426043905317783,
      0.0038081633392721415,
      0.003834017552435398,
      0.003804494859650731,
      0.003199018770828843,
      0.003528340021148324,
      0.0030262062791734934,
      0.0031542088836431503,
      0.0028579041827470064,
      0.0029331522528082132,
      0.003970043733716011,
      0.00325469090603292,
      0.002902607200667262,
      0.003799212398007512,
      0.003848974360153079,
      0.0034342037979513407,
      0.0030475985258817673,
      0.0028564492240548134,
      0.004586226772516966,
      0.0028074681758880615,
      0.002941322512924671,
      0.0031987354159355164,
      0.0032006902620196342,
      0.0028000304009765387,
      0.0031429443042725325,
      0.0035403049550950527,
      0.003238112200051546,
      0.004485432058572769,
      0.00305015966296196,
      0.003319022012874484,
      0.003473675809800625,
      0.0033459807746112347,
      0.0034603369422256947,
      0.0030434085056185722,
      0.002337997779250145,
      0.0026220178697258234,
      0.004097322002053261,
      0.003436365397647023,
      0.0030994564294815063,
      0.002938106656074524,
      0.002918067155405879,
