{
   "number_epochs": 300,
   "info_used": "full info",
   "perc_full_data": 0.3,
   "n_epochs_no_selection": 0,
   "Frequency % cutoff": 0.3,
   "hidden_size": 32,
   "random_state": 47,
   "train_errors": [
      0.05130494758486748,
      0.049763888120651245,
      0.04878215119242668,
      0.048846807330846786,
      0.04724455624818802,
      0.046414151787757874,
      0.04524034261703491,
      0.043438445776700974,
      0.04334835335612297,
      0.04244387522339821,
      0.03952835500240326,
      0.03883631154894829,
      0.036106325685977936,
      0.036777544766664505,
      0.033976778388023376,
      0.032308533787727356,
      0.03163059800863266,
      0.030057502910494804,
      0.03068794310092926,
      0.030086614191532135,
      0.028789237141609192,
      0.02863832749426365,
      0.02731291390955448,
      0.02651178650557995,
      0.026632867753505707,
      0.024924863129854202,
      0.02495185099542141,
      0.025200873613357544,
      0.02333684451878071,
      0.023211456835269928,
      0.02240569517016411,
      0.020798059180378914,
      0.021402612328529358,
      0.02140788920223713,
      0.019853128120303154,
      0.020828718319535255,
      0.019172120839357376,
      0.01923551596701145,
      0.018474049866199493,
      0.01824808679521084,
      0.018353186547756195,
      0.016914475709199905,
      0.01616881601512432,
      0.01651274599134922,
      0.015481547452509403,
      0.01611003279685974,
      0.016310274600982666,
      0.013466106727719307,
      0.014627082273364067,
      0.013472144491970539,
      0.013474258594214916,
      0.013842480257153511,
      0.012593514285981655,
      0.012930388562381268,
      0.011367443948984146,
      0.012124923057854176,
      0.0131599185988307,
      0.011244700290262699,
      0.011239131912589073,
      0.011390692554414272,
      0.011495268903672695,
      0.011181664653122425,
      0.010083246976137161,
      0.010661941021680832,
      0.010731903836131096,
      0.009799526073038578,
      0.010646684095263481,
      0.011285990476608276,
      0.009870536625385284,
      0.010066590271890163,
      0.009809425100684166,
      0.009175567887723446,
      0.008874129503965378,
      0.009336565621197224,
      0.00912902969866991,
      0.009554922580718994,
      0.010154424235224724,
      0.010140783153474331,
      0.009016529656946659,
      0.010503409430384636,
      0.008131523616611958,
      0.009510713629424572,
      0.00960563588887453,
      0.008719498291611671,
      0.008361872285604477,
      0.00786641612648964,
      0.009364094585180283,
      0.008440491743385792,
      0.010421288199722767,
      0.009030121378600597,
      0.007914941757917404,
      0.008302811533212662,
      0.008036364801228046,
      0.009170817211270332,
      0.008297923021018505,
      0.007539354730397463,
      0.007534816861152649,
      0.007802028674632311,
      0.00792338140308857,
      0.007252732757478952,
      0.007971702143549919,
      0.008297302760183811,
      0.008248980157077312,
      0.008058521896600723,
      0.008403891697525978,
      0.006757443770766258,
      0.006833923514932394,
      0.007085021585226059,
      0.00817061122506857,
      0.007267902605235577,
      0.007503972854465246,
      0.0076164621859788895,
      0.007251114118844271,
      0.007722774520516396,
      0.007729479111731052,
      0.006639685947448015,
      0.0071772802621126175,
      0.005850972607731819,
      0.006658409256488085,
      0.007444227579981089,
      0.005920200143009424,
      0.006156358402222395,
      0.006894637364894152,
      0.005938701797276735,
      0.006228088866919279,
      0.0062529235146939754,
      0.006444046273827553,
      0.00683810468763113,
      0.006318998523056507,
      0.00657093757763505,
      0.005678089335560799,
      0.006414668634533882,
      0.006457704585045576,
      0.005926057696342468,
      0.0053690639324486256,
      0.005702553316950798,
      0.005355148576200008,
      0.005686563439667225,
      0.005304618738591671,
      0.0062899175100028515,
      0.0069589619524776936,
      0.005078522488474846,
      0.005481288768351078,
      0.005386104807257652,
      0.006502864882349968,
      0.005406454671174288,
      0.005774326156824827,
      0.005100603681057692,
      0.007083541713654995,
      0.00589714664965868,
      0.005790433380752802,
      0.005458869505673647,
      0.0060293287970125675,
      0.005397075787186623,
      0.006184000056236982,
      0.004584061913192272,
      0.004683907143771648,
      0.005135104991495609,
      0.005251050926744938,
      0.005673745647072792,
      0.0047076307237148285,
      0.006280728615820408,
      0.00527176633477211,
      0.004307728260755539,
      0.004404651932418346,
      0.004940853454172611,
      0.0052555156871676445,
      0.005003955215215683,
      0.004352127201855183,
      0.0055699520744383335,
      0.004249860532581806,
      0.0050698029808700085,
      0.005813156720250845,
      0.004671309143304825,
      0.006226109806448221,
      0.00450917100533843,
      0.004559536464512348,
      0.00409817136824131,
      0.004773416556417942,
      0.003562505589798093,
      0.004863214213401079,
      0.005280378740280867,
      0.004559229593724012,
      0.004076170735061169,
      0.0047793081030249596,
      0.0042561255395412445,
      0.004796063993126154,
      0.005088028032332659,
      0.004527914337813854,
      0.0047660814598202705,
      0.003954390995204449,
      0.004622745793312788,
      0.004183133132755756,
      0.004482401069253683,
      0.0035536615177989006,
      0.005155506078153849,
      0.005127279553562403,
      0.00420552771538496,
      0.004064604174345732,
      0.004784510936588049,
      0.004876145627349615,
      0.004025394096970558,
      0.004768754355609417,
      0.004396768286824226,
      0.0041208392940461636,
      0.004894929938018322,
      0.004398586694151163,
      0.005598757416009903,
      0.004626144655048847,
      0.004480720963329077,
      0.00372442789375782,
      0.004657364450395107,
      0.003938277252018452,
      0.0042468952015042305,
      0.004499032162129879,
      0.0038294484838843346,
      0.003619690192863345,
      0.0044096834026277065,
      0.0048117078840732574,
      0.00368775287643075,
      0.004449897445738316,
      0.004489715676754713,
      0.0045815263874828815,
      0.003898410825058818,
      0.004341461695730686,
      0.003176310798153281,
      0.0036984237376600504,
      0.004287057556211948,
      0.00395812327042222,
      0.0037412408273667097,
      0.003954835701733828,
      0.0030657416209578514,
      0.004251836333423853,
      0.003399977693334222,
      0.0036782429087907076,
      0.0038048774003982544,
      0.003950870130211115,
      0.0030199429020285606,
      0.0037489302922040224,
      0.0036654651630669832,
      0.00324665242806077,
      0.0030640747863799334,
      0.00360814924351871,
      0.004589741583913565,
      0.003405750496312976,
      0.003335732501000166,
      0.004206603392958641,
      0.003983248025178909,
      0.003764780703932047,
      0.003188162809237838,
      0.0036822541151195765,
      0.004293419420719147,
      0.003940952476114035,
      0.0031490621622651815,
      0.0031647055875509977,
      0.004174910020083189,
      0.003524856874719262,
      0.00394687382504344,
      0.0036321626976132393,
      0.003336783731356263,
      0.004172556567937136,
      0.0036257575266063213,
      0.0035995503421872854,
      0.0035818449687212706,
      0.004246086813509464,
      0.003906655590981245,
      0.003209442365914583,
      0.00398166012018919,
      0.003853046568110585,
      0.0035702658351510763,
      0.004071866162121296,
      0.003714099759235978,
      0.00414129626005888,
      0.0038390452973544598,
      0.0032198927365243435,
      0.0035299588926136494,
      0.002615477656945586,
      0.002805709606036544,
