{
   "number_epochs": 500,
   "info_used": "full info",
   "perc_full_data": 0.25,
   "n_epochs_no_selection": 0,
   "Frequency % cutoff": 0.25,
   "hidden_size": 32,
   "random_state": 4,
   "train_errors": [
      0.7291944026947021,
      0.7192362546920776,
      0.710639238357544,
      0.7020163536071777,
      0.6942175030708313,
      0.6874797940254211,
      0.6798691749572754,
      0.6732369065284729,
      0.6667741537094116,
      0.660853922367096,
      0.6546565890312195,
      0.6501996517181396,
      0.6456919312477112,
      0.6417975425720215,
      0.636637270450592,
      0.6348587274551392,
      0.6331645846366882,
      0.6324281096458435,
      0.6325738430023193,
      0.6324484348297119,
      0.6326202750205994,
      0.6343358755111694,
      0.6320011615753174,
      0.6310250759124756,
      0.6306567788124084,
      0.6313247680664062,
      0.6272311806678772,
      0.6246416568756104,
      0.6234973669052124,
      0.6237093210220337,
      0.6212770342826843,
      0.6185192465782166,
      0.6173229217529297,
      0.6173651218414307,
      0.614094078540802,
      0.6146016120910645,
      0.6135939955711365,
      0.6123003959655762,
      0.6127084493637085,
      0.607973039150238,
      0.6084690690040588,
      0.6073439121246338,
      0.6062448024749756,
      0.6032882332801819,
      0.6024526953697205,
      0.598105788230896,
      0.597343385219574,
      0.5946005582809448,
      0.5930435657501221,
      0.5932350158691406,
      0.5874714851379395,
      0.5846053957939148,
      0.5848515629768372,
      0.5829375386238098,
      0.5808777213096619,
      0.5767154693603516,
      0.5743787288665771,
      0.5714563131332397,
      0.5705028176307678,
      0.5696683526039124,
      0.5710669755935669,
      0.5656192302703857,
      0.5629197955131531,
      0.5612775683403015,
      0.5638563632965088,
      0.5623176097869873,
      0.5531367063522339,
      0.5528284311294556,
      0.558198869228363,
      0.557141125202179,
      0.5507891178131104,
      0.5532323122024536,
      0.5511828064918518,
      0.5500159859657288,
      0.5492032766342163,
      0.5438552498817444,
      0.5463318228721619,
      0.5458136796951294,
      0.5463145971298218,
      0.5455133318901062,
      0.5430678725242615,
      0.5415446758270264,
      0.5414260029792786,
      0.5414259433746338,
      0.5438119769096375,
      0.5496955513954163,
      0.5407007932662964,
      0.5404402017593384,
      0.5452023148536682,
      0.5390390157699585,
      0.5368262529373169,
      0.5505852699279785,
      0.5388280749320984,
      0.5402156114578247,
      0.5397308468818665,
      0.537379801273346,
      0.5358847975730896,
      0.5425695180892944,
      0.5389058589935303,
      0.5376797914505005,
      0.5410313010215759,
      0.5401386618614197,
      0.5374695658683777,
      0.5391608476638794,
      0.5430331230163574,
      0.5369622707366943,
      0.5388073325157166,
      0.5291803479194641,
      0.5335895419120789,
      0.5301896333694458,
      0.5322400331497192,
      0.5314162969589233,
      0.5332365036010742,
      0.5344955325126648,
      0.5375791192054749,
      0.5330321192741394,
      0.528805673122406,
      0.5340923070907593,
      0.538201093673706,
      0.5320340394973755,
      0.5370652079582214,
      0.5252900719642639,
      0.5341034531593323,
      0.5345363020896912,
      0.529312014579773,
      0.5284599661827087,
      0.5347964763641357,
      0.5293772220611572,
      0.5236697196960449,
      0.5250731110572815,
      0.5268833637237549,
      0.5375635623931885,
      0.5352501273155212,
      0.528264045715332,
      0.5313642621040344,
      0.5338724255561829,
      0.528878927230835,
      0.5293982028961182,
      0.5307518839836121,
      0.5300602316856384,
      0.5291787385940552,
      0.5298103094100952,
      0.5294564366340637,
      0.523232102394104,
      0.5364663600921631,
      0.5357151031494141,
      0.5273829698562622,
      0.5306901931762695,
      0.5282812714576721,
      0.5335434079170227,
      0.5286195278167725,
      0.5382310748100281,
      0.5276968479156494,
      0.5259830355644226,
      0.5257254838943481,
      0.5237859487533569,
      0.5296381711959839,
      0.5234607458114624,
      0.5284270644187927,
      0.524956464767456,
      0.5285742878913879,
      0.532203733921051,
      0.5291460156440735,
      0.5220460295677185,
      0.5303983688354492,
      0.5273572206497192,
      0.5275075435638428,
      0.52724289894104,
      0.5220325589179993,
      0.5283145308494568,
      0.525700032711029,
      0.5251097083091736,
      0.5201503038406372,
      0.5221446752548218,
      0.5225278735160828,
      0.5198023319244385,
      0.5304205417633057,
      0.523994505405426,
      0.5240674614906311,
      0.530831515789032,
      0.5226154923439026,
      0.5227778553962708,
      0.5196605324745178,
      0.5235994458198547,
      0.525041401386261,
      0.5243021249771118,
      0.5247946381568909,
      0.5295528173446655,
      0.52430260181427,
      0.5222063064575195,
      0.5171984434127808,
      0.5233606696128845,
      0.5228277444839478,
      0.5223354697227478,
      0.5212284922599792,
      0.5234580039978027,
      0.5237329006195068,
      0.515578031539917,
      0.5260251760482788,
      0.517436146736145,
      0.518355131149292,
      0.5146540403366089,
      0.5183886885643005,
      0.5186318755149841,
      0.5248861908912659,
      0.5198637247085571,
      0.5299717783927917,
      0.5221577286720276,
      0.5234728455543518,
      0.5195238590240479,
      0.5220882296562195,
      0.5229753255844116,
      0.5201629996299744,
      0.5185651779174805,
      0.5230713486671448,
      0.5153801441192627,
      0.5242710709571838,
      0.5214921236038208,
      0.5149948000907898,
      0.50788813829422,
      0.5177586674690247,
      0.5158382058143616,
      0.524772584438324,
      0.517512857913971,
      0.5137832760810852,
      0.5110568404197693,
      0.5148221254348755,
      0.5188848376274109,
      0.5173068642616272,
      0.5178743600845337,
      0.5131466388702393,
      0.5203712582588196,
      0.5138737559318542,
      0.5155702233314514,
      0.5145840048789978,
      0.5129958987236023,
      0.5126245021820068,
      0.5115165114402771,
      0.510185956954956,
      0.5148746371269226,
      0.5106120705604553,
      0.5117235779762268,
      0.5032508969306946,
      0.521754801273346,
      0.5166820883750916,
      0.5077144503593445,
      0.5050765872001648,
      0.5063645839691162,
      0.5050023794174194,
      0.5060362815856934,
      0.5263767838478088,
      0.5040071606636047,
      0.5173973441123962,
      0.5177342295646667,
      0.5064297318458557,
      0.5073755383491516,
      0.5123116970062256,
      0.5110296010971069,
      0.5150527954101562,
      0.5172374844551086,
      0.5129027962684631,
      0.5114780068397522,
      0.5170254111289978,
      0.5158112645149231,
      0.5095524787902832,
      0.5170491933822632,
      0.5080145597457886,
      0.49771296977996826,
      0.5033507943153381,
      0.5187837481498718,
      0.5150802135467529,
      0.5145132541656494,
      0.5117276310920715,
      0.5086306929588318,
      0.5142791867256165,
      0.5083377957344055,
      0.5173583626747131,
      0.5091399550437927,
      0.516306459903717,
      0.504692018032074,
      0.5186066031455994,
      0.5147839784622192,
      0.5096518993377686,
      0.5122222304344177,
      0.5092737674713135,
      0.49831128120422363,
      0.4988747835159302,
      0.5035538077354431,
      0.5052043199539185,
      0.5094296336174011,
      0.5118092894554138,
      0.5067403316497803,
      0.5054776668548584,
      0.49375054240226746,
      0.502304196357727,
      0.5056343674659729,
      0.5041499137878418,
      0.4986127018928528,
      0.513896644115448,
      0.5007304549217224,
      0.5103511214256287,
