{
   "number_epochs": 75,
   "info_used": "full info",
   "perc_full_data": 0.1,
   "n_epochs_no_selection": 0,
   "Frequency % cutoff": 0.25,
   "hidden_size": 32,
   "random_state": 15,
   "train_errors": [
      0.6891459822654724,
      0.678950309753418,
      0.6732693910598755,
      0.6656407117843628,
      0.6645597219467163,
      0.6637030243873596,
      0.6677708625793457,
      0.6652513146400452,
      0.663493812084198,
      0.6657310724258423,
      0.671903669834137,
      0.6650801301002502,
      0.6681193709373474,
      0.6645131707191467,
      0.6654093861579895,
      0.6602039933204651,
      0.6658424139022827,
      0.6624964475631714,
      0.6610875725746155,
      0.6617397665977478,
      0.6637542843818665,
      0.6631777882575989,
      0.6613985300064087,
      0.6570112705230713,
      0.6601189374923706,
      0.6632558703422546,
      0.6593911647796631,
      0.6575731039047241,
      0.657356858253479,
      0.6584416627883911,
      0.657702624797821,
      0.6589298248291016,
      0.6571687459945679,
      0.6574070453643799,
      0.6575168967247009,
      0.6552444100379944,
      0.6540570855140686,
      0.6592455506324768,
      0.6545974612236023,
      0.6530965566635132,
      0.6490971446037292,
      0.6520566940307617,
      0.6535274982452393,
      0.6495341658592224,
      0.6519046425819397,
      0.6475309729576111,
      0.6452081799507141,
      0.6491485834121704,
      0.6450620889663696,
      0.6447358727455139,
      0.6456214189529419,
      0.6450220346450806,
      0.6419417262077332,
      0.6384671926498413,
      0.6394648551940918,
      0.6418496370315552,
      0.6378229260444641,
      0.6380958557128906,
      0.6335931420326233,
      0.6334037184715271,
      0.6337202191352844,
      0.6297301650047302,
      0.6181464791297913,
      0.6384958624839783,
      0.6245810985565186,
      0.6289542317390442,
      0.6180333495140076,
      0.6248087286949158,
      0.6142911314964294,
      0.6229259371757507,
      0.6155352592468262,
      0.6172598600387573,
      0.6133853197097778,
      0.5988458395004272,
      0.6096217632293701
   ],
   "valid_errors": [
      0.6834253072738647,
      0.6790915131568909,
      0.6821547746658325,
      0.6749763488769531,
      0.672300398349762,
      0.6713756322860718,
      0.671607494354248,
      0.670221745967865,
      0.6663362383842468,
      0.6631038784980774,
      0.6597765684127808,
      0.6554930210113525,
      0.6506621241569519,
      0.6469231247901917,
      0.6424840688705444,
      0.641363263130188
   ],
   "val_epochs": [
      0,
      5,
      10,
      15,
      20,
      25,
      30,
      35,
      40,
      45,
      50,
      55,
      60,
      65,
      70,
      74
   ],
   "input_data_path": "../data/donated_blood/donated_blood_subsampled_balance.csv",
   "gradwcontext": false,
   "Encompassing Param": 0.1,
   "Normalize Grads & Contx": false,
   "cluster_all_classes": false,
   "imputation method": "",
   "model_dropout": 0.15
}