{
   "number_epochs": 20,
   "info_used": "use imputation",
   "perc_full_data": 0.08,
   "n_epochs_no_selection": 0,
   "Frequency % cutoff": 0.33,
   "hidden_size": 32,
   "random_state": 8,
   "train_errors": [
      0.31330180168151855,
      0.20595823228359222,
      0.1309632509946823,
      0.07588411122560501,
      0.04608110710978508,
      0.04456228017807007,
      0.05589175596833229,
      0.061365675181150436,
      0.053122736513614655,
      0.04229668527841568,
      0.03740692883729935,
      0.03560669720172882,
      0.0357835590839386,
      0.036402639001607895,
      0.037338558584451675,
      0.036593612283468246,
      0.034695103764534,
      0.03415214642882347,
      0.0317814014852047,
      0.031109344214200974
   ],
   "valid_errors": [
      0.2512875199317932,
      0.04849706217646599,
      0.03594651445746422,
      0.03564547374844551,
      0.031458400189876556
   ],
   "val_epochs": [
      0,
      5,
      10,
      15,
      19
   ],
   "input_data_path": "../data/airfoil_self_noise/data.csv",
   "gradwcontext": true,
   "Encompassing Param": 0.1,
   "Normalize Grads & Contx": false,
   "cluster_all_classes": false,
   "imputation method": "Iterative MICE Imputer",
   "model_dropout": 0.05,
   "model_type": "mlp",
   "problem_type": "regression"
}