{
   "number_epochs": 20,
   "info_used": "use imputation",
   "perc_full_data": 0.08,
   "n_epochs_no_selection": 0,
   "Frequency % cutoff": 0.33,
   "hidden_size": 32,
   "random_state": 14,
   "train_errors": [
      0.40892452001571655,
      0.3070027828216553,
      0.22099918127059937,
      0.14507310092449188,
      0.08930319547653198,
      0.05405615642666817,
      0.04882073402404785,
      0.059978291392326355,
      0.07128635048866272,
      0.06843549758195877,
      0.05616971477866173,
      0.04524116963148117,
      0.040831875056028366,
      0.04089429974555969,
      0.04108300060033798,
      0.0418725423514843,
      0.04213806241750717,
      0.04026837646961212,
      0.04006081819534302,
      0.03756218031048775
   ],
   "valid_errors": [
      0.34441500902175903,
      0.04650658741593361,
      0.04889180511236191,
      0.039575133472681046,
      0.03264772519469261
   ],
   "val_epochs": [
      0,
      5,
      10,
      15,
      19
   ],
   "input_data_path": "../data/airfoil_self_noise/data.csv",
   "gradwcontext": true,
   "Encompassing Param": 0.1,
   "Normalize Grads & Contx": false,
   "cluster_all_classes": false,
   "imputation method": "Iterative MICE Imputer",
   "model_dropout": 0.05,
   "model_type": "mlp",
   "problem_type": "regression"
}