{
   "number_epochs": 400,
   "info_used": "use imputation",
   "perc_full_data": 0.08,
   "n_epochs_no_selection": 0,
   "Frequency % cutoff": 0.33,
   "hidden_size": 32,
   "random_state": 8,
   "train_errors": [
      0.312713623046875,
      0.2060750424861908,
      0.13035143911838531,
      0.07650794088840485,
      0.045334234833717346,
      0.042817372828722,
      0.056146103888750076,
      0.06219979375600815,
      0.054654210805892944,
      0.04446874186396599,
      0.03771144151687622,
      0.03438146412372589,
      0.035659000277519226,
      0.03688538074493408,
      0.03650958836078644,
      0.035876594483852386,
      0.03468267247080803,
      0.03348036855459213,
      0.031844187527894974,
      0.03152957186102867,
      0.03042553924024105,
      0.030550217255949974,
      0.030774125829339027,
      0.030096644535660744,
      0.02952529862523079,
      0.02827606536448002,
      0.028381699696183205,
      0.02757491171360016,
      0.027248725295066833,
      0.026448113843798637,
      0.025482123717665672,
      0.02541610226035118,
      0.024585193023085594,
      0.024362212046980858,
      0.02362833544611931,
      0.023134984076023102,
      0.022981515154242516,
      0.02186337299644947,
      0.02197485975921154,
      0.021585816517472267,
      0.021104229614138603,
      0.020175743848085403,
      0.019262198358774185,
      0.01877356879413128,
      0.018741996958851814,
      0.017916236072778702,
      0.01788466051220894,
      0.01718384586274624,
      0.01588163524866104,
      0.014924133196473122,
      0.014666734263300896,
      0.014028025791049004,
      0.013340098783373833,
      0.01284212339669466,
      0.011784011498093605,
      0.011080434545874596,
      0.010584083385765553,
      0.009774059057235718,
      0.009320137090981007,
      0.00891015026718378,
      0.008487162180244923,
      0.007323913741856813,
      0.0067536733113229275,
      0.006649257615208626,
      0.006486145779490471,
      0.005827905610203743,
      0.005570839624851942,
      0.00509866327047348,
      0.00509368721395731,
      0.005689466837793589,
      0.004584336653351784,
      0.0054016513749957085,
      0.0049774618819355965,
      0.005041975528001785,
      0.00492882402613759,
      0.004689513705670834,
      0.00477492343634367,
      0.004626339767128229,
      0.00416293041780591,
      0.0042542507871985435,
      0.0038990448229014874,
      0.00423441082239151,
      0.004028583876788616,
      0.004437861032783985,
      0.003983436152338982,
      0.0041716028936207294,
      0.004130753688514233,
      0.003792973468080163,
      0.004315793979912996,
      0.0038289374206215143,
      0.0037879578303545713,
      0.003778088605031371,
      0.003893250599503517,
      0.003404018934816122,
      0.0038370578549802303,
      0.0038040787912905216,
      0.00421274546533823,
      0.0034351323265582323,
      0.0035977610386908054,
      0.0037267981097102165,
      0.0036476762033998966,
      0.004066092893481255,
      0.0035820570774376392,
      0.0031488146632909775,
      0.003302471013739705,
      0.003682680893689394,
      0.0035363605711609125,
      0.0035213828086853027,
      0.0035191092174500227,
      0.0034845417831093073,
      0.003801650134846568,
      0.0035181092098355293,
      0.00322362151928246,
      0.0030666475649923086,
      0.00342587660998106,
      0.0031628890428692102,
      0.0031660066451877356,
      0.0033546017948538065,
      0.002964292885735631,
      0.0030726364348083735,
      0.002868315204977989,
      0.0035544277634471655,
      0.003218383062630892,
      0.0030714324675500393,
      0.0029575517401099205,
      0.003030303167179227,
      0.0029015897307544947,
      0.002943681087344885,
      0.0029090538155287504,
      0.0029067890718579292,
      0.002771854866296053,
      0.0031574976164847612,
      0.0028809532523155212,
      0.0033239764161407948,
      0.003172920783981681,
      0.0029731763061136007,
      0.0028541081119328737,
      0.002778897061944008,
      0.0030291893053799868,
      0.0030957229901105165,
      0.0028968846891075373,
      0.0029580537229776382,
      0.002887117210775614,
      0.0029045843984931707,
      0.00281628523953259,
      0.002746030455455184,
      0.0027130828239023685,
      0.002964413957670331,
      0.002749800216406584,
      0.0028190023731440306,
      0.0027965318877249956,
      0.002610189374536276,
      0.0029319801833480597,
      0.002643840853124857,
      0.0026025690604001284,
      0.002854452235624194,
      0.002875463105738163,
      0.002751862397417426,
      0.0028096691239625216,
      0.002829432487487793,
      0.0026895024348050356,
      0.002772190375253558,
      0.002770842984318733,
      0.002706279046833515,
      0.0024357105139642954,
      0.00273438123986125,
      0.0025607366114854813,
      0.002830610843375325,
      0.0025846967473626137,
      0.0028794417157769203,
      0.0027524884790182114,
      0.002822672948241234,
      0.0025887219235301018,
      0.0026361150667071342,
      0.002605874091386795,
      0.0025174759794026613,
      0.002543254289776087,
      0.0025972018484026194,
      0.0024188796523958445,
      0.0027261304203420877,
      0.002810243284329772,
      0.002510801889002323,
      0.002410478424280882,
      0.0027244684752076864,
      0.0026581950951367617,
      0.0026625171303749084,
      0.00237823068164289,
      0.0029641129076480865,
      0.0024190498515963554,
      0.002662830287590623,
      0.0026039532385766506,
      0.0027829958125948906,
      0.0025980856735259295,
      0.0026434343308210373,
      0.0024504305329173803,
      0.0024164244532585144,
      0.0025171106681227684,
      0.0025106831453740597,
      0.002313503995537758,
      0.0026549119502305984,
      0.0025134466122835875,
      0.00231845467351377,
      0.0024154142010957003,
      0.0026101877447217703,
      0.0025489365216344595,
      0.002291845390573144,
      0.0023633623495697975,
      0.002524046925827861,
      0.0024683927185833454,
      0.002496373141184449,
      0.0024713301099836826,
      0.0024721857625991106,
      0.002416489878669381,
      0.0024911402724683285,
      0.0026684398762881756,
      0.0024198254104703665,
      0.002604713197797537,
      0.00257883220911026,
      0.0025497451424598694,
      0.0023193962406367064,
      0.0024384602438658476,
      0.002311737509444356,
      0.0023718164302408695,
      0.0023520842660218477,
      0.002374495379626751,
      0.002197478897869587,
      0.0023313756100833416,
      0.0022890137042850256,
      0.0023218183778226376,
      0.002242917427793145,
      0.002192388754338026,
      0.002287315670400858,
      0.002365817315876484,
      0.0025119094643741846,
      0.002262866823002696,
      0.0025309394113719463,
      0.0021328357979655266,
      0.0021257447078824043,
      0.002246384508907795,
      0.002374885603785515,
      0.002173228655010462,
      0.00220803776755929,
      0.002301136963069439,
      0.002119119744747877,
      0.002319631166756153,
      0.0022148427087813616,
      0.0024768165312707424,
      0.0021413913927972317,
      0.002318885177373886,
      0.0021703094244003296,
      0.0021063415333628654,
      0.0022022570483386517,
      0.0024473590310662985,
      0.0021633515134453773,
      0.002221837639808655,
      0.0022726687602698803,
      0.0021520392037928104,
      0.002414815127849579,
      0.002312934957444668,
      0.0021742270328104496,
      0.0022084463853389025,
      0.0021867703180760145,
      0.002224867232143879,
      0.0022547696717083454,
      0.002139953663572669,
      0.002239289227873087,
      0.002104186685755849,
      0.0021291663870215416,
      0.002328949747607112,
      0.0022226835135370493,
      0.0020959037356078625,
      0.002216277178376913,
      0.0020719992462545633,
      0.0021107036154717207,
      0.0020432902965694666,
