{
   "number_epochs": 400,
   "info_used": "use imputation",
   "perc_full_data": 0.08,
   "n_epochs_no_selection": 0,
   "Frequency % cutoff": 0.33,
   "hidden_size": 32,
   "random_state": 12,
   "train_errors": [
      0.2436264157295227,
      0.16594763100147247,
      0.10466831922531128,
      0.061578620225191116,
      0.039500050246715546,
      0.036662109196186066,
      0.04651465639472008,
      0.052005134522914886,
      0.04632348194718361,
      0.03966526687145233,
      0.033909425139427185,
      0.032308414578437805,
      0.03305315226316452,
      0.0333726741373539,
      0.033859848976135254,
      0.0325472354888916,
      0.03100695088505745,
      0.030361970886588097,
      0.028536608442664146,
      0.027560438960790634,
      0.027890900149941444,
      0.027630005031824112,
      0.026669545099139214,
      0.025257136672735214,
      0.02475321665406227,
      0.023981280624866486,
      0.023899203166365623,
      0.023366177454590797,
      0.020968619734048843,
      0.020929472520947456,
      0.02043973095715046,
      0.019697869196534157,
      0.019416725262999535,
      0.018103839829564095,
      0.017117340117692947,
      0.016318222507834435,
      0.016754260286688805,
      0.014616820029914379,
      0.014600018039345741,
      0.014150531031191349,
      0.013086704537272453,
      0.01294215489178896,
      0.012077873572707176,
      0.01146132405847311,
      0.01025848463177681,
      0.01078398060053587,
      0.009679066948592663,
      0.008522500284016132,
      0.007931715808808804,
      0.007262721657752991,
      0.00656166160479188,
      0.006373861338943243,
      0.005879050120711327,
      0.0049440436996519566,
      0.005063716787844896,
      0.005072892643511295,
      0.004616294521838427,
      0.004432141315191984,
      0.0044461386278271675,
      0.004832828883081675,
      0.004072978161275387,
      0.003513964591547847,
      0.004160929471254349,
      0.004631997086107731,
      0.0032965177670121193,
      0.003619757480919361,
      0.0029175991658121347,
      0.003377577057108283,
      0.003173759439960122,
      0.0034701668191701174,
      0.0032765569631010294,
      0.0031634520273655653,
      0.0038419479969888926,
      0.0036392395850270987,
      0.0027179536409676075,
      0.003532188246026635,
      0.0032399387564510107,
      0.0028476861771196127,
      0.002996782772243023,
      0.0027697321493178606,
      0.002680733799934387,
      0.0027952296659350395,
      0.0026044847909361124,
      0.002934196265414357,
      0.0023502809926867485,
      0.003103305120021105,
      0.0030216213781386614,
      0.0024090223014354706,
      0.002494669985026121,
      0.002459622221067548,
      0.0024739059153944254,
      0.002758136484771967,
      0.0026893478352576494,
      0.0026070293970406055,
      0.0021844857838004827,
      0.0023162392899394035,
      0.0025490205734968185,
      0.0021281277295202017,
      0.0023064748384058475,
      0.002434674184769392,
      0.0022445234935730696,
      0.002626155037432909,
      0.0022524509113281965,
      0.002064813394099474,
      0.002045111497864127,
      0.002391377231106162,
      0.00211325753480196,
      0.0026428515557199717,
      0.002241611247882247,
      0.0021687073167413473,
      0.0019340304424986243,
      0.0024536882992833853,
      0.0023570009507238865,
      0.002346327528357506,
      0.001807766268029809,
      0.0018579186871647835,
      0.0025365431793034077,
      0.0020089985337108374,
      0.0026206576731055975,
      0.0016766628250479698,
      0.0025295927189290524,
      0.002068823901936412,
      0.0018554358975961804,
      0.0018860435811802745,
      0.0016978479688987136,
      0.002003515139222145,
      0.002175284083932638,
      0.0018160344334319234,
      0.0020276589784771204,
      0.002154840622097254,
      0.0016075075836852193,
      0.0023126057349145412,
      0.0018860393902286887,
      0.0018398999236524105,
      0.0018218753393739462,
      0.0017732870765030384,
      0.0019004743080586195,
      0.0018165792571380734,
      0.0019002085318788886,
      0.0020521655678749084,
      0.0020212505478411913,
      0.0019103068625554442,
      0.0020598906558007,
      0.0017374298768118024,
      0.0017671561799943447,
      0.001354137435555458,
      0.0017737137386575341,
      0.0018606630619615316,
      0.0018118403386324644,
      0.0022680966649204493,
      0.0017510951729491353,
      0.0015759258531033993,
      0.0018345944117754698,
      0.0017596769612282515,
      0.001890621380880475,
      0.0016248330939561129,
      0.0017746308585628867,
      0.0017255025450140238,
      0.0016710698837414384,
      0.002196262590587139,
      0.001994663616642356,
      0.0016819811426103115,
      0.0017234260449185967,
      0.0016663367860019207,
      0.001980895409360528,
      0.0019272497156634927,
      0.0015142759075388312,
      0.001458597369492054,
      0.001689606811851263,
      0.0014661799650639296,
      0.0018520149169489741,
      0.001693286350928247,
      0.0016305075259879231,
      0.0019996091723442078,
      0.0017383021768182516,
      0.001666381023824215,
      0.001721843029372394,
      0.0015081444289535284,
      0.0018647173419594765,
      0.0016835916321724653,
      0.0015494722174480557,
      0.0016012092819437385,
      0.0013902081409469247,
      0.0014492649352177978,
      0.0014426358975470066,
      0.001478246646001935,
      0.0015891416696831584,
      0.001423401990905404,
      0.001548323780298233,
      0.0012597969034686685,
      0.0017764774383977056,
      0.00188961171079427,
      0.002016959013417363,
      0.001665476243942976,
      0.0016540087526664138,
      0.0014762086793780327,
      0.0017285036155954003,
      0.001603699172846973,
      0.0017623795429244637,
      0.0015464904718101025,
      0.001612760010175407,
      0.001698553329333663,
      0.001335914945229888,
      0.0016567172715440392,
      0.0015117420116439462,
      0.001770949107594788,
      0.00149865064304322,
      0.001983057241886854,
      0.0012957634171471,
      0.001619264017790556,
      0.001870610867626965,
      0.002018213039264083,
      0.0018330228049308062,
      0.0012685194378718734,
      0.0015061086742207408,
      0.0016583792166784406,
      0.0013748486526310444,
      0.0016018091700971127,
      0.0015434668166562915,
      0.001563560334034264,
      0.001419750158675015,
      0.0015044633764773607,
      0.0014676876598969102,
      0.0016410156385973096,
      0.001541639561764896,
      0.0014825905673205853,
      0.0015474542742595077,
      0.002052118070423603,
      0.0019288458861410618,
      0.0014413183089345694,
      0.0015198809560388327,
      0.0016000723699107766,
      0.0012940352316945791,
      0.0014121169224381447,
      0.0012616254389286041,
      0.001394006423652172,
      0.001632588799111545,
      0.0014484832063317299,
      0.0016114270547404885,
      0.001487648463808,
      0.001680525136180222,
      0.0016676174709573388,
      0.0012788379099220037,
      0.0015691873850300908,
      0.0013967377599328756,
      0.0014459252124652267,
      0.0011685072677209973,
      0.0012632819125428796,
      0.0017149115446954966,
      0.001434333506040275,
      0.0012727028224617243,
      0.0015353839844465256,
      0.0011018157238140702,
      0.001452085911296308,
      0.001133597339503467,
      0.0013365050544962287,
      0.001538124168291688,
      0.0014893634943291545,
      0.001343693002127111,
      0.0018654782325029373,
      0.0013733610976487398,
      0.0015298862708732486,
      0.0014325027586892247,
      0.0019127303967252374,
      0.0013285242021083832,
      0.0013385919155552983,
      0.0012633574660867453,
      0.0015607498353347182,
      0.0013275472447276115,
      0.0012674584286287427,
      0.0012474895920604467,
      0.0012080272426828742,
      0.0013487666146829724,
