{
   "number_epochs": 400,
   "info_used": "use imputation",
   "perc_full_data": 0.08,
   "n_epochs_no_selection": 0,
   "Frequency % cutoff": 0.33,
   "hidden_size": 32,
   "random_state": 1,
   "train_errors": [
      0.28347155451774597,
      0.1938224583864212,
      0.11954259872436523,
      0.06676187366247177,
      0.043283093720674515,
      0.053084198385477066,
      0.0634409487247467,
      0.05964598059654236,
      0.04812115058302879,
      0.03959254175424576,
      0.036396417766809464,
      0.03661588206887245,
      0.037609998136758804,
      0.03817066177725792,
      0.03715052828192711,
      0.0360528938472271,
      0.033765293657779694,
      0.03224826231598854,
      0.030524978414177895,
      0.030978061258792877,
      0.030694957822561264,
      0.030929770320653915,
      0.030192775651812553,
      0.02975352853536606,
      0.030085131525993347,
      0.030735284090042114,
      0.02974606677889824,
      0.029924508184194565,
      0.029449598863720894,
      0.028970710933208466,
      0.028049446642398834,
      0.028715480118989944,
      0.0275212861597538,
      0.027581844478845596,
      0.02649216167628765,
      0.026892222464084625,
      0.02653755433857441,
      0.02591550722718239,
      0.02509605698287487,
      0.025994254276156425,
      0.025260107591748238,
      0.026066752150654793,
      0.02508052997291088,
      0.025542588904500008,
      0.02511841431260109,
      0.024515509605407715,
      0.02508310042321682,
      0.024197831749916077,
      0.02387525886297226,
      0.024249492213129997,
      0.022995784878730774,
      0.02350085787475109,
      0.023058053106069565,
      0.02309351973235607,
      0.02207547426223755,
      0.022919027134776115,
      0.021661631762981415,
      0.022044621407985687,
      0.020687377080321312,
      0.02084341086447239,
      0.0210722628980875,
      0.019793560728430748,
      0.020846089348196983,
      0.019174842163920403,
      0.019088922068476677,
      0.018582366406917572,
      0.01807365193963051,
      0.01750217191874981,
      0.01717817783355713,
      0.01768471673130989,
      0.016024786978960037,
      0.015907056629657745,
      0.016460731625556946,
      0.015634357929229736,
      0.016095628961920738,
      0.015096069313585758,
      0.014193029142916203,
      0.013748846016824245,
      0.012768677435815334,
      0.012892771512269974,
      0.012799609452486038,
      0.012781321071088314,
      0.011567926965653896,
      0.011139001697301865,
      0.011522316373884678,
      0.010742418467998505,
      0.01105967815965414,
      0.01046840287744999,
      0.01021514367312193,
      0.009504741989076138,
      0.00812157616019249,
      0.008485030382871628,
      0.007726112846285105,
      0.007509755436331034,
      0.007643688935786486,
      0.007751695346087217,
      0.006971094757318497,
      0.007569987326860428,
      0.006948336027562618,
      0.0068837241269648075,
      0.007174983154982328,
      0.006613883189857006,
      0.006171584129333496,
      0.006570993922650814,
      0.00603218749165535,
      0.006006278097629547,
      0.005253844894468784,
      0.0054173958487808704,
      0.005490090232342482,
      0.004971315152943134,
      0.005843178369104862,
      0.005304776132106781,
      0.005530456081032753,
      0.004494885914027691,
      0.004554796498268843,
      0.006050129421055317,
      0.004568487871438265,
      0.004806014709174633,
      0.004557657055556774,
      0.005015205126255751,
      0.004429207649081945,
      0.004611359443515539,
      0.004773920867592096,
      0.005004454404115677,
      0.005078164394944906,
      0.005087442230433226,
      0.0048135328106582165,
      0.004533061292022467,
      0.003533259266987443,
      0.004476205911487341,
      0.004923459608107805,
      0.005164769012480974,
      0.004315067548304796,
      0.004114847630262375,
      0.003488638438284397,
      0.004667266737669706,
      0.005451189819723368,
      0.004091379698365927,
      0.004298499319702387,
      0.0042303577065467834,
      0.0037577918265014887,
      0.005017769057303667,
      0.00465213879942894,
      0.004431963432580233,
      0.004181846510618925,
      0.004449510481208563,
      0.004768515937030315,
      0.004747025668621063,
      0.0037895808927714825,
      0.004409597720950842,
      0.003632417879998684,
      0.004263896029442549,
      0.004148508422076702,
      0.004053029231727123,
      0.0034890221431851387,
      0.0033531857188791037,
      0.00362327485345304,
      0.003948846831917763,
      0.004683393519371748,
      0.003492583055049181,
      0.003936477936804295,
      0.004649990238249302,
      0.0044248709455132484,
      0.004413374699652195,
      0.0031564885284751654,
      0.0035869423300027847,
      0.003982442896813154,
      0.003793855896219611,
      0.0039505078457295895,
      0.0037647816352546215,
      0.0033486559987068176,
      0.003615673864260316,
      0.003909208811819553,
      0.0035537786316126585,
      0.0038025425747036934,
      0.004029836971312761,
      0.003976983949542046,
      0.003870598506182432,
      0.004257483873516321,
      0.0036466489546000957,
      0.0036789842415601015,
      0.003549298970028758,
      0.0034347674809396267,
      0.003920542076230049,
      0.003260238328948617,
      0.00406302185729146,
      0.0033433015923947096,
      0.003445153124630451,
      0.0032985799480229616,
      0.0036178026348352432,
      0.003560743061825633,
      0.002877181628718972,
      0.003415628569200635,
      0.0034455719869583845,
      0.0037568400148302317,
      0.0030609744135290384,
      0.0031974550802260637,
      0.0034061516635119915,
      0.003701935987919569,
      0.002953001530840993,
      0.003311950946226716,
      0.0030774585902690887,
      0.003046545898541808,
      0.0030047178734093904,
      0.0028341610450297594,
      0.0038573083002120256,
      0.0034316990058869123,
      0.0032316308934241533,
      0.003709350945428014,
      0.003515661461278796,
      0.002642100676894188,
      0.003182903630658984,
      0.002736374968662858,
      0.0033672554418444633,
      0.0032878678757697344,
      0.0035370048135519028,
      0.003689860925078392,
      0.0037892507389187813,
      0.003859899705275893,
      0.0032987447921186686,
      0.003211621893569827,
      0.003336894791573286,
      0.0029537745285779238,
      0.002987943822517991,
      0.0028718209359794855,
      0.003493328345939517,
      0.0032014059834182262,
      0.0034613246098160744,
      0.0029970190953463316,
      0.0026092594489455223,
      0.002875173231586814,
      0.0032567924354225397,
      0.0036715762689709663,
      0.0033116107806563377,
      0.0031745387241244316,
      0.003137785941362381,
      0.003042228752747178,
      0.002737194998189807,
      0.003005231963470578,
      0.0029281482566148043,
      0.0032926753628998995,
      0.0026481631211936474,
      0.0030164492782205343,
      0.003007803112268448,
      0.003221121383830905,
      0.0029724545311182737,
      0.0032914041075855494,
      0.003058595350012183,
      0.0027928634081035852,
      0.002661636332049966,
      0.0033967008348554373,
      0.0026558360550552607,
      0.003336288034915924,
      0.0033191400580108166,
      0.0026385216042399406,
      0.0032037985511124134,
      0.003028624691069126,
      0.0034987637773156166,
      0.003095940686762333,
      0.0029822939541190863,
      0.004060563165694475,
      0.0033796001225709915,
      0.0032198268454521894,
      0.0032807476818561554,
      0.00286534964106977,
      0.002874016761779785,
      0.002755530644208193,
      0.0026859811041504145,
      0.0033233806025236845,
      0.0033555985428392887,
      0.0025376395788043737,
      0.0026849997229874134,
      0.002814820036292076,
      0.002866332186385989,
      0.003222334897145629,
      0.002857116051018238,
      0.002713401336222887,
