{
   "number_epochs": 400,
   "info_used": "use imputation",
   "perc_full_data": 0.08,
   "n_epochs_no_selection": 0,
   "Frequency % cutoff": 0.33,
   "hidden_size": 32,
   "random_state": 11,
   "train_errors": [
      0.45626869797706604,
      0.3363468647003174,
      0.2325085997581482,
      0.14863203465938568,
      0.08629494160413742,
      0.0502588264644146,
      0.05013476312160492,
      0.07244012504816055,
      0.08301765471696854,
      0.07818307727575302,
      0.06261565536260605,
      0.047205209732055664,
      0.04057564586400986,
      0.04020978882908821,
      0.040696289390325546,
      0.043470121920108795,
      0.041874371469020844,
      0.04100578650832176,
      0.03827134519815445,
      0.03665166348218918,
      0.035807106643915176,
      0.03648083657026291,
      0.036693915724754333,
      0.036758504807949066,
      0.03678075969219208,
      0.03653586283326149,
      0.033922430127859116,
      0.03368920460343361,
      0.03370384871959686,
      0.03203628957271576,
      0.03269967809319496,
      0.03252117335796356,
      0.03192615509033203,
      0.031748346984386444,
      0.03243313729763031,
      0.030682075768709183,
      0.029233045876026154,
      0.030613861978054047,
      0.030168145895004272,
      0.029120519757270813,
      0.028858952224254608,
      0.027759457007050514,
      0.029105206951498985,
      0.02866016887128353,
      0.02766764536499977,
      0.02725180983543396,
      0.026884784922003746,
      0.025758426636457443,
      0.02700668014585972,
      0.025433998554944992,
      0.025443971157073975,
      0.024159401655197144,
      0.023761678487062454,
      0.023318033665418625,
      0.022823939099907875,
      0.022914130240678787,
      0.02268640510737896,
      0.020895233377814293,
      0.021376537159085274,
      0.01973850093781948,
      0.019788194447755814,
      0.019429396837949753,
      0.017887834459543228,
      0.01781396009027958,
      0.018214691430330276,
      0.017819838598370552,
      0.016097860410809517,
      0.015835663303732872,
      0.016701817512512207,
      0.014630542136728764,
      0.014198491349816322,
      0.013114475645124912,
      0.013821760192513466,
      0.01205977238714695,
      0.012248791754245758,
      0.011073866859078407,
      0.010752717033028603,
      0.01034601777791977,
      0.009214612655341625,
      0.00977863185107708,
      0.008504420518875122,
      0.00969693809747696,
      0.00909366738051176,
      0.008782731369137764,
      0.0071237641386687756,
      0.007990540936589241,
      0.008344540372490883,
      0.007323711644858122,
      0.006810542196035385,
      0.006311917677521706,
      0.006897869054228067,
      0.006219922099262476,
      0.006522361654788256,
      0.005663362331688404,
      0.006717768032103777,
      0.0053548309952020645,
      0.006434819661080837,
      0.005122041795402765,
      0.005100327078253031,
      0.006006362847983837,
      0.0051980530843138695,
      0.005680907052010298,
      0.005411818157881498,
      0.004757747519761324,
      0.005024440120905638,
      0.005718864034861326,
      0.0048003229312598705,
      0.005232187919318676,
      0.004558534827083349,
      0.005093672312796116,
      0.004586115013808012,
      0.004567365627735853,
      0.0044677164405584335,
      0.00398970628157258,
      0.004116869065910578,
      0.004850255791097879,
      0.004490887746214867,
      0.00467468099668622,
      0.004600970074534416,
      0.004797062370926142,
      0.004813113249838352,
      0.004607330542057753,
      0.0038898861967027187,
      0.004452201537787914,
      0.005127537529915571,
      0.004310721531510353,
      0.0047456868924200535,
      0.004420061595737934,
      0.004173535853624344,
      0.004242063499987125,
      0.003417730098590255,
      0.004307686351239681,
      0.0038203871808946133,
      0.004413293674588203,
      0.0036372365429997444,
      0.004217897076159716,
      0.004137970041483641,
      0.004653931595385075,
      0.0042977831326425076,
      0.0047712167724967,
      0.004116314463317394,
      0.004371521063148975,
      0.0037623203825205564,
      0.0038878212217241526,
      0.0040864585898816586,
      0.0038332531694322824,
      0.004738647490739822,
      0.004034805111587048,
      0.0041020154021680355,
      0.0036102726589888334,
      0.0037625248078256845,
      0.004099799320101738,
      0.0045625860802829266,
      0.00416559586301446,
      0.0030822509434074163,
      0.0034982499200850725,
      0.0037307916209101677,
      0.0034550323616713285,
      0.004085293971002102,
      0.003400531131774187,
      0.0032298066653311253,
      0.003622538410127163,
      0.00351902237161994,
      0.003157624276354909,
      0.0032196601387113333,
      0.002713958267122507,
      0.003261754522100091,
      0.003875642316415906,
      0.003191231517121196,
      0.003495028242468834,
      0.003183917608112097,
      0.003375507425516844,
      0.003190623829141259,
      0.0029807311948388815,
      0.0029647634364664555,
      0.0031180100049823523,
      0.0030746031552553177,
      0.00315787922590971,
      0.0030026682652533054,
      0.0028020113240927458,
      0.002863798290491104,
      0.0028637980576604605,
      0.003137442981824279,
      0.0025737411342561245,
      0.0024229513946920633,
      0.002243466442450881,
      0.002502282615751028,
      0.0027649886906147003,
      0.002915189368650317,
      0.0024068867787718773,
      0.0033573636319488287,
      0.0026960051618516445,
      0.002954601077362895,
      0.002978283679112792,
      0.002747037447988987,
      0.0029610912315547466,
      0.0027999472804367542,
      0.003011237597092986,
      0.0029185928869992495,
      0.0028441296890378,
      0.0024767445866018534,
      0.0027206160593777895,
      0.0025004767812788486,
      0.0029622509609907866,
      0.003110158024355769,
      0.002683520782738924,
      0.002602641237899661,
      0.0024351691827178,
      0.0024678471963852644,
      0.0024139948654919863,
      0.0026073779445141554,
      0.0024142852053046227,
      0.002394323702901602,
      0.0021405976731330156,
      0.0021147355437278748,
      0.00226039276458323,
      0.002451836597174406,
      0.0026390862185508013,
      0.002390405163168907,
      0.002967332024127245,
      0.0020364709198474884,
      0.0025293754879385233,
      0.0024692940060049295,
      0.0022976829204708338,
      0.0023451095912605524,
      0.0022570088040083647,
      0.002640429185703397,
      0.0023432676680386066,
      0.0024176586885005236,
      0.002226832089945674,
      0.002068594330921769,
      0.0022760832216590643,
      0.002647154266014695,
      0.002383460057899356,
      0.0022693055216223,
      0.0023477994836866856,
      0.0024438928812742233,
      0.0025493656285107136,
      0.002648798283189535,
      0.0024843185674399137,
      0.002385735744610429,
      0.0023358892649412155,
      0.00204450567252934,
      0.0023908638395369053,
      0.002046589506790042,
      0.0024821024853736162,
      0.0022993083111941814,
      0.001969931647181511,
      0.002305123955011368,
      0.0025092773139476776,
      0.002579876920208335,
      0.0025061818305402994,
      0.0022202071268111467,
      0.0019996778573840857,
      0.002027763519436121,
      0.002397324191406369,
      0.0019911357667297125,
      0.0023314612917602062,
      0.0022224755957722664,
      0.0023863008245825768,
      0.00233186362311244,
      0.002103331731632352,
      0.0023005136754363775,
      0.0021016206592321396,
      0.0023601835127919912,
      0.0019547431729733944,
      0.002229557139798999,
      0.002151723485440016,
      0.002375494223088026,
      0.002032028278335929,
      0.0022334642708301544,
      0.00211730832234025,
      0.0021489604841917753,
      0.0022490473929792643,
      0.0023504977580159903,
      0.001864145859144628,
      0.0025151013396680355,
