{
   "number_epochs": 400,
   "info_used": "use imputation",
   "perc_full_data": 0.08,
   "n_epochs_no_selection": 0,
   "Frequency % cutoff": 0.33,
   "hidden_size": 32,
   "random_state": 5,
   "train_errors": [
      0.45153215527534485,
      0.37553033232688904,
      0.3084195852279663,
      0.24297909438610077,
      0.18508322536945343,
      0.12891750037670135,
      0.08496522158384323,
      0.055422138422727585,
      0.04702087119221687,
      0.055966053158044815,
      0.06851319223642349,
      0.07221543788909912,
      0.06276100873947144,
      0.05405649542808533,
      0.045279670506715775,
      0.04120851680636406,
      0.04082905873656273,
      0.04042093828320503,
      0.04031212627887726,
      0.0401691198348999,
      0.036923155188560486,
      0.035731080919504166,
      0.03526848554611206,
      0.033698439598083496,
      0.03331250324845314,
      0.03262605890631676,
      0.031009294092655182,
      0.030582191422581673,
      0.028611814603209496,
      0.028019927442073822,
      0.028500959277153015,
      0.02598988264799118,
      0.025401249527931213,
      0.024349486455321312,
      0.023379093036055565,
      0.023007825016975403,
      0.02145399898290634,
      0.019823938608169556,
      0.019816413521766663,
      0.0185902938246727,
      0.017029041424393654,
      0.015369265340268612,
      0.015930378809571266,
      0.013627414591610432,
      0.013347973115742207,
      0.012187081389129162,
      0.011370367370545864,
      0.010335761122405529,
      0.009506753645837307,
      0.008460505865514278,
      0.008417789824306965,
      0.0076454682275652885,
      0.006550465244799852,
      0.005707332398742437,
      0.005187987815588713,
      0.005742275156080723,
      0.005298992618918419,
      0.004617499653249979,
      0.004613550845533609,
      0.004459748510271311,
      0.0040913913398981094,
      0.004277769476175308,
      0.0032404062803834677,
      0.003970105666667223,
      0.004029501229524612,
      0.0035805089864879847,
      0.0035765902139246464,
      0.003625913755968213,
      0.0032835931051522493,
      0.0035768637899309397,
      0.0032300897873938084,
      0.0033508986234664917,
      0.0033112887758761644,
      0.003718290012329817,
      0.0035472845192998648,
      0.003472066018730402,
      0.002871510572731495,
      0.0024254864547401667,
      0.0030139698646962643,
      0.0028529667761176825,
      0.0032449292484670877,
      0.0027200900949537754,
      0.0027588019147515297,
      0.0027367291040718555,
      0.002794219646602869,
      0.0026854979805648327,
      0.002393971662968397,
      0.002759843599051237,
      0.00244937208481133,
      0.003227527253329754,
      0.002327239839360118,
      0.0026607667095959187,
      0.002223257441073656,
      0.0027280342765152454,
      0.002479288261383772,
      0.002893732627853751,
      0.0022787274792790413,
      0.0026505226269364357,
      0.002506545977666974,
      0.002065397100523114,
      0.002161875367164612,
      0.002418814692646265,
      0.0025851214304566383,
      0.0025308914482593536,
      0.0022714552469551563,
      0.002085146028548479,
      0.0020868699066340923,
      0.002250957302749157,
      0.0019353651441633701,
      0.001810196554288268,
      0.0020648452918976545,
      0.0027216735761612654,
      0.002357657067477703,
      0.002167401136830449,
      0.0019431962864473462,
      0.001893465407192707,
      0.002478071954101324,
      0.0020804039668291807,
      0.001925819437019527,
      0.00240851822309196,
      0.0022998880594968796,
      0.0022658396046608686,
      0.002188633196055889,
      0.002073751064017415,
      0.0019209191668778658,
      0.0020739801693707705,
      0.002275641541928053,
      0.0021285670809447765,
      0.0024323121178895235,
      0.0019338242709636688,
      0.002304462715983391,
      0.0019630242604762316,
      0.002170794876292348,
      0.0021048395428806543,
      0.0020221020095050335,
      0.0021499821450561285,
      0.002013605320826173,
      0.001805376959964633,
      0.0018311116145923734,
      0.0017262911424040794,
      0.002245725365355611,
      0.001418157247826457,
      0.001967941876500845,
      0.0015912282979115844,
      0.0019058160251006484,
      0.0017884181579574943,
      0.0018204674124717712,
      0.002811574377119541,
      0.001848107553087175,
      0.0020676152780652046,
      0.0015259901992976665,
      0.0022383781615644693,
      0.002100953832268715,
      0.002094327937811613,
      0.001555982162244618,
      0.0018431406933814287,
      0.0014370046555995941,
      0.0019122959347441792,
      0.00195370614528656,
      0.0018372588092461228,
      0.0020723803900182247,
      0.0016795690171420574,
      0.002379706362262368,
      0.002011286560446024,
      0.002027453389018774,
      0.0025620930828154087,
      0.0018754301127046347,
      0.0020303355995565653,
      0.0016138553619384766,
      0.0019629960879683495,
      0.0014956895029172301,
      0.0016816777642816305,
      0.0018980312161147594,
      0.001682569389231503,
      0.00187868217471987,
      0.0018435853999108076,
      0.0017586073372513056,
      0.0016886587254703045,
      0.001968569355085492,
      0.0017033842159435153,
      0.0018175438744947314,
      0.00140633515547961,
      0.0015790883917361498,
      0.0019138307543471456,
      0.0016428882954642177,
      0.002153740730136633,
      0.0020925349090248346,
      0.002014154801145196,
      0.0017212493112310767,
      0.0016186533030122519,
      0.001766182598657906,
      0.0015404251171275973,
      0.0015524850459769368,
      0.002013913355767727,
      0.0016460499027743936,
      0.0018313067266717553,
      0.001989326672628522,
      0.001701093977317214,
      0.0015824094880372286,
      0.0015647703548893332,
      0.0018438540864735842,
      0.0023214477114379406,
      0.0015377291711047292,
      0.0014019643422216177,
      0.001889046747237444,
      0.001678312080912292,
      0.0024266245309263468,
      0.0015445367898792028,
      0.0018460304709151387,
      0.0016840804601088166,
      0.001594511792063713,
      0.0015656005125492811,
      0.0020300312899053097,
      0.0014662242028862238,
      0.0018693475285544991,
      0.0019695255905389786,
      0.0017885621637105942,
      0.001602523261681199,
      0.001829903107136488,
      0.0015706828562542796,
      0.0013863713247701526,
      0.001932467333972454,
      0.0016724917804822326,
      0.0016947132535278797,
      0.0015847814502194524,
      0.0016897099558264017,
      0.0018047241028398275,
      0.0015939135337248445,
      0.0013353528920561075,
      0.0023323730565607548,
      0.0021292082965373993,
      0.0018202660139650106,
      0.001913178013637662,
      0.0018818689277395606,
      0.001590636558830738,
      0.001755193225108087,
      0.001649798359721899,
      0.0015681075165048242,
      0.0013156356289982796,
      0.002064563799649477,
      0.0015485433395951986,
      0.001709628151729703,
      0.0021789465099573135,
      0.001534364535473287,
      0.001631051185540855,
      0.0017813247395679355,
      0.0014077902305871248,
      0.0016058983746916056,
      0.0017973579233512282,
      0.0017236694693565369,
      0.0018071784870699048,
      0.0018009310588240623,
      0.001630559447221458,
      0.0013843838823959231,
      0.0018264149548485875,
      0.0018160860054194927,
      0.001998023595660925,
      0.0017558166291564703,
      0.0014733835123479366,
      0.001961835427209735,
      0.0013967028353363276,
      0.0017184973694384098,
      0.0016823284095153213,
      0.0014100440312176943,
      0.0018028951017186046,
      0.0015830497723072767,
      0.0019029572140425444,
      0.0014183454914018512,
      0.00119368068408221,
      0.0015412805369123816,
      0.0018377359956502914,
      0.0015011474024504423,
      0.0017674461705610156,
      0.0014411450829356909,
