{
   "number_epochs": 500,
   "info_used": "use imputation",
   "perc_full_data": 0.03,
   "n_epochs_no_selection": 0,
   "Frequency % cutoff": 0.33,
   "hidden_size": 32,
   "random_state": 9,
   "train_errors": [
      0.06235945597290993,
      0.021338900551199913,
      0.017893990501761436,
      0.025797849521040916,
      0.024829784408211708,
      0.018254578113555908,
      0.014049584977328777,
      0.014295014552772045,
      0.014034176245331764,
      0.015342322178184986,
      0.015213496051728725,
      0.014000320807099342,
      0.012861603870987892,
      0.012685397639870644,
      0.01162647269666195,
      0.01186625100672245,
      0.012424918822944164,
      0.01271025650203228,
      0.011858013458549976,
      0.011210008524358273,
      0.010828077793121338,
      0.011975802481174469,
      0.011034578084945679,
      0.01090321596711874,
      0.010606326162815094,
      0.010281671769917011,
      0.010645979084074497,
      0.010773434303700924,
      0.010535144247114658,
      0.010820225812494755,
      0.010013788938522339,
      0.010825464501976967,
      0.01016220822930336,
      0.010509943589568138,
      0.010207575745880604,
      0.009323823265731335,
      0.010154801420867443,
      0.009738961234688759,
      0.0100187286734581,
      0.009217541664838791,
      0.009222562424838543,
      0.009455658495426178,
      0.009402623400092125,
      0.009049277752637863,
      0.008594576269388199,
      0.008788452483713627,
      0.00889500044286251,
      0.008703859522938728,
      0.008811131119728088,
      0.007872003130614758,
      0.007782120257616043,
      0.008104395121335983,
      0.007332625333219767,
      0.0076764533296227455,
      0.007268172688782215,
      0.0069651855155825615,
      0.0062195127829909325,
      0.006287394557148218,
      0.007393271662294865,
      0.006073555909097195,
      0.005979519337415695,
      0.005883699748665094,
      0.0050683100707829,
      0.0058100721798837185,
      0.005142479669302702,
      0.004297738894820213,
      0.00510840630158782,
      0.004226799122989178,
      0.0039048565085977316,
      0.0035066939890384674,
      0.003870429703965783,
      0.0035774928983300924,
      0.0034101540222764015,
      0.0030927760526537895,
      0.0028925850056111813,
      0.0022958468180149794,
      0.0021919759456068277,
      0.0027815287467092276,
      0.0024964604526758194,
      0.002143312245607376,
      0.0021353941410779953,
      0.002205941826105118,
      0.0022408573422580957,
      0.0018944740295410156,
      0.0017436811467632651,
      0.001609194092452526,
      0.001881331205368042,
      0.0018682604422792792,
      0.001589937717653811,
      0.001784874009899795,
      0.001848913379944861,
      0.0011866081040352583,
      0.0019688867032527924,
      0.001119415508583188,
      0.001835013972595334,
      0.001691528712399304,
      0.0017762572970241308,
      0.0015575807774439454,
      0.0019517738837748766,
      0.0010402172338217497,
      0.0017362377839162946,
      0.0014999291161075234,
      0.0012012908700853586,
      0.0014641728485003114,
      0.001150305848568678,
      0.0012482809834182262,
      0.001384432427585125,
      0.000978077994659543,
      0.00127859425265342,
      0.0009750582976266742,
      0.0014022205723449588,
      0.0017755321459844708,
      0.001148501643911004,
      0.0010395251447334886,
      0.001784673659130931,
      0.0010874401777982712,
      0.001674676313996315,
      0.001230234163813293,
      0.0013750193174928427,
      0.0013178845401853323,
      0.0013023095671087503,
      0.0009461274021305144,
      0.0010660318657755852,
      0.001147336675785482,
      0.0013797890860587358,
      0.0017517547821626067,
      0.0009678088827058673,
      0.0014486092841252685,
      0.0019476021407172084,
      0.001478972495533526,
      0.0008919062092900276,
      0.0008722306229174137,
      0.0013618983794003725,
      0.0011219962034374475,
      0.0011779643828049302,
      0.0008485441794618964,
      0.0015765874413773417,
      0.0007427351665683091,
      0.0009745756979100406,
      0.0010813538683578372,
      0.0013905841624364257,
      0.0009438571869395673,
      0.0011216688435524702,
      0.001316842739470303,
      0.0010176189243793488,
      0.001494990661740303,
      0.000939847668632865,
      0.0009190696873702109,
      0.0010284254094585776,
      0.0008307393291033804,
      0.0009270081063732505,
      0.0008684119093231857,
      0.0009632292785681784,
      0.0009251737501472235,
      0.0012718799989670515,
      0.0009672786691226065,
      0.0008690195390954614,
      0.0010345055488869548,
      0.0007023393409326673,
      0.0009337750379927456,
      0.001086133997887373,
      0.0009806096786633134,
      0.0010760478908196092,
      0.0008269764948636293,
      0.0010568625293672085,
      0.0010505957761779428,
      0.0009774293284863234,
      0.0010991959134116769,
      0.0015440601855516434,
      0.0011138764675706625,
      0.000793060811702162,
      0.0005762659129686654,
      0.0009577985038049519,
      0.000828039541374892,
      0.0009600187768228352,
      0.0008947091409936547,
      0.0008889582823030651,
      0.0007465876406058669,
      0.0005859994562342763,
      0.0006262020906433463,
      0.000917568919248879,
      0.0006464552716352046,
      0.0007046356331557035,
      0.000838911219034344,
      0.0011458983644843102,
      0.0009763826965354383,
      0.0006945744971744716,
      0.0010668961331248283,
      0.0006359993712976575,
      0.000647178094368428,
      0.0008639592560939491,
      0.000733601045794785,
      0.0010127414716407657,
      0.000716403650585562,
      0.0008031035540625453,
      0.0013150101294741035,
      0.0007536947377957404,
      0.0005564008606597781,
      0.0006510516395792365,
      0.0007140245870687068,
      0.000905837572645396,
      0.0010140060912817717,
      0.0010201785480603576,
      0.0007827812805771828,
      0.0014283868949860334,
      0.0006589366239495575,
      0.0006012659287080169,
      0.0009135843720287085,
      0.0008926389855332673,
      0.0005986833130009472,
      0.0005536995595321059,
      0.0007574927294626832,
      0.0005524177686311305,
      0.0006649381248280406,
      0.0006348571041598916,
      0.0007765490445308387,
      0.000559502630494535,
      0.0006922045140527189,
      0.0005994371022097766,
      0.0005980284768156707,
      0.0006567086675204337,
      0.0009539230959489942,
      0.0005654323613271117,
      0.0006399329286068678,
      0.000902898027561605,
      0.0007381580071523786,
      0.0007197922095656395,
      0.000470328435767442,
      0.0010323238093405962,
      0.0006719182711094618,
      0.0005579681019298732,
      0.0006222827360033989,
      0.0005932445055805147,
      0.000496452848892659,
      0.0004902934306301177,
      0.0008078140672296286,
      0.0006919825682416558,
      0.000617283396422863,
      0.0007105706026777625,
      0.0007097891066223383,
      0.0005917735397815704,
      0.0005765845999121666,
      0.0005717566818930209,
      0.0008712650742381811,
      0.0005037946975789964,
      0.0009317479562014341,
      0.000684696773532778,
      0.0007696027169004083,
      0.00045765613322146237,
      0.0007062312797643244,
      0.0004892273573204875,
      0.0007833308773115277,
      0.0005462413537316024,
      0.0005260365433059633,
      0.000841285043861717,
      0.000546271912753582,
      0.0008663510670885444,
      0.0009454009705223143,
      0.0005289185210131109,
      0.0006114476709626615,
      0.0005808104760944843,
      0.0005719130858778954,
      0.000596454949118197,
      0.0007184062851592898,
      0.0007836060831323266,
      0.00078663817839697,
      0.0007644814904779196,
      0.0005051215994171798,
      0.0005573768285103142,
      0.0004662215360440314,
      0.0005871785688214004,
      0.0007293765665963292,
