{
   "number_epochs": 500,
   "info_used": "use imputation",
   "perc_full_data": 0.02,
   "n_epochs_no_selection": 0,
   "Frequency % cutoff": 0.33,
   "hidden_size": 32,
   "random_state": 8,
   "train_errors": [
      0.012247654609382153,
      0.013077786192297935,
      0.011068383231759071,
      0.011116992682218552,
      0.010305582545697689,
      0.010309567674994469,
      0.009859376586973667,
      0.009357425384223461,
      0.009888708591461182,
      0.008710607886314392,
      0.008530287072062492,
      0.0086095305159688,
      0.009147277101874352,
      0.008230116218328476,
      0.008334417827427387,
      0.007640400435775518,
      0.007267141714692116,
      0.0075523522682487965,
      0.007623596582561731,
      0.0070617422461509705,
      0.006777182687073946,
      0.006539587862789631,
      0.006110856309533119,
      0.006007103715091944,
      0.0060442849062383175,
      0.005567664280533791,
      0.0055080302990973,
      0.0052688242867589,
      0.0048287855461239815,
      0.005684294737875462,
      0.00492365937680006,
      0.004193521104753017,
      0.003942672163248062,
      0.004545583389699459,
      0.00359141593798995,
      0.0036889503244310617,
      0.0033818185329437256,
      0.003223639912903309,
      0.0032132465858012438,
      0.0035722774919122458,
      0.002900834893807769,
      0.0028957300819456577,
      0.002736684400588274,
      0.0026040237862616777,
      0.0026695833075791597,
      0.002747585065662861,
      0.002097811084240675,
      0.0025007508229464293,
      0.0023659802973270416,
      0.002491025486961007,
      0.0013767548371106386,
      0.0026716128922998905,
      0.002548652933910489,
      0.002253419952467084,
      0.0023259175941348076,
      0.0029131672345101833,
      0.0022052302956581116,
      0.0020955137442797422,
      0.0018622595816850662,
      0.0020084280986338854,
      0.0020193704403936863,
      0.0017732277046889067,
      0.002380399964749813,
      0.0018147770315408707,
      0.001987973926588893,
      0.0019600000232458115,
      0.0011732314014807343,
      0.0017217259155586362,
      0.0014983416767790914,
      0.0020041002426296473,
      0.0014455541968345642,
      0.0015297712525352836,
      0.0012937512947246432,
      0.0020240426529198885,
      0.0014384816167876124,
      0.0016163585241883993,
      0.0013798769796267152,
      0.0014399606734514236,
      0.0015362926060333848,
      0.0014649387449026108,
      0.0013078103074803948,
      0.001509854686446488,
      0.001764287007972598,
      0.0010934958700090647,
      0.0011765211820602417,
      0.0015504502225667238,
      0.0010066216345876455,
      0.001118270680308342,
      0.0012620191555470228,
      0.00123025628272444,
      0.001105135539546609,
      0.0010234873043373227,
      0.0011415808694437146,
      0.0013757769484072924,
      0.0013789444928988814,
      0.0008939792751334608,
      0.0011174072278663516,
      0.0011734162690117955,
      0.0010225290898233652,
      0.0009233649470843375,
      0.0008559824782423675,
      0.0009460722212679684,
      0.001981420209631324,
      0.0010697374818846583,
      0.0010095572797581553,
      0.001045186654664576,
      0.0009057276183739305,
      0.0008809221908450127,
      0.0011448018485680223,
      0.0009948443621397018,
      0.0009062435128726065,
      0.0013792942045256495,
      0.001003227662295103,
      0.0008019215310923755,
      0.001291685737669468,
      0.0009338854579254985,
      0.000741032708901912,
      0.002098470227792859,
      0.0009890294168144464,
      0.0009951931424438953,
      0.0010968644637614489,
      0.0008553786901757121,
      0.0009743919363245368,
      0.0007583750993944705,
      0.0008467522566206753,
      0.001988098258152604,
      0.0017522549023851752,
      0.001225541695021093,
      0.0009027165942825377,
      0.0010202738922089338,
      0.0008275847649201751,
      0.0009583175415173173,
      0.0008360030478797853,
      0.0009440898429602385,
      0.0008607046911492944,
      0.0015668179839849472,
      0.00070666812825948,
      0.0006572327692992985,
      0.0006491888780146837,
      0.0009601401397958398,
      0.0008865642012096941,
      0.0006198341143317521,
      0.0006499870214611292,
      0.001020238851197064,
      0.0013961129589006305,
      0.0007017761818133295,
      0.0007533913594670594,
      0.0008737523457966745,
      0.0006899741711094975,
      0.00066096376394853,
      0.0006212607258930802,
      0.001980092842131853,
      0.0009552061092108488,
      0.0007303677848540246,
      0.0005696386215277016,
      0.0008140603313222528,
      0.0007689010235480964,
      0.0007042331271804869,
      0.0007108128047548234,
      0.0007261426071636379,
      0.0006479152943938971,
      0.0006897890125401318,
      0.0006640709470957518,
      0.0009046630002558231,
      0.0006532473489642143,
      0.0006592863937839866,
      0.0009213092853315175,
      0.0005930543993599713,
      0.0005428845761343837,
      0.0017149931518360972,
      0.0007201052503660321,
      0.0008725955849513412,
      0.0006899271975271404,
      0.0007074883906170726,
      0.00075497105717659,
      0.0006800327682867646,
      0.000618502264842391,
      0.0006802157731726766,
      0.0007036163005977869,
      0.0018124167108908296,
      0.0007333644316531718,
      0.0010896024759858847,
      0.0005894480273127556,
      0.0007545790285803378,
      0.0006314469501376152,
      0.0005347522092051804,
      0.0005716243176721036,
      0.0005861682584509254,
      0.0005885387654416263,
      0.0007129162549972534,
      0.0006190858548507094,
      0.0006153763388283551,
      0.0007739354623481631,
      0.0006321916589513421,
      0.0006444540340453386,
      0.0006346325972117484,
      0.0007213418721221387,
      0.0006867875345051289,
      0.0007966634002514184,
      0.0006747692823410034,
      0.0006214636377990246,
      0.0007843627245165408,
      0.0005633021355606616,
      0.0006933368276804686,
      0.0009676076006144285,
      0.0006491771200671792,
      0.0007830091053619981,
      0.0005767809343524277,
      0.0008155127288773656,
      0.0006618105689994991,
      0.0010519269853830338,
      0.0007060575881041586,
      0.0006670228322036564,
      0.0005554022500291467,
      0.0005637587746605277,
      0.0006424786988645792,
      0.0009317382937297225,
      0.0006560388137586415,
      0.0006636845064349473,
      0.0005976909887976944,
      0.0006810363265685737,
      0.0007493518060073256,
      0.0005305945524014533,
      0.0006113016861490905,
      0.0007390150567516685,
      0.0006207009428180754,
      0.00066257209982723,
      0.0005445125862024724,
      0.0006229366408661008,
      0.0007153985789045691,
      0.0006017563282512128,
      0.0011107759783044457,
      0.0006202252116054296,
      0.0006357567617669702,
      0.0007142022950574756,
      0.0006079714512452483,
      0.0006561639020219445,
      0.0007369490340352058,
      0.0004662289284169674,
      0.0005418999353423715,
      0.0008469623862765729,
      0.0006152684800326824,
      0.0005095109809190035,
      0.0005307020037434995,
      0.0006213649176061153,
      0.000556868442799896,
      0.0008210705127567053,
      0.0006727767176926136,
      0.0010812663240358233,
      0.000652640126645565,
      0.0006698583601973951,
      0.0006492508691735566,
      0.0007543967803940177,
      0.0005153894890099764,
      0.00060565973399207,
      0.0007776588900014758,
      0.0005129567580297589,
      0.0005658047157339752,
      0.0004443855141289532,
      0.001291028456762433,
      0.0007418184541165829,
      0.0004953196039423347,
      0.0006327765295282006,
      0.0005725962109863758,
      0.00047631250345148146,
      0.0006363640422932804,
      0.000606514688115567,
      0.0005489366012625396,
      0.0005455703940242529,
      0.0006909397197887301,
      0.0010458423057571054,
