{
   "number_epochs": 500,
   "info_used": "use imputation",
   "perc_full_data": 0.02,
   "n_epochs_no_selection": 0,
   "Frequency % cutoff": 0.33,
   "hidden_size": 32,
   "random_state": 0,
   "train_errors": [
      0.048611901700496674,
      0.02100265584886074,
      0.015016723424196243,
      0.01949772983789444,
      0.018891507759690285,
      0.016114478930830956,
      0.013828259892761707,
      0.01303969044238329,
      0.01279105432331562,
      0.012816482223570347,
      0.012820987962186337,
      0.012595857493579388,
      0.011949948966503143,
      0.01143080834299326,
      0.011368773877620697,
      0.011297807097434998,
      0.011455067433416843,
      0.011397895403206348,
      0.011416158638894558,
      0.01092046219855547,
      0.010799171403050423,
      0.011019304394721985,
      0.010927372612059116,
      0.01085798628628254,
      0.010531743988394737,
      0.010691488161683083,
      0.01064317487180233,
      0.0103623541072011,
      0.009911376051604748,
      0.010306169278919697,
      0.00987499114125967,
      0.009743803180754185,
      0.010053438134491444,
      0.009845915250480175,
      0.009447414427995682,
      0.009276635944843292,
      0.009380857460200787,
      0.009274284355342388,
      0.009010645560920238,
      0.009147019125521183,
      0.009034432470798492,
      0.008154435083270073,
      0.00855221040546894,
      0.008112560957670212,
      0.007595261093229055,
      0.007799297571182251,
      0.007453364320099354,
      0.007685921620577574,
      0.007556377910077572,
      0.0065712593495845795,
      0.006804244127124548,
      0.006418983917683363,
      0.006487329490482807,
      0.005587592255324125,
      0.005846088752150536,
      0.004770082421600819,
      0.004980691242963076,
      0.004820932634174824,
      0.0042654238641262054,
      0.0045587122440338135,
      0.0038456209003925323,
      0.003341961419209838,
      0.0037667055148631334,
      0.0033178513403981924,
      0.0035716774873435497,
      0.003920171409845352,
      0.0031868554651737213,
      0.0034487578086555004,
      0.003188850823789835,
      0.0031770344357937574,
      0.0023784860968589783,
      0.0027696751058101654,
      0.002188107231631875,
      0.0027169447857886553,
      0.0019879222381860018,
      0.002789660356938839,
      0.0019931416027247906,
      0.0017509375466033816,
      0.0016001322073861957,
      0.0017738823080435395,
      0.0025023201014846563,
      0.0017095159273594618,
      0.0021048078779131174,
      0.0026275080163031816,
      0.0024277837947010994,
      0.0016204125713557005,
      0.002206591423600912,
      0.0016165920533239841,
      0.0017990764463320374,
      0.0018098627915605903,
      0.0015501994639635086,
      0.0012972336262464523,
      0.0014781092759221792,
      0.001302680466324091,
      0.0018840371631085873,
      0.0015202569775283337,
      0.0015271808952093124,
      0.0014138332335278392,
      0.0013643272686749697,
      0.0013135138433426619,
      0.0013347170315682888,
      0.001119967782869935,
      0.001443365472368896,
      0.0019823736511170864,
      0.001193690113723278,
      0.0012242008233442903,
      0.0010156258940696716,
      0.0015525034395977855,
      0.0013632075861096382,
      0.0018750475719571114,
      0.0013790007214993238,
      0.0017736421432346106,
      0.0009400749113410711,
      0.0011245048372074962,
      0.0011196390260010958,
      0.0013992724707350135,
      0.001481601968407631,
      0.0009909257059916854,
      0.0011746042873710394,
      0.0010110818548128009,
      0.0010699802078306675,
      0.0011853765463456511,
      0.0014497650554403663,
      0.0011394110042601824,
      0.0012998891761526465,
      0.0010609135497361422,
      0.0010708678746595979,
      0.0011433666804805398,
      0.0012711999006569386,
      0.001286177197471261,
      0.0010324169415980577,
      0.0011529986513778567,
      0.0015423344448208809,
      0.0013111577136442065,
      0.0014499928802251816,
      0.0012448207708075643,
      0.0009188017575070262,
      0.0010576259810477495,
      0.0012485786573961377,
      0.00141420541331172,
      0.0012416727840900421,
      0.0010464790975674987,
      0.0012027759803459048,
      0.0009382365387864411,
      0.0011035669595003128,
      0.0012783935526385903,
      0.0015301485545933247,
      0.0009163253707811236,
      0.0015898662386462092,
      0.0011818341445177794,
      0.0014512132620438933,
      0.001393873943015933,
      0.0010265280725434422,
      0.0010493635199964046,
      0.0009289458394050598,
      0.0008684095810167491,
      0.0008651513489894569,
      0.0013296932447701693,
      0.0008835428161546588,
      0.0009312218753620982,
      0.001068664831109345,
      0.0009958295850083232,
      0.0015083785401657224,
      0.001048582373186946,
      0.0009228152339346707,
      0.00129705888684839,
      0.0011186953634023666,
      0.0013750232756137848,
      0.0017435341142117977,
      0.0007713416707701981,
      0.0009640513453632593,
      0.0008258583839051425,
      0.0010560427326709032,
      0.0009378193062730134,
      0.0011144012678414583,
      0.0008200674201361835,
      0.0008879872621037066,
      0.0010556855704635382,
      0.0009066937491297722,
      0.0009714961051940918,
      0.0007358560687862337,
      0.001250988687388599,
      0.0010082710068672895,
      0.0008275218424387276,
      0.0011733531719073653,
      0.0009250013390555978,
      0.0009190477430820465,
      0.0010159314842894673,
      0.0010214593494310975,
      0.0010410075774416327,
      0.0015025463653728366,
      0.0009846988832578063,
      0.00098043296020478,
      0.001170450123026967,
      0.0010964045068249106,
      0.0008026895229704678,
      0.0011860195081681013,
      0.0008515500230714679,
      0.0007518993807025254,
      0.0009173614671453834,
      0.0006657894118689001,
      0.000795473693870008,
      0.0010961557272821665,
      0.0007353690452873707,
      0.001219649682752788,
      0.0010415010619908571,
      0.0011611023219302297,
      0.0009146311786025763,
      0.0008012565667741001,
      0.0009621962672099471,
      0.0007506707916036248,
      0.0011361405486240983,
      0.0007185889990068972,
      0.0008270374964922667,
      0.0009520400199107826,
      0.0008503215503878891,
      0.0010758433490991592,
      0.0008152752416208386,
      0.0008680943283252418,
      0.0009947424987331033,
      0.0007379130111075938,
      0.0011413652682676911,
      0.0007217121892608702,
      0.001102467067539692,
      0.0009345621801912785,
      0.0012146813096478581,
      0.000855939113534987,
      0.0007874793373048306,
      0.0006841419381089509,
      0.0012101862812414765,
      0.0007338841678574681,
      0.0009493840043433011,
      0.0007874186267144978,
      0.0007265107706189156,
      0.0007368295919150114,
      0.0007965980330482125,
      0.0007520891958847642,
      0.0008384303655475378,
      0.001035346882417798,
      0.0009714591433294117,
      0.0007738874992355704,
      0.000776305387262255,
      0.000843316491227597,
      0.0009964621858671308,
      0.0007130790036171675,
      0.0009867118205875158,
      0.000683824997395277,
      0.0007744421600364149,
      0.0007000329787842929,
      0.0008258091402240098,
      0.0006868025520816445,
      0.0007279522833414376,
      0.0007527473499067128,
      0.0008540314738638699,
      0.000945187930483371,
      0.0006469845538958907,
      0.000942015671171248,
      0.0007411165279336274,
      0.0007162803667597473,
      0.0008062651031650603,
      0.0010224004508927464,
      0.0006800235714763403,
      0.0006714353221468627,
      0.0009477796265855432,
      0.0007346767233684659,
      0.0010266307508572936,
      0.0007512728916481137,
      0.0008555948734283447,
      0.0007496579200960696,
      0.0008155690738931298,
      0.0009594312869012356,
