{
   "number_epochs": 500,
   "info_used": "use imputation",
   "perc_full_data": 0.02,
   "n_epochs_no_selection": 0,
   "Frequency % cutoff": 0.33,
   "hidden_size": 32,
   "random_state": 7,
   "train_errors": [
      0.011855797842144966,
      0.011055799201130867,
      0.012040254659950733,
      0.010628166608512402,
      0.009691447950899601,
      0.00984145700931549,
      0.009892955422401428,
      0.009648936800658703,
      0.009169171564280987,
      0.009118237532675266,
      0.009153231978416443,
      0.0091185811907053,
      0.008877464570105076,
      0.008771422319114208,
      0.008779498748481274,
      0.008434773422777653,
      0.008411085233092308,
      0.00832029152661562,
      0.008244751952588558,
      0.008233661763370037,
      0.007899847812950611,
      0.0077784559689462185,
      0.00753770163282752,
      0.007383749354630709,
      0.007047607097774744,
      0.0070197684690356255,
      0.006880466360598803,
      0.006282349117100239,
      0.006242803763598204,
      0.00593846058472991,
      0.005149346310645342,
      0.005673812702298164,
      0.005327056627720594,
      0.004485162906348705,
      0.004593010526150465,
      0.004239108879119158,
      0.00372303812764585,
      0.004142871126532555,
      0.003823277074843645,
      0.003979898989200592,
      0.0040945736691355705,
      0.0030099519062787294,
      0.00340724503621459,
      0.003137329826131463,
      0.0025900970213115215,
      0.0024968143552541733,
      0.0030636501032859087,
      0.0028868024237453938,
      0.002575554419308901,
      0.002662734827026725,
      0.0022478639148175716,
      0.0020569206681102514,
      0.0019816067069768906,
      0.0018825037404894829,
      0.0018423143774271011,
      0.0019336764235049486,
      0.002179128583520651,
      0.0021076700650155544,
      0.00160415715072304,
      0.0016064982628449798,
      0.0016553285531699657,
      0.0013484080554917455,
      0.001947360229678452,
      0.0014419377548620105,
      0.001411385484971106,
      0.0013860092731192708,
      0.0012827049940824509,
      0.0016084241215139627,
      0.0017014628974720836,
      0.0014239326119422913,
      0.0014146213652566075,
      0.0010200884426012635,
      0.001259712502360344,
      0.0010889110853895545,
      0.0010422657942399383,
      0.0015188563847914338,
      0.0011471821926534176,
      0.0011408315040171146,
      0.0012894738465547562,
      0.0010179494274780154,
      0.0015504410257562995,
      0.000876511272508651,
      0.0014116645324975252,
      0.0009381968411616981,
      0.0012159876059740782,
      0.0009876963449642062,
      0.0009613355505280197,
      0.0009215801255777478,
      0.0008650828967802227,
      0.0010337203275412321,
      0.0009617802570573986,
      0.0010918754851445556,
      0.0009050443768501282,
      0.000958041287958622,
      0.000915349752176553,
      0.0010446563828736544,
      0.0007839783793315291,
      0.0006186181562952697,
      0.00076763128163293,
      0.0007956897607073188,
      0.0010519345523789525,
      0.0008591362275183201,
      0.000885572109837085,
      0.0005406889249570668,
      0.0009119110181927681,
      0.001038565649650991,
      0.0006843219744041562,
      0.0007498112390749156,
      0.0006706984713673592,
      0.0007832104456610978,
      0.0011959467083215714,
      0.0009299883968196809,
      0.0007019390468485653,
      0.0008090673363767564,
      0.0010426979279145598,
      0.00079527054913342,
      0.0010454070288687944,
      0.0005524088628590107,
      0.000529961078427732,
      0.0007784974877722561,
      0.000657569442410022,
      0.0006522623007185757,
      0.0005697716260328889,
      0.0015668778214603662,
      0.0006562116905115545,
      0.0006959382444620132,
      0.0006199663039296865,
      0.0006760759861208498,
      0.0006911486270837486,
      0.0005257564480416477,
      0.0006215441972017288,
      0.0006410203641280532,
      0.0007764965994283557,
      0.0006441293517127633,
      0.0006014561513438821,
      0.0006641927757300436,
      0.0005190831143409014,
      0.0006860228604637086,
      0.0004963618703186512,
      0.0006069886730983853,
      0.0006550149992108345,
      0.0006074796547181904,
      0.0005965529708191752,
      0.0005750980926677585,
      0.0005485644796863198,
      0.0006455305265262723,
      0.0005575097748078406,
      0.0006434610113501549,
      0.0006121302139945328,
      0.000737946480512619,
      0.00046836724504828453,
      0.0005592959932982922,
      0.0008303768117912114,
      0.0005914490902796388,
      0.0005002124235033989,
      0.0006276675849221647,
      0.0006552879931405187,
      0.0007040089112706482,
      0.0006286966963671148,
      0.0007636587833985686,
      0.0005747370887547731,
      0.0005553691880777478,
      0.000399300130084157,
      0.0005845905980095267,
      0.0004902654327452183,
      0.0007712576771155,
      0.0004655334632843733,
      0.0004969210713170469,
      0.0006646122201345861,
      0.0005514773656614125,
      0.0005361019284464419,
      0.000495738466270268,
      0.0006195302703417838,
      0.0005345850950106978,
      0.0008588542114011943,
      0.0005360966315492988,
      0.0006033850950188935,
      0.00046430478687398136,
      0.0005889083840884268,
      0.0005753834266215563,
      0.00046188136911951005,
      0.000654976989608258,
      0.000622421910520643,
      0.0004992068279534578,
      0.0004950195434503257,
      0.0005764885572716594,
      0.00045188108924776316,
      0.0006021395092830062,
      0.0006936215213499963,
      0.0008040076354518533,
      0.0005199685110710561,
      0.0007890494889579713,
      0.000567511364351958,
      0.0004511214210651815,
      0.000643582665361464,
      0.000532231293618679,
      0.0009039128781296313,
      0.0006074631819501519,
      0.0005746547249145806,
      0.0005686400691047311,
      0.0006080285529606044,
      0.0004141070821788162,
      0.00045977355330251157,
      0.0006735508213751018,
      0.0006951167015358806,
      0.0006698569050058722,
      0.0008941256674006581,
      0.0004429096879903227,
      0.0006215926841832697,
      0.0007868680404499173,
      0.0005349779385142028,
      0.00040428873035125434,
      0.0005606244085356593,
      0.00047046609688550234,
      0.0006780861294828355,
      0.0004839717876166105,
      0.0006023659370839596,
      0.00038860071799717844,
      0.0005686263903044164,
      0.0004659010155592114,
      0.0005298589239828289,
      0.0005182247841730714,
      0.0006355134537443519,
      0.0005455498467199504,
      0.0005057142698206007,
      0.0005149202770553529,
      0.000544395879842341,
      0.0005841519450768828,
      0.000517309526912868,
      0.000447635306045413,
      0.0004996359348297119,
      0.0005029403837397695,
      0.0005099413101561368,
      0.0004970774753019214,
      0.000518702669069171,
      0.000501294678542763,
      0.00039186206413432956,
      0.0005421797395683825,
      0.00049881252925843,
      0.0005317904287949204,
      0.0005381352384574711,
      0.0004972493043169379,
      0.0004726772313006222,
      0.0004962830571457744,
      0.0004713455855380744,
      0.00038423313526436687,
      0.0003324286371935159,
      0.0005046153673902154,
      0.0005117615801282227,
      0.0005990698700770736,
      0.0006392566137947142,
      0.00047463056398555636,
      0.0006933857221156359,
      0.00041542333201505244,
      0.0005110402125865221,
      0.00042769545689225197,
      0.00044655846431851387,
      0.0005399843794293702,
      0.00044775885180570185,
      0.00040727542364038527,
      0.0003596792812459171,
      0.00042668552487157285,
      0.0003755095531232655,
      0.000531323254108429,
      0.0005406399723142385,
      0.0006171224522404373,
      0.0004326854250393808,
      0.0005741019267588854,
      0.0004765432677231729,
      0.0005595188704319298,
