{
   "number_epochs": 200,
   "info_used": "use known only",
   "perc_full_data": 0.025,
   "n_epochs_no_selection": 0,
   "Frequency % cutoff": 0.25,
   "hidden_size": 32,
   "random_state": 19,
   "train_errors": [
      0.2938409447669983,
      0.24834281206130981,
      0.2053140103816986,
      0.16730767488479614,
      0.1352539360523224,
      0.10631170123815536,
      0.08111127465963364,
      0.060097143054008484,
      0.045529160648584366,
      0.03658675029873848,
      0.030572790652513504,
      0.03037751093506813,
      0.030348021537065506,
      0.031797006726264954,
      0.032491907477378845,
      0.03210671246051788,
      0.03062611259520054,
      0.028909102082252502,
      0.028598802164196968,
      0.027375349774956703,
      0.027164174243807793,
      0.025753067806363106,
      0.025678426027297974,
      0.026095272973179817,
      0.02414010465145111,
      0.023923715576529503,
      0.023351415991783142,
      0.02359739877283573,
      0.024365130811929703,
      0.024968838319182396,
      0.023185914382338524,
      0.022526565939188004,
      0.022424237802624702,
      0.022682107985019684,
      0.022975517436861992,
      0.022944876924157143,
      0.022845575585961342,
      0.023185396566987038,
      0.02173931896686554,
      0.02300754003226757,
      0.021779922768473625,
      0.02201230637729168,
      0.022765303030610085,
      0.02233097143471241,
      0.022338077425956726,
      0.022813789546489716,
      0.021900532767176628,
      0.022108426317572594,
      0.022244445979595184,
      0.02251364290714264,
      0.021780507639050484,
      0.022680627182126045,
      0.021832605823874474,
      0.021636107936501503,
      0.022156745195388794,
      0.02243400551378727,
      0.02254178561270237,
      0.021398579701781273,
      0.022007383406162262,
      0.021881040185689926,
      0.0226740762591362,
      0.021966293454170227,
      0.02215627022087574,
      0.021283801645040512,
      0.021743834018707275,
      0.022268926724791527,
      0.02266809158027172,
      0.02192752994596958,
      0.02091728337109089,
      0.02201252244412899,
      0.022199265658855438,
      0.021524790674448013,
      0.021704260259866714,
      0.020822487771511078,
      0.02208815887570381,
      0.021547390148043633,
      0.02276148833334446,
      0.021837599575519562,
      0.022509535774588585,
      0.02175110951066017,
      0.02146044559776783,
      0.021278848871588707,
      0.021429646760225296,
      0.021713586524128914,
      0.022350715473294258,
      0.02109580673277378,
      0.02108542062342167,
      0.02154972404241562,
      0.021599862724542618,
      0.020952343940734863,
      0.0216227900236845,
      0.02185308374464512,
      0.020733259618282318,
      0.021132079884409904,
      0.02229733020067215,
      0.02092667669057846,
      0.02115049585700035,
      0.021941974759101868,
      0.022046124562621117,
      0.021600082516670227,
      0.021515989676117897,
      0.021352408453822136,
      0.0217466801404953,
      0.021137891337275505,
      0.02165505848824978,
      0.021333586424589157,
      0.021427886560559273,
      0.021997671574354172,
      0.020797615870833397,
      0.021272437646985054,
      0.02148616500198841,
      0.021539805456995964,
      0.021159658208489418,
      0.02161340042948723,
      0.02105281874537468,
      0.021564504131674767,
      0.021736491471529007,
      0.02119302935898304,
      0.020685816183686256,
      0.020975733175873756,
      0.021634621545672417,
      0.021453402936458588,
      0.021286290138959885,
      0.02064688876271248,
      0.020864535123109818,
      0.021582936868071556,
      0.02119283378124237,
      0.021542582660913467,
      0.02093474566936493,
      0.022090913727879524,
      0.020783953368663788,
      0.021294739097356796,
      0.020818378776311874,
      0.02124626375734806,
      0.021877668797969818,
      0.02122344635426998,
      0.021375175565481186,
      0.021385593339800835,
      0.02114965207874775,
      0.021036211401224136,
      0.020764946937561035,
      0.02171577326953411,
      0.02095462940633297,
      0.02143055945634842,
      0.020794400945305824,
      0.021563595160841942,
      0.02129126526415348,
      0.021191131323575974,
      0.020862208679318428,
      0.021432479843497276,
      0.020823579281568527,
      0.02119995467364788,
      0.02064095064997673,
      0.02071933075785637,
      0.021065646782517433,
      0.021554527804255486,
      0.021038496866822243,
      0.020942967385053635,
      0.021285511553287506,
      0.02095869742333889,
      0.02105676755309105,
      0.020980343222618103,
      0.021758951246738434,
      0.021941816434264183,
      0.020837634801864624,
      0.021366393193602562,
      0.02119118720293045,
      0.021014437079429626,
      0.020882990211248398,
      0.02123766951262951,
      0.021095504984259605,
      0.021373046562075615,
      0.021200234070420265,
      0.02091969922184944,
      0.021253762766718864,
      0.021262768656015396,
      0.020823145285248756,
      0.02098928578197956,
      0.020898684859275818,
      0.02116701938211918,
      0.020867757499217987,
      0.020623238757252693,
      0.02121879905462265,
      0.021064849570393562,
      0.021434349939227104,
      0.02195778116583824,
      0.020992694422602654,
      0.020641574636101723,
      0.02154509723186493,
      0.02095898427069187,
      0.020532574504613876,
      0.021458229050040245,
      0.020786944776773453,
      0.020474620163440704,
      0.020522261038422585,
      0.021438956260681152,
      0.021319681778550148,
      0.021295487880706787,
      0.021477922797203064,
      0.02162538841366768
   ],
   "valid_errors": [
      0.28517842292785645,
      0.09716254472732544,
      0.02674655057489872,
      0.02806895412504673,
      0.023423882201313972,
      0.021655751392245293,
      0.021028175950050354,
      0.02089032344520092,
      0.02079242467880249,
      0.02058214694261551,
      0.020458057522773743,
      0.020361291244626045,
      0.020360758528113365,
      0.020345965400338173,
      0.020287679508328438,
      0.02027890272438526,
      0.020254801958799362,
      0.02023155428469181,
      0.020223194733262062,
      0.02023056522011757,
      0.020246140658855438,
      0.0201904084533453,
      0.020178314298391342,
      0.02018040232360363,
      0.02015548385679722,
      0.020138761028647423,
      0.02014569751918316,
      0.020104648545384407,
      0.02017384022474289,
      0.020114755257964134,
      0.02009076625108719,
      0.020074397325515747,
      0.020043017342686653,
      0.020079728215932846,
      0.02005341835319996,
      0.020016353577375412,
      0.01999356411397457,
      0.020043136551976204,
      0.019967537373304367,
      0.019986480474472046,
      0.020038852468132973
   ],
   "val_epochs": [
      0,
      5,
      10,
      15,
      20,
      25,
      30,
      35,
      40,
      45,
      50,
      55,
      60,
      65,
      70,
      75,
      80,
      85,
      90,
      95,
      100,
      105,
      110,
      115,
      120,
      125,
      130,
      135,
      140,
      145,
      150,
      155,
      160,
      165,
      170,
      175,
      180,
      185,
      190,
      195,
      199
   ],
   "input_data_path": "../data/wine/red_wine.csv",
   "gradwcontext": true,
   "Encompassing Param": 0.1,
   "Normalize Grads & Contx": false,
   "cluster_all_classes": false,
   "imputation method": "",
   "model_dropout": 0.05,
   "model_type": "mlp",
   "problem_type": "regression"
}