{
   "number_epochs": 200,
   "info_used": "use known only",
   "perc_full_data": 0.025,
   "n_epochs_no_selection": 0,
   "Frequency % cutoff": 0.25,
   "hidden_size": 32,
   "random_state": 29,
   "train_errors": [
      0.23147553205490112,
      0.20041939616203308,
      0.1698428839445114,
      0.14247249066829681,
      0.11806520819664001,
      0.09548104554414749,
      0.07537171989679337,
      0.057004667818546295,
      0.042596668004989624,
      0.03378608450293541,
      0.02964302897453308,
      0.02823939174413681,
      0.028588738292455673,
      0.029995063319802284,
      0.030562348663806915,
      0.02938711829483509,
      0.029588324949145317,
      0.027545003220438957,
      0.028657859191298485,
      0.027737941592931747,
      0.027738293632864952,
      0.026893969625234604,
      0.028054943308234215,
      0.027569245547056198,
      0.0281931534409523,
      0.02781292423605919,
      0.027132734656333923,
      0.026750676333904266,
      0.026466723531484604,
      0.026568269357085228,
      0.026436911895871162,
      0.02777966670691967,
      0.026872942224144936,
      0.025996018201112747,
      0.025909200310707092,
      0.02558882161974907,
      0.02598562464118004,
      0.026587462052702904,
      0.026077529415488243,
      0.02613561786711216,
      0.025686461478471756,
      0.02445800229907036,
      0.025391150265932083,
      0.025429293513298035,
      0.02514067478477955,
      0.025662966072559357,
      0.024569610133767128,
      0.025392478331923485,
      0.02497880533337593,
      0.02444668486714363,
      0.024360330775380135,
      0.02491813711822033,
      0.02421473152935505,
      0.023522300645709038,
      0.024092549458146095,
      0.024231355637311935,
      0.023434413596987724,
      0.02391715534031391,
      0.023164993152022362,
      0.023630011826753616,
      0.02290443703532219,
      0.023771358653903008,
      0.02351667918264866,
      0.023154282942414284,
      0.022320857271552086,
      0.02398804761469364,
      0.02339320257306099,
      0.022729866206645966,
      0.022781355306506157,
      0.022901305928826332,
      0.02364763431251049,
      0.023840535432100296,
      0.023150868713855743,
      0.023544950410723686,
      0.022648878395557404,
      0.02309439517557621,
      0.023634571582078934,
      0.022259628400206566,
      0.023910049349069595,
      0.022861972451210022,
      0.023095842450857162,
      0.024098431691527367,
      0.023233989253640175,
      0.022496279329061508,
      0.022913767024874687,
      0.023077988997101784,
      0.023643575608730316,
      0.022745631635189056,
      0.02369098737835884,
      0.023480478674173355,
      0.023373616859316826,
      0.02250121533870697,
      0.0231692623347044,
      0.022559093311429024,
      0.023783324286341667,
      0.02193458005785942,
      0.022850751876831055,
      0.022388577461242676,
      0.02327394299209118,
      0.022649502381682396,
      0.022541789337992668,
      0.023178350180387497,
      0.023041166365146637,
      0.022667504847049713,
      0.02252393215894699,
      0.022059861570596695,
      0.022615810856223106,
      0.022547923028469086,
      0.02374238707125187,
      0.02261311188340187,
      0.022032078355550766,
      0.022464865818619728,
      0.022567981854081154,
      0.023023638874292374,
      0.02392764575779438,
      0.023282324895262718,
      0.02314283326268196,
      0.02298153191804886,
      0.022492611780762672,
      0.02301122061908245,
      0.023217283189296722,
      0.022954100742936134,
      0.022159991785883904,
      0.02295631915330887,
      0.02253826893866062,
      0.02238704264163971,
      0.02221669815480709,
      0.023394953459501266,
      0.0232671108096838,
      0.022755049169063568,
      0.02243182808160782,
      0.02313176728785038,
      0.02262367680668831,
      0.02272735722362995,
      0.021819056943058968,
      0.022823888808488846,
      0.023234859108924866,
      0.022114012390375137,
      0.02286221645772457,
      0.022737830877304077,
      0.022153476253151894,
      0.023355426266789436,
      0.02364623174071312,
      0.02262561395764351,
      0.022518353536725044,
      0.022995278239250183,
      0.022299086675047874,
      0.023479918017983437,
      0.022655542939901352,
      0.022544145584106445,
      0.023036668077111244,
      0.02240196242928505,
      0.02265438623726368,
      0.02259587123990059,
      0.022735340520739555,
      0.022693801671266556,
      0.022845175117254257,
      0.022642266005277634,
      0.0231808852404356,
      0.022578198462724686,
      0.022304179146885872,
      0.022543543949723244,
      0.023168889805674553,
      0.022770622745156288,
      0.022894226014614105,
      0.023014536127448082,
      0.022214185446500778,
      0.022997381165623665,
      0.022490734234452248,
      0.02307599037885666,
      0.022204464301466942,
      0.02228601835668087,
      0.022339673712849617,
      0.022574901580810547,
      0.02323983982205391,
      0.02288278006017208,
      0.02326072007417679,
      0.023009993135929108,
      0.023017730563879013,
      0.022377975285053253,
      0.022747142240405083,
      0.02273145504295826,
      0.02220100909471512,
      0.022409562021493912,
      0.022933343425393105,
      0.022845428436994553,
      0.022595057263970375,
      0.02235162816941738,
      0.02311643585562706,
      0.022099846974015236,
      0.022309275344014168,
      0.021455612033605576,
      0.022070445120334625,
      0.022503746673464775,
      0.022252928465604782,
      0.022411298006772995,
      0.022651758044958115,
      0.022552307695150375,
      0.022612201049923897,
      0.02281070314347744
   ],
   "valid_errors": [
      0.20373281836509705,
      0.07628725469112396,
      0.022926853969693184,
      0.02608746476471424,
      0.022288739681243896,
      0.021978333592414856,
      0.021819546818733215,
      0.021257009357213974,
      0.020804211497306824,
      0.020304979756474495,
      0.01980135589838028,
      0.01944785937666893,
      0.01912134513258934,
      0.018991444259881973,
      0.018872473388910294,
      0.018848750740289688,
      0.018847797065973282,
      0.0188335869461298,
      0.01884882152080536,
      0.018842898309230804,
      0.018856896087527275,
      0.018858296796679497,
      0.018833765760064125,
      0.01881513185799122,
      0.01881752908229828,
      0.01880897395312786,
      0.018830491229891777,
      0.01878477819263935,
      0.01879236474633217,
      0.018779663369059563,
      0.018790263682603836,
      0.01879131980240345,
      0.018769588321447372,
      0.018731527030467987,
      0.018711494281888008,
      0.0187090914696455,
      0.01872881129384041,
      0.018769415095448494,
      0.01869369111955166,
      0.018640652298927307,
      0.018701909109950066
   ],
   "val_epochs": [
      0,
      5,
      10,
      15,
      20,
      25,
      30,
      35,
      40,
      45,
      50,
      55,
      60,
      65,
      70,
      75,
      80,
      85,
      90,
      95,
      100,
      105,
      110,
      115,
      120,
      125,
      130,
      135,
      140,
      145,
      150,
      155,
      160,
      165,
      170,
      175,
      180,
      185,
      190,
      195,
      199
   ],
   "input_data_path": "../data/wine/red_wine.csv",
   "gradwcontext": true,
   "Encompassing Param": 0.1,
   "Normalize Grads & Contx": false,
   "cluster_all_classes": false,
   "imputation method": "",
   "model_dropout": 0.05,
   "model_type": "mlp",
   "problem_type": "regression"
}