{
   "number_epochs": 200,
   "info_used": "use known only",
   "perc_full_data": 0.025,
   "n_epochs_no_selection": 0,
   "Frequency % cutoff": 0.25,
   "hidden_size": 32,
   "random_state": 32,
   "train_errors": [
      0.2539301812648773,
      0.21823608875274658,
      0.18569466471672058,
      0.15496209263801575,
      0.1278078556060791,
      0.1043706163764,
      0.08205351233482361,
      0.06751088798046112,
      0.0557192787528038,
      0.04643096402287483,
      0.040303830057382584,
      0.03935018181800842,
      0.03857460990548134,
      0.03805259242653847,
      0.03890346735715866,
      0.040224865078926086,
      0.03893113508820534,
      0.03794262558221817,
      0.03579036518931389,
      0.03536631166934967,
      0.03508671745657921,
      0.03373122215270996,
      0.03379731997847557,
      0.033425573259592056,
      0.03280762955546379,
      0.03254198282957077,
      0.03148283064365387,
      0.031071936711668968,
      0.03112015873193741,
      0.02990175411105156,
      0.031039109453558922,
      0.029579631984233856,
      0.029998745769262314,
      0.029366225004196167,
      0.028918925672769547,
      0.028024401515722275,
      0.0280362069606781,
      0.028083285316824913,
      0.02854435332119465,
      0.02645820565521717,
      0.027166714891791344,
      0.02681681327521801,
      0.02791966125369072,
      0.026817234233021736,
      0.027555003762245178,
      0.026481829583644867,
      0.026789410039782524,
      0.027116717770695686,
      0.026980511844158173,
      0.025902552530169487,
      0.025739546865224838,
      0.025235675275325775,
      0.025715133175253868,
      0.02557271346449852,
      0.024711018428206444,
      0.025447804480791092,
      0.02558395266532898,
      0.026163659989833832,
      0.025041835382580757,
      0.02499900944530964,
      0.02433488331735134,
      0.02449575811624527,
      0.025872118771076202,
      0.025688761845231056,
      0.02484927512705326,
      0.02523845061659813,
      0.02467317320406437,
      0.024389095604419708,
      0.024521835148334503,
      0.025058262050151825,
      0.025123650208115578,
      0.0246230810880661,
      0.024503251537680626,
      0.024631667882204056,
      0.024419007822871208,
      0.025017239153385162,
      0.02508724294602871,
      0.025194238871335983,
      0.02487798221409321,
      0.02447989396750927,
      0.02388283610343933,
      0.02410423755645752,
      0.024300698190927505,
      0.024615461006760597,
      0.024389522150158882,
      0.02422950603067875,
      0.023133739829063416,
      0.02405494637787342,
      0.024388311430811882,
      0.02387232705950737,
      0.024380724877119064,
      0.02419736422598362,
      0.02447282336652279,
      0.024803446605801582,
      0.024391504004597664,
      0.024438515305519104,
      0.024666910991072655,
      0.024291617795825005,
      0.02465314418077469,
      0.024232184514403343,
      0.02455761842429638,
      0.024167876690626144,
      0.024605175480246544,
      0.024380486458539963,
      0.024380605667829514,
      0.0243980810046196,
      0.025282207876443863,
      0.025071244686841965,
      0.024421241134405136,
      0.02430657111108303,
      0.024399107322096825,
      0.02463517151772976,
      0.023643162101507187,
      0.024295624345541,
      0.023983243852853775,
      0.02466013841331005,
      0.02398664876818657,
      0.024341415613889694,
      0.02436235547065735,
      0.024753296747803688,
      0.025620728731155396,
      0.024648288264870644,
      0.023372797295451164,
      0.024000048637390137,
      0.024281727150082588,
      0.02418835647404194,
      0.023585401475429535,
      0.0244365893304348,
      0.024036124348640442,
      0.02503589168190956,
      0.023972749710083008,
      0.024592706933617592,
      0.02434486523270607,
      0.02410338819026947,
      0.02352023869752884,
      0.02397748827934265,
      0.024256417527794838,
      0.02468746341764927,
      0.02392437681555748,
      0.02416200377047062,
      0.023668615147471428,
      0.02327514998614788,
      0.024516714736819267,
      0.02420406974852085,
      0.0232068058103323,
      0.02461080253124237,
      0.024253496900200844,
      0.024135321378707886,
      0.024399975314736366,
      0.023300515487790108,
      0.022892460227012634,
      0.023864276707172394,
      0.023368194699287415,
      0.023491214960813522,
      0.024031154811382294,
      0.024653729051351547,
      0.023377425968647003,
      0.023413345217704773,
      0.02366596832871437,
      0.02380504459142685,
      0.022984080016613007,
      0.02438744343817234,
      0.023995719850063324,
      0.0236204881221056,
      0.02330009825527668,
      0.023451030254364014,
      0.02388177625834942,
      0.023554924875497818,
      0.024249568581581116,
      0.02407781407237053,
      0.02356724813580513,
      0.02398996241390705,
      0.024060171097517014,
      0.0241358932107687,
      0.023008398711681366,
      0.0237665306776762,
      0.023444009944796562,
      0.023731332272291183,
      0.0237208791077137,
      0.02376582659780979,
      0.0234280563890934,
      0.023623764514923096,
      0.023816220462322235,
      0.023465489968657494,
      0.024090487509965897,
      0.023830832913517952,
      0.02350565418601036,
      0.02373645082116127,
      0.022749822586774826,
      0.023893563076853752,
      0.023787017911672592,
      0.02394000254571438,
      0.023420562967658043,
      0.023265423253178596,
      0.024050317704677582,
      0.02338433638215065,
      0.024009764194488525,
      0.023953735828399658,
      0.02335377223789692,
      0.023519959300756454
   ],
   "valid_errors": [
      0.22740918397903442,
      0.08467137068510056,
      0.031567756086587906,
      0.03244313970208168,
      0.02712460607290268,
      0.024487599730491638,
      0.022445475682616234,
      0.020896194502711296,
      0.020073767751455307,
      0.01941380836069584,
      0.018963392823934555,
      0.018674125894904137,
      0.018543221056461334,
      0.018457848578691483,
      0.01842544414103031,
      0.018383627757430077,
      0.01833401992917061,
      0.018300682306289673,
      0.018313227221369743,
      0.018316257745027542,
      0.01826496049761772,
      0.018243392929434776,
      0.01823461428284645,
      0.01820988580584526,
      0.018225930631160736,
      0.018208134919404984,
      0.018184034153819084,
      0.018185745924711227,
      0.018190789967775345,
      0.018197398632764816,
      0.018156908452510834,
      0.0181099995970726,
      0.018116386607289314,
      0.018095940351486206,
      0.01807554066181183,
      0.01804114133119583,
      0.018049629405140877,
      0.018060993403196335,
      0.018049078062176704,
      0.01805010251700878,
      0.018054552376270294
   ],
   "val_epochs": [
      0,
      5,
      10,
      15,
      20,
      25,
      30,
      35,
      40,
      45,
      50,
      55,
      60,
      65,
      70,
      75,
      80,
      85,
      90,
      95,
      100,
      105,
      110,
      115,
      120,
      125,
      130,
      135,
      140,
      145,
      150,
      155,
      160,
      165,
      170,
      175,
      180,
      185,
      190,
      195,
      199
   ],
   "input_data_path": "../data/wine/red_wine.csv",
   "gradwcontext": true,
   "Encompassing Param": 0.1,
   "Normalize Grads & Contx": false,
   "cluster_all_classes": false,
   "imputation method": "",
   "model_dropout": 0.05,
   "model_type": "mlp",
   "problem_type": "regression"
}