{
   "number_epochs": 200,
   "info_used": "use known only",
   "perc_full_data": 0.025,
   "n_epochs_no_selection": 0,
   "Frequency % cutoff": 0.25,
   "hidden_size": 32,
   "random_state": 20,
   "train_errors": [
      0.35524439811706543,
      0.2999630868434906,
      0.25345495343208313,
      0.21267999708652496,
      0.17731764912605286,
      0.1482640504837036,
      0.1230805516242981,
      0.10288388282060623,
      0.08328581601381302,
      0.06870480626821518,
      0.05248875543475151,
      0.04442496597766876,
      0.03651329502463341,
      0.030420871451497078,
      0.029712079092860222,
      0.025907408446073532,
      0.02647537738084793,
      0.02504345029592514,
      0.026903603225946426,
      0.027462415397167206,
      0.0267923716455698,
      0.024424392729997635,
      0.025861935690045357,
      0.025471830740571022,
      0.02513255923986435,
      0.02559567801654339,
      0.02590622566640377,
      0.024664737284183502,
      0.02434631437063217,
      0.024437274783849716,
      0.024316880851984024,
      0.023004360496997833,
      0.023776352405548096,
      0.02331308275461197,
      0.023522263392806053,
      0.022868476808071136,
      0.02407829836010933,
      0.024007117375731468,
      0.02257792092859745,
      0.022566914558410645,
      0.023836858570575714,
      0.022499261423945427,
      0.023891175165772438,
      0.022749144583940506,
      0.02261832170188427,
      0.022128630429506302,
      0.021956410259008408,
      0.0218083206564188,
      0.02191225066781044,
      0.02222646214067936,
      0.021123116835951805,
      0.022046267986297607,
      0.021756188943982124,
      0.020975330844521523,
      0.02130471169948578,
      0.021405844017863274,
      0.020978426560759544,
      0.021335650235414505,
      0.022128479555249214,
      0.021168887615203857,
      0.021884147077798843,
      0.021125759929418564,
      0.020238256081938744,
      0.02134500816464424,
      0.021191176027059555,
      0.021212991327047348,
      0.02117033302783966,
      0.020729348063468933,
      0.020624060183763504,
      0.020858129486441612,
      0.02144082635641098,
      0.02097884751856327,
      0.02135203406214714,
      0.020887045189738274,
      0.02050892449915409,
      0.020960649475455284,
      0.02098524011671543,
      0.020725935697555542,
      0.020490124821662903,
      0.02015487104654312,
      0.021105481311678886,
      0.020868802443146706,
      0.02085726149380207,
      0.020554816350340843,
      0.02108422853052616,
      0.02126692421734333,
      0.02108435146510601,
      0.0208358783274889,
      0.02116774395108223,
      0.021137690171599388,
      0.021147150546312332,
      0.020702335983514786,
      0.021007193252444267,
      0.02074633166193962,
      0.020907992497086525,
      0.02107326313853264,
      0.02051372639834881,
      0.02046380005776882,
      0.020479731261730194,
      0.020885149016976357,
      0.019954809918999672,
      0.020776569843292236,
      0.020232530310750008,
      0.02087082341313362,
      0.020595291629433632,
      0.020730428397655487,
      0.02027699537575245,
      0.020320268347859383,
      0.020527856424450874,
      0.02075428143143654,
      0.020785722881555557,
      0.02072126232087612,
      0.02075234241783619,
      0.020528795197606087,
      0.020703906193375587,
      0.020521201193332672,
      0.0208121407777071,
      0.02022256888449192,
      0.020489096641540527,
      0.02066514827311039,
      0.02052953653037548,
      0.021000778302550316,
      0.02025848813354969,
      0.020693903788924217,
      0.02072073705494404,
      0.020325057208538055,
      0.020219305530190468,
      0.02018108032643795,
      0.020886901766061783,
      0.019955098628997803,
      0.02046872489154339,
      0.0203176811337471,
      0.019909320399165154,
      0.01999112218618393,
      0.020218294113874435,
      0.020426206290721893,
      0.01972275972366333,
      0.02010730281472206,
      0.020823566243052483,
      0.020384754985570908,
      0.02040339820086956,
      0.01994185894727707,
      0.02013332210481167,
      0.02025006152689457,
      0.020629558712244034,
      0.019884146749973297,
      0.020849129185080528,
      0.019824644550681114,
      0.019808661192655563,
      0.020495280623435974,
      0.01961047574877739,
      0.020237527787685394,
      0.01976766251027584,
      0.019960131496191025,
      0.019863693043589592,
      0.020330652594566345,
      0.01997832953929901,
      0.02039516530930996,
      0.020037787035107613,
      0.020308569073677063,
      0.01967521570622921,
      0.020243149250745773,
      0.020554397255182266,
      0.02023111656308174,
      0.019425073638558388,
      0.020091231912374496,
      0.020308738574385643,
      0.019996020942926407,
      0.019882425665855408,
      0.01972939446568489,
      0.02015220932662487,
      0.019857138395309448,
      0.0200531966984272,
      0.019727036356925964,
      0.019975651055574417,
      0.019947292283177376,
      0.020175594836473465,
      0.01974126137793064,
      0.0200650617480278,
      0.02019863948225975,
      0.019931886345148087,
      0.0199221670627594,
      0.020212139934301376,
      0.02007817104458809,
      0.020198281854391098,
      0.019979126751422882,
      0.020104601979255676,
      0.02005021460354328,
      0.020576026290655136,
      0.019811050966382027,
      0.019966883584856987,
      0.019826605916023254,
      0.020155802369117737,
      0.019502675160765648,
      0.0199284665286541,
      0.01985030621290207,
      0.01994721218943596,
      0.019758814945816994,
      0.0201262179762125,
      0.020081939175724983
   ],
   "valid_errors": [
      0.32733479142189026,
      0.13445957005023956,
      0.04949577525258064,
      0.026967855170369148,
      0.027529343962669373,
      0.025760415941476822,
      0.025138868018984795,
      0.02473538927733898,
      0.02440018579363823,
      0.024151992052793503,
      0.02392691932618618,
      0.023780884221196175,
      0.023644302040338516,
      0.023570213466882706,
      0.023522881790995598,
      0.023493271321058273,
      0.023484501987695694,
      0.023444514721632004,
      0.023438476026058197,
      0.023415856063365936,
      0.023394498974084854,
      0.02338647097349167,
      0.02336745709180832,
      0.023352697491645813,
      0.023349422961473465,
      0.023333583027124405,
      0.02332894317805767,
      0.023323602974414825,
      0.0233595110476017,
      0.023366808891296387,
      0.023403514176607132,
      0.023405689746141434,
      0.023419039323925972,
      0.023436427116394043,
      0.023444434627890587,
      0.023451779037714005,
      0.02343977801501751,
      0.023512082174420357,
      0.023486539721488953,
      0.023511771112680435,
      0.02352234721183777
   ],
   "val_epochs": [
      0,
      5,
      10,
      15,
      20,
      25,
      30,
      35,
      40,
      45,
      50,
      55,
      60,
      65,
      70,
      75,
      80,
      85,
      90,
      95,
      100,
      105,
      110,
      115,
      120,
      125,
      130,
      135,
      140,
      145,
      150,
      155,
      160,
      165,
      170,
      175,
      180,
      185,
      190,
      195,
      199
   ],
   "input_data_path": "../data/wine/red_wine.csv",
   "gradwcontext": true,
   "Encompassing Param": 0.1,
   "Normalize Grads & Contx": false,
   "cluster_all_classes": false,
   "imputation method": "",
   "model_dropout": 0.05,
   "model_type": "mlp",
   "problem_type": "regression"
}