{
   "number_epochs": 200,
   "info_used": "use known only",
   "perc_full_data": 0.025,
   "n_epochs_no_selection": 0,
   "Frequency % cutoff": 0.25,
   "hidden_size": 32,
   "random_state": 11,
   "train_errors": [
      0.1428155153989792,
      0.11614461988210678,
      0.09028130769729614,
      0.07066266238689423,
      0.053903866559267044,
      0.041248779743909836,
      0.03435656428337097,
      0.031601570546627045,
      0.03147996962070465,
      0.03340350091457367,
      0.032864514738321304,
      0.03402784466743469,
      0.03231537342071533,
      0.0316818431019783,
      0.029707027599215508,
      0.02957082912325859,
      0.028180453926324844,
      0.029035182669758797,
      0.028880883008241653,
      0.028965525329113007,
      0.027918141335248947,
      0.02738143503665924,
      0.02701491490006447,
      0.027696751058101654,
      0.02688651904463768,
      0.02559042163193226,
      0.026061678305268288,
      0.02625313587486744,
      0.025457577779889107,
      0.02515382319688797,
      0.024337192997336388,
      0.02398245595395565,
      0.0238275695592165,
      0.023519765585660934,
      0.02260611020028591,
      0.022353626787662506,
      0.02273229882121086,
      0.02294849045574665,
      0.021954618394374847,
      0.02335294336080551,
      0.022388676181435585,
      0.022048410028219223,
      0.02213229611515999,
      0.02185117080807686,
      0.02188839390873909,
      0.02151748724281788,
      0.022916000336408615,
      0.021636992692947388,
      0.021738531067967415,
      0.022123293951153755,
      0.02238151617348194,
      0.021227044984698296,
      0.022095272317528725,
      0.02189609408378601,
      0.021860484033823013,
      0.02111702784895897,
      0.021213749423623085,
      0.021767940372228622,
      0.021526606753468513,
      0.022220956161618233,
      0.02111274190247059,
      0.02147100120782852,
      0.020955286920070648,
      0.02200501039624214,
      0.021740544587373734,
      0.02220250852406025,
      0.02127191796898842,
      0.02127079665660858,
      0.022112060338258743,
      0.021745087578892708,
      0.021941304206848145,
      0.021911151707172394,
      0.021122699603438377,
      0.02082197554409504,
      0.021635353565216064,
      0.021542837843298912,
      0.02200094610452652,
      0.02133255824446678,
      0.02136814035475254,
      0.02152515947818756,
      0.02143404819071293,
      0.021187614649534225,
      0.020978247746825218,
      0.021596843376755714,
      0.021404502913355827,
      0.022110193967819214,
      0.021861204877495766,
      0.021430842578411102,
      0.020907510071992874,
      0.02145381085574627,
      0.021103354170918465,
      0.02111895941197872,
      0.022208979353308678,
      0.021316014230251312,
      0.02152659371495247,
      0.021212929859757423,
      0.02153637632727623,
      0.021236835047602654,
      0.021238386631011963,
      0.020633067935705185,
      0.02175077609717846,
      0.021248646080493927,
      0.022160964086651802,
      0.02073318138718605,
      0.021402662619948387,
      0.02147091180086136,
      0.02193439193069935,
      0.021119100973010063,
      0.022028040140867233,
      0.020979654043912888,
      0.02109302580356598,
      0.020635239779949188,
      0.02144704945385456,
      0.021193260326981544,
      0.02079964242875576,
      0.021750833839178085,
      0.020782995969057083,
      0.021395575255155563,
      0.021336503326892853,
      0.020934710279107094,
      0.02068234793841839,
      0.02117963321506977,
      0.021172596141695976,
      0.02076130546629429,
      0.02070576325058937,
      0.021473918110132217,
      0.021053608506917953,
      0.020926080644130707,
      0.020937131717801094,
      0.021727576851844788,
      0.02063021808862686,
      0.021161504089832306,
      0.02071433700621128,
      0.020985722541809082,
      0.021164733916521072,
      0.02169940620660782,
      0.02087532915174961,
      0.021521927788853645,
      0.02193128690123558,
      0.021293070167303085,
      0.021312575787305832,
      0.02063164860010147,
      0.020629828795790672,
      0.020862899720668793,
      0.02075370028614998,
      0.021386921405792236,
      0.02119136042892933,
      0.021721484139561653,
      0.021184954792261124,
      0.020962417125701904,
      0.02147950604557991,
      0.02125661075115204,
      0.021597137674689293,
      0.02079656720161438,
      0.02047870121896267,
      0.02051933854818344,
      0.02053392119705677,
      0.020745914429426193,
      0.02098025567829609,
      0.02089216187596321,
      0.02067597396671772,
      0.020399166271090508,
      0.021329334005713463,
      0.020811574533581734,
      0.020418426021933556,
      0.020364724099636078,
      0.020655468106269836,
      0.02039652317762375,
      0.021076777949929237,
      0.020913729444146156,
      0.020672468468546867,
      0.020850833505392075,
      0.021398907527327538,
      0.02073073200881481,
      0.02123522199690342,
      0.020990673452615738,
      0.021077871322631836,
      0.020816870033740997,
      0.020978668704628944,
      0.021110031753778458,
      0.02074521780014038,
      0.021056808531284332,
      0.02120872773230076,
      0.021281275898218155,
      0.021309006959199905,
      0.020608995109796524,
      0.020982010290026665,
      0.020291270688176155,
      0.020911777392029762,
      0.020926272496581078,
      0.02073793113231659,
      0.02099643088877201,
      0.020702073350548744,
      0.021052304655313492,
      0.020777923986315727,
      0.021047517657279968,
      0.02073567733168602,
      0.02092093601822853,
      0.020824333652853966,
      0.021090442314743996
   ],
   "valid_errors": [
      0.13702671229839325,
      0.04172496870160103,
      0.03626699000597,
      0.031231950968503952,
      0.029358021914958954,
      0.027273794636130333,
      0.024903979152441025,
      0.022772816941142082,
      0.021644191816449165,
      0.02113906480371952,
      0.020907707512378693,
      0.020774442702531815,
      0.020670916885137558,
      0.020613059401512146,
      0.02055157721042633,
      0.02050935849547386,
      0.02045825496315956,
      0.02047870121896267,
      0.020506413653492928,
      0.020465902984142303,
      0.020436685532331467,
      0.020472897216677666,
      0.020456381142139435,
      0.02042839676141739,
      0.020396243780851364,
      0.020340515300631523,
      0.02047385647892952,
      0.020380603149533272,
      0.02044988051056862,
      0.02046196348965168,
      0.02043882943689823,
      0.02043086104094982,
      0.02047554962337017,
      0.020395155996084213,
      0.02038944512605667,
      0.02029981091618538,
      0.02050027623772621,
      0.020309969782829285,
      0.020334836095571518,
      0.020318161696195602,
      0.020357295870780945
   ],
   "val_epochs": [
      0,
      5,
      10,
      15,
      20,
      25,
      30,
      35,
      40,
      45,
      50,
      55,
      60,
      65,
      70,
      75,
      80,
      85,
      90,
      95,
      100,
      105,
      110,
      115,
      120,
      125,
      130,
      135,
      140,
      145,
      150,
      155,
      160,
      165,
      170,
      175,
      180,
      185,
      190,
      195,
      199
   ],
   "input_data_path": "../data/wine/red_wine.csv",
   "gradwcontext": true,
   "Encompassing Param": 0.1,
   "Normalize Grads & Contx": false,
   "cluster_all_classes": false,
   "imputation method": "",
   "model_dropout": 0.05,
   "model_type": "mlp",
   "problem_type": "regression"
}