{
   "number_epochs": 250,
   "info_used": "use known only",
   "perc_full_data": 0.25,
   "n_epochs_no_selection": 0,
   "Frequency % cutoff": 0.25,
   "hidden_size": 32,
   "random_state": 3,
   "train_errors": [
      0.14538182318210602,
      0.12205483764410019,
      0.10133048892021179,
      0.08391312509775162,
      0.06873302161693573,
      0.056068822741508484,
      0.04771933704614639,
      0.04051521047949791,
      0.038856085389852524,
      0.035482704639434814,
      0.035181496292352676,
      0.03579854965209961,
      0.03730526566505432,
      0.03763538599014282,
      0.036827702075242996,
      0.03588693588972092,
      0.03306596353650093,
      0.03224970027804375,
      0.031632278114557266,
      0.031398169696331024,
      0.029939798638224602,
      0.028676239773631096,
      0.029285648837685585,
      0.027236802503466606,
      0.028569376096129417,
      0.02670244313776493,
      0.026480289176106453,
      0.026314403861761093,
      0.02500401809811592,
      0.024812083691358566,
      0.024988044053316116,
      0.024637268856167793,
      0.024767020717263222,
      0.02559858374297619,
      0.024580854922533035,
      0.023303085938096046,
      0.02364354208111763,
      0.023178594186902046,
      0.02488928847014904,
      0.023505784571170807,
      0.024010872468352318,
      0.02361113950610161,
      0.022947322577238083,
      0.0228970255702734,
      0.023989375680685043,
      0.02289321832358837,
      0.02228604257106781,
      0.022910291329026222,
      0.022898515686392784,
      0.022296521812677383,
      0.022688044235110283,
      0.02273884043097496,
      0.023218799382448196,
      0.022937726229429245,
      0.023788530379533768,
      0.02334817312657833,
      0.023508623242378235,
      0.022829990833997726,
      0.022864436730742455,
      0.022238990291953087,
      0.02275664359331131,
      0.022879119962453842,
      0.02173003926873207,
      0.023579826578497887,
      0.022465692833065987,
      0.021702326834201813,
      0.022570105269551277,
      0.021389096975326538,
      0.022523952648043633,
      0.022403383627533913,
      0.023254552856087685,
      0.022332167252898216,
      0.0228253360837698,
      0.02259223163127899,
      0.022289419546723366,
      0.022547148168087006,
      0.022590911015868187,
      0.022269191220402718,
      0.021971577778458595,
      0.021906675770878792,
      0.021845102310180664,
      0.021713024005293846,
      0.02212436869740486,
      0.02244851179420948,
      0.02180689573287964,
      0.02220497466623783,
      0.022621411830186844,
      0.023267153650522232,
      0.022013653069734573,
      0.021948901936411858,
      0.022176019847393036,
      0.021743662655353546,
      0.02295062690973282,
      0.021899351850152016,
      0.02253616228699684,
      0.02208057977259159,
      0.022178800776600838,
      0.021508675068616867,
      0.021616248413920403,
      0.02108899876475334,
      0.022366531193256378,
      0.02263595350086689,
      0.02219097688794136,
      0.021750276908278465,
      0.021908488124608994,
      0.0228632353246212,
      0.022160695865750313,
      0.021694984287023544,
      0.021620487794280052,
      0.022175032645463943,
      0.022114435210824013,
      0.021145636215806007,
      0.02189664915204048,
      0.02183712087571621,
      0.02163669653236866,
      0.021660812199115753,
      0.021976418793201447,
      0.021923547610640526,
      0.02210247330367565,
      0.021578719839453697,
      0.02188967540860176,
      0.022301480174064636,
      0.02219378761947155,
      0.022082407027482986,
      0.021548805758357048,
      0.021762356162071228,
      0.02234652265906334,
      0.021761655807495117,
      0.021380893886089325,
      0.021470945328474045,
      0.021854374557733536,
      0.02186787873506546,
      0.0219061691313982,
      0.02145010605454445,
      0.021731102839112282,
      0.021569302305579185,
      0.022484885528683662,
      0.021985160186886787,
      0.02149180695414543,
      0.021076029166579247,
      0.021438058465719223,
      0.021438224241137505,
      0.020918546244502068,
      0.021388202905654907,
      0.02220817096531391,
      0.02124413289129734,
      0.021961728110909462,
      0.021226052194833755,
      0.021638985723257065,
      0.02093643881380558,
      0.021511107683181763,
      0.02161351591348648,
      0.021357854828238487,
      0.021792558953166008,
      0.021792475134134293,
      0.021861819550395012,
      0.02178456448018551,
      0.021829690784215927,
      0.02132713608443737,
      0.02128727175295353,
      0.022176468744874,
      0.021363133564591408,
      0.02165849134325981,
      0.021581044420599937,
      0.021909179165959358,
      0.021683812141418457,
      0.021701514720916748,
      0.021951517090201378,
      0.022032439708709717,
      0.021055759862065315,
      0.02143552340567112,
      0.021887557581067085,
      0.021857470273971558,
      0.02179820090532303,
      0.02217700332403183,
      0.021619118750095367,
      0.021889053285121918,
      0.02110890857875347,
      0.021646076813340187,
      0.021363161504268646,
      0.021323589608073235,
      0.02156348153948784,
      0.02172248065471649,
      0.021091314032673836,
      0.022159676998853683,
      0.021374931558966637,
      0.021238544955849648,
      0.02143547497689724,
      0.021516339853405952,
      0.022334832698106766,
      0.021547269076108932,
      0.021495826542377472,
      0.02182353101670742,
      0.021776553243398666,
      0.021350406110286713,
      0.021595288068056107,
      0.021206671372056007,
      0.02132452093064785,
      0.021082062274217606,
      0.021335424855351448,
      0.021615702658891678,
      0.02179650589823723,
      0.021610792726278305,
      0.021249806508421898,
      0.02134903147816658,
      0.021265335381031036,
      0.021450798958539963,
      0.02147538959980011,
      0.021264467388391495,
      0.021717345342040062,
      0.021619774401187897,
      0.021538976579904556,
      0.021529395133256912,
      0.021365424618124962,
      0.021633993834257126,
      0.021679015830159187,
      0.02108204923570156,
      0.021335646510124207,
      0.02145092934370041,
      0.02126331999897957,
      0.021069388836622238,
      0.02096891775727272,
      0.02154284343123436,
      0.020967109128832817,
      0.021239861845970154,
      0.020603545010089874,
      0.021473459899425507,
      0.020865367725491524,
      0.021442539989948273,
      0.021596189588308334,
      0.021230584010481834,
      0.021070994436740875,
      0.02140837162733078,
      0.021525757387280464,
      0.021564381197094917,
      0.02155388705432415,
      0.02152271941304207,
      0.021573640406131744,
      0.02136078290641308,
      0.02135540172457695,
      0.021310873329639435,
      0.02085566334426403,
      0.02213338576257229,
      0.021072208881378174,
      0.021362755447626114,
      0.021781746298074722,
      0.021283503621816635,
      0.021316977217793465,
      0.02135215513408184,
      0.021029572933912277
   ],