{
   "number_epochs": 250,
   "info_used": "use known only",
   "perc_full_data": 0.25,
   "n_epochs_no_selection": 0,
   "Frequency % cutoff": 0.25,
   "hidden_size": 32,
   "random_state": 4,
   "train_errors": [
      0.10935372114181519,
      0.09067618101835251,
      0.07363202422857285,
      0.062251534312963486,
      0.051695264875888824,
      0.046473920345306396,
      0.04163861274719238,
      0.03985985741019249,
      0.041181530803442,
      0.04057741165161133,
      0.04099231958389282,
      0.03991605341434479,
      0.038323547691106796,
      0.03715185448527336,
      0.03601197153329849,
      0.033648647367954254,
      0.03355050086975098,
      0.032360147684812546,
      0.031411297619342804,
      0.03153572604060173,
      0.03080698475241661,
      0.02978731319308281,
      0.028520632535219193,
      0.027715742588043213,
      0.026786549016833305,
      0.02650844305753708,
      0.02579164318740368,
      0.025293242186307907,
      0.024740533903241158,
      0.025682266801595688,
      0.024498270824551582,
      0.024341382086277008,
      0.023856952786445618,
      0.0240139439702034,
      0.023329786956310272,
      0.023733429610729218,
      0.02345973812043667,
      0.02379710227251053,
      0.0230849739164114,
      0.02333885245025158,
      0.02306942455470562,
      0.023013688623905182,
      0.02347215637564659,
      0.02266201563179493,
      0.022890305146574974,
      0.02332925982773304,
      0.022813383489847183,
      0.02357429452240467,
      0.021945053711533546,
      0.022944537922739983,
      0.02292373776435852,
      0.023027952760457993,
      0.02322322130203247,
      0.022826045751571655,
      0.02357598952949047,
      0.022593677043914795,
      0.022846780717372894,
      0.02293700911104679,
      0.022802535444498062,
      0.02206151746213436,
      0.02268528938293457,
      0.022373566403985023,
      0.022809335961937904,
      0.023171523585915565,
      0.02299509383738041,
      0.022408314049243927,
      0.0230419859290123,
      0.022874634712934494,
      0.022793669253587723,
      0.022446714341640472,
      0.02292446978390217,
      0.02270602434873581,
      0.023052498698234558,
      0.02265283279120922,
      0.022384801879525185,
      0.022454790771007538,
      0.02183440886437893,
      0.023265352472662926,
      0.022874826565384865,
      0.022922147065401077,
      0.022372767329216003,
      0.02185918018221855,
      0.021433401852846146,
      0.021515939384698868,
      0.022178756073117256,
      0.022564558312296867,
      0.022221121937036514,
      0.022174375131726265,
      0.021827826276421547,
      0.022396069020032883,
      0.02287619560956955,
      0.02234989032149315,
      0.021990833804011345,
      0.021027296781539917,
      0.02287312224507332,
      0.02185935154557228,
      0.0216705072671175,
      0.022743690758943558,
      0.02213246002793312,
      0.022348152473568916,
      0.021871229633688927,
      0.021489636972546577,
      0.022302083671092987,
      0.02241210639476776,
      0.02213604934513569,
      0.022311387583613396,
      0.021831007674336433,
      0.0218889731913805,
      0.02189651131629944,
      0.022387828677892685,
      0.021538425236940384,
      0.022020436823368073,
      0.02193044126033783,
      0.02168639563024044,
      0.021564451977610588,
      0.02155998721718788,
      0.021675679832696915,
      0.02119498699903488,
      0.02301393821835518,
      0.021905094385147095,
      0.021330872550606728,
      0.02250169776380062,
      0.021342266350984573,
      0.02226465940475464,
      0.021713480353355408,
      0.022441210225224495,
      0.021976640447974205,
      0.022241922095417976,
      0.021171603351831436,
      0.022211475297808647,
      0.022322192788124084,
      0.021791474893689156,
      0.021849757060408592,
      0.021731676533818245,
      0.022346142679452896,
      0.021477919071912766,
      0.021092789247632027,
      0.021726731210947037,
      0.021351536735892296,
      0.022114163264632225,
      0.021644659340381622,
      0.021410508081316948,
      0.021370667964220047,
      0.021152760833501816,
      0.021548204123973846,
      0.021692374721169472,
      0.02188430353999138,
      0.0221253614872694,
      0.021187765523791313,
      0.021024426445364952,
      0.021855462342500687,
      0.022725412622094154,
      0.021369196474552155,
      0.021878259256482124,
      0.02174551412463188,
      0.022552702575922012,
      0.022052250802516937,
      0.021566452458500862,
      0.022045297548174858,
      0.021696053445339203,
      0.02214210294187069,
      0.02207648567855358,
      0.02200458012521267,
      0.021304037421941757,
      0.02178790047764778,
      0.021431442350149155,
      0.02144043706357479,
      0.02129015140235424,
      0.021599041298031807,
      0.021299485117197037,
      0.021732423454523087,
      0.022075628861784935,
      0.02180430479347706,
      0.022386811673641205,
      0.021666398271918297,
      0.02180381305515766,
      0.021787621080875397,
      0.021207846701145172,
      0.02221943438053131,
      0.02135644480586052,
      0.0215703547000885,
      0.021294351667165756,
      0.02173294499516487,
      0.02160603739321232,
      0.022136365994811058,
      0.02150620147585869,
      0.02187413163483143,
      0.021693740040063858,
      0.021095845848321915,
      0.021069202572107315,
      0.02202022820711136,
      0.022115567699074745,
      0.021801939234137535,
      0.021800173446536064,
      0.022031482309103012,
      0.022037504240870476,
      0.02160532772541046,
      0.02171795256435871,
      0.02109050750732422,
      0.02141440659761429,
      0.021984634920954704,
      0.021842436864972115,
      0.021900750696659088,
      0.021923931315541267,
      0.02204538695514202,
      0.021385004743933678,
      0.02170451171696186,
      0.02121908962726593,
      0.02147034928202629,
      0.022105028852820396,
      0.022213086485862732,
      0.021013742312788963,
      0.02143314853310585,
      0.021364077925682068,
      0.02118445374071598,
      0.02142072468996048,
      0.021759673953056335,
      0.02086201123893261,
      0.0217761117964983,
      0.02182742953300476,
      0.021363459527492523,
      0.021242810413241386,
      0.02112518437206745,
      0.02146756276488304,
      0.021456385031342506,
      0.02156079187989235,
      0.021027442067861557,
      0.021543771028518677,
      0.020979277789592743,
      0.02158644050359726,
      0.021490173414349556,
      0.021546965464949608,
      0.02107088454067707,
      0.021254530176520348,
      0.02126181311905384,
      0.021855462342500687,
      0.021522674709558487,
      0.02082442305982113,
      0.02106471173465252,
      0.02088247798383236,
      0.021300697699189186,
      0.0209244042634964,
      0.021232232451438904,
      0.021058402955532074,
      0.021265842020511627,
      0.02151801623404026,
      0.021625913679599762,
      0.021271908655762672,
      0.020879916846752167,
      0.021146100014448166
   ],