{
   "number_epochs": 300,
   "info_used": "use known only",
   "perc_full_data": 0.25,
   "n_epochs_no_selection": 0,
   "Frequency % cutoff": 0.25,
   "hidden_size": 32,
   "random_state": 15,
   "train_errors": [
      0.3130699694156647,
      0.27085235714912415,
      0.23123738169670105,
      0.19529765844345093,
      0.16035252809524536,
      0.1279708296060562,
      0.10385406017303467,
      0.08182666450738907,
      0.056708041578531265,
      0.04640521481633186,
      0.03668360039591789,
      0.035680390894412994,
      0.03422532603144646,
      0.03741569072008133,
      0.035152632743120193,
      0.03908751159906387,
      0.033813003450632095,
      0.03361921012401581,
      0.033999066799879074,
      0.03240440413355827,
      0.0320584699511528,
      0.03185010328888893,
      0.031358808279037476,
      0.02886337786912918,
      0.03204317018389702,
      0.03148223087191582,
      0.030540745705366135,
      0.030401231721043587,
      0.029638126492500305,
      0.030974695459008217,
      0.029629886150360107,
      0.031964827328920364,
      0.027938973158597946,
      0.027992110699415207,
      0.02887001447379589,
      0.0283052921295166,
      0.028130987659096718,
      0.027750477194786072,
      0.03024033084511757,
      0.027236709371209145,
      0.026640351861715317,
      0.026635685935616493,
      0.02702774479985237,
      0.027104932814836502,
      0.027989765629172325,
      0.026817848905920982,
      0.027924738824367523,
      0.026118889451026917,
      0.025174660608172417,
      0.025564875453710556,
      0.02605069801211357,
      0.02808503992855549,
      0.02764265239238739,
      0.028219027444720268,
      0.024930765852332115,
      0.027460962533950806,
      0.02640121802687645,
      0.025622539222240448,
      0.026059743016958237,
      0.025722172111272812,
      0.027029426768422127,
      0.02526700869202614,
      0.02479088306427002,
      0.024095116183161736,
      0.02634532004594803,
      0.025572480633854866,
      0.02434488758444786,
      0.02480480633676052,
      0.024931326508522034,
      0.025308385491371155,
      0.02462059073150158,
      0.02522318623960018,
      0.026210252195596695,
      0.023438768461346626,
      0.0240479689091444,
      0.024739235639572144,
      0.0253027081489563,
      0.02480667270720005,
      0.024285249412059784,
      0.022776450961828232,
      0.025318779051303864,
      0.02458924986422062,
      0.023417675867676735,
      0.02382916957139969,
      0.025265978649258614,
      0.02498585730791092,
      0.02370670810341835,
      0.024323387071490288,
      0.025202495977282524,
      0.024257251992821693,
      0.02360977604985237,
      0.02394380234181881,
      0.023969009518623352,
      0.024749331176280975,
      0.02350066788494587,
      0.02505551278591156,
      0.023405490443110466,
      0.022845571860671043,
      0.022970139980316162,
      0.023284586146473885,
      0.023353125900030136,
      0.023360151797533035,
      0.02322314865887165,
      0.02333332970738411,
      0.023205667734146118,
      0.023565972223877907,
      0.02542303130030632,
      0.024379728361964226,
      0.02211940847337246,
      0.02293059043586254,
      0.02424496039748192,
      0.02405932918190956,
      0.022951284423470497,
      0.02280573919415474,
      0.022635482251644135,
      0.021772556006908417,
      0.022222714498639107,
      0.02354268915951252,
      0.02299390360713005,
      0.021920220926404,
      0.024033725261688232,
      0.021615954115986824,
      0.022873634472489357,
      0.022604426369071007,
      0.02343175560235977,
      0.022411173209547997,
      0.02334098517894745,
      0.02200821042060852,
      0.02299422025680542,
      0.022289801388978958,
      0.023005753755569458,
      0.022275816649198532,
      0.021942749619483948,
      0.02191740646958351,
      0.02233651652932167,
      0.02245992049574852,
      0.02388830855488777,
      0.022768428549170494,
      0.02378772385418415,
      0.02285623736679554,
      0.021767660975456238,
      0.023163601756095886,
      0.02277388609945774,
      0.022589826956391335,
      0.022053293883800507,
      0.022744588553905487,
      0.022814922034740448,
      0.02183859795331955,
      0.021691275760531425,
      0.021345514804124832,
      0.022291425615549088,
      0.022696396335959435,
      0.02281966060400009,
      0.021795516833662987,
      0.022577740252017975,
      0.02204671874642372,
      0.022501206025481224,
      0.021656464785337448,
      0.02146526798605919,
      0.022875022143125534,
      0.021824408322572708,
      0.02224740758538246,
      0.021825823932886124,
      0.0216046255081892,
      0.021142544224858284,
      0.021315818652510643,
      0.02305234782397747,
      0.02245333045721054,
      0.021867988631129265,
      0.02177366055548191,
      0.021403897553682327,
      0.021259872242808342,
      0.021344026550650597,
      0.021987179294228554,
      0.021444011479616165,
      0.02200317569077015,
      0.021838707849383354,
      0.02231774665415287,
      0.021792247891426086,
      0.02219153195619583,
      0.02253994531929493,
      0.021502859890460968,
      0.021843519061803818,
      0.02277122624218464,
      0.022164680063724518,
      0.021918464452028275,
      0.022776512429118156,
      0.022181358188390732,
      0.022410133853554726,
      0.022048242390155792,
      0.02182156965136528,
      0.022349365055561066,
      0.02196647971868515,
      0.02247167006134987,
      0.021874764934182167,
      0.021214010193943977,
      0.021372901275753975,
      0.022430632263422012,
      0.02240121178328991,
      0.021660640835762024,
      0.022515565156936646,
      0.021551333367824554,
      0.02241002954542637,
      0.02237759903073311,
      0.021743234246969223,
      0.022672422230243683,
      0.022094091400504112,
      0.022398119792342186,
      0.022249767556786537,
      0.02167421393096447,
      0.021494941785931587,
      0.021952398121356964,
      0.021810894832015038,
      0.021587766706943512,
      0.022007130086421967,
      0.0210559219121933,
      0.021169472485780716,
      0.02153734676539898,
      0.02165360003709793,
      0.02126549929380417,
      0.021135229617357254,
      0.0210691187530756,
      0.021733561530709267,
      0.02147815376520157,
      0.020945172756910324,
      0.021214017644524574,
      0.021846242249011993,
      0.021206680685281754,
      0.020759351551532745,
      0.02250518649816513,
      0.021238835528492928,
      0.021187927573919296,
      0.022328700870275497,
      0.021530987694859505,
      0.02128010056912899,
      0.021499160677194595,
      0.021351946517825127,
      0.021800266578793526,
      0.02220761403441429,
      0.021288283169269562,
      0.021223844960331917,
      0.021037330850958824,
      0.02183634787797928,
      0.02097100019454956,
      0.02223179116845131,
      0.020876968279480934,
      0.021933093667030334,
      0.021034855395555496,
      0.02049116976559162,
      0.021947477012872696,
      0.022190086543560028,
      0.02173297293484211,
      0.020708279684185982,
      0.021638188511133194,
      0.02057289518415928,
      0.021480239927768707,
      0.021268419921398163,
      0.021407214924693108,
      0.02146095223724842,
      0.02120348811149597,
      0.02196826972067356,
      0.021584544330835342,
      0.02153550647199154,
      0.02090969868004322,
      0.020927034318447113,
      0.02108798734843731,
      0.02088000439107418,
      0.02155192755162716,
      0.021041950210928917,
      0.02139321155846119,
      0.02170608378946781,
      0.020853836089372635,
      0.02143982984125614,
      0.021324025467038155,
      0.021245140582323074,
      0.021133430302143097,
      0.02187761478126049,
      0.02091609127819538,
      0.021111078560352325,
      0.021777840331196785,
      0.020849205553531647,
      0.021213773638010025,
