{
   "number_epochs": 300,
   "info_used": "use known only",
   "perc_full_data": 0.25,
   "n_epochs_no_selection": 0,
   "Frequency % cutoff": 0.25,
   "hidden_size": 32,
   "random_state": 0,
   "train_errors": [
      0.32394468784332275,
      0.28328177332878113,
      0.24219197034835815,
      0.20580802857875824,
      0.1720762699842453,
      0.14135795831680298,
      0.11477798968553543,
      0.09455317258834839,
      0.07277528196573257,
      0.05813560634851456,
      0.04916676506400108,
      0.04548707231879234,
      0.04563164338469505,
      0.04665018245577812,
      0.04618861898779869,
      0.046540528535842896,
      0.04546259343624115,
      0.042911186814308167,
      0.04158385843038559,
      0.038734838366508484,
      0.0374373123049736,
      0.03850676119327545,
      0.04007818549871445,
      0.03833909332752228,
      0.03747645393013954,
      0.037041205912828445,
      0.03725777566432953,
      0.037730153650045395,
      0.035250116139650345,
      0.03579249233007431,
      0.03552062809467316,
      0.035349637269973755,
      0.03529926761984825,
      0.03333212062716484,
      0.032792527228593826,
      0.032646045088768005,
      0.033113885670900345,
      0.03145596385002136,
      0.03131795674562454,
      0.03088296391069889,
      0.031101470813155174,
      0.030493542551994324,
      0.030931998044252396,
      0.02918996475636959,
      0.030027732253074646,
      0.029788576066493988,
      0.030703159049153328,
      0.02966550923883915,
      0.029109414666891098,
      0.029428785666823387,
      0.027744721621274948,
      0.027596307918429375,
      0.02771647833287716,
      0.02743344195187092,
      0.027560435235500336,
      0.027227895334362984,
      0.026622410863637924,
      0.026125861331820488,
      0.025714023038744926,
      0.02573484741151333,
      0.027049841359257698,
      0.026756346225738525,
      0.024913344532251358,
      0.025436894968152046,
      0.02399817295372486,
      0.02644498646259308,
      0.02558731473982334,
      0.025297123938798904,
      0.02378159947693348,
      0.024885082617402077,
      0.024510269984602928,
      0.02372686192393303,
      0.024395380169153214,
      0.025153473019599915,
      0.02528306655585766,
      0.023874543607234955,
      0.02460855431854725,
      0.02449215203523636,
      0.02454696223139763,
      0.02408110722899437,
      0.024091454222798347,
      0.024211961776018143,
      0.023602940142154694,
      0.024189457297325134,
      0.02371829003095627,
      0.023653095588088036,
      0.02275916375219822,
      0.02423248440027237,
      0.023383555933833122,
      0.023575954139232635,
      0.023495160043239594,
      0.024167973548173904,
      0.022803548723459244,
      0.023969557136297226,
      0.02353893779218197,
      0.02397303655743599,
      0.02441379427909851,
      0.02311146818101406,
      0.024336600676178932,
      0.02428499236702919,
      0.02349044196307659,
      0.023349547758698463,
      0.024613508954644203,
      0.02252727560698986,
      0.02364078164100647,
      0.023485617712140083,
      0.023662496358156204,
      0.02321081981062889,
      0.022701973095536232,
      0.023125281557440758,
      0.023125911131501198,
      0.022526100277900696,
      0.0244771596044302,
      0.02314508892595768,
      0.022899409756064415,
      0.022884950041770935,
      0.02226385660469532,
      0.023006632924079895,
      0.02284497395157814,
      0.023135889321565628,
      0.023633712902665138,
      0.022573547437787056,
      0.023191148415207863,
      0.02193601243197918,
      0.023683274164795876,
      0.023635372519493103,
      0.022344009950757027,
      0.02316165156662464,
      0.022315727546811104,
      0.02237640507519245,
      0.022682812064886093,
      0.022173842415213585,
      0.022294146940112114,
      0.02301892638206482,
      0.02318919077515602,
      0.022590555250644684,
      0.02334095537662506,
      0.02300867810845375,
      0.02281198464334011,
      0.022080929949879646,
      0.02325296588242054,
      0.02227587252855301,
      0.022140556946396828,
      0.02282099425792694,
      0.02190580405294895,
      0.023320287466049194,
      0.023098822683095932,
      0.023218730464577675,
      0.021847933530807495,
      0.022046318277716637,
      0.022699836641550064,
      0.02274579182267189,
      0.022083943709731102,
      0.022339288145303726,
      0.022293921560049057,
      0.02250201813876629,
      0.022747933864593506,
      0.022510234266519547,
      0.021752167493104935,
      0.02261742204427719,
      0.022384528070688248,
      0.02165517769753933,
      0.023174604400992393,
      0.02308559976518154,
      0.022285686805844307,
      0.021381542086601257,
      0.02215910330414772,
      0.021952034905552864,
      0.022232746705412865,
      0.02201557531952858,
      0.02214888483285904,
      0.022379526868462563,
      0.022545386105775833,
      0.022240590304136276,
      0.022352712228894234,
      0.022823501378297806,
      0.022365039214491844,
      0.022754035890102386,
      0.022594870999455452,
      0.021952610462903976,
      0.022286776453256607,
      0.022665085271000862,
      0.022747403010725975,
      0.021702086552977562,
      0.022869911044836044,
      0.021697530522942543,
      0.02223779447376728,
      0.02201802469789982,
      0.022183749824762344,
      0.022742683067917824,
      0.021933788433670998,
      0.021898653358221054,
      0.021691907197237015,
      0.02178499847650528,
      0.02170107327401638,
      0.02159491740167141,
      0.022117475047707558,
      0.021763136610388756,
      0.021588854491710663,
      0.02240932174026966,
      0.02268327958881855,
      0.02229894883930683,
      0.022485826164484024,
      0.0219272393733263,
      0.022187942638993263,
      0.021938003599643707,
      0.021698223426938057,
      0.021827781572937965,
      0.023032518103718758,
      0.021954424679279327,
      0.021917305886745453,
      0.02240527793765068,
      0.021609848365187645,
      0.022527167573571205,
      0.021810205653309822,
      0.022670051082968712,
      0.022142330184578896,
      0.021560251712799072,
      0.022490166127681732,
      0.02287367731332779,
      0.02169492281973362,
      0.02212110534310341,
      0.021881695836782455,
      0.02170775830745697,
      0.022245679050683975,
      0.02178913541138172,
      0.02217572182416916,
      0.022269347682595253,
      0.022036738693714142,
      0.02173210121691227,
      0.02248125895857811,
      0.022311115637421608,
      0.022295165807008743,
      0.021682461723685265,
      0.022484589368104935,
      0.021931128576397896,
      0.022130917757749557,
      0.021658213809132576,
      0.022257089614868164,
      0.021913737058639526,
      0.021826334297657013,
      0.021592911332845688,
      0.02169731818139553,
      0.021700052544474602,
      0.021513493731617928,
      0.02245059423148632,
      0.021866891533136368,
      0.022146839648485184,
      0.022382425144314766,
      0.022290218621492386,
      0.022061800584197044,
      0.022724568843841553,
      0.021587584167718887,
      0.02255934290587902,
      0.02214413695037365,
      0.022158343344926834,
      0.022022860124707222,
      0.022042028605937958,
      0.022457150742411613,
      0.021917957812547684,
      0.021592559292912483,
      0.022029193118214607,
      0.021942881867289543,
      0.021957142278552055,
      0.021930281072854996,
      0.021821241825819016,
      0.022384248673915863,
      0.022210629656910896,
      0.021672621369361877,
      0.02165146730840206,
      0.02209973707795143,
      0.02187681570649147,
      0.02157653123140335,
      0.02193671278655529,
      0.02155742235481739,
      0.02169182151556015,
      0.021668028086423874,
      0.022141382098197937,
      0.021879348903894424,
      0.021742375567555428,
      0.022129621356725693,
      0.021594567224383354,
