{
   "number_epochs": 300,
   "info_used": "use known only",
   "perc_full_data": 0.25,
   "n_epochs_no_selection": 0,
   "Frequency % cutoff": 0.25,
   "hidden_size": 32,
   "random_state": 12,
   "train_errors": [
      0.3817152976989746,
      0.3422712981700897,
      0.30695638060569763,
      0.2724301517009735,
      0.24315547943115234,
      0.21041254699230194,
      0.18308351933956146,
      0.15579047799110413,
      0.12779691815376282,
      0.1084703877568245,
      0.08638854324817657,
      0.06398521363735199,
      0.05061976611614227,
      0.04080072417855263,
      0.03667410463094711,
      0.03280375152826309,
      0.033411573618650436,
      0.03460879623889923,
      0.03467617556452751,
      0.03489522263407707,
      0.033403053879737854,
      0.03232893720269203,
      0.029185403138399124,
      0.030921561643481255,
      0.029938437044620514,
      0.030414201319217682,
      0.02949240803718567,
      0.02867402508854866,
      0.030860858038067818,
      0.02766372822225094,
      0.02861381508409977,
      0.028703315183520317,
      0.0272588562220335,
      0.029317524284124374,
      0.027193628251552582,
      0.026545146480202675,
      0.025244172662496567,
      0.025870738551020622,
      0.025548093020915985,
      0.025344006717205048,
      0.02429789863526821,
      0.024993671104311943,
      0.02331913635134697,
      0.024643417447805405,
      0.023712310940027237,
      0.02301749214529991,
      0.023516038432717323,
      0.023161625489592552,
      0.02312019281089306,
      0.023174067959189415,
      0.021346338093280792,
      0.022224223241209984,
      0.021407771855592728,
      0.022533981129527092,
      0.021822838112711906,
      0.023178065195679665,
      0.02180095762014389,
      0.021794211119413376,
      0.022383026778697968,
      0.021465137600898743,
      0.021404104307293892,
      0.02139860764145851,
      0.022011861205101013,
      0.02256312593817711,
      0.02285725623369217,
      0.02160768210887909,
      0.022240201011300087,
      0.02136850915849209,
      0.021701080724596977,
      0.021003825590014458,
      0.021676935255527496,
      0.021818550303578377,
      0.020400697365403175,
      0.023469243198633194,
      0.021716415882110596,
      0.021995842456817627,
      0.021317996084690094,
      0.022765152156352997,
      0.021029192954301834,
      0.022516939789056778,
      0.021343626081943512,
      0.02272750623524189,
      0.021566689014434814,
      0.020925404503941536,
      0.021061183884739876,
      0.02010997198522091,
      0.02109522372484207,
      0.020243261009454727,
      0.020859435200691223,
      0.022003963589668274,
      0.020376477390527725,
      0.01995912566781044,
      0.020990097895264626,
      0.021796947345137596,
      0.021803583949804306,
      0.02009289711713791,
      0.021325621753931046,
      0.021741406992077827,
      0.02178451418876648,
      0.020737500861287117,
      0.021946396678686142,
      0.02054915949702263,
      0.020764991641044617,
      0.02193998172879219,
      0.020740000531077385,
      0.02088337205350399,
      0.02115006372332573,
      0.02161528915166855,
      0.020305443555116653,
      0.02050337940454483,
      0.021655647084116936,
      0.021065890789031982,
      0.020378168672323227,
      0.022788213565945625,
      0.021769115701317787,
      0.020471738651394844,
      0.021128257736563683,
      0.02113766223192215,
      0.021834852173924446,
      0.020693225786089897,
      0.021992607042193413,
      0.021497979760169983,
      0.020310066640377045,
      0.021629491820931435,
      0.021605413407087326,
      0.020405733957886696,
      0.021478548645973206,
      0.02106962725520134,
      0.020627085119485855,
      0.020507290959358215,
      0.01991596817970276,
      0.020735999569296837,
      0.021667154505848885,
      0.020852206274867058,
      0.02038225531578064,
      0.02196183241903782,
      0.020867710933089256,
      0.02102811075747013,
      0.020653601735830307,
      0.02184390090405941,
      0.021478954702615738,
      0.02159462496638298,
      0.0207018181681633,
      0.020629195496439934,
      0.02168349362909794,
      0.02062894217669964,
      0.02059846930205822,
      0.019934330135583878,
      0.021253902465105057,
      0.020207641646265984,
      0.019301969558000565,
      0.02007598616182804,
      0.02002016082406044,
      0.020335456356406212,
      0.02143002487719059,
      0.0206711795181036,
      0.021082334220409393,
      0.01994045451283455,
      0.0210335161536932,
      0.02071278542280197,
      0.02003662660717964,
      0.019482513889670372,
      0.020562438294291496,
      0.021224915981292725,
      0.02026175521314144,
      0.020300138741731644,
      0.02114558406174183,
      0.020331211388111115,
      0.02034948021173477,
      0.019792132079601288,
      0.020306209102272987,
      0.0199485644698143,
      0.020141733810305595,
      0.01961604878306389,
      0.020852183923125267,
      0.019597575068473816,
      0.020982619374990463,
      0.019801266491413116,
      0.02041727490723133,
      0.01974092796444893,
      0.02008536271750927,
      0.019227037206292152,
      0.020237935706973076,
      0.02039818838238716,
      0.020221460610628128,
      0.020480837672948837,
      0.020290296524763107,
      0.02000243216753006,
      0.020808005705475807,
      0.020351437851786613,
      0.020578309893608093,
      0.01979672908782959,
      0.020374294370412827,
      0.019787823781371117,
      0.01969953253865242,
      0.01931862346827984,
      0.020074212923645973,
      0.02066839300096035,
      0.020395543426275253,
      0.02182077243924141,
      0.019767489284276962,
      0.020259257405996323,
      0.020239416509866714,
      0.019814833998680115,
      0.021111134439706802,
      0.020798783749341965,
      0.01954115554690361,
      0.020052015781402588,
      0.019619327038526535,
      0.020230276510119438,
      0.019498053938150406,
      0.020438477396965027,
      0.02084517665207386,
      0.019922545179724693,
      0.02003440633416176,
      0.019480805844068527,
      0.018978051841259003,
      0.019536370411515236,
      0.020650440827012062,
      0.020361924543976784,
      0.01986677013337612,
      0.018793568015098572,
      0.02020024135708809,
      0.02013988420367241,
      0.019644534215331078,
      0.020023014396429062,
      0.01962663047015667,
      0.02060994878411293,
      0.0193020086735487,
      0.020400777459144592,
      0.019773943349719048,
      0.020057445392012596,
      0.020280303433537483,
      0.01991836354136467,
      0.020437395200133324,
      0.019345859065651894,
      0.019499780610203743,
      0.019967475906014442,
      0.019990235567092896,
      0.020051825791597366,
      0.020080283284187317,
      0.01990148425102234,
      0.02038104273378849,
      0.01998291164636612,
      0.020123416557908058,
      0.01999005861580372,
      0.01972392201423645,
      0.020048143342137337,
      0.019730787724256516,
      0.019891738891601562,
      0.02033856511116028,
      0.02020449750125408,
      0.01994953490793705,
      0.020264996215701103,
      0.020044000819325447,
      0.019171837717294693,
      0.019652407616376877,
      0.02023427188396454,
      0.020855775102972984,
      0.01981433853507042,
      0.019960839301347733,
      0.02070966735482216,
      0.019766435027122498,
      0.02007181942462921,
      0.019656701013445854,
      0.020208220928907394,
      0.020703978836536407,
      0.01990438997745514,
      0.019899949431419373,
      0.019388241693377495,
      0.020060932263731956,
      0.019929099828004837,
      0.019673846662044525,
      0.020009426400065422,
      0.020026978105306625,
      0.019536582753062248,
      0.01976405456662178,
      0.019314758479595184,
      0.019845256581902504,
      0.019456082955002785,
      0.020132895559072495,
      0.019326353445649147,
