{
   "number_epochs": 300,
   "info_used": "use known only",
   "perc_full_data": 0.25,
   "n_epochs_no_selection": 0,
   "Frequency % cutoff": 0.25,
   "hidden_size": 32,
   "random_state": 10,
   "train_errors": [
      0.26871711015701294,
      0.232355535030365,
      0.20136293768882751,
      0.16817186772823334,
      0.13773496448993683,
      0.11019900441169739,
      0.08229970186948776,
      0.06321737915277481,
      0.044299714267253876,
      0.03553231433033943,
      0.02973475307226181,
      0.03191667050123215,
      0.038416508585214615,
      0.03515144810080528,
      0.03584849461913109,
      0.03371378406882286,
      0.029568452388048172,
      0.03056911751627922,
      0.027700837701559067,
      0.029550600796937943,
      0.0285625159740448,
      0.026728497818112373,
      0.026288922876119614,
      0.026836004108190536,
      0.025809425860643387,
      0.02661704458296299,
      0.0262871365994215,
      0.025176463648676872,
      0.025301603600382805,
      0.025335505604743958,
      0.0254399124532938,
      0.02433236688375473,
      0.025785215198993683,
      0.023114649578928947,
      0.023799501359462738,
      0.023869894444942474,
      0.023683298379182816,
      0.022842785343527794,
      0.023890336975455284,
      0.022196805104613304,
      0.022876260802149773,
      0.0221736878156662,
      0.02305457927286625,
      0.023010462522506714,
      0.02279120311141014,
      0.021524999290704727,
      0.02232939377427101,
      0.021268896758556366,
      0.02085120603442192,
      0.020851559937000275,
      0.02092856913805008,
      0.020500468090176582,
      0.021932106465101242,
      0.02214597724378109,
      0.02183808945119381,
      0.022276030853390694,
      0.021215682849287987,
      0.022025495767593384,
      0.022806238383054733,
      0.020133748650550842,
      0.022009190171957016,
      0.020205935463309288,
      0.021594757214188576,
      0.021570490673184395,
      0.021962372586131096,
      0.021463828161358833,
      0.02199675142765045,
      0.021402548998594284,
      0.02049126848578453,
      0.021783554926514626,
      0.021819181740283966,
      0.020452221855521202,
      0.020617324858903885,
      0.021900974214076996,
      0.019856689497828484,
      0.021655738353729248,
      0.02133866213262081,
      0.020573467016220093,
      0.021592391654849052,
      0.020913930609822273,
      0.02108781225979328,
      0.021102117374539375,
      0.019790152087807655,
      0.020098447799682617,
      0.019999712705612183,
      0.02114824764430523,
      0.02090424671769142,
      0.020662078633904457,
      0.02087155543267727,
      0.021178117021918297,
      0.02176625281572342,
      0.020062647759914398,
      0.02057981863617897,
      0.021838871762156487,
      0.02058597095310688,
      0.020283740013837814,
      0.021998487412929535,
      0.020530829206109047,
      0.020213499665260315,
      0.020447250455617905,
      0.02066003903746605,
      0.021476201713085175,
      0.020427098497748375,
      0.021319787949323654,
      0.021416209638118744,
      0.019748302176594734,
      0.020767394453287125,
      0.020704198628664017,
      0.020055105909705162,
      0.020312979817390442,
      0.021391358226537704,
      0.021289221942424774,
      0.02046205848455429,
      0.020403031259775162,
      0.020478013902902603,
      0.020167337730526924,
      0.02082698978483677,
      0.020301520824432373,
      0.02030334807932377,
      0.02081345021724701,
      0.020901063457131386,
      0.02041102945804596,
      0.020534778013825417,
      0.02032248117029667,
      0.020327018573880196,
      0.020925624296069145,
      0.02042238600552082,
      0.01925033889710903,
      0.020490162074565887,
      0.020980799570679665,
      0.020219428464770317,
      0.021022340282797813,
      0.02038644254207611,
      0.020627455785870552,
      0.0210096575319767,
      0.020443830639123917,
      0.02057380974292755,
      0.0195095743983984,
      0.02016245201230049,
      0.02006828971207142,
      0.02087760530412197,
      0.020302973687648773,
      0.020816506817936897,
      0.02068408951163292,
      0.020730776712298393,
      0.020490139722824097,
      0.020279645919799805,
      0.020479442551732063,
      0.02074858359992504,
      0.020344581454992294,
      0.020513422787189484,
      0.020762456580996513,
      0.019756950438022614,
      0.020135430619120598,
      0.019975390285253525,
      0.020009720697999,
      0.020138124004006386,
      0.019551316276192665,
      0.019410675391554832,
      0.019557690247893333,
      0.01968039758503437,
      0.019855841994285583,
      0.020597677677869797,
      0.020400049164891243,
      0.019722413271665573,
      0.02022704668343067,
      0.019255559891462326,
      0.02067374624311924,
      0.02025092951953411,
      0.019438836723566055,
      0.020640425384044647,
      0.019974518567323685,
      0.02085908129811287,
      0.020315494388341904,
      0.019669217988848686,
      0.020606139674782753,
      0.01952928677201271,
      0.0195511095225811,
      0.01891828142106533,
      0.019771190360188484,
      0.019747881218791008,
      0.0196018498390913,
      0.020001960918307304,
      0.019867824390530586,
      0.019370276480913162,
      0.01965322159230709,
      0.019270529970526695,
      0.020137127488851547,
      0.01984899677336216,
      0.019565625116229057,
      0.020242245867848396,
      0.019298024475574493,
      0.020001640543341637,
      0.020698020234704018,
      0.019569585099816322,
      0.019699139520525932,
      0.020454589277505875,
      0.019667373970150948,
      0.019287312403321266,
      0.020424939692020416,
      0.02016981691122055,
      0.019341174513101578,
      0.019751833751797676,
      0.020105581730604172,
      0.01969677023589611,
      0.019693369045853615,
      0.020233241841197014,
      0.019213955849409103,
      0.019349034875631332,
      0.020125428214669228,
      0.01963816024363041,
      0.019767453894019127,
      0.01931619457900524,
      0.019359041005373,
      0.019750872626900673,
      0.019855493679642677,
      0.020291095599532127,
      0.019473586231470108,
      0.019170517101883888,
      0.01941528730094433,
      0.020498502999544144,
      0.02015622705221176,
      0.019802743569016457,
      0.019775979220867157,
      0.019958052784204483,
      0.019507233053445816,
      0.020097168162465096,
      0.018943769857287407,
      0.019755465909838676,
      0.01902013272047043,
      0.01978219673037529,
      0.0194611307233572,
      0.019148120656609535,
      0.02004399709403515,
      0.01941697672009468,
      0.01934531144797802,
      0.019684141501784325,
      0.01901327446103096,
      0.0192097295075655,
      0.019726654514670372,
      0.019492875784635544,
      0.020085688680410385,
      0.02009940706193447,
      0.01928350143134594,
      0.019612133502960205,
      0.019746454432606697,
      0.01971326395869255,
      0.019686952233314514,
      0.01987714320421219,
      0.01974325440824032,
      0.019920123741030693,
      0.01934663951396942,
      0.019798647612333298,
      0.02020290493965149,
      0.019950728863477707,
      0.019825318828225136,
      0.01911824941635132,
      0.019845696166157722,
      0.019699491560459137,
      0.019232450053095818,
      0.019828157499432564,
      0.01994180493056774,
      0.019372370094060898,
      0.018945449963212013,
      0.020038451999425888,
      0.019850190728902817,
      0.01937871240079403,
      0.01986658200621605,
      0.01969563029706478,
      0.019606750458478928,
      0.01935756765305996,
      0.019893597811460495,
      0.01907973736524582,
      0.01949545554816723,
      0.0196768119931221,
      0.01931227557361126,
      0.019203726202249527,
      0.019159747287631035,
      0.020147103816270828,
      0.019856497645378113,
      0.019551536068320274,
      0.019375627860426903,
