{
   "number_epochs": 500,
   "info_used": "partial info",
   "perc_full_data": 0.3,
   "n_epochs_no_selection": 0,
   "Frequency % cutoff": 0.25,
   "hidden_size": 32,
   "random_state": 26,
   "train_errors": [
      0.7278704643249512,
      0.7174798846244812,
      0.7070238590240479,
      0.6994856595993042,
      0.6919796466827393,
      0.6870713233947754,
      0.6796579957008362,
      0.6747742891311646,
      0.6712096929550171,
      0.6672384142875671,
      0.6640220284461975,
      0.6630752682685852,
      0.6654700040817261,
      0.6633779406547546,
      0.6613549590110779,
      0.6604772806167603,
      0.6599050164222717,
      0.6634236574172974,
      0.6619898080825806,
      0.6609706878662109,
      0.655206561088562,
      0.6584091782569885,
      0.6544553637504578,
      0.6554253697395325,
      0.6512017846107483,
      0.6502410173416138,
      0.6535893678665161,
      0.6519384980201721,
      0.6456809639930725,
      0.6426617503166199,
      0.6476227045059204,
      0.6448203325271606,
      0.6427969336509705,
      0.6402516961097717,
      0.6381189823150635,
      0.633451521396637,
      0.6303510069847107,
      0.6308577656745911,
      0.6245195865631104,
      0.627151608467102,
      0.6270985007286072,
      0.6225529909133911,
      0.6230491995811462,
      0.6154780983924866,
      0.6130000352859497,
      0.6117264628410339,
      0.6105259656906128,
      0.6077646017074585,
      0.6050122380256653,
      0.6009265184402466,
      0.596289336681366,
      0.5927707552909851,
      0.5936687588691711,
      0.5911329984664917,
      0.5840248465538025,
      0.5860596895217896,
      0.5757501721382141,
      0.5808974504470825,
      0.5728785991668701,
      0.5708727836608887,
      0.5704246163368225,
      0.5590523481369019,
      0.5703772306442261,
      0.5696610808372498,
      0.5572909116744995,
      0.5633995532989502,
      0.5584935545921326,
      0.5579808354377747,
      0.5554114580154419,
      0.5427220463752747,
      0.5416857600212097,
      0.5537800192832947,
      0.5339308977127075,
      0.5397537350654602,
      0.5390581488609314,
      0.550727367401123,
      0.5354105234146118,
      0.5392943024635315,
      0.5316188931465149,
      0.5641466379165649,
      0.5410009622573853,
      0.525505542755127,
      0.5447606444358826,
      0.5351822376251221,
      0.5360293388366699,
      0.5285840034484863,
      0.5466440916061401,
      0.5249164700508118,
      0.5216686129570007,
      0.5365363359451294,
      0.5350093841552734,
      0.5241189002990723,
      0.541225254535675,
      0.5308303833007812,
      0.5155014991760254,
      0.5238018035888672,
      0.5262236595153809,
      0.538404643535614,
      0.5082263350486755,
      0.5195569396018982,
      0.528990626335144,
      0.5293765664100647,
      0.5458871722221375,
      0.5428571105003357,
      0.5141803622245789,
      0.5167917609214783,
      0.5041463971138,
      0.5199408531188965,
      0.509993851184845,
      0.5198975205421448,
      0.525611937046051,
      0.5252819657325745,
      0.5491262674331665,
      0.5211896300315857,
      0.5171677470207214,
      0.5158210396766663,
      0.5254595279693604,
      0.5203816294670105,
      0.5362940430641174,
      0.5239764451980591,
      0.5152442455291748,
      0.5084015130996704,
      0.5253276228904724,
      0.5198473334312439,
      0.526536226272583,
      0.5142464637756348,
      0.5158446431159973,
      0.529186487197876,
      0.5410860180854797,
      0.5130936503410339,
      0.5306000709533691,
      0.5161638259887695,
      0.5276560187339783,
      0.5195026993751526,
      0.5215603709220886,
      0.5168388485908508,
      0.517377495765686,
      0.5032955408096313,
      0.5139676928520203,
      0.5185636281967163,
      0.523986279964447,
      0.5038321614265442,
      0.513672411441803,
      0.5161231160163879,
      0.5196599960327148,
      0.5040632486343384,
      0.5172643661499023,
      0.5247833132743835,
      0.5258233547210693,
      0.5062576532363892,
      0.5070850253105164,
      0.5118719935417175,
      0.5276961922645569,
      0.521914005279541,
      0.5308959484100342,
      0.5395109057426453,
      0.5198582410812378,
      0.5109229683876038,
      0.5185602903366089,
      0.5209449529647827,
      0.5182861685752869,
      0.4961903691291809,
      0.5290446281433105,
      0.5108445286750793,
      0.5259655714035034,
      0.5242953896522522,
      0.5043630003929138,
      0.511933445930481,
      0.5214495062828064,
      0.5218818783760071,
      0.525738000869751,
      0.5037890076637268,
      0.5291844010353088,
      0.5185642838478088,
      0.5128058791160583,
      0.5188948512077332,
      0.5156288146972656,
      0.5290513038635254,
      0.512383222579956,
      0.5187410712242126,
      0.5194510817527771,
      0.5110460519790649,
      0.502977192401886,
      0.5232294201850891,
      0.5209423303604126,
      0.49434828758239746,
      0.5080925822257996,
      0.5078417062759399,
      0.5231970548629761,
      0.5270124673843384,
      0.5191799402236938,
      0.5077821016311646,
      0.5204582810401917,
      0.5091702342033386,
      0.5135706663131714,
      0.5199653506278992,
      0.5034485459327698,
      0.5083401799201965,
      0.5221836566925049,
      0.49100401997566223,
      0.4998784065246582,
      0.5089471340179443,
      0.490548700094223,
      0.4920036196708679,
      0.5099160075187683,
      0.5059781670570374,
      0.5061801671981812,
      0.506095826625824,
      0.5110840797424316,
      0.5088382363319397,
      0.5032424330711365,
      0.5076752305030823,
      0.5131932497024536,
      0.4995541274547577,
      0.5158681869506836,
      0.5108251571655273,
      0.49711883068084717,
      0.513268768787384,
      0.5340191125869751,
      0.5132023096084595,
      0.492022842168808,
      0.5118193626403809,
      0.5113537907600403,
      0.5110645890235901,
      0.5194911360740662,
      0.49506014585494995,
      0.5034186244010925,
      0.5269225835800171,
      0.5024694204330444,
      0.49936550855636597,
      0.5191556215286255,
      0.504345178604126,
      0.5097326040267944,
      0.515846848487854,
      0.5153084993362427,
      0.5062198638916016,
      0.517098069190979,
      0.5016919374465942,
      0.5070940256118774,
      0.5066603422164917,
      0.502938449382782,
      0.5043982267379761,
      0.5065377354621887,
      0.5175981521606445,
      0.4994768798351288,
      0.515566349029541,
      0.5111820101737976,
      0.49703702330589294,
      0.49419620633125305,
      0.5062124729156494,
      0.5063187479972839,
      0.5081911683082581,
      0.5174051523208618,
      0.5164850950241089,
      0.5132265686988831,
      0.49342086911201477,
      0.4993840157985687,
      0.5165311098098755,
      0.5116754770278931,
      0.5091129541397095,
      0.49827250838279724,
      0.5115838050842285,
      0.5127983689308167,
      0.5143692493438721,
      0.4905494451522827,
      0.4892900288105011,
      0.49696364998817444,
      0.5027563571929932,
      0.5043103098869324,
      0.5198514461517334,
      0.5036521553993225,
      0.5081892013549805,
      0.49312907457351685,
      0.5039862990379333,
      0.5032775402069092,
      0.49572521448135376,
      0.5040351748466492,
      0.4939418435096741,
      0.5119580626487732,
      0.5166524648666382,
      0.504395067691803,
      0.4899209141731262,
      0.5066964626312256,
      0.5150036215782166,
      0.5211227536201477,
      0.5029478073120117,
      0.5004814267158508,
      0.4987338185310364,
      0.5013523101806641,
      0.4897260069847107,
      0.48383545875549316,
      0.5023022294044495,
      0.5138286352157593,
      0.4934806823730469,
      0.49709683656692505,
      0.4817892909049988,
      0.5055338144302368,
      0.513566255569458,
      0.5005047917366028,
      0.5122096538543701,
