{
   "number_epochs": 500,
   "info_used": "partial info",
   "perc_full_data": 0.3,
   "n_epochs_no_selection": 0,
   "Frequency % cutoff": 0.25,
   "hidden_size": 32,
   "random_state": 17,
   "train_errors": [
      0.6960902810096741,
      0.6888123750686646,
      0.6825073957443237,
      0.6774713397026062,
      0.6718883514404297,
      0.6659191846847534,
      0.6605640053749084,
      0.6547514796257019,
      0.6494359970092773,
      0.6504834294319153,
      0.6453736424446106,
      0.6396956443786621,
      0.6408423781394958,
      0.6347719430923462,
      0.6330762505531311,
      0.6304982304573059,
      0.6360071301460266,
      0.6351698637008667,
      0.6324432492256165,
      0.6341266632080078,
      0.6327137351036072,
      0.6348744630813599,
      0.6240591406822205,
      0.6252216100692749,
      0.6175862550735474,
      0.6243776679039001,
      0.6215838193893433,
      0.6237863898277283,
      0.6153989434242249,
      0.6160768866539001,
      0.6160479187965393,
      0.6103688478469849,
      0.6077160239219666,
      0.6121808290481567,
      0.6118454933166504,
      0.6004677414894104,
      0.6047573089599609,
      0.6008407473564148,
      0.6000504493713379,
      0.5957032442092896,
      0.5979015231132507,
      0.5917997360229492,
      0.5935568809509277,
      0.5841690897941589,
      0.5864930152893066,
      0.5764514803886414,
      0.580453634262085,
      0.5792505741119385,
      0.5789549946784973,
      0.5724568963050842,
      0.5803925395011902,
      0.5727104544639587,
      0.5666309595108032,
      0.5716671347618103,
      0.5656951665878296,
      0.5589308738708496,
      0.5602807998657227,
      0.5651330351829529,
      0.5721389055252075,
      0.5489369034767151,
      0.5623692870140076,
      0.5494385957717896,
      0.5573607683181763,
      0.5523742437362671,
      0.5427057147026062,
      0.5393021702766418,
      0.5564417839050293,
      0.5398980379104614,
      0.5360072255134583,
      0.5448564887046814,
      0.5429288744926453,
      0.533589243888855,
      0.530279815196991,
      0.5270912051200867,
      0.5439645648002625,
      0.5323806405067444,
      0.5328819751739502,
      0.5297155380249023,
      0.5230225324630737,
      0.5175078511238098,
      0.5428004860877991,
      0.5313210487365723,
      0.5238407254219055,
      0.5313950181007385,
      0.5338618159294128,
      0.5202813148498535,
      0.5230470895767212,
      0.5295546650886536,
      0.5308271050453186,
      0.5293847322463989,
      0.5277109146118164,
      0.5274345874786377,
      0.5204185247421265,
      0.5070217251777649,
      0.5147181153297424,
      0.5087276697158813,
      0.5161885023117065,
      0.5162550806999207,
      0.5276339054107666,
      0.5243583917617798,
      0.5229719877243042,
      0.5174883008003235,
      0.5141208171844482,
      0.5081350207328796,
      0.5143018364906311,
      0.5062322020530701,
      0.5183484554290771,
      0.5227066278457642,
      0.49603530764579773,
      0.5081236958503723,
      0.5100024938583374,
      0.5016869306564331,
      0.506328821182251,
      0.506222665309906,
      0.5036615133285522,
      0.5225366950035095,
      0.5072434544563293,
      0.49971500039100647,
      0.5013455748558044,
      0.5093283653259277,
      0.49952685832977295,
      0.5032219886779785,
      0.5009569525718689,
      0.48235055804252625,
      0.5176841616630554,
      0.5075507164001465,
      0.4968869090080261,
      0.49198397994041443,
      0.49677392840385437,
      0.5056273937225342,
      0.4873197376728058,
      0.49301451444625854,
      0.5040804743766785,
      0.4987603425979614,
      0.47450724244117737,
      0.5020807981491089,
      0.49768978357315063,
      0.49328485131263733,
      0.49526455998420715,
      0.4838881194591522,
      0.49295008182525635,
      0.4911482632160187,
      0.5083163976669312,
      0.5044938325881958,
      0.4985356032848358,
      0.4691576063632965,
      0.4801745116710663,
      0.48379313945770264,
      0.4842819571495056,
      0.5013777017593384,
      0.49681106209754944,
      0.49612030386924744,
      0.4705755114555359,
      0.4906637668609619,
      0.4726865589618683,
      0.4799870252609253,
      0.49440333247184753,
      0.4815079867839813,
      0.48251253366470337,
      0.4823475182056427,
      0.48199382424354553,
      0.4791063368320465,
      0.4871894419193268,
      0.4949333071708679,
      0.46496260166168213,
      0.48283645510673523,
      0.47327592968940735,
      0.46353134512901306,
      0.48390913009643555,
      0.483038991689682,
      0.49928736686706543,
      0.4681603014469147,
      0.5064308643341064,
      0.47524431347846985,
      0.46742212772369385,
      0.46628522872924805,
      0.4760921895503998,
      0.4706172049045563,
      0.4952344298362732,
      0.4699387550354004,
      0.4682369530200958,
      0.4835398495197296,
      0.4740302860736847,
      0.46285852789878845,
      0.4626656174659729,
      0.4706614911556244,
      0.4913174510002136,
      0.4696580171585083,
      0.47391843795776367,
      0.47154727578163147,
      0.45208194851875305,
      0.46423763036727905,
      0.46742090582847595,
      0.4776817858219147,
      0.4620182514190674,
      0.4769895374774933,
      0.46428051590919495,
      0.4668062925338745,
      0.46595945954322815,
      0.48388218879699707,
      0.4889006018638611,
      0.45469364523887634,
      0.46732664108276367,
      0.4803709387779236,
      0.44648513197898865,
      0.4680907726287842,
      0.4590968191623688,
      0.48343929648399353,
      0.45793217420578003,
      0.47074127197265625,
      0.4662253260612488,
      0.4487074315547943,
      0.4677348732948303,
      0.4534103274345398,
      0.5039536356925964,
      0.48330003023147583,
      0.444600373506546,
      0.45818981528282166,
      0.45459187030792236,
      0.4498130679130554,
      0.46804842352867126,
      0.44883209466934204,
      0.4656050503253937,
      0.46927860379219055,
      0.48900774121284485,
      0.4599093496799469,
      0.4588695764541626,
      0.4597908556461334,
      0.4689719080924988,
      0.45050230622291565,
      0.46651506423950195,
      0.4534010887145996,
      0.45073288679122925,
      0.47717052698135376,
      0.44279995560646057,
      0.46585872769355774,
      0.4584709405899048,
      0.46783536672592163,
      0.4679814577102661,
      0.4784449338912964,
      0.44783923029899597,
      0.4535090923309326,
      0.46230560541152954,
      0.45948606729507446,
      0.4950486719608307,
      0.4739893078804016,
      0.4639876186847687,
      0.46726512908935547,
      0.4543304443359375,
      0.4718693196773529,
      0.453112930059433,
      0.4519349932670593,
      0.462238609790802,
      0.45014575123786926,
      0.47792723774909973,
      0.474947452545166,
      0.46132609248161316,
      0.44969281554222107,
      0.45042529702186584,
      0.4623189866542816,
      0.4568244516849518,
      0.471333771944046,
      0.4539504647254944,
      0.43639224767684937,
      0.47093185782432556,
      0.4732297956943512,
      0.46254435181617737,
      0.49074169993400574,
      0.4507680833339691,
      0.43880677223205566,
      0.4373648166656494,
      0.46750980615615845,
      0.44063058495521545,
      0.44504037499427795,
      0.48490530252456665,
      0.4557954967021942,
      0.44722259044647217,
      0.4407084584236145,
      0.43638455867767334,
      0.43260663747787476,
      0.45378628373146057,
      0.4444452226161957,
      0.4686775505542755,
      0.4516649842262268,
      0.4632217288017273,
      0.46195098757743835,
      0.4610348641872406,
      0.4440791606903076,
      0.4758012592792511,
      0.4517553150653839,
      0.4311606287956238,
      0.4419998526573181,
      0.4162997305393219,
      0.45999860763549805,
      0.45345550775527954,
      0.4642936587333679,
