{
   "number_epochs": 500,
   "info_used": "partial info",
   "perc_full_data": 0.1,
   "n_epochs_no_selection": 0,
   "Frequency % cutoff": 0.25,
   "hidden_size": 32,
   "random_state": 79,
   "train_errors": [
      0.7206620573997498,
      0.7111350893974304,
      0.7036150693893433,
      0.6978778839111328,
      0.691988468170166,
      0.689426064491272,
      0.6827185750007629,
      0.679837703704834,
      0.6794426441192627,
      0.6721723675727844,
      0.6743720769882202,
      0.6738200187683105,
      0.6629624366760254,
      0.6712983250617981,
      0.6674466133117676,
      0.6736308932304382,
      0.6627040505409241,
      0.6764513850212097,
      0.6669068932533264,
      0.6649856567382812,
      0.6641387939453125,
      0.667556643486023,
      0.6614341139793396,
      0.6626516580581665,
      0.6621140241622925,
      0.6537730097770691,
      0.6608681082725525,
      0.6538453102111816,
      0.6530451774597168,
      0.6562832593917847,
      0.6540260314941406,
      0.6455426216125488,
      0.6446482539176941,
      0.6448736786842346,
      0.6455321311950684,
      0.639604389667511,
      0.6401510834693909,
      0.631640613079071,
      0.6281586289405823,
      0.6343146562576294,
      0.6239602565765381,
      0.6234808564186096,
      0.623099684715271,
      0.6131325960159302,
      0.6129090189933777,
      0.616512656211853,
      0.6156163811683655,
      0.6211709976196289,
      0.6058738231658936,
      0.6082977652549744,
      0.599478006362915,
      0.5982181429862976,
      0.5884385704994202,
      0.5890021920204163,
      0.5749634504318237,
      0.5833198428153992,
      0.5801435112953186,
      0.5763890743255615,
      0.5808677673339844,
      0.5728063583374023,
      0.5839608907699585,
      0.5639054775238037,
      0.5577124953269958,
      0.5387431979179382,
      0.5435243248939514,
      0.5582264065742493,
      0.533601701259613,
      0.5547282099723816,
      0.5565996766090393,
      0.5418978333473206,
      0.5455308556556702,
      0.5167828798294067,
      0.5775769948959351,
      0.5091977715492249,
      0.5543266534805298,
      0.5805372595787048,
      0.5596785545349121,
      0.5321648716926575,
      0.5637078285217285,
      0.5247441530227661,
      0.5430938005447388,
      0.5396138429641724,
      0.5631723403930664,
      0.5483679175376892,
      0.5355765223503113,
      0.5544801950454712,
      0.559033215045929,
      0.5303893685340881,
      0.5281394124031067,
      0.5440500974655151,
      0.5197415351867676,
      0.5213526487350464,
      0.5441140532493591,
      0.5239989757537842,
      0.5329732894897461,
      0.5027086734771729,
      0.5626556277275085,
      0.5556386709213257,
      0.5366985201835632,
      0.5219152569770813,
      0.5557968020439148,
      0.5619882345199585,
      0.517196774482727,
      0.507681131362915,
      0.533193051815033,
      0.5380479097366333,
      0.546220064163208,
      0.5399696230888367,
      0.51433265209198,
      0.5161070227622986,
      0.5569371581077576,
      0.5291352272033691,
      0.5506804585456848,
      0.528676450252533,
      0.519382655620575,
      0.5404996275901794,
      0.5335870981216431,
      0.513873815536499,
      0.53797847032547,
      0.5346770286560059,
      0.5116361379623413,
      0.48961079120635986,
      0.5022460222244263,
      0.530045211315155,
      0.5264217853546143,
      0.5567746162414551,
      0.4976266920566559,
      0.5455114245414734,
      0.4963335692882538,
      0.5004271864891052,
      0.5274755358695984,
      0.5173413753509521,
      0.5260734558105469,
      0.5220987796783447,
      0.5433374047279358,
      0.5375143885612488,
      0.5316497087478638,
      0.516371488571167,
      0.5618236064910889,
      0.5174434185028076,
      0.5382176041603088,
      0.5645413398742676,
      0.5434966087341309,
      0.519851565361023,
      0.5579279065132141,
      0.5015749931335449,
      0.5410634875297546,
      0.524983286857605,
      0.5108176469802856,
      0.5103529691696167,
      0.5376001000404358,
      0.5026706457138062,
      0.5418132543563843,
      0.5335185527801514,
      0.49555447697639465,
      0.5279434323310852,
      0.4923190474510193,
      0.4933089017868042,
      0.48496919870376587,
      0.566376268863678,
      0.5253592729568481,
      0.5780596137046814,
      0.4882403016090393,
      0.5063932538032532,
      0.4965476393699646,
      0.5249775052070618,
      0.5134276747703552,
      0.4973669648170471,
      0.5382769703865051,
      0.5103038549423218,
      0.4887137711048126,
      0.5355098843574524,
      0.5385763645172119,
      0.5066344141960144,
      0.5170120596885681,
      0.5365665555000305,
      0.4885047376155853,
      0.49622002243995667,
      0.49738457798957825,
      0.500924289226532,
      0.4887726604938507,
      0.47674331068992615,
      0.5073184370994568,
      0.5193495750427246,
      0.4999740719795227,
      0.5263672471046448,
      0.5031993985176086,
      0.4945317506790161,
      0.4955039918422699,
      0.5166574120521545,
      0.4963977038860321,
      0.47482815384864807,
      0.510205090045929,
      0.4970709979534149,
      0.5059301853179932,
      0.4628131687641144,
      0.49242961406707764,
      0.505355179309845,
      0.4981493651866913,
      0.4879702925682068,
      0.5070216655731201,
      0.5225008726119995,
      0.5148923397064209,
      0.47092315554618835,
      0.48680177330970764,
      0.5168023109436035,
      0.4590463936328888,
      0.5349360704421997,
      0.5078444480895996,
      0.5200537443161011,
      0.4669139087200165,
      0.5351727604866028,
      0.42713475227355957,
      0.5226414203643799,
      0.5019951462745667,
      0.48251113295555115,
      0.4772438704967499,
      0.5181862711906433,
      0.4822313189506531,
      0.48995277285575867,
      0.4702298045158386,
      0.4741114377975464,
      0.4762266278266907,
      0.5277120471000671,
      0.4816352128982544,
      0.4687836170196533,
      0.467423677444458,
      0.4794667065143585,
      0.4984942674636841,
      0.4901149272918701,
      0.4889228045940399,
      0.4840177595615387,
      0.4973480701446533,
      0.5287172198295593,
      0.46916663646698,
      0.44660645723342896,
      0.5149280428886414,
      0.531912088394165,
      0.4734298586845398,
      0.45581337809562683,
      0.5066720843315125,
      0.557364821434021,
      0.5077700018882751,
      0.5258166193962097,
      0.5113795399665833,
      0.4520585536956787,
      0.5384284257888794,
      0.49527090787887573,
      0.5026984214782715,
      0.48898303508758545,
      0.44477200508117676,
      0.4555196166038513,
      0.4857184588909149,
      0.48913058638572693,
      0.48275935649871826,
      0.5244209170341492,
      0.5271260142326355,
      0.5275232195854187,
      0.5177536010742188,
      0.46208271384239197,
      0.5314897894859314,
      0.4962210953235626,
      0.4394158124923706,
      0.4527229070663452,
      0.4931407868862152,
      0.4693213999271393,
      0.5411409139633179,
      0.4610377848148346,
      0.4634779095649719,
      0.4904169738292694,
      0.5274344086647034,
      0.5085961222648621,
      0.4914845824241638,
      0.47606468200683594,
      0.47104886174201965,
      0.49798280000686646,
      0.497094988822937,
      0.4686489701271057,
      0.47562649846076965,
      0.46608537435531616,
      0.5037498474121094,
      0.42091402411460876,
      0.49043914675712585,
      0.45420703291893005,
      0.49062034487724304,
      0.45551174879074097,
      0.4964965283870697,
      0.5138077735900879,
      0.4768451154232025,
      0.518674373626709,
      0.49677467346191406,
      0.47023701667785645,
      0.4776608943939209,
      0.4747980237007141,
      0.5148407220840454,
      0.512636661529541,
      0.4675281047821045,
      0.47259432077407837,
      0.4749619662761688,
