{
   "number_epochs": 500,
   "info_used": "partial info",
   "perc_full_data": 0.1,
   "n_epochs_no_selection": 0,
   "Frequency % cutoff": 0.25,
   "hidden_size": 32,
   "random_state": 50,
   "train_errors": [
      0.6747395992279053,
      0.6644796133041382,
      0.6552174687385559,
      0.647621214389801,
      0.6377715468406677,
      0.6309113502502441,
      0.6236966848373413,
      0.6146283149719238,
      0.6165562868118286,
      0.6141062378883362,
      0.6074477434158325,
      0.6038264036178589,
      0.6035643219947815,
      0.6003340482711792,
      0.6029365658760071,
      0.5969532132148743,
      0.5966314673423767,
      0.6030504703521729,
      0.6035968661308289,
      0.6076052784919739,
      0.6005833745002747,
      0.5924459099769592,
      0.5977969169616699,
      0.5974618792533875,
      0.5856848955154419,
      0.5868963599205017,
      0.5958217978477478,
      0.5863974094390869,
      0.5856801271438599,
      0.578306257724762,
      0.5883303284645081,
      0.5885850787162781,
      0.5834183096885681,
      0.5881965160369873,
      0.5810555219650269,
      0.579078197479248,
      0.581500768661499,
      0.5777451395988464,
      0.570760190486908,
      0.5803370475769043,
      0.5671675801277161,
      0.5659134387969971,
      0.5748113989830017,
      0.5711454153060913,
      0.5573247671127319,
      0.5700317025184631,
      0.5681935548782349,
      0.558129608631134,
      0.5558732151985168,
      0.5493224859237671,
      0.5503388047218323,
      0.5479469895362854,
      0.5546130537986755,
      0.551056444644928,
      0.5555188059806824,
      0.5244795083999634,
      0.5362845063209534,
      0.5411871075630188,
      0.541847288608551,
      0.53324955701828,
      0.523385226726532,
      0.5223201513290405,
      0.5496227145195007,
      0.5283365845680237,
      0.5251984000205994,
      0.5234166383743286,
      0.5170555114746094,
      0.516692042350769,
      0.5308226346969604,
      0.5185967683792114,
      0.5154144763946533,
      0.49538925290107727,
      0.5097604393959045,
      0.5119986534118652,
      0.5178713798522949,
      0.4877910017967224,
      0.48822033405303955,
      0.5144547820091248,
      0.5205668210983276,
      0.4893399477005005,
      0.5039929747581482,
      0.495770126581192,
      0.5143146514892578,
      0.48502618074417114,
      0.5095870494842529,
      0.5203818082809448,
      0.5154615044593811,
      0.5010061264038086,
      0.5005602240562439,
      0.5183115601539612,
      0.5057008266448975,
      0.48355236649513245,
      0.46405017375946045,
      0.48043543100357056,
      0.5051267743110657,
      0.4838217496871948,
      0.47231125831604004,
      0.5019779205322266,
      0.5213862061500549,
      0.500933825969696,
      0.4855250120162964,
      0.49044838547706604,
      0.4705236256122589,
      0.48884543776512146,
      0.4792822003364563,
      0.4892510175704956,
      0.4854172468185425,
      0.45664894580841064,
      0.49316444993019104,
      0.500540554523468,
      0.48844102025032043,
      0.4766197204589844,
      0.46936482191085815,
      0.49740010499954224,
      0.49174410104751587,
      0.5203496217727661,
      0.4628845751285553,
      0.5284222960472107,
      0.48273220658302307,
      0.48625659942626953,
      0.4984230697154999,
      0.48548680543899536,
      0.4979178011417389,
      0.5017902851104736,
      0.5004895925521851,
      0.47993677854537964,
      0.47581908106803894,
      0.4866698086261749,
      0.5189180970191956,
      0.48850351572036743,
      0.47731050848960876,
      0.5049846172332764,
      0.4864274859428406,
      0.4630720615386963,
      0.5031042695045471,
      0.4950563907623291,
      0.48225244879722595,
      0.4878685772418976,
      0.48254653811454773,
      0.4990856647491455,
      0.489489883184433,
      0.48379409313201904,
      0.47974249720573425,
      0.4705437421798706,
      0.49456870555877686,
      0.4932572543621063,
      0.43342235684394836,
      0.47046566009521484,
      0.4978361129760742,
      0.4738437533378601,
      0.47112342715263367,
      0.5005638599395752,
      0.4970529079437256,
      0.47206923365592957,
      0.46723154187202454,
      0.5007471442222595,
      0.4754675030708313,
      0.5061459541320801,
      0.49812474846839905,
      0.4638727903366089,
      0.48017293214797974,
      0.47325587272644043,
      0.4942927062511444,
      0.5009293556213379,
      0.4987325072288513,
      0.45764344930648804,
      0.46462658047676086,
      0.49335676431655884,
      0.4763185977935791,
      0.4388316869735718,
      0.48555195331573486,
      0.47298464179039,
      0.5156394243240356,
      0.4647095203399658,
      0.4908517301082611,
      0.4864771366119385,
      0.47498634457588196,
      0.4806622266769409,
      0.45258674025535583,
      0.4609769880771637,
      0.43519437313079834,
      0.46938833594322205,
      0.46150103211402893,
      0.4516512453556061,
      0.460586816072464,
      0.44087401032447815,
      0.45678359270095825,
      0.4748269319534302,
      0.4539586901664734,
      0.4533752501010895,
      0.46590569615364075,
      0.4616486132144928,
      0.4735333025455475,
      0.47808703780174255,
      0.4680912494659424,
      0.4492133557796478,
      0.46566230058670044,
      0.46251270174980164,
      0.4590384364128113,
      0.4570991098880768,
      0.45841532945632935,
      0.48148155212402344,
      0.46925830841064453,
      0.46164563298225403,
      0.4598312973976135,
      0.474674791097641,
      0.482587993144989,
      0.42594337463378906,
      0.4315381944179535,
      0.456251859664917,
      0.44237828254699707,
      0.49262383580207825,
      0.45319291949272156,
      0.44889622926712036,
      0.4572775363922119,
      0.47174492478370667,
      0.44329357147216797,
      0.48509666323661804,
      0.4728282392024994,
      0.45180827379226685,
      0.49739569425582886,
      0.47330933809280396,
      0.46252480149269104,
      0.47754332423210144,
      0.45256397128105164,
      0.4266558289527893,
      0.4512743055820465,
      0.4664302170276642,
      0.449518084526062,
      0.48137277364730835,
      0.46241575479507446,
      0.480178564786911,
      0.47312095761299133,
      0.45045745372772217,
      0.4620177149772644,
      0.4409593641757965,
      0.45898890495300293,
      0.45148766040802,
      0.4591524004936218,
      0.47640055418014526,
      0.4579817056655884,
      0.41911354660987854,
      0.456944078207016,
      0.4604353606700897,
      0.467292845249176,
      0.45308661460876465,
      0.4510731101036072,
      0.4337848126888275,
      0.4924395978450775,
      0.47544366121292114,
      0.428849458694458,
      0.41737571358680725,
      0.4186267852783203,
      0.42406150698661804,
      0.4564058780670166,
      0.4656108319759369,
      0.43162602186203003,
      0.43705838918685913,
      0.45850053429603577,
      0.457562118768692,
      0.43273213505744934,
      0.433108925819397,
      0.4589669704437256,
      0.42213451862335205,
      0.4503670036792755,
      0.47685515880584717,
      0.4692762792110443,
      0.41501134634017944,
      0.43006768822669983,
      0.42851561307907104,
      0.4347954988479614,
      0.4562644958496094,
      0.4636760652065277,
      0.4735869765281677,
      0.47354525327682495,
      0.42098110914230347,
      0.43711718916893005,
      0.4647437334060669,
      0.4296008050441742,
      0.4374828338623047,
      0.4697333872318268,
      0.44716396927833557,
      0.44155240058898926,
      0.44370314478874207,
      0.4343591630458832,
      0.4298285245895386,
      0.43964889645576477,
      0.4251837432384491,
      0.44620203971862793,
      0.4325942397117615,
      0.43385887145996094,
      0.43939322233200073,
      0.47429853677749634,
      0.4108250141143799,
      0.4084729552268982,
      0.39841577410697937,
