{
   "number_epochs": 500,
   "info_used": "partial info",
   "perc_full_data": 0.8,
   "n_epochs_no_selection": 0,
   "Frequency % cutoff": 0.25,
   "hidden_size": 32,
   "random_state": 13,
   "train_errors": [
      0.7289365530014038,
      0.7212702035903931,
      0.7146185040473938,
      0.7069857716560364,
      0.7013452649116516,
      0.6947676539421082,
      0.6892269253730774,
      0.6851977705955505,
      0.6827316284179688,
      0.6760343909263611,
      0.6754733324050903,
      0.6719550490379333,
      0.6686862111091614,
      0.6676779389381409,
      0.6667577624320984,
      0.6647241115570068,
      0.6677828431129456,
      0.6684867739677429,
      0.6646608710289001,
      0.6596391797065735,
      0.6649953126907349,
      0.6608572602272034,
      0.6576745510101318,
      0.6575568318367004,
      0.6558971405029297,
      0.6567456126213074,
      0.6558178067207336,
      0.652897834777832,
      0.6511799097061157,
      0.6490845084190369,
      0.6485967040061951,
      0.6482889652252197,
      0.6450148224830627,
      0.6431108117103577,
      0.6397293210029602,
      0.6417312622070312,
      0.6396393179893494,
      0.6389569640159607,
      0.6340023875236511,
      0.632367730140686,
      0.630392849445343,
      0.625645101070404,
      0.6226614117622375,
      0.6235188841819763,
      0.6212996244430542,
      0.6232444047927856,
      0.6155691146850586,
      0.609535276889801,
      0.6068642735481262,
      0.608174204826355,
      0.603623628616333,
      0.6022719740867615,
      0.5997071266174316,
      0.6099727153778076,
      0.6009421348571777,
      0.5956346392631531,
      0.6001195311546326,
      0.5974193215370178,
      0.5961998105049133,
      0.600612223148346,
      0.5905661582946777,
      0.5946844220161438,
      0.6008746027946472,
      0.5999074578285217,
      0.5970988273620605,
      0.6012506484985352,
      0.5970699787139893,
      0.5938795804977417,
      0.5961912870407104,
      0.5991743206977844,
      0.5861873030662537,
      0.6056326627731323,
      0.60160231590271,
      0.602656900882721,
      0.598167359828949,
      0.5904420018196106,
      0.5912987589836121,
      0.5917224287986755,
      0.6002242565155029,
      0.5966058969497681,
      0.6011271476745605,
      0.5884280204772949,
      0.6008098721504211,
      0.5978255271911621,
      0.596204400062561,
      0.597760021686554,
      0.5915927886962891,
      0.5985294580459595,
      0.5877775549888611,
      0.5938435792922974,
      0.6005228757858276,
      0.5919181108474731,
      0.599076509475708,
      0.589693009853363,
      0.5894437432289124,
      0.5898225903511047,
      0.594542384147644,
      0.597768247127533,
      0.5891966819763184,
      0.5980466604232788,
      0.5894458293914795,
      0.5922781229019165,
      0.5945870876312256,
      0.595033586025238,
      0.5885266065597534,
      0.5948620438575745,
      0.5871935486793518,
      0.5976976752281189,
      0.5900389552116394,
      0.5913936495780945,
      0.5869782567024231,
      0.5903604030609131,
      0.5894671082496643,
      0.5964433550834656,
      0.5904649496078491,
      0.5940245985984802,
      0.5891329050064087,
      0.5907987952232361,
      0.5916575193405151,
      0.5933191776275635,
      0.5923110842704773,
      0.5881829261779785,
      0.5977956652641296,
      0.591037929058075,
      0.5898666381835938,
      0.5906383395195007,
      0.5933237671852112,
      0.5935099124908447,
      0.5891008973121643,
      0.5964219570159912,
      0.5909318923950195,
      0.5924627184867859,
      0.5883317589759827,
      0.5947387218475342,
      0.584685742855072,
      0.5981274247169495,
      0.5917689204216003,
      0.588911235332489,
      0.5896592736244202,
      0.5907354354858398,
      0.5795280337333679,
      0.5865659117698669,
      0.591589093208313,
      0.5930408835411072,
      0.5955289006233215,
      0.5872108340263367,
      0.5874618887901306,
      0.5934963226318359,
      0.5882999300956726,
      0.5918630957603455,
      0.5923159122467041,
      0.5931592583656311,
      0.5890055894851685,
      0.588580846786499,
      0.5899739265441895,
      0.5888817310333252,
      0.5833966732025146,
      0.5889673233032227,
      0.5919217467308044,
      0.5939679145812988,
      0.5878947377204895,
      0.5822433829307556,
      0.588413417339325,
      0.5876508951187134,
      0.5848056674003601,
      0.5875257849693298,
      0.5942662358283997,
      0.5932943820953369,
      0.5864920616149902,
      0.5958375334739685,
      0.5929219126701355,
      0.5938166379928589,
      0.6021748185157776,
      0.5960136651992798,
      0.580960750579834,
      0.5932291150093079,
      0.5931955575942993,
      0.5880729556083679,
      0.5891073346138,
      0.5865176916122437,
      0.5907624363899231,
      0.5843372344970703,
      0.5916752219200134,
      0.5877556204795837,
      0.5844610929489136,
      0.5909099578857422,
      0.5831369161605835,
      0.5917873382568359,
      0.5938949584960938,
      0.5853981375694275,
      0.589573323726654,
      0.5914445519447327,
      0.5926507115364075,
      0.5857442617416382,
      0.590342104434967,
      0.5848520994186401,
      0.5985169410705566,
      0.5891543030738831,
      0.5861396193504333,
      0.5900567173957825,
      0.584606409072876,
      0.5898899435997009,
      0.5935233235359192,
      0.5826228260993958,
      0.5828312039375305,
      0.5840682983398438,
      0.5857518911361694,
      0.5858675837516785,
      0.5817095637321472,
      0.5869611501693726,
      0.5909581184387207,
      0.5943723917007446,
      0.581692099571228,
      0.5878012180328369,
      0.5895260572433472,
      0.5892338156700134,
      0.5869082808494568,
      0.5870857238769531,
      0.5892763733863831,
      0.591588020324707,
      0.5802971124649048,
      0.585060179233551,
      0.5830473303794861,
      0.5876275300979614,
      0.5833532810211182,
      0.5871555805206299,
      0.5912412405014038,
      0.5864864587783813,
      0.5883585810661316,
      0.5981053709983826,
      0.5855326056480408,
      0.5820729732513428,
      0.5885061025619507,
      0.5905447006225586,
      0.5863926410675049,
      0.5867493748664856,
      0.587855875492096,
      0.5857346653938293,
      0.5828466415405273,
      0.5896714925765991,
      0.5881359577178955,
      0.5871322751045227,
      0.5825926065444946,
      0.5844053030014038,
      0.591159999370575,
      0.5929664373397827,
      0.5829256176948547,
      0.5830482244491577,
      0.5794821977615356,
      0.5933018326759338,
      0.587809681892395,
      0.5860906839370728,
      0.5880857706069946,
      0.5805076956748962,
      0.5813882946968079,
      0.5835139155387878,
      0.5861642956733704,
      0.5813086032867432,
      0.5890844464302063,
      0.5877108573913574,
      0.5821496844291687,
      0.5821641683578491,
      0.5875938534736633,
      0.5908832550048828,
      0.5880324244499207,
      0.5770615339279175,
      0.5933589339256287,
      0.5845818519592285,
      0.5898642539978027,
      0.5857605338096619,
      0.5896679162979126,
      0.5772904753684998,
      0.5862417817115784,
      0.5758318305015564,
      0.584641695022583,
      0.5848503112792969,
      0.5859391689300537,
      0.5848159193992615,
      0.5823251008987427,
      0.5922544002532959,
      0.5826389193534851,
      0.5801780223846436,
      0.5756721496582031,
      0.5846529603004456,
      0.5824534296989441,
      0.5880030393600464,
      0.5762734413146973,
      0.5814338326454163,
      0.5886979699134827,
      0.5805066823959351,
      0.5819154977798462,
      0.5875617265701294,
      0.5922374129295349,
      0.59006267786026,
      0.5972690582275391,
      0.5848162174224854,
      0.5903639793395996,
      0.5880552530288696,
      0.5930524468421936,
      0.5880153179168701,
      0.5877168774604797,
