{
   "number_epochs": 500,
   "info_used": "partial info",
   "perc_full_data": 0.1,
   "n_epochs_no_selection": 0,
   "Frequency % cutoff": 0.25,
   "hidden_size": 32,
   "random_state": 52,
   "train_errors": [
      0.6900779008865356,
      0.686424732208252,
      0.685506284236908,
      0.6843861937522888,
      0.6807827949523926,
      0.6845687627792358,
      0.6808528304100037,
      0.6804218888282776,
      0.6771813035011292,
      0.6780942678451538,
      0.675452709197998,
      0.676972508430481,
      0.6689112186431885,
      0.6706988215446472,
      0.6705800294876099,
      0.6673754453659058,
      0.6706230044364929,
      0.6654248237609863,
      0.6625291109085083,
      0.6654446721076965,
      0.6611832976341248,
      0.6565216779708862,
      0.6532669067382812,
      0.6502089500427246,
      0.6496073603630066,
      0.6384230256080627,
      0.6502475142478943,
      0.6367368698120117,
      0.6456497311592102,
      0.641754150390625,
      0.6347891688346863,
      0.6350950598716736,
      0.6334965825080872,
      0.6324343681335449,
      0.6313180327415466,
      0.618530809879303,
      0.6038504242897034,
      0.6124748587608337,
      0.5990462899208069,
      0.60367351770401,
      0.6194776892662048,
      0.600879430770874,
      0.6033082604408264,
      0.6173605918884277,
      0.5969230532646179,
      0.5980929732322693,
      0.5900272130966187,
      0.5777817964553833,
      0.5944924354553223,
      0.5951428413391113,
      0.5878186821937561,
      0.5932133793830872,
      0.5708135962486267,
      0.5722183585166931,
      0.5808203816413879,
      0.5847973227500916,
      0.581981360912323,
      0.5372487306594849,
      0.5453830361366272,
      0.5672277212142944,
      0.588053286075592,
      0.5662863254547119,
      0.5795625448226929,
      0.5761284232139587,
      0.5814461708068848,
      0.5412693023681641,
      0.5610439777374268,
      0.5681163668632507,
      0.5413205623626709,
      0.540590763092041,
      0.5551629066467285,
      0.5562281012535095,
      0.5559524893760681,
      0.5551393628120422,
      0.5587255358695984,
      0.5441673398017883,
      0.5641957521438599,
      0.5548704862594604,
      0.5429121255874634,
      0.5426055192947388,
      0.561968982219696,
      0.5107892751693726,
      0.5389880537986755,
      0.5286216139793396,
      0.5655276775360107,
      0.5368884801864624,
      0.5289929509162903,
      0.5329455137252808,
      0.5068435072898865,
      0.5278685688972473,
      0.5147753953933716,
      0.5408779382705688,
      0.49892592430114746,
      0.5004292726516724,
      0.49330323934555054,
      0.5194298624992371,
      0.5319508910179138,
      0.5145936012268066,
      0.5249158143997192,
      0.4861901104450226,
      0.5488567352294922,
      0.4894990921020508,
      0.5019047856330872,
      0.5025246143341064,
      0.482286274433136,
      0.5091218948364258,
      0.5368145108222961,
      0.5017423629760742,
      0.47236257791519165,
      0.5042128562927246,
      0.5091418623924255,
      0.48962122201919556,
      0.5183126330375671,
      0.4990844130516052,
      0.4945313632488251,
      0.5099584460258484,
      0.5019297003746033,
      0.474054217338562,
      0.49217167496681213,
      0.48497670888900757,
      0.4944913387298584,
      0.5130767822265625,
      0.4743614196777344,
      0.4796864986419678,
      0.48182034492492676,
      0.47173792123794556,
      0.4390980303287506,
      0.49351584911346436,
      0.4880451261997223,
      0.46835631132125854,
      0.48152750730514526,
      0.5006077289581299,
      0.4692670404911041,
      0.4972520172595978,
      0.44662928581237793,
      0.4788159132003784,
      0.4648607671260834,
      0.4840537905693054,
      0.4926519989967346,
      0.472207248210907,
      0.49794650077819824,
      0.46382278203964233,
      0.48188865184783936,
      0.48432567715644836,
      0.455867201089859,
      0.45150089263916016,
      0.49033960700035095,
      0.47010400891304016,
      0.4667946398258209,
      0.4434983730316162,
      0.45473185181617737,
      0.4579322934150696,
      0.4654049277305603,
      0.47464224696159363,
      0.4700154662132263,
      0.4688553512096405,
      0.45741841197013855,
      0.4538434147834778,
      0.4576203227043152,
      0.46922338008880615,
      0.4646006226539612,
      0.47195884585380554,
      0.45757412910461426,
      0.43943658471107483,
      0.46129298210144043,
      0.45295166969299316,
      0.4589386582374573,
      0.4977591931819916,
      0.4729171693325043,
      0.4849824905395508,
      0.4630964994430542,
      0.4687710404396057,
      0.47237440943717957,
      0.4466760456562042,
      0.44729137420654297,
      0.45005565881729126,
      0.43033719062805176,
      0.44383373856544495,
      0.4557229280471802,
      0.47915560007095337,
      0.45719629526138306,
      0.4390549063682556,
      0.42834019660949707,
      0.4554145634174347,
      0.46848398447036743,
      0.4601318836212158,
      0.45084378123283386,
      0.46043530106544495,
      0.44219881296157837,
      0.4328747093677521,
      0.4707525372505188,
      0.4588780999183655,
      0.44863080978393555,
      0.4541645050048828,
      0.45007988810539246,
      0.4215271770954132,
      0.44774606823921204,
      0.4765890836715698,
      0.43735796213150024,
      0.4381053149700165,
      0.4570094347000122,
      0.43433162569999695,
      0.44392088055610657,
      0.4515839219093323,
      0.4742390215396881,
      0.46198949217796326,
      0.4299384355545044,
      0.44575488567352295,
      0.4684661626815796,
      0.4708319306373596,
      0.447488397359848,
      0.41902172565460205,
      0.4196735620498657,
      0.4661198556423187,
      0.4530220031738281,
      0.4344714283943176,
      0.4684578776359558,
      0.43949756026268005,
      0.4319467842578888,
      0.4390156865119934,
      0.45087283849716187,
      0.42319467663764954,
      0.4572756290435791,
      0.4265122413635254,
      0.44684964418411255,
      0.46522068977355957,
      0.44292065501213074,
      0.43051597476005554,
      0.44186434149742126,
      0.4464761018753052,
      0.4554823935031891,
      0.4681166708469391,
      0.4560606777667999,
      0.4642205536365509,
      0.444853276014328,
      0.4403468370437622,
      0.43876272439956665,
      0.42873719334602356,
      0.45759525895118713,
      0.4575446844100952,
      0.43635013699531555,
      0.47133904695510864,
      0.4402158856391907,
      0.43661656975746155,
      0.44153255224227905,
      0.4395052194595337,
      0.42904308438301086,
      0.42998480796813965,
      0.44598788022994995,
      0.43059656023979187,
      0.4458536207675934,
      0.45981815457344055,
      0.455451101064682,
      0.45068123936653137,
      0.4136331379413605,
      0.4456392228603363,
      0.4462236762046814,
      0.4385698437690735,
      0.4323578476905823,
      0.4061809778213501,
      0.43010348081588745,
      0.44507846236228943,
      0.46129676699638367,
      0.42777538299560547,
      0.45727673172950745,
      0.4552346467971802,
      0.4362333416938782,
      0.4351535439491272,
      0.4426414966583252,
      0.4394019842147827,
      0.43165475130081177,
      0.42728596925735474,
      0.43680208921432495,
      0.4641079902648926,
      0.4428345561027527,
      0.4467565715312958,
      0.4435765743255615,
      0.4556913375854492,
      0.44383323192596436,
      0.45519861578941345,
      0.4358678162097931,
      0.4261934459209442,
      0.44115135073661804,
      0.4529186189174652,
      0.439979612827301,
      0.429423987865448,
      0.43510308861732483,
      0.4464279115200043,
      0.43646061420440674,
      0.4367483854293823,
      0.45678821206092834,
      0.43244045972824097,
      0.44290289282798767,
      0.43067726492881775,
      0.42711856961250305,
      0.44184526801109314,
