{
   "number_epochs": 500,
   "info_used": "partial info",
   "perc_full_data": 0.3,
   "n_epochs_no_selection": 0,
   "Frequency % cutoff": 0.25,
   "hidden_size": 32,
   "random_state": 4,
   "train_errors": [
      0.7254471182823181,
      0.7184549570083618,
      0.7104288339614868,
      0.7022254467010498,
      0.6968844532966614,
      0.6908344626426697,
      0.6859606504440308,
      0.6800718307495117,
      0.6775495409965515,
      0.6708707809448242,
      0.6687238216400146,
      0.6656796932220459,
      0.6615999341011047,
      0.6588130593299866,
      0.6620186567306519,
      0.6597097516059875,
      0.6578629016876221,
      0.6562400460243225,
      0.6527453660964966,
      0.656347930431366,
      0.6554691195487976,
      0.6554644107818604,
      0.6568792462348938,
      0.6564449667930603,
      0.6520801186561584,
      0.6486943960189819,
      0.6456397175788879,
      0.6512786746025085,
      0.6495592594146729,
      0.6490253210067749,
      0.6445427536964417,
      0.644331693649292,
      0.6437065601348877,
      0.6455641984939575,
      0.6426050662994385,
      0.6413611173629761,
      0.6407251954078674,
      0.6412222385406494,
      0.6372390389442444,
      0.6392061710357666,
      0.6397508978843689,
      0.632908046245575,
      0.6306586861610413,
      0.6323254108428955,
      0.6285480260848999,
      0.6248438358306885,
      0.6243112087249756,
      0.6256259679794312,
      0.6225811243057251,
      0.6143564581871033,
      0.6151448488235474,
      0.6147292852401733,
      0.6144698858261108,
      0.6096258759498596,
      0.6026572585105896,
      0.6056258082389832,
      0.5985941290855408,
      0.6033582091331482,
      0.5966150164604187,
      0.5982069969177246,
      0.5875248312950134,
      0.5867103934288025,
      0.5820847153663635,
      0.5838428735733032,
      0.579839289188385,
      0.5754365921020508,
      0.5744975805282593,
      0.5641962289810181,
      0.568804919719696,
      0.5697152018547058,
      0.5607715845108032,
      0.5578832626342773,
      0.5593993067741394,
      0.5573610663414001,
      0.5463295578956604,
      0.5514772534370422,
      0.5442690253257751,
      0.5480179190635681,
      0.5368605256080627,
      0.5326924920082092,
      0.5509341359138489,
      0.5339142084121704,
      0.5465269088745117,
      0.5403160452842712,
      0.5523046851158142,
      0.5568411946296692,
      0.5364748239517212,
      0.5451121926307678,
      0.5389677882194519,
      0.5298188924789429,
      0.5377097129821777,
      0.5409064292907715,
      0.5307377576828003,
      0.5386142730712891,
      0.5402095913887024,
      0.5486803650856018,
      0.5446045994758606,
      0.5290852785110474,
      0.526542067527771,
      0.5298162698745728,
      0.5278076529502869,
      0.5307229161262512,
      0.5314029455184937,
      0.546053946018219,
      0.5274474620819092,
      0.5252353549003601,
      0.5288390517234802,
      0.5231085419654846,
      0.5233198404312134,
      0.5268653631210327,
      0.5295637249946594,
      0.5293141603469849,
      0.5286791324615479,
      0.5301810503005981,
      0.525960385799408,
      0.5445910096168518,
      0.5366507768630981,
      0.5230920314788818,
      0.5466684103012085,
      0.5589067935943604,
      0.5352926850318909,
      0.5323156714439392,
      0.5185067057609558,
      0.5347750186920166,
      0.5337809324264526,
      0.5337519645690918,
      0.5299317240715027,
      0.5301586985588074,
      0.5126885771751404,
      0.5364449620246887,
      0.5363236665725708,
      0.5341407060623169,
      0.5323446989059448,
      0.547520101070404,
      0.5283406972885132,
      0.5179994702339172,
      0.5183384418487549,
      0.5398105978965759,
      0.539011538028717,
      0.5410168170928955,
      0.5387427806854248,
      0.5489382743835449,
      0.5353211164474487,
      0.5290079116821289,
      0.533915102481842,
      0.5197110772132874,
      0.5220088958740234,
      0.5424715280532837,
      0.5394826531410217,
      0.5356541872024536,
      0.5374528169631958,
      0.5131410956382751,
      0.5281988382339478,
      0.5103461742401123,
      0.5078762173652649,
      0.5285234451293945,
      0.5266876816749573,
      0.5156644582748413,
      0.5306554436683655,
      0.5191248655319214,
      0.5333911776542664,
      0.5188342928886414,
      0.5250963568687439,
      0.5330922603607178,
      0.5207251310348511,
      0.5354254841804504,
      0.509061872959137,
      0.5243918895721436,
      0.5319940447807312,
      0.5294160842895508,
      0.5242159366607666,
      0.5101634860038757,
      0.5212762355804443,
      0.5219272971153259,
      0.5272026658058167,
      0.5217493772506714,
      0.5273524522781372,
      0.5205512642860413,
      0.5219056010246277,
      0.5189875364303589,
      0.5224619507789612,
      0.5181524157524109,
      0.5123987197875977,
      0.5197669267654419,
      0.5095989108085632,
      0.5110573768615723,
      0.5181794166564941,
      0.5308112502098083,
      0.5070136785507202,
      0.5274330973625183,
      0.5308935046195984,
      0.5003802180290222,
      0.5129703879356384,
      0.5291242003440857,
      0.5107424259185791,
      0.5156545042991638,
      0.5173183679580688,
      0.5105921030044556,
      0.5120238661766052,
      0.513971209526062,
      0.5111147165298462,
      0.5091707110404968,
      0.4939296543598175,
      0.5031824707984924,
      0.5009363889694214,
      0.5095107555389404,
      0.50389564037323,
      0.5176793336868286,
      0.5197826027870178,
      0.5044272541999817,
      0.5082563161849976,
      0.4988580346107483,
      0.5278759002685547,
      0.514825701713562,
      0.5203642249107361,
      0.516562819480896,
      0.5333332419395447,
      0.5191439390182495,
      0.5158646702766418,
      0.5099647641181946,
      0.5195229053497314,
      0.5107388496398926,
      0.4827878773212433,
      0.5077365040779114,
      0.5213869214057922,
      0.5038756728172302,
      0.5139495134353638,
      0.5165079832077026,
      0.5014997124671936,
      0.516555666923523,
      0.49861079454421997,
      0.5052521228790283,
      0.5011151432991028,
      0.5014045238494873,
      0.5035037398338318,
      0.5159626007080078,
      0.5172566771507263,
      0.5145010948181152,
      0.4964958131313324,
      0.5011687278747559,
      0.5170488357543945,
      0.5197226405143738,
      0.49676603078842163,
      0.4998825192451477,
      0.4963911473751068,
      0.4926959276199341,
      0.5175741314888,
      0.5114829540252686,
      0.5024943947792053,
      0.4991198182106018,
      0.503578245639801,
      0.5124161243438721,
      0.5030084252357483,
      0.5190823078155518,
      0.5073060989379883,
      0.5060556530952454,
      0.49105265736579895,
      0.5072207450866699,
      0.5105496048927307,
      0.4804970920085907,
      0.49091365933418274,
      0.520421028137207,
      0.5019775629043579,
      0.4980328679084778,
      0.4846874475479126,
      0.510719358921051,
      0.5194166898727417,
      0.5238877534866333,
      0.48853474855422974,
      0.4955574572086334,
      0.4975939393043518,
      0.5076699256896973,
      0.4917167127132416,
      0.5155161023139954,
      0.5039710998535156,
      0.512605607509613,
      0.5015718936920166,
      0.49342045187950134,
      0.4902781546115875,
      0.5020979642868042,
      0.49659544229507446,
      0.5075940489768982,
      0.4938969016075134,
      0.4921902120113373,
      0.4850137233734131,
      0.5051886439323425,
      0.4726623594760895,
      0.49111050367355347,
      0.5109052658081055,
      0.48951253294944763,
      0.4816686809062958,
      0.49123746156692505,
      0.4903341829776764,
      0.4927089512348175,
      0.5077440738677979,
      0.4948049783706665,
      0.49357375502586365,
      0.4972934424877167,
      0.47555696964263916,
      0.48782777786254883,
