{
   "number_epochs": 500,
   "info_used": "partial info",
   "perc_full_data": 0.8,
   "n_epochs_no_selection": 0,
   "Frequency % cutoff": 0.25,
   "hidden_size": 32,
   "random_state": 14,
   "train_errors": [
      0.6931224465370178,
      0.6849344372749329,
      0.6768927574157715,
      0.6704860329627991,
      0.6643899083137512,
      0.6568080186843872,
      0.6520188450813293,
      0.6491588354110718,
      0.6456689834594727,
      0.6442001461982727,
      0.6393765807151794,
      0.641640841960907,
      0.6441181898117065,
      0.6438421010971069,
      0.6434849500656128,
      0.6433881521224976,
      0.6429651975631714,
      0.6416912078857422,
      0.6410113573074341,
      0.6409528255462646,
      0.6399742960929871,
      0.6381432414054871,
      0.6396389603614807,
      0.6385183930397034,
      0.6374548673629761,
      0.6363011598587036,
      0.6365947723388672,
      0.637803316116333,
      0.6337437033653259,
      0.635817289352417,
      0.6339476704597473,
      0.6340320706367493,
      0.6349682807922363,
      0.6333423256874084,
      0.6315538287162781,
      0.6290888786315918,
      0.6301292777061462,
      0.6267472505569458,
      0.6242021322250366,
      0.6261304616928101,
      0.6265881061553955,
      0.6215209364891052,
      0.6214497685432434,
      0.6224464178085327,
      0.6186689138412476,
      0.619994044303894,
      0.6177794933319092,
      0.6135614514350891,
      0.6160280108451843,
      0.6154758334159851,
      0.6128255724906921,
      0.6090677380561829,
      0.6116698384284973,
      0.6066486239433289,
      0.6075262427330017,
      0.606415331363678,
      0.6048082113265991,
      0.605718195438385,
      0.603376030921936,
      0.6005109548568726,
      0.5993338227272034,
      0.5917916297912598,
      0.595419704914093,
      0.5948354601860046,
      0.5902530550956726,
      0.5928935408592224,
      0.5858456492424011,
      0.5882748961448669,
      0.5838272571563721,
      0.5813223719596863,
      0.5811071395874023,
      0.5839249491691589,
      0.5781116485595703,
      0.579092264175415,
      0.5789933204650879,
      0.5773327350616455,
      0.5706599354743958,
      0.5767812132835388,
      0.5800632238388062,
      0.5769381523132324,
      0.5823476314544678,
      0.5638235211372375,
      0.5772668719291687,
      0.5717241764068604,
      0.5723198056221008,
      0.5637046098709106,
      0.571973443031311,
      0.5798695683479309,
      0.5620397329330444,
      0.5776607990264893,
      0.5663501620292664,
      0.5761534571647644,
      0.570600152015686,
      0.5757988691329956,
      0.5797233581542969,
      0.5718377232551575,
      0.5554495453834534,
      0.5561625957489014,
      0.5663263201713562,
      0.5708255767822266,
      0.569625735282898,
      0.5769068002700806,
      0.5646865963935852,
      0.576768159866333,
      0.5721913576126099,
      0.5653344988822937,
      0.568381130695343,
      0.5664222836494446,
      0.570863664150238,
      0.573158860206604,
      0.5678383111953735,
      0.5627995729446411,
      0.570939302444458,
      0.5675217509269714,
      0.5667576789855957,
      0.5722886919975281,
      0.5662968158721924,
      0.5725710988044739,
      0.5608342289924622,
      0.574593186378479,
      0.5708649754524231,
      0.5676835775375366,
      0.5625512599945068,
      0.5716792345046997,
      0.5633471608161926,
      0.5673576593399048,
      0.5663996338844299,
      0.5665327310562134,
      0.5647347569465637,
      0.5636887550354004,
      0.5643886923789978,
      0.5676641464233398,
      0.5684787631034851,
      0.563640296459198,
      0.5578140616416931,
      0.562397837638855,
      0.5693387389183044,
      0.5621434450149536,
      0.5666572451591492,
      0.5577820539474487,
      0.5619739890098572,
      0.5664601922035217,
      0.5679841041564941,
      0.5629756450653076,
      0.5635531544685364,
      0.5703657269477844,
      0.5649946928024292,
      0.5625708103179932,
      0.5676690936088562,
      0.5683966279029846,
      0.5568687915802002,
      0.5645699501037598,
      0.5613515377044678,
      0.5662500262260437,
      0.5529809594154358,
      0.5659664273262024,
      0.5678218603134155,
      0.5599673986434937,
      0.5653859376907349,
      0.5642499923706055,
      0.5595245361328125,
      0.5619007349014282,
      0.5561017990112305,
      0.5645834803581238,
      0.5686143040657043,
      0.5618110299110413,
      0.5642889738082886,
      0.5607678294181824,
      0.55965256690979,
      0.5563691854476929,
      0.5648868083953857,
      0.5579959750175476,
      0.5557933449745178,
      0.5702751278877258,
      0.5616076588630676,
      0.5655938386917114,
      0.5623205304145813,
      0.556206226348877,
      0.5597661137580872,
      0.5627685785293579,
      0.5489612817764282,
      0.5680914521217346,
      0.5682497620582581,
      0.5650790333747864,
      0.5607472062110901,
      0.5595583915710449,
      0.5557243227958679,
      0.5673366785049438,
      0.5566235780715942,
      0.5614084005355835,
      0.5564250349998474,
      0.5599578619003296,
      0.5574023723602295,
      0.5584540963172913,
      0.5712764263153076,
      0.553893506526947,
      0.5701225399971008,
      0.5620042085647583,
      0.560638964176178,
      0.5595026612281799,
      0.5585987567901611,
      0.5510684251785278,
      0.5693090558052063,
      0.560001790523529,
      0.5660498142242432,
      0.5608062744140625,
      0.5588936805725098,
      0.5625756978988647,
      0.5600311756134033,
      0.563341498374939,
      0.5538352727890015,
      0.5616378784179688,
      0.5705604553222656,
      0.5576384663581848,
      0.5601277351379395,
      0.5612740516662598,
      0.5600263476371765,
      0.5570459961891174,
      0.5582895874977112,
      0.5586782693862915,
      0.5587546229362488,
      0.5614667534828186,
      0.5576233863830566,
      0.5570498108863831,
      0.5635786056518555,
      0.5629684329032898,
      0.5488832592964172,
      0.559053897857666,
      0.5534113645553589,
      0.554814875125885,
      0.5514205694198608,
      0.5611231327056885,
      0.5601344704627991,
      0.5737602114677429,
      0.5605165362358093,
      0.572422444820404,
      0.5636723041534424,
      0.5586518049240112,
      0.5515159368515015,
      0.5487790703773499,
      0.5621612071990967,
      0.558444619178772,
      0.5583897233009338,
      0.5592846870422363,
      0.5485498309135437,
      0.557900607585907,
      0.55851149559021,
      0.5572443008422852,
      0.5590334534645081,
      0.557022750377655,
      0.5607245564460754,
      0.5617570281028748,
      0.5575135946273804,
      0.5579683184623718,
      0.5606483817100525,
      0.5649207830429077,
      0.5508347153663635,
      0.5610710382461548,
      0.5582602620124817,
      0.5536545515060425,
      0.5627800226211548,
      0.5661917328834534,
      0.5543460249900818,
      0.5598832368850708,
      0.5574739575386047,
      0.568138837814331,
      0.5565975308418274,
      0.5647584199905396,
      0.5536919832229614,
      0.5624704360961914,
      0.561031699180603,
      0.5669965744018555,
      0.5610002875328064,
      0.5595964193344116,
      0.5616610050201416,
      0.5614023804664612,
      0.5478302836418152,
      0.557983934879303,
      0.5526084899902344,
      0.5527898073196411,
      0.5553370118141174,
      0.5588526725769043,
      0.5605353116989136,
      0.5518254637718201,
      0.5552306175231934,
      0.5559870004653931,
      0.5541201233863831,
      0.5575567483901978,
      0.5668833255767822,
      0.5583756566047668,
      0.5583038926124573,
      0.5539121031761169,
      0.5528367161750793,
      0.5565149188041687,
      0.5568311214447021,
      0.55534827709198,
      0.5581801533699036,
      0.5539413094520569,
      0.5596085786819458,
      0.5570586919784546,
      0.5414636731147766,
