{
   "number_epochs": 20,
   "info_used": "use imputation",
   "perc_full_data": 0.08,
   "n_epochs_no_selection": 0,
   "Frequency % cutoff": 0.33,
   "hidden_size": 32,
   "random_state": 8,
   "train_errors": [
      0.3134245276451111,
      0.20593546330928802,
      0.1308135688304901,
      0.07580514252185822,
      0.04623805359005928,
      0.044989485293626785,
      0.05644339695572853,
      0.06191191077232361,
      0.05360153317451477,
      0.04283573105931282,
      0.0380166731774807,
      0.03630022332072258,
      0.03651175647974014,
      0.037184588611125946,
      0.038163427263498306,
      0.037476010620594025,
      0.03560841828584671,
      0.03508481755852699,
      0.0328209288418293,
      0.03219177573919296
   ],
   "valid_errors": [
      0.2512756884098053,
      0.048585399985313416,
      0.03596868738532066,
      0.03593664616346359,
      0.031614337116479874
   ],
   "val_epochs": [
      0,
      5,
      10,
      15,
      19
   ],
   "input_data_path": "../data/airfoil_self_noise/data.csv",
   "gradwcontext": true,
   "Encompassing Param": 0.1,
   "Normalize Grads & Contx": false,
   "cluster_all_classes": false,
   "imputation method": "Hyperimpute",
   "model_dropout": 0.05,
   "model_type": "mlp",
   "problem_type": "regression"
}