{
   "number_epochs": 20,
   "info_used": "use imputation",
   "perc_full_data": 0.08,
   "n_epochs_no_selection": 0,
   "Frequency % cutoff": 0.33,
   "hidden_size": 32,
   "random_state": 4,
   "train_errors": [
      0.284262090921402,
      0.20556430518627167,
      0.1383039951324463,
      0.0872400775551796,
      0.06378459185361862,
      0.06446238607168198,
      0.07286950200796127,
      0.07075649499893188,
      0.06120842695236206,
      0.052196018397808075,
      0.04577774554491043,
      0.04688262939453125,
      0.0457267165184021,
      0.045120254158973694,
      0.044893454760313034,
      0.04229864850640297,
      0.03946920484304428,
      0.03711657598614693,
      0.03563522547483444,
      0.03552209585905075
   ],
   "valid_errors": [
      0.24151644110679626,
      0.06765899062156677,
      0.04299203306436539,
      0.03802547603845596,
      0.03369608148932457
   ],
   "val_epochs": [
      0,
      5,
      10,
      15,
      19
   ],
   "input_data_path": "../data/airfoil_self_noise/data.csv",
   "gradwcontext": true,
   "Encompassing Param": 0.1,
   "Normalize Grads & Contx": false,
   "cluster_all_classes": false,
   "imputation method": "Hyperimpute",
   "model_dropout": 0.05,
   "model_type": "mlp",
   "problem_type": "regression"
}