{
   "number_epochs": 20,
   "info_used": "use imputation",
   "perc_full_data": 0.08,
   "n_epochs_no_selection": 0,
   "Frequency % cutoff": 0.33,
   "hidden_size": 32,
   "random_state": 0,
   "train_errors": [
      0.42153388261795044,
      0.2939433157444,
      0.18831074237823486,
      0.1085711121559143,
      0.06351249665021896,
      0.0621342808008194,
      0.08726030588150024,
      0.09316916018724442,
      0.07785696536302567,
      0.061010632663965225,
      0.047491468489170074,
      0.0465763621032238,
      0.04755239188671112,
      0.0485808439552784,
      0.048077329993247986,
      0.04611730948090553,
      0.04294668883085251,
      0.038334451615810394,
      0.03677823394536972,
      0.0363490954041481
   ],
   "valid_errors": [
      0.35051098465919495,
      0.06408648192882538,
      0.03720039874315262,
      0.036359623074531555,
      0.02766008861362934
   ],
   "val_epochs": [
      0,
      5,
      10,
      15,
      19
   ],
   "input_data_path": "../data/airfoil_self_noise/data.csv",
   "gradwcontext": true,
   "Encompassing Param": 0.1,
   "Normalize Grads & Contx": false,
   "cluster_all_classes": false,
   "imputation method": "Hyperimpute",
   "model_dropout": 0.05,
   "model_type": "mlp",
   "problem_type": "regression"
}