{
   "number_epochs": 400,
   "info_used": "use imputation",
   "perc_full_data": 0.08,
   "n_epochs_no_selection": 0,
   "Frequency % cutoff": 0.33,
   "hidden_size": 32,
   "random_state": 9,
   "train_errors": [
      0.1777876913547516,
      0.1185109093785286,
      0.07180103659629822,
      0.04337277635931969,
      0.03881087526679039,
      0.05049610510468483,
      0.05554092675447464,
      0.04866695776581764,
      0.03976057097315788,
      0.03465878590941429,
      0.03440152853727341,
      0.03506223484873772,
      0.03584934398531914,
      0.03509550914168358,
      0.03411130607128143,
      0.031648553907871246,
      0.030698800459504128,
      0.03047916665673256,
      0.03091423399746418,
      0.03062560223042965,
      0.030495572835206985,
      0.028609944507479668,
      0.02796568162739277,
      0.02725352719426155,
      0.026657773181796074,
      0.026246491819620132,
      0.025785839185118675,
      0.025177542120218277,
      0.024911796674132347,
      0.024591801688075066,
      0.023593934252858162,
      0.023534387350082397,
      0.022837769240140915,
      0.022167077288031578,
      0.022320816293358803,
      0.02098328433930874,
      0.021213406696915627,
      0.02063908986747265,
      0.020640404894948006,
      0.020053992047905922,
      0.02078615128993988,
      0.02062259241938591,
      0.01959320902824402,
      0.019029997289180756,
      0.0198620967566967,
      0.018576841801404953,
      0.019336257129907608,
      0.019215857610106468,
      0.01938748173415661,
      0.018395178020000458,
      0.01900581456720829,
      0.020069044083356857,
      0.018329013139009476,
      0.019420824944972992,
      0.01859245076775551,
      0.018506109714508057,
      0.018943393602967262,
      0.018522534519433975,
      0.018257739022374153,
      0.018376702442765236,
      0.018499290570616722,
      0.017977004870772362,
      0.0181837510317564,
      0.018248597159981728,
      0.018892906606197357,
      0.017567789182066917,
      0.017395375296473503,
      0.017537890002131462,
      0.017581881955266,
      0.017426179721951485,
      0.017714114859700203,
      0.018287090584635735,
      0.017329398542642593,
      0.017090987414121628,
      0.017244910821318626,
      0.01748589798808098,
      0.017429007217288017,
      0.017491791397333145,
      0.01733112521469593,
      0.01693451963365078,
      0.016818342730402946,
      0.017027996480464935,
      0.01753482222557068,
      0.01691778004169464,
      0.016461126506328583,
      0.016843421384692192,
      0.017056802287697792,
      0.016466699540615082,
      0.01664079912006855,
      0.016423702239990234,
      0.015960587188601494,
      0.01636003702878952,
      0.01593938283622265,
      0.01629241555929184,
      0.016770191490650177,
      0.016574067994952202,
      0.016088712960481644,
      0.016217580065131187,
      0.015775784850120544,
      0.015534434467554092,
      0.015301752835512161,
      0.01576383411884308,
      0.015430704690515995,
      0.01567249931395054,
      0.015258108265697956,
      0.01614644005894661,
      0.014921091496944427,
      0.014970947057008743,
      0.01498367078602314,
      0.015638776123523712,
      0.015296380035579205,
      0.015189084224402905,
      0.015057597309350967,
      0.014959603548049927,
      0.015284206718206406,
      0.014858611859381199,
      0.014961956068873405,
      0.014783325605094433,
      0.014453161507844925,
      0.014138246886432171,
      0.014452272094786167,
      0.014705055393278599,
      0.014475707896053791,
      0.014559309929609299,
      0.014671552926301956,
      0.0139633072540164,
      0.013447999022901058,
      0.013802687637507915,
      0.014172583818435669,
      0.014011080376803875,
      0.01399584487080574,
      0.013329236768186092,
      0.013711442239582539,
      0.01407245546579361,
      0.01333931926637888,
      0.014176402240991592,
      0.01384399551898241,
      0.013402543030679226,
      0.013250045478343964,
      0.013570698909461498,
      0.01328596007078886,
      0.012353753671050072,
      0.01290055364370346,
      0.013157116249203682,
      0.014361283741891384,
      0.013614606112241745,
      0.013827002607285976,
      0.01281378511339426,
      0.012908256612718105,
      0.01332378014922142,
      0.012881439179182053,
      0.013331153430044651,
      0.012797479517757893,
      0.013100218027830124,
      0.0134129598736763,
      0.013029247522354126,
      0.011966339312493801,
      0.012960106134414673,
      0.012895898893475533,
      0.012388552539050579,
      0.013511210680007935,
      0.013126283884048462,
      0.012630323879420757,
      0.012738346122205257,
      0.013407191261649132,
      0.01256429124623537,
      0.01264270581305027,
      0.012497778981924057,
      0.012441148981451988,
      0.0131205590441823,
      0.012914507649838924,
      0.012948974967002869,
      0.012681329622864723,
      0.012157630175352097,
      0.012226685881614685,
      0.012220361270010471,
      0.012156620621681213,
      0.012656339444220066,
      0.01241876371204853,
      0.012869778089225292,
      0.012514573521912098,
      0.011757797561585903,
      0.012432062067091465,
      0.011200401932001114,
      0.012414481490850449,
      0.01294674538075924,
      0.01297918614000082,
      0.012231409549713135,
      0.01185334101319313,
      0.012273099273443222,
      0.012253363616764545,
      0.012407450936734676,
      0.012431767769157887,
      0.012127530761063099,
      0.011995730921626091,
      0.011641156859695911,
      0.013150527141988277,
      0.012429815717041492,
      0.012291367165744305,
      0.012380816042423248,
      0.011904163286089897,
      0.01206901390105486,
      0.012085995636880398,
      0.012424597516655922,
      0.011807145550847054,
      0.012401310727000237,
      0.011330404318869114,
      0.012606503441929817,
      0.013493594713509083,
      0.011832986027002335,
      0.011830141767859459,
      0.011548582464456558,
      0.012139052152633667,
      0.011774045415222645,
      0.011483164504170418,
      0.01177051942795515,
      0.012009321711957455,
      0.01203152909874916,
      0.012166773900389671,
      0.011306661181151867,
      0.011817009188234806,
      0.012615148909389973,
      0.01180992741137743,
      0.01203893031924963,
      0.013199636712670326,
      0.01178464014083147,
      0.012651349417865276,
      0.011728395707905293,
      0.012037386186420918,
      0.012199580669403076,
      0.011298181489109993,
      0.011972208507359028,
      0.011183465830981731,
      0.012164851650595665,
      0.012080423533916473,
      0.0115710673853755,
      0.012207815423607826,
      0.012022259645164013,
      0.011443334631621838,
      0.012254693545401096,
      0.011538881808519363,
      0.01151672936975956,
      0.011418720707297325,
      0.01169107761234045,
      0.011330600827932358,
      0.011367971077561378,
      0.011676102876663208,
      0.011383844539523125,
      0.012107337825000286,
      0.011392315849661827,
      0.011777719482779503,
      0.011094863526523113,
      0.01161020714789629,
      0.011325616389513016,
      0.010961104184389114,
      0.011240250431001186,
      0.010945833288133144,
      0.011066008359193802,
      0.010869062505662441,
      0.011533133685588837,
      0.010616110637784004,
      0.01071541104465723,
      0.011649712920188904,
      0.010834602639079094,
      0.011649503372609615,
      0.011141049675643444,
      0.010636351071298122,
      0.011823749169707298,
      0.011002455838024616,
      0.011008396744728088,
      0.010711925104260445,
      0.010908511467278004,
      0.010329658165574074,
      0.011204561218619347,
      0.010495483875274658,
      0.010631115175783634,
      0.010047527961432934,
      0.010898742824792862,
      0.010497651062905788,
      0.010519650764763355,
