{
   "number_epochs": 400,
   "info_used": "use imputation",
   "perc_full_data": 0.08,
   "n_epochs_no_selection": 0,
   "Frequency % cutoff": 0.33,
   "hidden_size": 32,
   "random_state": 11,
   "train_errors": [
      0.45663151144981384,
      0.3371902108192444,
      0.2333926111459732,
      0.1487291306257248,
      0.08581119030714035,
      0.04965290054678917,
      0.0501185804605484,
      0.07290734350681305,
      0.08318501710891724,
      0.07764223217964172,
      0.061391446739435196,
      0.045998167246580124,
      0.039664965122938156,
      0.039654046297073364,
      0.04028844088315964,
      0.042902324348688126,
      0.04111180454492569,
      0.04004644230008125,
      0.037319377064704895,
      0.03560427948832512,
      0.034991685301065445,
      0.03581912815570831,
      0.036076951771974564,
      0.03614893928170204,
      0.035880282521247864,
      0.0356769934296608,
      0.03297920525074005,
      0.03295537829399109,
      0.033028896898031235,
      0.03141152858734131,
      0.0319962278008461,
      0.03177136555314064,
      0.031228648498654366,
      0.031020713970065117,
      0.03179529681801796,
      0.030126450583338737,
      0.02883325330913067,
      0.030115947127342224,
      0.029728861525654793,
      0.028893204405903816,
      0.028747553005814552,
      0.027660897001624107,
      0.029133211821317673,
      0.028719265013933182,
      0.027908509597182274,
      0.027565637603402138,
      0.02735733799636364,
      0.02639266848564148,
      0.027755016461014748,
      0.02636796049773693,
      0.026620803400874138,
      0.025640403851866722,
      0.02563484013080597,
      0.025471286848187447,
      0.025337351486086845,
      0.025733502581715584,
      0.02576454170048237,
      0.02437160164117813,
      0.02510342188179493,
      0.02369404397904873,
      0.02418132871389389,
      0.023888152092695236,
      0.02252502180635929,
      0.022960064932703972,
      0.023443829268217087,
      0.023882616311311722,
      0.022223353385925293,
      0.021974559873342514,
      0.02351856417953968,
      0.02151423506438732,
      0.02160872146487236,
      0.02122153714299202,
      0.02193472348153591,
      0.02017173171043396,
      0.0210868027061224,
      0.02022029273211956,
      0.02050577849149704,
      0.01993134617805481,
      0.019630856812000275,
      0.019759783521294594,
      0.018603898584842682,
      0.019931703805923462,
      0.02021319791674614,
      0.021051160991191864,
      0.018509160727262497,
      0.019814487546682358,
      0.01954636164009571,
      0.019047008827328682,
      0.01959732174873352,
      0.0187656432390213,
      0.019280241802334785,
      0.01831360161304474,
      0.01989525370299816,
      0.018189897760748863,
      0.01876448281109333,
      0.017858004197478294,
      0.01846269518136978,
      0.017929906025528908,
      0.017983362078666687,
      0.01847272366285324,
      0.017337588593363762,
      0.019221965223550797,
      0.01748308725655079,
      0.017536601051688194,
      0.01677699387073517,
      0.01881776936352253,
      0.01756853424012661,
      0.01855608820915222,
      0.01666472852230072,
      0.017414037138223648,
      0.01678409054875374,
      0.01704215630888939,
      0.017369529232382774,
      0.017277156934142113,
      0.015753021463751793,
      0.01760830357670784,
      0.016906030476093292,
      0.017592724412679672,
      0.01699993386864662,
      0.016678061336278915,
      0.016397951170802116,
      0.016678839921951294,
      0.016016876325011253,
      0.016314124688506126,
      0.017512723803520203,
      0.016957245767116547,
      0.01693887449800968,
      0.017073960974812508,
      0.016146345064044,
      0.016188694164156914,
      0.015648452565073967,
      0.016100579872727394,
      0.016463929787278175,
      0.016494465991854668,
      0.014884439297020435,
      0.016223760321736336,
      0.016274385154247284,
      0.016082506626844406,
      0.016512734815478325,
      0.01708901673555374,
      0.016300847753882408,
      0.016433056443929672,
      0.016572581604123116,
      0.016081901267170906,
      0.016017727553844452,
      0.015502882190048695,
      0.016383513808250427,
      0.015487942844629288,
      0.016031606122851372,
      0.014895044267177582,
      0.014949661679565907,
      0.015547695569694042,
      0.015453401952981949,
      0.016301415860652924,
      0.01449078880250454,
      0.015089167281985283,
      0.014902274124324322,
      0.01502711046487093,
      0.016099855303764343,
      0.014628065750002861,
      0.014587437734007835,
      0.015347844921052456,
      0.015042402781546116,
      0.015215449035167694,
      0.015138956718146801,
      0.014016472734510899,
      0.015159610658884048,
      0.01620553620159626,
      0.014363506808876991,
      0.015290990471839905,
      0.015202884562313557,
      0.015527082607150078,
      0.015198880806565285,
      0.01454200316220522,
      0.014298498630523682,
      0.014629855751991272,
      0.01505750697106123,
      0.014258533716201782,
      0.016419611871242523,
      0.0151016591116786,
      0.014444206841289997,
      0.014265625737607479,
      0.014929472468793392,
      0.01453096978366375,
      0.014021760784089565,
      0.014042282477021217,
      0.013802709989249706,
      0.015131533145904541,
      0.015083838254213333,
      0.014136251993477345,
      0.01527213305234909,
      0.014331657439470291,
      0.014167294837534428,
      0.015153242275118828,
      0.014986610040068626,
      0.015467463992536068,
      0.01486786175519228,
      0.014756317250430584,
      0.014882643707096577,
      0.015628451481461525,
      0.013846756890416145,
      0.014936636202037334,
      0.013665802776813507,
      0.014719152823090553,
      0.014749683439731598,
      0.013963930308818817,
      0.014385472983121872,
      0.013868249021470547,
      0.014352831989526749,
      0.014809466898441315,
      0.014120074920356274,
      0.013989751227200031,
      0.014267144724726677,
      0.0144264567643404,
      0.01378254871815443,
      0.013911854475736618,
      0.014014153741300106,
      0.01439787819981575,
      0.013980871997773647,
      0.014685019850730896,
      0.013873163610696793,
      0.014599536545574665,
      0.014285912737250328,
      0.013479995541274548,
      0.014004580676555634,
      0.01403645146638155,
      0.013626719824969769,
      0.013245160691440105,
      0.01414914708584547,
      0.013872772455215454,
      0.012944890186190605,
      0.013421637937426567,
      0.013939608819782734,
      0.014162862673401833,
      0.01338221225887537,
      0.015108085237443447,
      0.013959318399429321,
      0.013959144242107868,
      0.014411031268537045,
      0.013864617794752121,
      0.014325574971735477,
      0.01345443818718195,
      0.01364282239228487,
      0.0137679073959589,
      0.01302344724535942,
      0.01364508643746376,
      0.013639388605952263,
      0.012449708767235279,
      0.013054576702415943,
      0.013308746740221977,
      0.014725127257406712,
      0.014156227931380272,
      0.013587248511612415,
      0.01295547652989626,
      0.012999624013900757,
      0.013546755537390709,
      0.01401487085968256,
      0.013475855812430382,
      0.012936514802277088,
      0.013010741211473942,
      0.013001588173210621,
      0.012818281538784504,
      0.013930190354585648,
      0.013780658133327961,
      0.013772930949926376,
      0.014087961986660957,
      0.013577621430158615,
      0.013612262904644012,
      0.013623964041471481,
      0.013271248899400234,
      0.013917923904955387,
      0.013185130432248116,
      0.013192920945584774,
      0.01391917746514082,
      0.013326335698366165,
      0.012875992804765701,
      0.013601546175777912,
      0.013235161080956459,
      0.013893555849790573,
      0.012717097997665405,
      0.014243045821785927,
