{
   "number_epochs": 400,
   "info_used": "use imputation",
   "perc_full_data": 0.08,
   "n_epochs_no_selection": 0,
   "Frequency % cutoff": 0.33,
   "hidden_size": 32,
   "random_state": 1,
   "train_errors": [
      0.2831382155418396,
      0.1936904489994049,
      0.11959415674209595,
      0.0668354406952858,
      0.04337970167398453,
      0.05332652106881142,
      0.06371752917766571,
      0.06001981347799301,
      0.04845990240573883,
      0.03999152407050133,
      0.03685138747096062,
      0.03710261359810829,
      0.03813094645738602,
      0.03863862156867981,
      0.0376536026597023,
      0.03653678297996521,
      0.03424162417650223,
      0.03268527239561081,
      0.03089330717921257,
      0.031248554587364197,
      0.030891990289092064,
      0.0310733150690794,
      0.03026597388088703,
      0.029727187007665634,
      0.030031679198145866,
      0.0306280218064785,
      0.029646100476384163,
      0.029873574152588844,
      0.029300952330231667,
      0.028773292899131775,
      0.027848709374666214,
      0.02843751385807991,
      0.027183428406715393,
      0.02726084366440773,
      0.026077687740325928,
      0.02645917981863022,
      0.026119304820895195,
      0.025510255247354507,
      0.024664374068379402,
      0.025627505034208298,
      0.02480870671570301,
      0.025652645155787468,
      0.024692796170711517,
      0.025220414623618126,
      0.024685721844434738,
      0.02408730611205101,
      0.02474112994968891,
      0.02390267141163349,
      0.023440329357981682,
      0.02398865297436714,
      0.02275012992322445,
      0.023398596793413162,
      0.023046031594276428,
      0.023116588592529297,
      0.022145560011267662,
      0.02314000390470028,
      0.02195739559829235,
      0.022469470277428627,
      0.021042225882411003,
      0.021557118743658066,
      0.021871669217944145,
      0.020741811022162437,
      0.02182719297707081,
      0.02013363316655159,
      0.02045878767967224,
      0.02017361670732498,
      0.01989377662539482,
      0.019489292055368423,
      0.019507156684994698,
      0.02022145316004753,
      0.018651563674211502,
      0.01897440291941166,
      0.019490590319037437,
      0.01910175383090973,
      0.019569149240851402,
      0.01907421462237835,
      0.01828528195619583,
      0.01791147142648697,
      0.017365623265504837,
      0.017912346869707108,
      0.01799619011580944,
      0.01816033199429512,
      0.01676112599670887,
      0.017094116657972336,
      0.016950706019997597,
      0.017098024487495422,
      0.017676573246717453,
      0.017171021550893784,
      0.017438732087612152,
      0.016859646886587143,
      0.016178319230675697,
      0.01664779707789421,
      0.016226202249526978,
      0.016569359228014946,
      0.016186071559786797,
      0.016376886516809464,
      0.015963034704327583,
      0.017119942232966423,
      0.01658581756055355,
      0.016439111903309822,
      0.016531560570001602,
      0.016368499025702477,
      0.01623857393860817,
      0.016631856560707092,
      0.015741892158985138,
      0.016166456043720245,
      0.015485337935388088,
      0.016086172312498093,
      0.016159364953637123,
      0.015516968443989754,
      0.01570609025657177,
      0.01592669077217579,
      0.01605105586349964,
      0.015088639222085476,
      0.015072961337864399,
      0.016682295128703117,
      0.015111202374100685,
      0.01572989486157894,
      0.01576460339128971,
      0.01567213237285614,
      0.015190073288977146,
      0.01522557158023119,
      0.01533744391053915,
      0.015228214673697948,
      0.015835009515285492,
      0.015942908823490143,
      0.01483976561576128,
      0.015150684863328934,
      0.014642737805843353,
      0.015141023322939873,
      0.014699429273605347,
      0.015394515357911587,
      0.014485505409538746,
      0.014098717831075191,
      0.01358550414443016,
      0.014351961202919483,
      0.014793118461966515,
      0.013710269704461098,
      0.01366730872541666,
      0.013644174672663212,
      0.013729765079915524,
      0.014160992577672005,
      0.014486383646726608,
      0.01354388240724802,
      0.013553354889154434,
      0.014274419285356998,
      0.013937462121248245,
      0.014276398345828056,
      0.01352323405444622,
      0.013797502964735031,
      0.012530949898064137,
      0.013608401641249657,
      0.013625575229525566,
      0.013703171163797379,
      0.013101997785270214,
      0.013020043261349201,
      0.013313885778188705,
      0.01300350297242403,
      0.014107199385762215,
      0.012737671844661236,
      0.013162005692720413,
      0.014139505103230476,
      0.013152454979717731,
      0.013335531577467918,
      0.012266051024198532,
      0.013097904622554779,
      0.013775398023426533,
      0.013712762854993343,
      0.012390973046422005,
      0.013013157993555069,
      0.012464635074138641,
      0.012878119945526123,
      0.013752004131674767,
      0.01328274141997099,
      0.013133170083165169,
      0.013455275446176529,
      0.013799810782074928,
      0.013220470398664474,
      0.012722034938633442,
      0.012990034185349941,
      0.013399813324213028,
      0.012494630180299282,
      0.012371527962386608,
      0.013155008666217327,
      0.012142207473516464,
      0.013250176794826984,
      0.012460521422326565,
      0.012561311945319176,
      0.012084908783435822,
      0.012604614719748497,
      0.013157845474779606,
      0.012140769511461258,
      0.012057834304869175,
      0.012614029459655285,
      0.012184534221887589,
      0.012202013283967972,
      0.012206748127937317,
      0.01314834225922823,
      0.012856562621891499,
      0.012505954131484032,
      0.012112127617001534,
      0.012471172958612442,
      0.012119109742343426,
      0.012371588498353958,
      0.01194983720779419,
      0.012541186064481735,
      0.011907953768968582,
      0.011835901997983456,
      0.01298571191728115,
      0.01215314120054245,
      0.011945847421884537,
      0.012397365644574165,
      0.011725426651537418,
      0.012725327163934708,
      0.012132469564676285,
      0.01232462003827095,
      0.012219543568789959,
      0.012958827428519726,
      0.012601194903254509,
      0.012558124028146267,
      0.01164346281439066,
      0.011518377810716629,
      0.011959819123148918,
      0.011648907326161861,
      0.01157386228442192,
      0.011981376446783543,
      0.012103901244699955,
      0.011950773186981678,
      0.011887921020388603,
      0.011729427613317966,
      0.011693818494677544,
      0.011855203658342361,
      0.0125211700797081,
      0.011141194961965084,
      0.013054925948381424,
      0.011890385299921036,
      0.011780976317822933,
      0.01127700973302126,
      0.011643272824585438,
      0.011523646302521229,
      0.012245710007846355,
      0.011287202127277851,
      0.011658698320388794,
      0.011121764779090881,
      0.011521372944116592,
      0.011065478436648846,
      0.01143587939441204,
      0.011706830933690071,
      0.011302564293146133,
      0.011377719230949879,
      0.011931303888559341,
      0.01135174185037613,
      0.01180850900709629,
      0.011736301705241203,
      0.010990527458488941,
      0.011921383440494537,
      0.01141078770160675,
      0.01191745512187481,
      0.01137557066977024,
      0.011353657580912113,
      0.011542566120624542,
      0.01140371523797512,
      0.011600892059504986,
      0.012186290696263313,
      0.011477934196591377,
      0.010875091888010502,
      0.011469468474388123,
      0.01143595576286316,
      0.011724074371159077,
      0.011587250046432018,
      0.011244951747357845,
      0.011102833785116673,
      0.011288738809525967,
      0.01111696008592844,
      0.011392870917916298,
      0.011412778869271278,
      0.011070209555327892,
      0.011523035354912281,
      0.012089818716049194,
      0.01171908900141716,
      0.011899656616151333,
