{
   "number_epochs": 400,
   "info_used": "use imputation",
   "perc_full_data": 0.08,
   "n_epochs_no_selection": 0,
   "Frequency % cutoff": 0.33,
   "hidden_size": 32,
   "random_state": 0,
   "train_errors": [
      0.42350006103515625,
      0.29473963379859924,
      0.18854489922523499,
      0.10761620849370956,
      0.06406768411397934,
      0.06644897162914276,
      0.0844293162226677,
      0.09412995725870132,
      0.07595254480838776,
      0.05837457999587059,
      0.04737043008208275,
      0.04530548304319382,
      0.04676254838705063,
      0.04728158563375473,
      0.047760069370269775,
      0.046531639993190765,
      0.04293595254421234,
      0.039210908114910126,
      0.03644276410341263,
      0.03644471615552902,
      0.03629827871918678,
      0.03575953468680382,
      0.035087570548057556,
      0.03302793204784393,
      0.03170936927199364,
      0.03045496717095375,
      0.0304722897708416,
      0.029767721891403198,
      0.029773373156785965,
      0.029453305527567863,
      0.028245696797966957,
      0.02864508144557476,
      0.027829954400658607,
      0.027207540348172188,
      0.027950013056397438,
      0.02700400911271572,
      0.027223940938711166,
      0.02756301872432232,
      0.02736060880124569,
      0.026781562715768814,
      0.02624274231493473,
      0.025923019275069237,
      0.026087822392582893,
      0.02649259753525257,
      0.025966186076402664,
      0.025784989818930626,
      0.025886882096529007,
      0.025160377845168114,
      0.024878595024347305,
      0.02570643089711666,
      0.025043262168765068,
      0.02426687441766262,
      0.02433733642101288,
      0.024571608752012253,
      0.024751070886850357,
      0.02382376603782177,
      0.02328159660100937,
      0.023473193868994713,
      0.023071439936757088,
      0.023906629532575607,
      0.02262645959854126,
      0.022085679695010185,
      0.02173903025686741,
      0.02167266234755516,
      0.02052387408912182,
      0.021476270630955696,
      0.020680420100688934,
      0.0202897060662508,
      0.019681589677929878,
      0.020625654608011246,
      0.019486721605062485,
      0.01861400529742241,
      0.019410060718655586,
      0.018440289422869682,
      0.0194427240639925,
      0.018626632168889046,
      0.018138252198696136,
      0.01802031509578228,
      0.017379581928253174,
      0.01804545149207115,
      0.01713641919195652,
      0.017871178686618805,
      0.017282214015722275,
      0.016243040561676025,
      0.01597822643816471,
      0.01611289195716381,
      0.016480449587106705,
      0.015569562092423439,
      0.01572694443166256,
      0.016471415758132935,
      0.015863357111811638,
      0.01562778279185295,
      0.014693214558064938,
      0.01569209434092045,
      0.01454637199640274,
      0.014812332578003407,
      0.015270602889358997,
      0.015366190113127232,
      0.015194956213235855,
      0.014461139217019081,
      0.013778670690953732,
      0.014820639044046402,
      0.015147845260798931,
      0.014718770980834961,
      0.014674685895442963,
      0.014100483618676662,
      0.014876466244459152,
      0.014964014291763306,
      0.014713547192513943,
      0.014975606463849545,
      0.014987514354288578,
      0.014190329238772392,
      0.013920700177550316,
      0.01406420674175024,
      0.013324716128408909,
      0.013753998093307018,
      0.013864142820239067,
      0.013485870324075222,
      0.013786716386675835,
      0.013632155023515224,
      0.013627488166093826,
      0.013315219432115555,
      0.013997461646795273,
      0.013278486207127571,
      0.014187335968017578,
      0.013567833229899406,
      0.013399823568761349,
      0.014323963783681393,
      0.01339912973344326,
      0.014034115709364414,
      0.013336069881916046,
      0.013317819684743881,
      0.01346506830304861,
      0.013728049583733082,
      0.013656887225806713,
      0.01276674959808588,
      0.012989533133804798,
      0.013149532489478588,
      0.013128185644745827,
      0.013023466803133488,
      0.01413392461836338,
      0.012755045667290688,
      0.01303154043853283,
      0.012796428985893726,
      0.014199784025549889,
      0.013900102116167545,
      0.012268338352441788,
      0.013050304725766182,
      0.012383604422211647,
      0.013333288952708244,
      0.013900862075388432,
      0.013581990264356136,
      0.012762123718857765,
      0.013257521204650402,
      0.012638438493013382,
      0.012733440846204758,
      0.01272226870059967,
      0.012363016605377197,
      0.012686477974057198,
      0.012877952307462692,
      0.013235911726951599,
      0.013186709024012089,
      0.012905146926641464,
      0.012467416934669018,
      0.012682253494858742,
      0.013266006484627724,
      0.013119582086801529,
      0.012359165586531162,
      0.012523571029305458,
      0.012307440862059593,
      0.01198603119701147,
      0.012639695778489113,
      0.012482172809541225,
      0.012347736395895481,
      0.013139000162482262,
      0.012719571590423584,
      0.012743372470140457,
      0.012257945723831654,
      0.012462301179766655,
      0.013074672780930996,
      0.012303080409765244,
      0.01281209196895361,
      0.012449434958398342,
      0.012918658554553986,
      0.012352519668638706,
      0.012519404292106628,
      0.012330577708780766,
      0.011850218288600445,
      0.013052255846560001,
      0.011899675242602825,
      0.011399750597774982,
      0.01258799247443676,
      0.01231562439352274,
      0.012598047964274883,
      0.012032362632453442,
      0.012041022069752216,
      0.012704875320196152,
      0.011715598404407501,
      0.012007802724838257,
      0.013038982637226582,
      0.012608133256435394,
      0.011920521035790443,
      0.012076122686266899,
      0.012372066266834736,
      0.011991855688393116,
      0.012638348154723644,
      0.012615161947906017,
      0.012438308447599411,
      0.013318504206836224,
      0.012503660283982754,
      0.01206532958894968,
      0.01304025761783123,
      0.011720371432602406,
      0.012651481665670872,
      0.011945439502596855,
      0.011901730671525002,
      0.012150447815656662,
      0.012206127867102623,
      0.012403108179569244,
      0.012702005915343761,
      0.012063619680702686,
      0.011795920319855213,
      0.012513257563114166,
      0.012419079430401325,
      0.012325484305620193,
      0.01205420307815075,
      0.01205887459218502,
      0.01211011502891779,
      0.012978277169167995,
      0.01165254507213831,
      0.012079018168151379,
      0.011974651366472244,
      0.011756530962884426,
      0.011307988315820694,
      0.012472815811634064,
      0.01269082073122263,
      0.012769985944032669,
      0.012263561598956585,
      0.012129570357501507,
      0.01109536923468113,
      0.012368110939860344,
      0.012143224477767944,
      0.011635233648121357,
      0.012101774103939533,
      0.012509620748460293,
      0.012034638784825802,
      0.012469933368265629,
      0.011937534436583519,
      0.011794596910476685,
      0.011978037655353546,
      0.01155928336083889,
      0.0122230164706707,
      0.011555531062185764,
      0.011871450580656528,
      0.011294159106910229,
      0.012246492318809032,
      0.011874969117343426,
      0.011310607194900513,
      0.011772355996072292,
      0.011178181506693363,
      0.012170682661235332,
      0.011764487251639366,
      0.012417706660926342,
      0.011902542784810066,
      0.01210015732795,
      0.01146126538515091,
      0.01098854374140501,
      0.01127236895263195,
      0.011832103133201599,
      0.011418451555073261,
      0.01175279263406992,
      0.01182677410542965,
      0.011617782525718212,
      0.011168024502694607,
      0.011706902645528316,
      0.011530058458447456,
      0.0112490588799119,
      0.011391433887183666,
      0.012265687808394432,
      0.012018326669931412,
      0.01189858466386795,
