{
   "number_epochs": 400,
   "info_used": "use imputation",
   "perc_full_data": 0.08,
   "n_epochs_no_selection": 0,
   "Frequency % cutoff": 0.33,
   "hidden_size": 32,
   "random_state": 13,
   "train_errors": [
      0.10979373008012772,
      0.0512852817773819,
      0.03741368278861046,
      0.05051045119762421,
      0.05204237252473831,
      0.044294554740190506,
      0.03527883067727089,
      0.03324418142437935,
      0.033804841339588165,
      0.034694988280534744,
      0.03506322577595711,
      0.033996351063251495,
      0.032356146723032,
      0.03035815618932247,
      0.0301282349973917,
      0.029871081933379173,
      0.030341455712914467,
      0.029623176902532578,
      0.028823353350162506,
      0.028477095067501068,
      0.026516249403357506,
      0.026364322751760483,
      0.02653118036687374,
      0.025309838354587555,
      0.024692529812455177,
      0.024520395323634148,
      0.02466498874127865,
      0.023403525352478027,
      0.024014636874198914,
      0.0225091353058815,
      0.022563835605978966,
      0.02217811346054077,
      0.022815069183707237,
      0.021239856258034706,
      0.021469557657837868,
      0.020682374015450478,
      0.020728886127471924,
      0.020653758198022842,
      0.020757369697093964,
      0.02021883800625801,
      0.019381016492843628,
      0.01939176209270954,
      0.01928592659533024,
      0.01812289096415043,
      0.018581125885248184,
      0.01856791414320469,
      0.018626471981406212,
      0.017807677388191223,
      0.017482126131653786,
      0.016849398612976074,
      0.017098214477300644,
      0.01676146127283573,
      0.016558272764086723,
      0.015867847949266434,
      0.01581835001707077,
      0.016477691009640694,
      0.016048407182097435,
      0.01537701953202486,
      0.014913424849510193,
      0.014839280396699905,
      0.0144652733579278,
      0.014471454545855522,
      0.014587321318686008,
      0.01524099800735712,
      0.014841719530522823,
      0.013817033730447292,
      0.0146782286465168,
      0.014697585254907608,
      0.014012688770890236,
      0.014314059168100357,
      0.013990133069455624,
      0.014176720753312111,
      0.013870786875486374,
      0.013595485128462315,
      0.013822616077959538,
      0.013986124657094479,
      0.013442120514810085,
      0.012765156105160713,
      0.013556256890296936,
      0.013167359866201878,
      0.013124793767929077,
      0.012857232242822647,
      0.013044663704931736,
      0.013181059621274471,
      0.012635065242648125,
      0.012998750433325768,
      0.01241534948348999,
      0.012681099586188793,
      0.012731771916151047,
      0.012404385022819042,
      0.012511827051639557,
      0.012061160989105701,
      0.013378852047026157,
      0.011731970123946667,
      0.012117447331547737,
      0.012157580815255642,
      0.012425331398844719,
      0.01173744723200798,
      0.011799026280641556,
      0.011775234714150429,
      0.01198888011276722,
      0.011835056357085705,
      0.011396105401217937,
      0.012785407714545727,
      0.011573046445846558,
      0.011704258620738983,
      0.011635812930762768,
      0.012156449258327484,
      0.011757029220461845,
      0.011389837600290775,
      0.01138375699520111,
      0.011091381311416626,
      0.01247378345578909,
      0.01241543423384428,
      0.011883463710546494,
      0.011805434711277485,
      0.011219627223908901,
      0.011064387857913971,
      0.011178159154951572,
      0.010989640839397907,
      0.011235908605158329,
      0.011185035109519958,
      0.011321548372507095,
      0.010900958441197872,
      0.010743777267634869,
      0.011260561645030975,
      0.010835608467459679,
      0.011113831773400307,
      0.010910766199231148,
      0.011411597952246666,
      0.010051898658275604,
      0.0114675834774971,
      0.011009253561496735,
      0.011086012236773968,
      0.011279038153588772,
      0.01075517013669014,
      0.011186610907316208,
      0.010336635634303093,
      0.011207355186343193,
      0.01108288299292326,
      0.010636121965944767,
      0.011112719774246216,
      0.010856084525585175,
      0.010342874564230442,
      0.010721351020038128,
      0.01054430566728115,
      0.011138830333948135,
      0.010510597378015518,
      0.011218803003430367,
      0.010237948969006538,
      0.010303420946002007,
      0.010337078012526035,
      0.010797600261867046,
      0.010874414816498756,
      0.010204628109931946,
      0.010365486145019531,
      0.01018575020134449,
      0.010675725527107716,
      0.010739609599113464,
      0.010828807950019836,
      0.009500526823103428,
      0.010266531258821487,
      0.010093167424201965,
      0.01041032187640667,
      0.010611033998429775,
      0.009895097464323044,
      0.009706052951514721,
      0.010607783682644367,
      0.009762178175151348,
      0.010447511449456215,
      0.010066070593893528,
      0.00972926989197731,
      0.009627139195799828,
      0.009706931188702583,
      0.010597663931548595,
      0.00947487261146307,
      0.01012890599668026,
      0.009609307162463665,
      0.010536245070397854,
      0.010216707363724709,
      0.0105488495901227,
      0.010275522246956825,
      0.009689110331237316,
      0.009824260137975216,
      0.009468692354857922,
      0.009391484782099724,
      0.010593215003609657,
      0.010282458737492561,
      0.009607119485735893,
      0.010654998943209648,
      0.00933507364243269,
      0.009560475125908852,
      0.00941206980496645,
      0.010013747960329056,
      0.00945875234901905,
      0.00913903396576643,
      0.009223767556250095,
      0.009758379310369492,
      0.010162829421460629,
      0.009428721852600574,
      0.009444084949791431,
      0.009795824065804482,
      0.009664306417107582,
      0.009711705148220062,
      0.009522928856313229,
      0.009484415873885155,
      0.009747660718858242,
      0.00957061629742384,
      0.009557448327541351,
      0.009747002273797989,
      0.009401662275195122,
      0.009126166813075542,
      0.010102993808686733,
      0.009626027196645737,
      0.009731527417898178,
      0.009237139485776424,
      0.009883344173431396,
      0.00944916158914566,
      0.00968469399958849,
      0.009163976646959782,
      0.009619288146495819,
      0.009844772517681122,
      0.009418467991054058,
      0.008944000117480755,
      0.009529909119009972,
      0.009644248522818089,
      0.009491332806646824,
      0.009948348626494408,
      0.009013720788061619,
      0.009444843046367168,
      0.009457150474190712,
      0.009248695336282253,
      0.00902028102427721,
      0.00935402512550354,
      0.009105270728468895,
      0.008776409551501274,
      0.009405749849975109,
      0.009411169216036797,
      0.009331686422228813,
      0.008832431398332119,
      0.009322747588157654,
      0.009519464336335659,
      0.009376175701618195,
      0.009990385733544827,
      0.008777509443461895,
      0.008925673551857471,
      0.009465277194976807,
      0.009195283986628056,
      0.009436809457838535,
      0.008746499195694923,
      0.010013553313910961,
      0.009186231531202793,
      0.008833128958940506,
      0.009069576859474182,
      0.009634177200496197,
      0.008906502276659012,
      0.008933649398386478,
      0.008930184878408909,
      0.009525083005428314,
      0.009184254333376884,
      0.009307682514190674,
      0.008966625668108463,
      0.00961268413811922,
      0.00855556782335043,
      0.009195924736559391,
      0.008683297783136368,
      0.009179702959954739,
      0.0089216697961092,
      0.009068666025996208,
      0.008658960461616516,
      0.009219012223184109,
      0.008678806945681572,
      0.008900812827050686,
      0.009229705668985844,
      0.00909253116697073,
      0.009240245446562767,
      0.008701755665242672,
      0.008576271124184132,
      0.0086158886551857,
      0.008661266416311264,
