{
   "number_epochs": 300,
   "info_used": "use imputation",
   "perc_full_data": 0.1,
   "n_epochs_no_selection": 0,
   "Frequency % cutoff": 0.3,
   "hidden_size": 32,
   "random_state": 3,
   "train_errors": [
      0.05183963105082512,
      0.04850808531045914,
      0.04862328618764877,
      0.04781060293316841,
      0.04653237760066986,
      0.045372817665338516,
      0.044749848544597626,
      0.044049009680747986,
      0.04304371401667595,
      0.04188429191708565,
      0.04089147597551346,
      0.03926069661974907,
      0.03769674897193909,
      0.03612927719950676,
      0.034774478524923325,
      0.032921891659498215,
      0.030633673071861267,
      0.027970969676971436,
      0.02714785747230053,
      0.02689162641763687,
      0.025197580456733704,
      0.025235220789909363,
      0.02511153556406498,
      0.02284139394760132,
      0.022395240142941475,
      0.02117343246936798,
      0.02151229791343212,
      0.02163674682378769,
      0.02151068113744259,
      0.021065576002001762,
      0.02012619376182556,
      0.020271657034754753,
      0.019291779026389122,
      0.018704423680901527,
      0.01831214316189289,
      0.019247833639383316,
      0.018028616905212402,
      0.017383752390742302,
      0.016652800142765045,
      0.015477101318538189,
      0.016399335116147995,
      0.015320994891226292,
      0.0164610855281353,
      0.016343483701348305,
      0.015560539439320564,
      0.014011872000992298,
      0.014198609627783298,
      0.014168305322527885,
      0.014437918551266193,
      0.013470099307596684,
      0.0144884642213583,
      0.013728263787925243,
      0.0132288234308362,
      0.013803189620375633,
      0.013157679699361324,
      0.013038619421422482,
      0.013619362376630306,
      0.01327076368033886,
      0.011906093917787075,
      0.012229339219629765,
      0.011651233769953251,
      0.012266552075743675,
      0.01159544289112091,
      0.01150916051119566,
      0.01250009797513485,
      0.010884720832109451,
      0.012133236974477768,
      0.011816058307886124,
      0.011208565905690193,
      0.011023166589438915,
      0.011143803596496582,
      0.011722616851329803,
      0.01122459676116705,
      0.011146914213895798,
      0.010820361785590649,
      0.011094768531620502,
      0.011294972151517868,
      0.01037752814590931,
      0.010866721160709858,
      0.010148508474230766,
      0.011274212040007114,
      0.010438422672450542,
      0.011397870257496834,
      0.010390185751020908,
      0.009759243577718735,
      0.011375542730093002,
      0.011068519204854965,
      0.010414195246994495,
      0.01036068331450224,
      0.010580834001302719,
      0.009941624477505684,
      0.010061436332762241,
      0.011287674307823181,
      0.010612565092742443,
      0.010298054665327072,
      0.009979309514164925,
      0.010017270222306252,
      0.00900343805551529,
      0.010245411656796932,
      0.009626666083931923,
      0.009663071483373642,
      0.009512200951576233,
      0.010854938067495823,
      0.009303084574639797,
      0.009248892776668072,
      0.00882295798510313,
      0.009627013467252254,
      0.00943768210709095,
      0.009585353545844555,
      0.00928036030381918,
      0.009013596922159195,
      0.009862453676760197,
      0.009191511198878288,
      0.008415061980485916,
      0.008607110008597374,
      0.008284631185233593,
      0.008983784355223179,
      0.009318764321506023,
      0.00955197587609291,
      0.009703505784273148,
      0.009795189835131168,
      0.00864790566265583,
      0.008617340587079525,
      0.00889924168586731,
      0.009120756760239601,
      0.00873455312103033,
      0.008404234424233437,
      0.007509053684771061,
      0.008267532102763653,
      0.008337900973856449,
      0.00805561151355505,
      0.008440077304840088,
      0.008476984687149525,
      0.008513441309332848,
      0.007389437407255173,
      0.009175211191177368,
      0.007953916676342487,
      0.008009862154722214,
      0.007963534444570541,
      0.007355098612606525,
      0.007802637759596109,
      0.00788269191980362,
      0.00908952672034502,
      0.007807520218193531,
      0.008007933385670185,
      0.00817918125540018,
      0.007765122689306736,
      0.008068878203630447,
      0.007910622283816338,
      0.0076491981744766235,
      0.007544973865151405,
      0.007350774481892586,
      0.00791187398135662,
      0.008311530575156212,
      0.007569499313831329,
      0.007399934809654951,
      0.008735552430152893,
      0.008062264882028103,
      0.0076063950546085835,
      0.00749486219137907,
      0.00822473969310522,
      0.007707445416599512,
      0.007490634452551603,
      0.00791869405657053,
      0.007518862374126911,
      0.007049174048006535,
      0.007410980295389891,
      0.0073055699467659,
      0.007150878198444843,
      0.008261816576123238,
      0.007184202317148447,
      0.00806444138288498,
      0.0075387838296592236,
      0.007237945683300495,
      0.007066820282489061,
      0.006717479322105646,
      0.006955842953175306,
      0.0073949904181063175,
      0.007987264543771744,
      0.0065111806616187096,
      0.007018266711384058,
      0.007169788703322411,
      0.008036786690354347,
      0.007163788191974163,
      0.006578371394425631,
      0.007089008577167988,
      0.006946166977286339,
      0.007005459163337946,
      0.006126030348241329,
      0.006785780657082796,
      0.007097870111465454,
      0.006232854910194874,
      0.0069144186563789845,
      0.006931987125426531,
      0.006655462551862001,
      0.007049841340631247,
      0.007156996987760067,
      0.0064074574038386345,
      0.00694862799718976,
      0.007402421906590462,
      0.008232386782765388,
      0.0068438611924648285,
      0.007725666742771864,
      0.006993520073592663,
      0.006370157934725285,
      0.006188658066093922,
      0.006640192586928606,
      0.006690014153718948,
      0.006331668235361576,
      0.005546846427023411,
      0.006562951486557722,
      0.005874233320355415,
      0.006101799663156271,
      0.006184825673699379,
      0.007111347746104002,
      0.007023495156317949,
      0.006378511898219585,
      0.006141135934740305,
      0.006976637523621321,
      0.006951189134269953,
      0.006006959360092878,
      0.006766282953321934,
      0.006676672492176294,
      0.007138361223042011,
      0.006855863146483898,
      0.006112127099186182,
      0.006488241255283356,
      0.006470378488302231,
      0.006564716808497906,
      0.00654627475887537,
      0.006669225636869669,
      0.006339130457490683,
      0.005793257150799036,
      0.006576954387128353,
      0.006188968662172556,
      0.00625929981470108,
      0.005988506134599447,
      0.005538086406886578,
      0.006205720826983452,
      0.006299768574535847,
      0.007423280272632837,
      0.0072551025077700615,
      0.006151385605335236,
      0.006779747549444437,
      0.0059458366595208645,
      0.006168900988996029,
      0.006345265079289675,
      0.006744228769093752,
      0.006232832558453083,
      0.006805389188230038,
      0.00590263307094574,
      0.005956015083938837,
      0.006032127887010574,
      0.006415025796741247,
      0.006139800418168306,
      0.006013377569615841,
      0.006445159669965506,
      0.006217048037797213,
      0.005761692300438881,
      0.006017284467816353,
      0.005827601999044418,
      0.005744751077145338,
      0.005310575012117624,
      0.005902170669287443,
      0.0050581288523972034,
      0.006027983035892248,
      0.005276320036500692,
      0.005961220245808363,
      0.0055578225292265415,
      0.006077955476939678,
      0.005664634983986616,
      0.005447020288556814,
      0.006121803540736437,
      0.005818137899041176,
      0.005231502931565046,
      0.0064248028211295605,
      0.0062474459409713745,
      0.005427982658147812,
      0.005625890102237463,
