{
   "number_epochs": 300,
   "info_used": "use imputation",
   "perc_full_data": 0.1,
   "n_epochs_no_selection": 0,
   "Frequency % cutoff": 0.3,
   "hidden_size": 32,
   "random_state": 10,
   "train_errors": [
      0.04336407780647278,
      0.04177236557006836,
      0.04126228019595146,
      0.04022159054875374,
      0.03939995542168617,
      0.038692131638526917,
      0.038041818886995316,
      0.03696560114622116,
      0.03561331331729889,
      0.03410942107439041,
      0.032377373427152634,
      0.032006919384002686,
      0.030481643974781036,
      0.029568837955594063,
      0.02767987735569477,
      0.02628363110125065,
      0.025801951065659523,
      0.02447311207652092,
      0.02433921955525875,
      0.022788824513554573,
      0.0226876400411129,
      0.022738464176654816,
      0.021755393594503403,
      0.021025525406003,
      0.021061338484287262,
      0.020377397537231445,
      0.020302237942814827,
      0.01921723410487175,
      0.019571321085095406,
      0.01950795017182827,
      0.01831376552581787,
      0.018670126795768738,
      0.0174416434019804,
      0.01898781582713127,
      0.01867568865418434,
      0.018278945237398148,
      0.01782471500337124,
      0.018194597214460373,
      0.017203833907842636,
      0.01794063299894333,
      0.015951573848724365,
      0.0163849126547575,
      0.016003113240003586,
      0.015499485656619072,
      0.015528008341789246,
      0.015585167333483696,
      0.01616240106523037,
      0.014952138066291809,
      0.014178925193846226,
      0.014232747256755829,
      0.015113498084247112,
      0.013484473340213299,
      0.014542479999363422,
      0.014790475368499756,
      0.014423631131649017,
      0.013760623522102833,
      0.01303812675178051,
      0.014372405596077442,
      0.013133768923580647,
      0.012635166756808758,
      0.012928828597068787,
      0.013557489961385727,
      0.013189207762479782,
      0.012408945709466934,
      0.012198084965348244,
      0.011973807588219643,
      0.012273255735635757,
      0.01213403232395649,
      0.012556124478578568,
      0.012543698772788048,
      0.01206769235432148,
      0.012684823013842106,
      0.01203613355755806,
      0.012203575111925602,
      0.012612680904567242,
      0.012460361234843731,
      0.011950931511819363,
      0.012624994851648808,
      0.013254889287054539,
      0.011267867870628834,
      0.011915968731045723,
      0.012573059648275375,
      0.012138167396187782,
      0.01157051045447588,
      0.012264966033399105,
      0.011455491185188293,
      0.01205102913081646,
      0.011170436628162861,
      0.01163290161639452,
      0.010758953168988228,
      0.010690403170883656,
      0.01068232860416174,
      0.011893166229128838,
      0.01175256259739399,
      0.010748866945505142,
      0.010461353696882725,
      0.011158413253724575,
      0.01133029442280531,
      0.011885635554790497,
      0.011513016186654568,
      0.011188087984919548,
      0.010449507273733616,
      0.010812629014253616,
      0.01107366569340229,
      0.010493210516870022,
      0.011298321187496185,
      0.01013246364891529,
      0.010982928797602654,
      0.010471155866980553,
      0.010607227683067322,
      0.010330094024538994,
      0.010263927280902863,
      0.011074455454945564,
      0.009913740679621696,
      0.01068323478102684,
      0.009987768717110157,
      0.010216194204986095,
      0.011282111518085003,
      0.01038593053817749,
      0.010420223698019981,
      0.009930996224284172,
      0.010392813943326473,
      0.009902726858854294,
      0.010298697277903557,
      0.010160544887185097,
      0.009629901498556137,
      0.01036341767758131,
      0.008664957247674465,
      0.009546455927193165,
      0.00961328949779272,
      0.00990674365311861,
      0.009204357862472534,
      0.00925119873136282,
      0.010064845904707909,
      0.009283974766731262,
      0.009710575453937054,
      0.009146363474428654,
      0.009034671820700169,
      0.009404036216437817,
      0.00880754366517067,
      0.00957760401070118,
      0.009017597883939743,
      0.009658184833824635,
      0.008962838910520077,
      0.009543324820697308,
      0.00956812035292387,
      0.010090571828186512,
      0.008827676065266132,
      0.009891808032989502,
      0.009182795882225037,
      0.009402226656675339,
      0.009111234918236732,
      0.008275052532553673,
      0.009937324561178684,
      0.009071297012269497,
      0.009511460550129414,
      0.009495219215750694,
      0.009754955768585205,
      0.009404110722243786,
      0.009043576195836067,
      0.008643929846584797,
      0.008300400339066982,
      0.008236736990511417,
      0.009877759031951427,
      0.008659583516418934,
      0.008875337429344654,
      0.00914672203361988,
      0.008211460895836353,
      0.009435690939426422,
      0.009051921777427197,
      0.008267703466117382,
      0.008736548013985157,
      0.008267255499958992,
      0.008249541744589806,
      0.009101557545363903,
      0.008141514845192432,
      0.008434551768004894,
      0.009227857924997807,
      0.00917433574795723,
      0.00796479731798172,
      0.007780035492032766,
      0.008371187373995781,
      0.00864703394472599,
      0.007791267707943916,
      0.008631874807178974,
      0.008655253797769547,
      0.007763606961816549,
      0.008742384612560272,
      0.007391699124127626,
      0.008492261171340942,
      0.00846073217689991,
      0.007944040931761265,
      0.008640543557703495,
      0.008431775495409966,
      0.00794895552098751,
      0.007514453958719969,
      0.007685781456530094,
      0.008149581030011177,
      0.008390652947127819,
      0.007837963290512562,
      0.009898235090076923,
      0.007971448823809624,
      0.007494891528040171,
      0.00746471993625164,
      0.007559551391750574,
      0.007638793904334307,
      0.009455837309360504,
      0.008377820253372192,
      0.0071607003919780254,
      0.007417059037834406,
      0.006781581789255142,
      0.007284604944288731,
      0.006826705764979124,
      0.007681631483137608,
      0.007334573194384575,
      0.0075168549083173275,
      0.007701947819441557,
      0.007291593123227358,
      0.007260868791490793,
      0.006626291666179895,
      0.007187397684901953,
      0.006401411257684231,
      0.007832999341189861,
      0.006628965958952904,
      0.007635415531694889,
      0.007006380241364241,
      0.006929708179086447,
      0.00763880368322134,
      0.007494899909943342,
      0.007131326012313366,
      0.006573813036084175,
      0.007211287971585989,
      0.0072629149071872234,
      0.007109741680324078,
      0.00674250815063715,
      0.0070845200680196285,
      0.006626501213759184,
      0.007142690941691399,
      0.00705980509519577,
      0.0068936762399971485,
      0.006648195907473564,
      0.006012222729623318,
      0.006558460183441639,
      0.006282682064920664,
      0.006916890386492014,
      0.0060164122842252254,
      0.00638595363125205,
      0.006815042812377214,
      0.0067107719369232655,
      0.007566969376057386,
      0.006186992395669222,
      0.006798920221626759,
      0.006223812233656645,
      0.007301290053874254,
      0.00727418065071106,
      0.006297619082033634,
      0.006197584327310324,
      0.006554336752742529,
      0.006868141703307629,
      0.006069169379770756,
      0.00612299470230937,
      0.005528116598725319,
      0.006148955784738064,
      0.00618457468226552,
      0.0056468769907951355,
      0.006525213830173016,
      0.005774755030870438,
      0.006984306033700705,
      0.005466104485094547,
      0.006383777596056461,
      0.005816658493131399,
      0.007189878262579441,
      0.006463940255343914,
      0.005503385793417692,
      0.006249719299376011,
      0.006380146369338036,
      0.005344853736460209,
      0.005675039254128933,
      0.006632339209318161,
      0.005678897723555565,
