{
   "number_epochs": 300,
   "info_used": "use imputation",
   "perc_full_data": 0.3,
   "n_epochs_no_selection": 0,
   "Frequency % cutoff": 0.3,
   "hidden_size": 32,
   "random_state": 8,
   "train_errors": [
      0.08572322875261307,
      0.07635921239852905,
      0.07080139964818954,
      0.06657953560352325,
      0.06495017558336258,
      0.06280723959207535,
      0.06105583533644676,
      0.05847685784101486,
      0.058435533195734024,
      0.054589975625276566,
      0.052350495010614395,
      0.05040749907493591,
      0.04902252182364464,
      0.04625186324119568,
      0.044717222452163696,
      0.04188912734389305,
      0.0397893525660038,
      0.037819184362888336,
      0.0358390174806118,
      0.034749988466501236,
      0.03287713974714279,
      0.030585825443267822,
      0.029051614925265312,
      0.028276078402996063,
      0.02768360823392868,
      0.025762274861335754,
      0.026370083913207054,
      0.02464859001338482,
      0.02505859173834324,
      0.024705667048692703,
      0.023640478029847145,
      0.023737715557217598,
      0.023879559710621834,
      0.022827889770269394,
      0.02108919806778431,
      0.020892754197120667,
      0.02071095071732998,
      0.0220078956335783,
      0.021265767514705658,
      0.020101089030504227,
      0.019819781184196472,
      0.01997961476445198,
      0.019765257835388184,
      0.016925375908613205,
      0.018792660906910896,
      0.017306383699178696,
      0.01820630393922329,
      0.017058905214071274,
      0.017483185976743698,
      0.017886333167552948,
      0.017404312267899513,
      0.016936659812927246,
      0.016439275816082954,
      0.01828428916633129,
      0.015356280840933323,
      0.015558052808046341,
      0.014992309734225273,
      0.016787029802799225,
      0.014691920019686222,
      0.014539460651576519,
      0.01550340000540018,
      0.015152130275964737,
      0.014470535330474377,
      0.01472109742462635,
      0.014109869487583637,
      0.01389024592936039,
      0.013999298214912415,
      0.013603268191218376,
      0.013567158952355385,
      0.013700230047106743,
      0.013479359447956085,
      0.013183822855353355,
      0.013677523471415043,
      0.012339805252850056,
      0.013282503932714462,
      0.012408866547048092,
      0.012640873901546001,
      0.0128385741263628,
      0.01100163348019123,
      0.012016667053103447,
      0.012471930123865604,
      0.011585296131670475,
      0.011486236937344074,
      0.012477424927055836,
      0.011071372777223587,
      0.012104297056794167,
      0.01109025627374649,
      0.012153233401477337,
      0.011413873173296452,
      0.010973458178341389,
      0.012128468602895737,
      0.011448487639427185,
      0.009975086897611618,
      0.011088654398918152,
      0.01107314694672823,
      0.009462364949285984,
      0.010370105504989624,
      0.010316446423530579,
      0.00999126024544239,
      0.010341647081077099,
      0.009807833470404148,
      0.010453219525516033,
      0.009385108016431332,
      0.009877033531665802,
      0.009501729160547256,
      0.010057452134788036,
      0.009458516724407673,
      0.010220133699476719,
      0.01015433855354786,
      0.009950321167707443,
      0.00853540375828743,
      0.009514321573078632,
      0.00918622501194477,
      0.008963671512901783,
      0.008984148502349854,
      0.008868258446455002,
      0.00980598758906126,
      0.009483369067311287,
      0.008762333542108536,
      0.009768723510205746,
      0.009373489767313004,
      0.008775370195508003,
      0.00839666835963726,
      0.009239401668310165,
      0.009080957621335983,
      0.008716845884919167,
      0.00995896477252245,
      0.008349011652171612,
      0.008638021536171436,
      0.008851305581629276,
      0.008997518569231033,
      0.008848997764289379,
      0.008585883304476738,
      0.008791913278400898,
      0.008682856336236,
      0.007946126163005829,
      0.009018144570291042,
      0.00849274080246687,
      0.008635371923446655,
      0.00898983795195818,
      0.008236915804445744,
      0.008758108131587505,
      0.007233594544231892,
      0.008031508885324001,
      0.007877329364418983,
      0.00798869039863348,
      0.008111859671771526,
      0.008245698176324368,
      0.009183023124933243,
      0.007824654690921307,
      0.007878917269408703,
      0.008528821170330048,
      0.008157849311828613,
      0.00740487314760685,
      0.007581979036331177,
      0.008142963983118534,
      0.008309667930006981,
      0.007743936497718096,
      0.006453161593526602,
      0.008020947687327862,
      0.007076370529830456,
      0.007284477818757296,
      0.007083512842655182,
      0.007237678859382868,
      0.008450543507933617,
      0.007954247295856476,
      0.0077653806656599045,
      0.007440702524036169,
      0.007766531314700842,
      0.007528184447437525,
      0.008174629881978035,
      0.007176815066486597,
      0.007169074844568968,
      0.007366308011114597,
      0.007157256826758385,
      0.00740929925814271,
      0.0071394192054867744,
      0.007487501483410597,
      0.007206615060567856,
      0.00695399846881628,
      0.007165569346398115,
      0.006872004829347134,
      0.008218454197049141,
      0.006617479957640171,
      0.007085439749062061,
      0.0069530317559838295,
      0.007308437023311853,
      0.008218744769692421,
      0.00734227430075407,
      0.006327081937342882,
      0.007563062012195587,
      0.006668284069746733,
      0.0072476789355278015,
      0.006396758370101452,
      0.007137073203921318,
      0.006827730219811201,
      0.007376998197287321,
      0.006804260425269604,
      0.006587354466319084,
      0.0069208997301757336,
      0.007790044881403446,
      0.006652348209172487,
      0.006164413411170244,
      0.005913375876843929,
      0.006875369697809219,
      0.006781433243304491,
      0.007060459814965725,
      0.007505089044570923,
      0.006654009222984314,
      0.006904948502779007,
      0.006249838043004274,
      0.006478256545960903,
      0.006813297513872385,
      0.007256635464727879,
      0.005708536133170128,
      0.006641324609518051,
      0.0059859068132936954,
      0.006480714771896601,
      0.006251733284443617,
      0.006820732727646828,
      0.006460207514464855,
      0.0070480238646268845,
      0.006153593771159649,
      0.005987648386508226,
      0.006865627598017454,
      0.006212897598743439,
      0.006295766681432724,
      0.00608146283775568,
      0.005888459738343954,
      0.0068536438047885895,
      0.005714433267712593,
      0.006401526741683483,
      0.0062881819903850555,
      0.00706764729693532,
      0.006229560822248459,
      0.006589348427951336,
      0.006686112843453884,
      0.006495884619653225,
      0.005730964243412018,
      0.006396012846380472,
      0.005395279265940189,
      0.007010642904788256,
      0.006199608091264963,
      0.006066089496016502,
      0.0064018419943749905,
      0.005331418942660093,
      0.007161978166550398,
      0.006137128919363022,
      0.005776424892246723,
      0.006474346853792667,
      0.005947163328528404,
      0.005618962924927473,
      0.005648687947541475,
      0.006125716492533684,
      0.00606621103361249,
      0.006069366820156574,
      0.005870000459253788,
      0.005771977826952934,
      0.005983393173664808,
      0.0055696312338113785,
      0.006052893120795488,
      0.004962061531841755,
      0.0048611704260110855,
      0.005828132852911949,
      0.006051471922546625,
      0.006028728559613228,
      0.005476995371282101,
      0.005424803122878075,
      0.006030164193361998,
      0.005594060756266117,
      0.006064815912395716,
      0.006369034294039011,
      0.005640893708914518,
      0.006032958626747131,
      0.005098958499729633,
      0.005113397259265184,
      0.005785543005913496,
      0.005605754442512989,
      0.005127724260091782,
