{
   "number_epochs": 300,
   "info_used": "use imputation",
   "perc_full_data": 0.1,
   "n_epochs_no_selection": 0,
   "Frequency % cutoff": 0.3,
   "hidden_size": 32,
   "random_state": 12,
   "train_errors": [
      0.048789363354444504,
      0.043197255581617355,
      0.040877360850572586,
      0.04008794203400612,
      0.039713144302368164,
      0.038946256041526794,
      0.03802516683936119,
      0.03696640580892563,
      0.03687862306833267,
      0.03664292395114899,
      0.034747906029224396,
      0.03419347107410431,
      0.03331035003066063,
      0.03197994455695152,
      0.031079541891813278,
      0.029594916850328445,
      0.02899221144616604,
      0.02751411497592926,
      0.026691773906350136,
      0.025388335809111595,
      0.023838240653276443,
      0.023473944514989853,
      0.02184913121163845,
      0.020344717428088188,
      0.0205252543091774,
      0.019631225615739822,
      0.017760561779141426,
      0.018313132226467133,
      0.017024265602231026,
      0.01592347025871277,
      0.016427185386419296,
      0.015411091037094593,
      0.014268150553107262,
      0.015194244682788849,
      0.014305468648672104,
      0.013129325583577156,
      0.013718649744987488,
      0.013422739692032337,
      0.012593277730047703,
      0.011864672414958477,
      0.01216338761150837,
      0.011485721915960312,
      0.012185074388980865,
      0.011878715828061104,
      0.010931616649031639,
      0.011779719963669777,
      0.010962201282382011,
      0.010740729980170727,
      0.010309586301445961,
      0.011013812385499477,
      0.010079818777740002,
      0.010277414694428444,
      0.010321853682398796,
      0.009952438995242119,
      0.010435516014695168,
      0.00971961673349142,
      0.009166020900011063,
      0.00884267222136259,
      0.009036120027303696,
      0.008970025926828384,
      0.009044261649250984,
      0.00967972818762064,
      0.008824964985251427,
      0.008965804241597652,
      0.008758019655942917,
      0.008838414214551449,
      0.008901897817850113,
      0.008476841263473034,
      0.008284096606075764,
      0.008022629655897617,
      0.008519412018358707,
      0.008347075432538986,
      0.007472350727766752,
      0.00787908211350441,
      0.007796023972332478,
      0.008173537440598011,
      0.008881762623786926,
      0.007912131026387215,
      0.007909268140792847,
      0.008007287047803402,
      0.007545670960098505,
      0.0071057905443012714,
      0.007829876616597176,
      0.007831618189811707,
      0.007264167070388794,
      0.007100431248545647,
      0.006696346681565046,
      0.008148007094860077,
      0.0071686250157654285,
      0.007085373625159264,
      0.006830371916294098,
      0.007717373315244913,
      0.00650182506069541,
      0.007794194854795933,
      0.007737022824585438,
      0.007271347101777792,
      0.00705493800342083,
      0.007014572620391846,
      0.006773322820663452,
      0.006766650825738907,
      0.007457931060343981,
      0.006950481794774532,
      0.006732955574989319,
      0.006749069318175316,
      0.007402234710752964,
      0.006595501210540533,
      0.006211752537637949,
      0.007038784213364124,
      0.006524459458887577,
      0.0065819984301924706,
      0.006813698448240757,
      0.006257066503167152,
      0.006462469696998596,
      0.00730164535343647,
      0.005770295392721891,
      0.006663106381893158,
      0.0060634189285337925,
      0.0059613571502268314,
      0.006321452558040619,
      0.006801494397222996,
      0.00660326424986124,
      0.005636218935251236,
      0.0062844278290867805,
      0.0056249769404530525,
      0.006106668617576361,
      0.0058508142828941345,
      0.00545349670574069,
      0.006190720945596695,
      0.005519113037735224,
      0.00663190521299839,
      0.006130085326731205,
      0.006036871578544378,
      0.005348955746740103,
      0.0056739444844424725,
      0.006459421012550592,
      0.005346785299479961,
      0.005381850525736809,
      0.005942590069025755,
      0.006578320171684027,
      0.005536270793527365,
      0.005794487427920103,
      0.005681169684976339,
      0.0055686188861727715,
      0.005315364804118872,
      0.0053270976059138775,
      0.004663240630179644,
      0.00586366793140769,
      0.005398702807724476,
      0.0052858805283904076,
      0.005363918840885162,
      0.005813352297991514,
      0.004437930416315794,
      0.005503611173480749,
      0.005095519591122866,
      0.00583225954324007,
      0.005214962642639875,
      0.005366209428757429,
      0.0057026236318051815,
      0.005418836139142513,
      0.005072707775980234,
      0.005437260959297419,
      0.007090647239238024,
      0.0053816973231732845,
      0.00503333518281579,
      0.005157536827027798,
      0.005042804405093193,
      0.004655187949538231,
      0.005144058261066675,
      0.0050844657234847546,
      0.005883865058422089,
      0.005245252046734095,
      0.004927839618176222,
      0.005655549932271242,
      0.004646111745387316,
      0.005510647315531969,
      0.005541020072996616,
      0.00535955373197794,
      0.005315766669809818,
      0.004743268713355064,
      0.004950178787112236,
      0.004945413209497929,
      0.004902423359453678,
      0.004557037726044655,
      0.005291349720209837,
      0.00492181908339262,
      0.004685535561293364,
      0.004771051928400993,
      0.005475470796227455,
      0.004697947762906551,
      0.0047495318576693535,
      0.004636311903595924,
      0.004482562653720379,
      0.004898784216493368,
      0.005053278524428606,
      0.004988319240510464,
      0.0048717474564909935,
      0.00496293231844902,
      0.00526153901591897,
      0.004619423300027847,
      0.005574604030698538,
      0.004523008596152067,
      0.004655861295759678,
      0.0042925039306283,
      0.005599867552518845,
      0.004598964471369982,
      0.00430199783295393,
      0.004841011483222246,
      0.004629137925803661,
      0.004766301717609167,
      0.004606776870787144,
      0.004290916491299868,
      0.004345887806266546,
      0.004625688306987286,
      0.00495516462251544,
      0.005463527049869299,
      0.00473936228081584,
      0.005019485950469971,
      0.004839027766138315,
      0.004345687571913004,
      0.005515888333320618,
      0.00419952068477869,
      0.004584401845932007,
      0.004858255386352539,
      0.004716278985142708,
      0.003962275106459856,
      0.004710560664534569,
      0.004757727030664682,
      0.0044156149961054325,
      0.004102632869035006,
      0.004679175093770027,
      0.00420378427952528,
      0.004138793330639601,
      0.005058743990957737,
      0.005200395360589027,
      0.004258017987012863,
      0.004419603385031223,
      0.005011250730603933,
      0.00412195036187768,
      0.005662541836500168,
      0.004490948747843504,
      0.0047270809300243855,
      0.004537757020443678,
      0.004519081674516201,
      0.004053328651934862,
      0.004590126220136881,
      0.004008895717561245,
      0.005593065172433853,
      0.004071934148669243,
      0.004714232869446278,
      0.004488677252084017,
      0.004140060860663652,
      0.004297247622162104,
      0.00421525351703167,
      0.0048421835526824,
      0.004014495760202408,
      0.004373586270958185,
      0.003964345436543226,
      0.005654613021761179,
      0.004382295534014702,
      0.004321673884987831,
      0.004577010869979858,
      0.003648091573268175,
      0.004028172232210636,
      0.004576798062771559,
      0.004947267938405275,
      0.003807874396443367,
      0.004383684601634741,
      0.004698865581303835,
      0.0036455648951232433,
      0.003993529826402664,
      0.003904199693351984,
      0.0039227986708283424,
      0.0038705533370375633,
      0.003910752013325691,
      0.004082182422280312,
      0.0038913595490157604,
      0.004344195127487183,
      0.0051112305372953415,
