{
   "number_epochs": 40,
   "info_used": "use hypothesis",
   "perc_full_data": 0.8,
   "n_epochs_no_selection": 0,
   "Frequency % cutoff": 0.25,
   "hidden_size": 32,
   "random_state": 42,
   "train_errors": [
      0.8068212270736694,
      0.7959240078926086,
      0.7833625674247742,
      0.770304262638092,
      0.7534604668617249,
      0.7381806969642639,
      0.7226536870002747,
      0.7102739214897156,
      0.7020835876464844,
      0.6984512209892273,
      0.6952807307243347,
      0.6941183805465698,
      0.6940417885780334,
      0.6937626004219055,
      0.6937859058380127,
      0.693141520023346,
      0.6938714385032654,
      0.6935037970542908,
      0.6937288641929626,
      0.693720817565918,
      0.6937026381492615,
      0.6938285827636719,
      0.6934109330177307,
      0.6937934160232544,
      0.6936288475990295,
      0.6937114000320435,
      0.6941488981246948,
      0.6948562264442444,
      0.6937223672866821,
      0.6950861811637878,
      0.6975847482681274,
      0.697782576084137,
      0.7104243636131287,
      0.7303834557533264,
      0.7405657172203064,
      0.7401754260063171,
      0.7443548440933228,
      0.7460876107215881,
      0.7510082721710205,
      0.7505825161933899
   ],
   "valid_errors": [
      0.6940684914588928,
      0.7481424808502197,
      1.5075769424438477,
      2.136369466781616,
      2.3188164234161377,
      2.3457558155059814,
      2.1719937324523926,
      1.486400842666626,
      1.2318247556686401
   ],
   "val_epochs": [
      0,
      5,
      10,
      15,
      20,
      25,
      30,
      35,
      39
   ],
   "input_data_path": "../data/donated_blood/donated_blood_subsampled_balance.csv",
   "gradwcontext": true,
   "Encompassing Param": 0.1,
   "Normalize Grads & Contx": false,
   "cluster_all_classes": false,
   "imputation method": "",
   "model_dropout": 0.05
}