{
   "number_epochs": 400,
   "info_used": "use imputation",
   "perc_full_data": 0.04,
   "n_epochs_no_selection": 0,
   "Frequency % cutoff": 0.33,
   "hidden_size": 32,
   "random_state": 13,
   "train_errors": [
      0.1096133217215538,
      0.051063280552625656,
      0.03715142607688904,
      0.050183285027742386,
      0.05186250060796738,
      0.044192519038915634,
      0.0351392924785614,
      0.0330912247300148,
      0.03365468606352806,
      0.034614142030477524,
      0.035034649074077606,
      0.03404588997364044,
      0.032442815601825714,
      0.030471816658973694,
      0.03029705584049225,
      0.03000744804739952,
      0.03044242598116398,
      0.02974746748805046,
      0.02877792716026306,
      0.02811270020902157,
      0.025922449305653572,
      0.026129435747861862,
      0.026281191036105156,
      0.025038473308086395,
      0.02480701170861721,
      0.02458372339606285,
      0.02452598698437214,
      0.023332534357905388,
      0.0241656806319952,
      0.022634491324424744,
      0.022776084020733833,
      0.02242819219827652,
      0.023094138130545616,
      0.021549928933382034,
      0.021853381767868996,
      0.02083556540310383,
      0.021053539589047432,
      0.020696818828582764,
      0.02086479589343071,
      0.020184610038995743,
      0.019426917657256126,
      0.01939232274889946,
      0.019443677738308907,
      0.018274597823619843,
      0.018618127331137657,
      0.018498774617910385,
      0.018516721203923225,
      0.017630960792303085,
      0.01729605905711651,
      0.017008278518915176,
      0.016785811632871628,
      0.016265222802758217,
      0.016529029235243797,
      0.0157090425491333,
      0.015602581202983856,
      0.015959864482283592,
      0.016288669779896736,
      0.015556111931800842,
      0.014699302613735199,
      0.014876062981784344,
      0.0142421405762434,
      0.014208445325493813,
      0.014749937690794468,
      0.015091164968907833,
      0.014681288972496986,
      0.014085876755416393,
      0.014252097345888615,
      0.014539886265993118,
      0.0137562844902277,
      0.014234679751098156,
      0.013866507448256016,
      0.013725439086556435,
      0.01327268872410059,
      0.012822131626307964,
      0.013184302486479282,
      0.013670729473233223,
      0.013140404596924782,
      0.012686624191701412,
      0.013288451358675957,
      0.012882850132882595,
      0.01294926181435585,
      0.012408333830535412,
      0.01279810257256031,
      0.013156610541045666,
      0.01258901972323656,
      0.012803135439753532,
      0.012916390784084797,
      0.012515793554484844,
      0.012499839998781681,
      0.01250264048576355,
      0.012194209732115269,
      0.012288032099604607,
      0.012850643135607243,
      0.011629029177129269,
      0.012201182544231415,
      0.012389074079692364,
      0.012324255891144276,
      0.01161927916109562,
      0.012289955280721188,
      0.011664378456771374,
      0.01225927285850048,
      0.011931661516427994,
      0.011290437541902065,
      0.012127718888223171,
      0.011593978852033615,
      0.011513661593198776,
      0.011374948546290398,
      0.012072555720806122,
      0.01127392053604126,
      0.011425111442804337,
      0.011614400893449783,
      0.011083208955824375,
      0.012226354330778122,
      0.011984097771346569,
      0.011948870494961739,
      0.01134189497679472,
      0.010453653521835804,
      0.010441428050398827,
      0.010465565137565136,
      0.010444591753184795,
      0.01091658603399992,
      0.010579935275018215,
      0.010912608355283737,
      0.010908431373536587,
      0.01017798949033022,
      0.010437007062137127,
      0.010091402567923069,
      0.010071932338178158,
      0.010503705590963364,
      0.010682874359190464,
      0.009591623209416866,
      0.010362380184233189,
      0.01004731748253107,
      0.010301860980689526,
      0.010475694201886654,
      0.010423936881124973,
      0.010429038666188717,
      0.009339075535535812,
      0.010253945365548134,
      0.01047886535525322,
      0.009558235295116901,
      0.009946871548891068,
      0.010380690917372704,
      0.009760809130966663,
      0.009896892122924328,
      0.009500725194811821,
      0.010027854703366756,
      0.00996148120611906,
      0.010226023383438587,
      0.009494399651885033,
      0.00976859126240015,
      0.009680992923676968,
      0.010462668724358082,
      0.010171080008149147,
      0.009648436680436134,
      0.009589683264493942,
      0.009691428393125534,
      0.009797950275242329,
      0.009765387512743473,
      0.009836353361606598,
      0.009522826410830021,
      0.0096126152202487,
      0.010074641555547714,
      0.009353822097182274,
      0.009266805835068226,
      0.01011495292186737,
      0.009598460048437119,
      0.009759148582816124,
      0.00927529763430357,
      0.00977808516472578,
      0.009581563994288445,
      0.00933753326535225,
      0.009329965338110924,
      0.008947499096393585,
      0.00929463654756546,
      0.009193641133606434,
      0.009300860576331615,
      0.009148379787802696,
      0.009870904497802258,
      0.009687853045761585,
      0.009555819444358349,
      0.009786674752831459,
      0.009209860116243362,
      0.008985687047243118,
      0.009140614420175552,
      0.00941685400903225,
      0.009528246708214283,
      0.009355527348816395,
      0.00931625347584486,
      0.009652331471443176,
      0.009467915631830692,
      0.009125483222305775,
      0.008776458911597729,
      0.009434203617274761,
      0.009087576530873775,
      0.008924919180572033,
      0.009309118613600731,
      0.009356641210615635,
      0.009492162615060806,
      0.008594154380261898,
      0.008804705925285816,
      0.00926718208938837,
      0.008769061416387558,
      0.008837251923978329,
      0.009370774962008,
      0.009496703743934631,
      0.009268060326576233,
      0.008800381794571877,
      0.008976639248430729,
      0.008620797656476498,
      0.008994576521217823,
      0.008767439052462578,
      0.00932406261563301,
      0.009799745865166187,
      0.008819470182061195,
      0.008930860087275505,
      0.009126649238169193,
      0.008827108889818192,
      0.008741605095565319,
      0.008606381714344025,
      0.009369676001369953,
      0.009971055202186108,
      0.009071128442883492,
      0.008898400701582432,
      0.009091363288462162,
      0.009422284550964832,
      0.008788583800196648,
      0.009481823071837425,
      0.008822087198495865,
      0.009239471517503262,
      0.00855298526585102,
      0.009585806168615818,
      0.008557423949241638,
      0.008787032216787338,
      0.008508811704814434,
      0.008770247921347618,
      0.00861969031393528,
      0.008991911076009274,
      0.008872800506651402,
      0.008988874964416027,
      0.009138507768511772,
      0.008845717646181583,
      0.008612980134785175,
      0.00915324967354536,
      0.008458130061626434,
      0.008626606315374374,
      0.008913514204323292,
      0.00866904016584158,
      0.008533187210559845,
      0.00827459804713726,
      0.009044472128152847,
      0.008993429131805897,
      0.008457008749246597,
      0.008115055039525032,
      0.008826437406241894,
      0.008450856432318687,
      0.008419536985456944,
      0.008045626804232597,
      0.008949406445026398,
      0.008725220337510109,
      0.009159295819699764,
      0.008413770236074924,
      0.008737861178815365,
      0.008540133014321327,
      0.008388902992010117,
      0.008454928174614906,
      0.008580571971833706,
      0.008373167365789413,
      0.009053393267095089,
      0.00829461682587862,
      0.008383787237107754,
      0.008642409928143024,
      0.00855623185634613,
      0.008506097830832005,
      0.008047405630350113,
      0.008388697169721127,
      0.0083945756778121,
      0.008348544128239155,
      0.008046925067901611,
      0.00795285776257515,
