{
   "number_epochs": 400,
   "info_used": "use imputation",
   "perc_full_data": 0.04,
   "n_epochs_no_selection": 0,
   "Frequency % cutoff": 0.33,
   "hidden_size": 32,
   "random_state": 12,
   "train_errors": [
      0.24413275718688965,
      0.16590042412281036,
      0.10417984426021576,
      0.060803916305303574,
      0.03887263685464859,
      0.036523256450891495,
      0.046613629907369614,
      0.0517955906689167,
      0.04600217565894127,
      0.03952706977725029,
      0.033807311207056046,
      0.03223169222474098,
      0.03299379721283913,
      0.03343407064676285,
      0.033935606479644775,
      0.032781604677438736,
      0.03126981481909752,
      0.03084876760840416,
      0.02920064888894558,
      0.02849462628364563,
      0.028679104521870613,
      0.02835376188158989,
      0.02764483541250229,
      0.026410935446619987,
      0.025938037782907486,
      0.025286393240094185,
      0.02526090107858181,
      0.025001198053359985,
      0.022883065044879913,
      0.02325652912259102,
      0.022943759337067604,
      0.0223283339291811,
      0.02224591188132763,
      0.021241867914795876,
      0.020623337477445602,
      0.019819829612970352,
      0.02027474343776703,
      0.018940137699246407,
      0.019010035321116447,
      0.018626872450113297,
      0.018146874383091927,
      0.018039733171463013,
      0.017517369240522385,
      0.017014972865581512,
      0.01619366556406021,
      0.01678619347512722,
      0.015509299002587795,
      0.015384851023554802,
      0.0154862180352211,
      0.01575998216867447,
      0.01532644685357809,
      0.015289529226720333,
      0.015160491690039635,
      0.014252467080950737,
      0.015273310244083405,
      0.014600389637053013,
      0.014853746630251408,
      0.014444231055676937,
      0.014818255789577961,
      0.014699374325573444,
      0.014529850333929062,
      0.013950607739388943,
      0.014656426385045052,
      0.014396748505532742,
      0.013771706260740757,
      0.013882488943636417,
      0.013833663426339626,
      0.013683249242603779,
      0.013859874568879604,
      0.01302193384617567,
      0.013816541992127895,
      0.0137390261515975,
      0.014296851120889187,
      0.014224406331777573,
      0.013323791325092316,
      0.013825460337102413,
      0.014120620675384998,
      0.013221072033047676,
      0.013297328725457191,
      0.013360023498535156,
      0.012820188887417316,
      0.013101797550916672,
      0.013436192646622658,
      0.012617693282663822,
      0.01293342188000679,
      0.013530268333852291,
      0.01335697341710329,
      0.012709214352071285,
      0.013160868547856808,
      0.01311835739761591,
      0.013208256103098392,
      0.012852348387241364,
      0.013419770635664463,
      0.013311432674527168,
      0.01293233223259449,
      0.012552046217024326,
      0.013106118887662888,
      0.013189793564379215,
      0.012566076591610909,
      0.01293142233043909,
      0.012725738808512688,
      0.012767698615789413,
      0.013159344904124737,
      0.012454605661332607,
      0.012304676696658134,
      0.012072689831256866,
      0.012314111925661564,
      0.012520374730229378,
      0.012808405794203281,
      0.013389295898377895,
      0.0127559257671237,
      0.012693922966718674,
      0.012549120932817459,
      0.012173444032669067,
      0.01181839220225811,
      0.012616356834769249,
      0.011530783958733082,
      0.011985703371465206,
      0.012743894942104816,
      0.011377810500562191,
      0.012598562054336071,
      0.011849179863929749,
      0.012042270973324776,
      0.01210134569555521,
      0.011976219713687897,
      0.011552813462913036,
      0.011747106909751892,
      0.011495205573737621,
      0.011819534003734589,
      0.0121226254850626,
      0.011191306635737419,
      0.012026878073811531,
      0.011620037257671356,
      0.01140356995165348,
      0.011795341968536377,
      0.011550904251635075,
      0.011669676750898361,
      0.011507922783493996,
      0.011344259604811668,
      0.011791829951107502,
      0.011739871464669704,
      0.011451038531959057,
      0.012075250037014484,
      0.010875975713133812,
      0.011356364004313946,
      0.011081680655479431,
      0.010928423143923283,
      0.011977269314229488,
      0.011656091548502445,
      0.011373631656169891,
      0.01082647405564785,
      0.010976340621709824,
      0.011700253002345562,
      0.010866543278098106,
      0.01121339201927185,
      0.010879247449338436,
      0.01100179459899664,
      0.011257575824856758,
      0.011558188125491142,
      0.01103170681744814,
      0.011060363613069057,
      0.010851503349840641,
      0.011114317923784256,
      0.010766963474452496,
      0.010987251996994019,
      0.011716373264789581,
      0.009953780099749565,
      0.010665525682270527,
      0.011515057645738125,
      0.011127226985991001,
      0.010910268872976303,
      0.011046333238482475,
      0.011021291837096214,
      0.011098568327724934,
      0.010855033062398434,
      0.011179020628333092,
      0.010835121385753155,
      0.010653323493897915,
      0.010528250597417355,
      0.011201384477317333,
      0.011004028841853142,
      0.010656854137778282,
      0.009968092665076256,
      0.009954751469194889,
      0.010637172497808933,
      0.01085292361676693,
      0.010945810936391354,
      0.01015373133122921,
      0.010004713200032711,
      0.010098379105329514,
      0.011178351938724518,
      0.009967579506337643,
      0.010036828927695751,
      0.010611375793814659,
      0.010247697122395039,
      0.01015943568199873,
      0.010424874722957611,
      0.009855949319899082,
      0.010633410885930061,
      0.010192236863076687,
      0.00982675701379776,
      0.01016503106802702,
      0.009994215331971645,
      0.010095066390931606,
      0.010033786296844482,
      0.010357076302170753,
      0.009905507788062096,
      0.010068252682685852,
      0.009466307237744331,
      0.010041647590696812,
      0.010209561325609684,
      0.010400429368019104,
      0.010104840621352196,
      0.009447325021028519,
      0.009885706007480621,
      0.010225147008895874,
      0.009813969023525715,
      0.010040251538157463,
      0.00908167939633131,
      0.009634608402848244,
      0.009995270520448685,
      0.009910562075674534,
      0.009362082928419113,
      0.010000111535191536,
      0.009590031579136848,
      0.01002043392509222,
      0.0092881228774786,
      0.009397037327289581,
      0.009475682862102985,
      0.009632770903408527,
      0.00924946740269661,
      0.009578327648341656,
      0.009256046265363693,
      0.009248156100511551,
      0.009741761721670628,
      0.008871744386851788,
      0.00951762218028307,
      0.009698525071144104,
      0.009154011495411396,
      0.009252109564840794,
      0.008965613320469856,
      0.010438518598675728,
      0.008941255509853363,
      0.008873134851455688,
      0.009279582649469376,
      0.009568024426698685,
      0.008857744745910168,
      0.008792066015303135,
      0.009559511207044125,
      0.009101093746721745,
      0.008927660994231701,
      0.009620564989745617,
      0.00866176001727581,
      0.008333384059369564,
      0.009235343895852566,
      0.009279738180339336,
      0.009091953746974468,
      0.00848131813108921,
      0.008859826251864433,
      0.00934205949306488,
      0.008680121041834354,
      0.008945658802986145,
      0.008575191721320152,
      0.009525876492261887,
      0.008360860869288445,
      0.008494285866618156,
      0.008829043246805668,
      0.008581914007663727,
      0.008386077359318733,
      0.008536407724022865,
      0.008541190065443516,
      0.008433069102466106,
      0.008949236012995243,
      0.009185463190078735,
      0.008357120677828789,
      0.008588889613747597,
      0.009010794572532177,
      0.008321254514157772,
      0.008006821386516094,
      0.007713013794273138,
