{
   "number_epochs": 400,
   "info_used": "use imputation",
   "perc_full_data": 0.04,
   "n_epochs_no_selection": 0,
   "Frequency % cutoff": 0.33,
   "hidden_size": 32,
   "random_state": 2,
   "train_errors": [
      0.2184261530637741,
      0.17555640637874603,
      0.13562625646591187,
      0.09920715540647507,
      0.06710420548915863,
      0.044931020587682724,
      0.034666288644075394,
      0.04066755250096321,
      0.0474875383079052,
      0.047143418341875076,
      0.041906747967004776,
      0.03472158685326576,
      0.03325900062918663,
      0.0325259268283844,
      0.034032706171274185,
      0.03470658138394356,
      0.0345906987786293,
      0.033319782465696335,
      0.031968310475349426,
      0.03116450086236,
      0.02997080236673355,
      0.029683545231819153,
      0.029276646673679352,
      0.029509693384170532,
      0.029439665377140045,
      0.028326956555247307,
      0.028421597555279732,
      0.02776952087879181,
      0.02796747162938118,
      0.027399862185120583,
      0.026857707649469376,
      0.026385555043816566,
      0.025854036211967468,
      0.025681382045149803,
      0.025723589584231377,
      0.02488173358142376,
      0.025025658309459686,
      0.024971362203359604,
      0.024561164900660515,
      0.02435574308037758,
      0.024158770218491554,
      0.023829882964491844,
      0.023507285863161087,
      0.02334575541317463,
      0.023030729964375496,
      0.023100990802049637,
      0.02279018424451351,
      0.021779540926218033,
      0.02165560983121395,
      0.022498728707432747,
      0.02244626171886921,
      0.021395787596702576,
      0.021125800907611847,
      0.021527089178562164,
      0.021076543256640434,
      0.0200984887778759,
      0.02040254697203636,
      0.02064141072332859,
      0.01994558796286583,
      0.020198097452521324,
      0.020426085218787193,
      0.01960074156522751,
      0.019556766375899315,
      0.02010335959494114,
      0.019385328516364098,
      0.019484413787722588,
      0.019648360088467598,
      0.019502805545926094,
      0.019063426181674004,
      0.019142817705869675,
      0.01905367709696293,
      0.019103743135929108,
      0.01904461532831192,
      0.01818259246647358,
      0.01846301183104515,
      0.01801891438663006,
      0.01913287676870823,
      0.018508942797780037,
      0.01845262572169304,
      0.017679622396826744,
      0.018871627748012543,
      0.018155865371227264,
      0.018152067437767982,
      0.01835826225578785,
      0.018000047653913498,
      0.017992917448282242,
      0.017743786796927452,
      0.018037553876638412,
      0.017126839607954025,
      0.017824728041887283,
      0.017644831910729408,
      0.017054906114935875,
      0.016906900331377983,
      0.01704312674701214,
      0.016839977353811264,
      0.016816621646285057,
      0.017024081200361252,
      0.016906265169382095,
      0.01732764020562172,
      0.016133351251482964,
      0.01712139882147312,
      0.01747691072523594,
      0.016508257016539574,
      0.015944743528962135,
      0.016887018457055092,
      0.01639498956501484,
      0.016098257154226303,
      0.015957970172166824,
      0.015509910881519318,
      0.01665540598332882,
      0.015991855412721634,
      0.015870388597249985,
      0.015228481963276863,
      0.015334760770201683,
      0.015795698389410973,
      0.015426781959831715,
      0.01618431694805622,
      0.016413427889347076,
      0.015661977231502533,
      0.015609276480972767,
      0.01663137786090374,
      0.01615108549594879,
      0.015149431303143501,
      0.015361912548542023,
      0.015240801498293877,
      0.01561990287154913,
      0.014867234975099564,
      0.014758007600903511,
      0.015256278216838837,
      0.015727819874882698,
      0.015427765436470509,
      0.01491771824657917,
      0.014984600245952606,
      0.015685034915804863,
      0.015355512499809265,
      0.014830236323177814,
      0.014362755231559277,
      0.014579281210899353,
      0.015422803349792957,
      0.014918802306056023,
      0.015083113685250282,
      0.01448046788573265,
      0.014455626718699932,
      0.01454489678144455,
      0.014771346934139729,
      0.015226930379867554,
      0.01462949626147747,
      0.013803048059344292,
      0.01518257800489664,
      0.01380128413438797,
      0.01422786433249712,
      0.014619006775319576,
      0.014105823822319508,
      0.014328495599329472,
      0.014381267130374908,
      0.01443693321198225,
      0.01394578069448471,
      0.013639762066304684,
      0.013618002645671368,
      0.013841788284480572,
      0.013677878305315971,
      0.013456402346491814,
      0.013688876293599606,
      0.014602728188037872,
      0.013380037620663643,
      0.014035877771675587,
      0.013687854632735252,
      0.013889563269913197,
      0.013206026516854763,
      0.013860279694199562,
      0.013376838527619839,
      0.013513689860701561,
      0.013911625370383263,
      0.013210729695856571,
      0.013559501618146896,
      0.013341781683266163,
      0.013335319235920906,
      0.013573357835412025,
      0.013031207956373692,
      0.01283566839993,
      0.013037129305303097,
      0.013044516555964947,
      0.013144660741090775,
      0.014247383922338486,
      0.01286429725587368,
      0.013222701847553253,
      0.01317016500979662,
      0.012963935732841492,
      0.013096127659082413,
      0.012917679734528065,
      0.012924379669129848,
      0.012729011476039886,
      0.012727727182209492,
      0.013368307612836361,
      0.013059662654995918,
      0.012668650597333908,
      0.012919633649289608,
      0.012627117335796356,
      0.012161401100456715,
      0.012799633666872978,
      0.012495741248130798,
      0.012077386491000652,
      0.012443451210856438,
      0.0123045789077878,
      0.012373548001050949,
      0.011805291287600994,
      0.01240005437284708,
      0.012150216847658157,
      0.012498119845986366,
      0.012285323813557625,
      0.012620524503290653,
      0.012344524264335632,
      0.01203010231256485,
      0.011766484938561916,
      0.012069620192050934,
      0.011494258418679237,
      0.011716946959495544,
      0.011745055206120014,
      0.012016392312943935,
      0.011595585383474827,
      0.012118980288505554,
      0.011697170324623585,
      0.012328335084021091,
      0.011861833743751049,
      0.011862952262163162,
      0.01185532659292221,
      0.011800140142440796,
      0.011606805957853794,
      0.01171000674366951,
      0.011778290383517742,
      0.01151680015027523,
      0.011794161051511765,
      0.011639862321317196,
      0.011388836428523064,
      0.01179453544318676,
      0.011306406930088997,
      0.011281724087893963,
      0.011745589785277843,
      0.011154240928590298,
      0.012236828915774822,
      0.011318753473460674,
      0.01105236355215311,
      0.011051570996642113,
      0.011753208935260773,
      0.010993188247084618,
      0.01126265712082386,
      0.010988866910338402,
      0.011307085864245892,
      0.011120118200778961,
      0.01121277455240488,
      0.010793610475957394,
      0.011018743738532066,
      0.011188625358045101,
      0.011214056052267551,
      0.010999529622495174,
      0.010621961206197739,
      0.0105237802490592,
      0.010806046426296234,
      0.010995166376233101,
      0.010999215766787529,
      0.01056049857288599,
      0.010839089751243591,
      0.01073295995593071,
      0.010954031720757484,
      0.010180972516536713,
      0.010540089569985867,
      0.010858476161956787,
      0.010504636913537979,
      0.010585262440145016,
      0.01069335825741291,
      0.010693547315895557,
      0.01068838033825159,
      0.010520501993596554,
      0.010414015501737595,
      0.010459624230861664,
      0.010167516767978668,
      0.010495029389858246,
      0.010133407078683376,
      0.010496127419173717,
      0.01032345648854971,
      0.010286792181432247,
