{
   "number_epochs": 400,
   "info_used": "use imputation",
   "perc_full_data": 0.08,
   "n_epochs_no_selection": 0,
   "Frequency % cutoff": 0.33,
   "hidden_size": 32,
   "random_state": 10,
   "train_errors": [
      0.2947136163711548,
      0.19245825707912445,
      0.11209467053413391,
      0.06057598441839218,
      0.04661846160888672,
      0.06145060434937477,
      0.06945203244686127,
      0.05664411187171936,
      0.04538925364613533,
      0.040935635566711426,
      0.03941696882247925,
      0.04028140753507614,
      0.04213865101337433,
      0.04188111424446106,
      0.040531862527132034,
      0.03797794133424759,
      0.036780353635549545,
      0.0349893793463707,
      0.03384723514318466,
      0.033694975078105927,
      0.033125050365924835,
      0.03288184478878975,
      0.03156305477023125,
      0.031150156632065773,
      0.029925532639026642,
      0.02921523153781891,
      0.028791487216949463,
      0.028745774179697037,
      0.027541082352399826,
      0.02757764793932438,
      0.026197919622063637,
      0.026527175679802895,
      0.025393931195139885,
      0.024660523980855942,
      0.02454354800283909,
      0.024016043171286583,
      0.024069469422101974,
      0.023868342861533165,
      0.02317957580089569,
      0.022300606593489647,
      0.021943779662251472,
      0.021560946479439735,
      0.020688097923994064,
      0.02044309303164482,
      0.020415784791111946,
      0.0203549824655056,
      0.018907159566879272,
      0.019257210195064545,
      0.019536588340997696,
      0.018847661092877388,
      0.018457837402820587,
      0.01809055544435978,
      0.019457506015896797,
      0.018398474901914597,
      0.01864335499703884,
      0.01820489391684532,
      0.01811421848833561,
      0.016598334535956383,
      0.0177103690803051,
      0.01836477592587471,
      0.01781945489346981,
      0.01667865365743637,
      0.018445877358317375,
      0.01752619445323944,
      0.016752062365412712,
      0.016556458547711372,
      0.016995398327708244,
      0.016373734921216965,
      0.016851434484124184,
      0.016305508092045784,
      0.016617299988865852,
      0.01663350686430931,
      0.016027437523007393,
      0.015921376645565033,
      0.015861565247178078,
      0.016453171148896217,
      0.015878040343523026,
      0.015805602073669434,
      0.015357495285570621,
      0.015732046216726303,
      0.01579158939421177,
      0.015771059319376945,
      0.015285903587937355,
      0.015315540134906769,
      0.014728385955095291,
      0.015606134198606014,
      0.014941692352294922,
      0.015338770113885403,
      0.014607863500714302,
      0.014223664999008179,
      0.014357931911945343,
      0.014713898301124573,
      0.014251469634473324,
      0.014184869825839996,
      0.01438223198056221,
      0.014290626160800457,
      0.014164216816425323,
      0.013812469318509102,
      0.01397724635899067,
      0.013730478473007679,
      0.013476954773068428,
      0.013667705468833447,
      0.013643552549183369,
      0.01390331145375967,
      0.013356509618461132,
      0.013650554232299328,
      0.013194535858929157,
      0.013308689929544926,
      0.012857945635914803,
      0.01254961360245943,
      0.013181136921048164,
      0.013108751736581326,
      0.013355452567338943,
      0.012834667228162289,
      0.012474019080400467,
      0.01269532274454832,
      0.013059821911156178,
      0.012657816521823406,
      0.012494553811848164,
      0.01353078056126833,
      0.013275173492729664,
      0.012501134537160397,
      0.013155237771570683,
      0.012326794676482677,
      0.012433956377208233,
      0.013283120468258858,
      0.012377608567476273,
      0.012154003605246544,
      0.012114273384213448,
      0.011551999486982822,
      0.012655350379645824,
      0.012067620642483234,
      0.01193314976990223,
      0.011933674104511738,
      0.012816728092730045,
      0.01162316370755434,
      0.012156876735389233,
      0.012191994115710258,
      0.011913234367966652,
      0.012357175350189209,
      0.01225422415882349,
      0.011487400159239769,
      0.012006251141428947,
      0.012373579666018486,
      0.012351623736321926,
      0.011692758649587631,
      0.012490455992519855,
      0.011595417745411396,
      0.011472065933048725,
      0.011762024834752083,
      0.011629310436546803,
      0.0121860196813941,
      0.012077368795871735,
      0.011357718147337437,
      0.012425355613231659,
      0.011663325130939484,
      0.01210603304207325,
      0.01147262379527092,
      0.01177930273115635,
      0.011802451685070992,
      0.011861089617013931,
      0.011471377685666084,
      0.011542918160557747,
      0.011924504302442074,
      0.011493857018649578,
      0.01150559913367033,
      0.011367196217179298,
      0.011265200562775135,
      0.011861116625368595,
      0.011364497244358063,
      0.011622395366430283,
      0.011530919000506401,
      0.011076036840677261,
      0.01143078226596117,
      0.011649467051029205,
      0.01104810368269682,
      0.01147462148219347,
      0.011356492526829243,
      0.011822381988167763,
      0.011499621905386448,
      0.011424077674746513,
      0.010947353206574917,
      0.011298052966594696,
      0.010488282889127731,
      0.011698340997099876,
      0.011081765405833721,
      0.011397354304790497,
      0.01137546356767416,
      0.011092312633991241,
      0.011237584054470062,
      0.010630698874592781,
      0.010755524970591068,
      0.011058653704822063,
      0.010962248779833317,
      0.010541698895394802,
      0.01054498739540577,
      0.010866517201066017,
      0.011211476288735867,
      0.011738269589841366,
      0.011449528858065605,
      0.011528891511261463,
      0.011390339583158493,
      0.0112847201526165,
      0.011025282554328442,
      0.01104485709220171,
      0.010924485512077808,
      0.011305208317935467,
      0.011004447937011719,
      0.010997098870575428,
      0.011922773905098438,
      0.010401761159300804,
      0.010966894216835499,
      0.010748506523668766,
      0.010756193660199642,
      0.010559790767729282,
      0.011184796690940857,
      0.01095719262957573,
      0.010996936820447445,
      0.01083871629089117,
      0.010999200865626335,
      0.010841039009392262,
      0.010651372373104095,
      0.011170540936291218,
      0.01121984887868166,
      0.010801526717841625,
      0.011344810016453266,
      0.01094920001924038,
      0.011112185195088387,
      0.010362638160586357,
      0.010128971189260483,
      0.01096521969884634,
      0.010638968087732792,
      0.010699574835598469,
      0.010779782198369503,
      0.010994491167366505,
      0.011486993171274662,
      0.011049741879105568,
      0.011803778819739819,
      0.011259682476520538,
      0.010861069895327091,
      0.010820775292813778,
      0.009868268854916096,
      0.010774056427180767,
      0.01009993813931942,
      0.010933740064501762,
      0.010596196167171001,
      0.011260023340582848,
      0.010267611593008041,
      0.010918757878243923,
      0.010721968486905098,
      0.010386736132204533,
      0.01095269899815321,
      0.011154799722135067,
      0.01088636089116335,
      0.011143573559820652,
      0.011758820153772831,
      0.010359016247093678,
      0.010868099518120289,
      0.010301320813596249,
      0.011301782913506031,
      0.010144481435418129,
      0.009981532581150532,
      0.010175415314733982,
      0.01110338419675827,
      0.010707384906709194,
      0.011309581808745861,
      0.010633062571287155,
      0.010532818734645844,
      0.010625535622239113,
      0.010682420805096626,
      0.009768037125468254,
      0.010375723242759705,
      0.010755402036011219,
      0.010749074630439281,
      0.010332310572266579,
      0.011215207166969776,
      0.011088993400335312,
      0.01085743959993124,
      0.01104332972317934,
      0.011098824441432953,
