{
   "number_epochs": 400,
   "info_used": "use imputation",
   "perc_full_data": 0.08,
   "n_epochs_no_selection": 0,
   "Frequency % cutoff": 0.33,
   "hidden_size": 32,
   "random_state": 4,
   "train_errors": [
      0.28388309478759766,
      0.20551978051662445,
      0.13773556053638458,
      0.088102325797081,
      0.06346184015274048,
      0.06409431248903275,
      0.07313692569732666,
      0.07339968532323837,
      0.06351809948682785,
      0.052611302584409714,
      0.04631536453962326,
      0.04532420262694359,
      0.04482005164027214,
      0.04364815726876259,
      0.041744664311409,
      0.03942263126373291,
      0.03812210261821747,
      0.036129046231508255,
      0.0355609655380249,
      0.03480246290564537,
      0.034409016370773315,
      0.03401048108935356,
      0.032782182097435,
      0.031655605882406235,
      0.031232520937919617,
      0.03150996193289757,
      0.030426401644945145,
      0.02967962808907032,
      0.029966499656438828,
      0.02914123795926571,
      0.028886903077363968,
      0.02758699841797352,
      0.02764299511909485,
      0.027741847559809685,
      0.02642972022294998,
      0.025888850912451744,
      0.025784224271774292,
      0.025247281417250633,
      0.025032464414834976,
      0.024679923430085182,
      0.02389211393892765,
      0.022727683186531067,
      0.02289222925901413,
      0.022250967100262642,
      0.021959073841571808,
      0.020439699292182922,
      0.02066388912498951,
      0.018974704667925835,
      0.019001001492142677,
      0.01921936497092247,
      0.019236141815781593,
      0.01828891783952713,
      0.01877559907734394,
      0.01765763759613037,
      0.017633115872740746,
      0.01791446842253208,
      0.01695284992456436,
      0.01700236089527607,
      0.017669353634119034,
      0.017879366874694824,
      0.016608329489827156,
      0.016762448474764824,
      0.016337163746356964,
      0.01649617590010166,
      0.016184793785214424,
      0.016124369576573372,
      0.01605801470577717,
      0.016109365969896317,
      0.015797780826687813,
      0.015590788796544075,
      0.01570049114525318,
      0.0156902726739645,
      0.015409491956233978,
      0.015225416049361229,
      0.0149428341537714,
      0.014651432633399963,
      0.015181436203420162,
      0.014496484771370888,
      0.014970802702009678,
      0.014497908763587475,
      0.013706494122743607,
      0.014031896367669106,
      0.01270105317234993,
      0.013356023468077183,
      0.013489601202309132,
      0.013418527320027351,
      0.013590305112302303,
      0.012859715148806572,
      0.013270151801407337,
      0.013266717083752155,
      0.013412410393357277,
      0.013949397020041943,
      0.013023811392486095,
      0.012747204862535,
      0.01312242727726698,
      0.012519288808107376,
      0.012418529018759727,
      0.012817460112273693,
      0.013003372587263584,
      0.012808432802557945,
      0.013281392864882946,
      0.012300260365009308,
      0.012621594592928886,
      0.012519437819719315,
      0.012014294974505901,
      0.011887048371136189,
      0.012608610093593597,
      0.012632218189537525,
      0.011643728241324425,
      0.012304737232625484,
      0.012081967666745186,
      0.011685186065733433,
      0.01261137891560793,
      0.012174859642982483,
      0.012471199966967106,
      0.011501569300889969,
      0.012271382845938206,
      0.011711704544723034,
      0.012851794250309467,
      0.011938298121094704,
      0.01203321386128664,
      0.012003451585769653,
      0.01187137234956026,
      0.011678113602101803,
      0.01166943646967411,
      0.012456941418349743,
      0.011873382143676281,
      0.011567765846848488,
      0.012853952124714851,
      0.011692257598042488,
      0.012347203679382801,
      0.012559071183204651,
      0.011183276772499084,
      0.012167112901806831,
      0.012307743541896343,
      0.012552893720567226,
      0.011423093266785145,
      0.011963347904384136,
      0.011355782859027386,
      0.01101609319448471,
      0.011662903241813183,
      0.01105194166302681,
      0.01281433179974556,
      0.011676580645143986,
      0.011561514809727669,
      0.012293857522308826,
      0.011976426467299461,
      0.011783110909163952,
      0.01175512745976448,
      0.011420881375670433,
      0.011074448935687542,
      0.011823848821222782,
      0.011597232893109322,
      0.011352647095918655,
      0.011315506882965565,
      0.011035812087357044,
      0.011377697810530663,
      0.011576318182051182,
      0.010896612890064716,
      0.011692100204527378,
      0.012203442864120007,
      0.012115341611206532,
      0.010802904143929482,
      0.011666343547403812,
      0.011646655388176441,
      0.011471503414213657,
      0.011237411759793758,
      0.011394732631742954,
      0.011403610929846764,
      0.011266318149864674,
      0.01205536164343357,
      0.011007403954863548,
      0.010915873572230339,
      0.011526546441018581,
      0.011525659821927547,
      0.011033635586500168,
      0.01163273211568594,
      0.011151837185025215,
      0.010878467932343483,
      0.010908025316894054,
      0.011267803609371185,
      0.011235278099775314,
      0.01102930773049593,
      0.011106320656836033,
      0.011201180517673492,
      0.010793349705636501,
      0.011506070382893085,
      0.011112334206700325,
      0.010908231139183044,
      0.010761438868939877,
      0.010739152319729328,
      0.010923972353339195,
      0.01086367852985859,
      0.011200032196938992,
      0.010727480985224247,
      0.010973329655826092,
      0.010885213501751423,
      0.01046762429177761,
      0.011135741136968136,
      0.01069137454032898,
      0.010323061607778072,
      0.010645662434399128,
      0.01025435421615839,
      0.010652388446033001,
      0.01046255137771368,
      0.010549059137701988,
      0.010160954669117928,
      0.010903152637183666,
      0.010085121728479862,
      0.01049575861543417,
      0.010605532675981522,
      0.01130114309489727,
      0.01074308156967163,
      0.010247898288071156,
      0.010768242180347443,
      0.010209262371063232,
      0.010515070520341396,
      0.009983099065721035,
      0.010649536736309528,
      0.011036457493901253,
      0.010391429997980595,
      0.010759922675788403,
      0.009972160682082176,
      0.010036655701696873,
      0.010868401266634464,
      0.010173315182328224,
      0.011022834107279778,
      0.010239909403026104,
      0.009626704268157482,
      0.010132561437785625,
      0.010492180474102497,
      0.010295259766280651,
      0.01026079524308443,
      0.009780468419194221,
      0.010474538430571556,
      0.010271591134369373,
      0.010233383625745773,
      0.010248334147036076,
      0.010145879350602627,
      0.009963025338947773,
      0.009838992729783058,
      0.009704741649329662,
      0.01023137103766203,
      0.00981372781097889,
      0.010493135079741478,
      0.010351847857236862,
      0.010030663572251797,
      0.009605396538972855,
      0.01029513031244278,
      0.010079446248710155,
      0.009686285629868507,
      0.010303305462002754,
      0.009654023684561253,
      0.010419652797281742,
      0.009657991118729115,
      0.010058648884296417,
      0.01038984302431345,
      0.009642171673476696,
      0.009915422648191452,
      0.00974410492926836,
      0.009725741110742092,
      0.009252510033547878,
      0.009168957360088825,
      0.00944652408361435,
      0.00930312741547823,
      0.009352349676191807,
      0.009479287080466747,
      0.009721866808831692,
      0.009533709846436977,
      0.009606349281966686,
      0.009171023033559322,
      0.009485941380262375,
      0.009732840582728386,
      0.009293820708990097,
      0.009632766246795654,
      0.009780346415936947,
      0.009985276497900486,
      0.0092493686825037,
      0.008642468601465225,
      0.009501510299742222,
      0.008877498097717762,
