{
   "number_epochs": 400,
   "info_used": "use imputation",
   "perc_full_data": 0.04,
   "n_epochs_no_selection": 0,
   "Frequency % cutoff": 0.33,
   "hidden_size": 32,
   "random_state": 8,
   "train_errors": [
      0.312619149684906,
      0.20594970881938934,
      0.13018102943897247,
      0.07650458812713623,
      0.045542873442173004,
      0.04319717735052109,
      0.05663247033953667,
      0.06264778971672058,
      0.055165667086839676,
      0.0450129359960556,
      0.038290835916996,
      0.03498135134577751,
      0.03625619038939476,
      0.037559445947408676,
      0.037161920219659805,
      0.03659834712743759,
      0.0354834645986557,
      0.03433778136968613,
      0.03275873512029648,
      0.03248446434736252,
      0.03137514740228653,
      0.031590785831213,
      0.031922366470098495,
      0.031291209161281586,
      0.030794018879532814,
      0.029643747955560684,
      0.02984398417174816,
      0.02905179001390934,
      0.02883273921906948,
      0.02813056670129299,
      0.027245165780186653,
      0.027367684990167618,
      0.026583053171634674,
      0.026481833308935165,
      0.025866590440273285,
      0.0255401823669672,
      0.025516506284475327,
      0.0245131216943264,
      0.024872874841094017,
      0.024510076269507408,
      0.024183282628655434,
      0.023512402549386024,
      0.022596905007958412,
      0.02238256298005581,
      0.022517511621117592,
      0.022090664133429527,
      0.022545700892806053,
      0.02220058999955654,
      0.02153628319501877,
      0.020887961611151695,
      0.021199574694037437,
      0.0207661222666502,
      0.020636463537812233,
      0.020446255803108215,
      0.020112259313464165,
      0.01978474110364914,
      0.019650008529424667,
      0.019378522410988808,
      0.019668124616146088,
      0.019370105117559433,
      0.019778892397880554,
      0.018853483721613884,
      0.0186533872038126,
      0.018497493118047714,
      0.018452268093824387,
      0.01867951825261116,
      0.01839629001915455,
      0.018225036561489105,
      0.018010498955845833,
      0.018648887053132057,
      0.017759770154953003,
      0.01839594542980194,
      0.018200883641839027,
      0.018617043271660805,
      0.017560169100761414,
      0.01761995442211628,
      0.01773546077311039,
      0.017461180686950684,
      0.017746735364198685,
      0.017335902899503708,
      0.01662243902683258,
      0.017099035903811455,
      0.017231397330760956,
      0.01728486642241478,
      0.0168519988656044,
      0.017129067331552505,
      0.017073001712560654,
      0.016893526539206505,
      0.017317676916718483,
      0.017106570303440094,
      0.01627901941537857,
      0.016332585364580154,
      0.01680704765021801,
      0.01612633652985096,
      0.017015347257256508,
      0.0162807609885931,
      0.016602186486124992,
      0.01603875495493412,
      0.016495661810040474,
      0.015739094465970993,
      0.01581299677491188,
      0.016834981739521027,
      0.016445662826299667,
      0.015918707475066185,
      0.015959741547703743,
      0.015878785401582718,
      0.016673920676112175,
      0.016101201996207237,
      0.01630520075559616,
      0.01593172177672386,
      0.016215674579143524,
      0.01653522439301014,
      0.015672970563173294,
      0.015890996903181076,
      0.016139790415763855,
      0.014969521202147007,
      0.015185872092843056,
      0.01617811620235443,
      0.014959928579628468,
      0.014805087819695473,
      0.014861316420137882,
      0.015531353652477264,
      0.01489059068262577,
      0.014711026102304459,
      0.015316085889935493,
      0.015361194498836994,
      0.014493553899228573,
      0.014991351403295994,
      0.015384784899652004,
      0.01551524642854929,
      0.015046785585582256,
      0.015349547378718853,
      0.01513710618019104,
      0.015863945707678795,
      0.015182392671704292,
      0.014189031906425953,
      0.014579258859157562,
      0.015176387503743172,
      0.014794242568314075,
      0.01425261702388525,
      0.014731471426784992,
      0.013911840505897999,
      0.014849052764475346,
      0.01429890189319849,
      0.014714330434799194,
      0.014468153938651085,
      0.014134181663393974,
      0.014133309945464134,
      0.013797330670058727,
      0.014491773210465908,
      0.014389852993190289,
      0.014580433256924152,
      0.014600297436118126,
      0.014041146263480186,
      0.01462547667324543,
      0.014005436562001705,
      0.014630893245339394,
      0.014609364792704582,
      0.014178158715367317,
      0.013962830416858196,
      0.014515540562570095,
      0.014262257143855095,
      0.013630347326397896,
      0.014170153997838497,
      0.013969164341688156,
      0.014172349125146866,
      0.013859337195754051,
      0.01445501483976841,
      0.013866974040865898,
      0.013663123361766338,
      0.013939617201685905,
      0.014859884046018124,
      0.01393898855894804,
      0.014232252724468708,
      0.013502775691449642,
      0.013585994020104408,
      0.013439823873341084,
      0.013415353372693062,
      0.013308617286384106,
      0.013538163155317307,
      0.013979805633425713,
      0.01318599097430706,
      0.013670079410076141,
      0.014178439974784851,
      0.013757229782640934,
      0.013615849427878857,
      0.013298780657351017,
      0.014323411509394646,
      0.01417646836489439,
      0.013928583823144436,
      0.014053179882466793,
      0.014247417449951172,
      0.014425701461732388,
      0.013672751374542713,
      0.01331558357924223,
      0.013425271958112717,
      0.013899150304496288,
      0.013638037256896496,
      0.013459036126732826,
      0.013208950869739056,
      0.013491948135197163,
      0.013294191099703312,
      0.013306870125234127,
      0.013169989921152592,
      0.013507403433322906,
      0.013232940807938576,
      0.01322675496339798,
      0.013392139226198196,
      0.013131283223628998,
      0.0130316698923707,
      0.013077777810394764,
      0.013512888923287392,
      0.013412036933004856,
      0.013482354581356049,
      0.012881741859018803,
      0.013412307016551495,
      0.01333360280841589,
      0.012855666689574718,
      0.013112177141010761,
      0.012573808431625366,
      0.01315347384661436,
      0.012651694007217884,
      0.012616230174899101,
      0.012901350855827332,
      0.01310326810926199,
      0.012564237229526043,
      0.013301472179591656,
      0.012238931842148304,
      0.013027545996010303,
      0.012540344148874283,
      0.012758728116750717,
      0.012686454690992832,
      0.012506379745900631,
      0.012890229932963848,
      0.012332335114479065,
      0.013442701660096645,
      0.012043407186865807,
      0.012094764970242977,
      0.012800385244190693,
      0.012565860524773598,
      0.012548692524433136,
      0.012202203273773193,
      0.012104433961212635,
      0.012063493020832539,
      0.012462432496249676,
      0.012005914933979511,
      0.012478024698793888,
      0.0120524438098073,
      0.01211792603135109,
      0.012040747329592705,
      0.011854016222059727,
      0.011814739555120468,
      0.011993040330708027,
      0.011725330725312233,
      0.012255367822945118,
      0.012039829976856709,
      0.012001543305814266,
      0.012038211338222027,
      0.011790107004344463,
      0.012218707241117954,
      0.012366553768515587,
      0.011445474810898304,
      0.011669720523059368,
      0.011647097766399384,
      0.012280860915780067,
      0.011146962642669678,
      0.011464666575193405,
      0.010903999209403992,
      0.012070448137819767,
      0.011736598797142506,
      0.011587907560169697,
      0.011384312063455582,
      0.011443223804235458,
      0.011430966667830944,
      0.011766749434173107,
      0.01188892126083374,
      0.01092404406517744,
      0.011354749090969563,
      0.010982019826769829,
      0.011549427174031734,
      0.011504195630550385,
