{
   "number_epochs": 400,
   "info_used": "use imputation",
   "perc_full_data": 0.08,
   "n_epochs_no_selection": 0,
   "Frequency % cutoff": 0.33,
   "hidden_size": 32,
   "random_state": 12,
   "train_errors": [
      0.24368815124034882,
      0.1658054143190384,
      0.10434305667877197,
      0.06101377308368683,
      0.03892682120203972,
      0.03635692596435547,
      0.04634380713105202,
      0.05161796510219574,
      0.04590997099876404,
      0.039430130273103714,
      0.03372487053275108,
      0.03221144899725914,
      0.032986316829919815,
      0.03344269096851349,
      0.03397776931524277,
      0.03284427523612976,
      0.031377457082271576,
      0.030922768637537956,
      0.029253749176859856,
      0.028513088822364807,
      0.028748689219355583,
      0.02846916764974594,
      0.02774813212454319,
      0.026501601561903954,
      0.02604990452528,
      0.02535463497042656,
      0.025349881500005722,
      0.025068312883377075,
      0.023007389158010483,
      0.023409659042954445,
      0.023054370656609535,
      0.022514812648296356,
      0.022439027205109596,
      0.021443631500005722,
      0.020822009071707726,
      0.02003764733672142,
      0.020481465384364128,
      0.019211268052458763,
      0.01932930015027523,
      0.018842723220586777,
      0.018339037895202637,
      0.018373649567365646,
      0.01761075295507908,
      0.017287250608205795,
      0.016488904133439064,
      0.017044879496097565,
      0.015754511579871178,
      0.015463077463209629,
      0.015662962570786476,
      0.015649249777197838,
      0.01529461145401001,
      0.015199417248368263,
      0.014991538599133492,
      0.014259773306548595,
      0.014944493770599365,
      0.014555913396179676,
      0.014575058594346046,
      0.014182579703629017,
      0.014645963907241821,
      0.014181245118379593,
      0.014355752617120743,
      0.013558588922023773,
      0.014183513820171356,
      0.014265060424804688,
      0.01315701100975275,
      0.013511606492102146,
      0.013453527353703976,
      0.013413513079285622,
      0.013495121151208878,
      0.012516692280769348,
      0.013390292413532734,
      0.013302204199135303,
      0.014271612279117107,
      0.013912428170442581,
      0.01294485479593277,
      0.01321614719927311,
      0.013762407936155796,
      0.012716415338218212,
      0.01290801726281643,
      0.01255158893764019,
      0.012255774810910225,
      0.012546846643090248,
      0.012519474141299725,
      0.011972794309258461,
      0.012433511205017567,
      0.013095640577375889,
      0.012840021401643753,
      0.012089239433407784,
      0.012697912752628326,
      0.012344676069915295,
      0.012548046186566353,
      0.01209173258394003,
      0.012569664046168327,
      0.012422394007444382,
      0.01237322948873043,
      0.01177898421883583,
      0.012514565140008926,
      0.012289675883948803,
      0.011460967361927032,
      0.012083114124834538,
      0.01167883351445198,
      0.011965267360210419,
      0.012147740460932255,
      0.011468281969428062,
      0.011458340100944042,
      0.011265699751675129,
      0.011459003202617168,
      0.011535333469510078,
      0.01227117795497179,
      0.012630005367100239,
      0.011656261049211025,
      0.01155189611017704,
      0.01170897576957941,
      0.011370507068932056,
      0.010923265479505062,
      0.01164151169359684,
      0.010989894159138203,
      0.011063684709370136,
      0.011975380592048168,
      0.010367236100137234,
      0.0115132387727499,
      0.010843249969184399,
      0.01095928531140089,
      0.011434327811002731,
      0.011049045249819756,
      0.010912994854152203,
      0.011213895864784718,
      0.010816027410328388,
      0.010986506007611752,
      0.011013578623533249,
      0.010389674454927444,
      0.011657606810331345,
      0.010664854198694229,
      0.01100753154605627,
      0.010894300416111946,
      0.010724376887083054,
      0.010726898908615112,
      0.010517663322389126,
      0.010381167754530907,
      0.011105491779744625,
      0.010855664499104023,
      0.010167989879846573,
      0.011253347620368004,
      0.010448325425386429,
      0.0103584760800004,
      0.01005404070019722,
      0.010205492377281189,
      0.01117792073637247,
      0.01092706061899662,
      0.010808320716023445,
      0.009833787567913532,
      0.010089452378451824,
      0.011174124665558338,
      0.010182628408074379,
      0.010551590472459793,
      0.010015341453254223,
      0.010173396207392216,
      0.010267119854688644,
      0.010648174211382866,
      0.010317893698811531,
      0.010856352746486664,
      0.010133851319551468,
      0.01012445893138647,
      0.009717708453536034,
      0.010603893548250198,
      0.01076322328299284,
      0.009019400924444199,
      0.009490059688687325,
      0.010561388917267323,
      0.010045057162642479,
      0.009795990772545338,
      0.010003255680203438,
      0.009906785562634468,
      0.010597012005746365,
      0.010106085799634457,
      0.010030992329120636,
      0.009713192470371723,
      0.009723616763949394,
      0.010037988424301147,
      0.010685755871236324,
      0.00983317568898201,
      0.009759418666362762,
      0.009066954255104065,
      0.009715085849165916,
      0.009901530109345913,
      0.010087884031236172,
      0.01062958873808384,
      0.009400231763720512,
      0.009202485904097557,
      0.009279510006308556,
      0.010087878443300724,
      0.00957874022424221,
      0.009655540809035301,
      0.00956036988645792,
      0.009623851627111435,
      0.009403875097632408,
      0.010789225809276104,
      0.009058237075805664,
      0.010305235162377357,
      0.009746248833835125,
      0.009365401230752468,
      0.009631343185901642,
      0.009371785447001457,
      0.009463411755859852,
      0.009610879234969616,
      0.010266996920108795,
      0.009538351558148861,
      0.009785198606550694,
      0.008862314745783806,
      0.010305579751729965,
      0.010100210085511208,
      0.01010209508240223,
      0.00958841759711504,
      0.008828418329358101,
      0.009316678158938885,
      0.009783837012946606,
      0.009322675876319408,
      0.00963177066296339,
      0.008889913558959961,
      0.009172506630420685,
      0.009562569670379162,
      0.009245403110980988,
      0.009036052040755749,
      0.009784959256649017,
      0.009339594282209873,
      0.00936361774802208,
      0.009091739542782307,
      0.009711445309221745,
      0.009442072361707687,
      0.008940150029957294,
      0.008894304744899273,
      0.008757353760302067,
      0.008971613831818104,
      0.008947010152041912,
      0.009043438360095024,
      0.00869375467300415,
      0.009440270252525806,
      0.008959786035120487,
      0.009332536719739437,
      0.008776988834142685,
      0.008679259568452835,
      0.009423542767763138,
      0.008589401841163635,
      0.008633974008262157,
      0.008853341452777386,
      0.008655833080410957,
      0.008700002916157246,
      0.0084114084020257,
      0.009374726563692093,
      0.008583257906138897,
      0.008234615437686443,
      0.009120763279497623,
      0.008505278266966343,
      0.008306975476443768,
      0.00882647093385458,
      0.00847481470555067,
      0.00862374808639288,
      0.008343848399817944,
      0.00826434325426817,
      0.008932407014071941,
      0.008783906698226929,
      0.008493579924106598,
      0.008230770006775856,
      0.009267396293580532,
      0.007891697809100151,
      0.00832678098231554,
      0.00864423718303442,
      0.008756130002439022,
      0.008229806087911129,
      0.008470086380839348,
      0.008067269809544086,
      0.008455997332930565,
      0.008438759483397007,
      0.008200385607779026,
      0.007882715202867985,
      0.008076179772615433,
      0.008657800033688545,
      0.008022663183510303,
      0.007821510545909405,
      0.008008966222405434,
