{
   "number_epochs": 400,
   "info_used": "use imputation",
   "perc_full_data": 0.04,
   "n_epochs_no_selection": 0,
   "Frequency % cutoff": 0.33,
   "hidden_size": 32,
   "random_state": 11,
   "train_errors": [
      0.4566008746623993,
      0.3374277949333191,
      0.23388013243675232,
      0.14927293360233307,
      0.08637845516204834,
      0.05031454190611839,
      0.05081263184547424,
      0.0737655982375145,
      0.08397930860519409,
      0.07854249328374863,
      0.06215210258960724,
      0.04681169241666794,
      0.040387142449617386,
      0.040387559682130814,
      0.040997572243213654,
      0.04360366612672806,
      0.04182599484920502,
      0.04090043902397156,
      0.03807602450251579,
      0.03634875267744064,
      0.03558078780770302,
      0.03642627224326134,
      0.03656354919075966,
      0.03666362911462784,
      0.03638900816440582,
      0.03614132106304169,
      0.033464379608631134,
      0.033239394426345825,
      0.0333394780755043,
      0.03167574480175972,
      0.03212882950901985,
      0.031921565532684326,
      0.031211601570248604,
      0.03099045343697071,
      0.03168584033846855,
      0.02989738993346691,
      0.028580447658896446,
      0.029774310067296028,
      0.029410483315587044,
      0.028243279084563255,
      0.02801833488047123,
      0.026904888451099396,
      0.028241338208317757,
      0.027665600180625916,
      0.026920707896351814,
      0.02639661729335785,
      0.02596122771501541,
      0.025061357766389847,
      0.026225708425045013,
      0.02461210824549198,
      0.02497580088675022,
      0.023686962202191353,
      0.02357347682118416,
      0.023224828764796257,
      0.022925501689314842,
      0.02331012673676014,
      0.02305801399052143,
      0.021460317075252533,
      0.022205382585525513,
      0.020893171429634094,
      0.021232914179563522,
      0.020602837204933167,
      0.019199319183826447,
      0.019613921642303467,
      0.020326001569628716,
      0.020483801141381264,
      0.01882960833609104,
      0.01884932816028595,
      0.020058441907167435,
      0.018323585391044617,
      0.018764890730381012,
      0.01793031394481659,
      0.018859267234802246,
      0.017445148900151253,
      0.018389835953712463,
      0.017442522570490837,
      0.017458584159612656,
      0.01804794743657112,
      0.016599174588918686,
      0.01727171242237091,
      0.016331451013684273,
      0.017699871212244034,
      0.017728326842188835,
      0.017970025539398193,
      0.016147218644618988,
      0.0176218431442976,
      0.01730344444513321,
      0.017023911699652672,
      0.01712285913527012,
      0.016809431836009026,
      0.017522206529974937,
      0.01650836504995823,
      0.017097515985369682,
      0.016649216413497925,
      0.017361344769597054,
      0.016154887154698372,
      0.017282335087656975,
      0.016211191192269325,
      0.016162261366844177,
      0.016537830233573914,
      0.016070866957306862,
      0.017119113355875015,
      0.015612028539180756,
      0.01565564237535,
      0.015300916507840157,
      0.01647566817700863,
      0.015667706727981567,
      0.016044916585087776,
      0.015229254961013794,
      0.01568254642188549,
      0.015038955956697464,
      0.015692291781306267,
      0.015576871111989021,
      0.015321069397032261,
      0.014117999002337456,
      0.015818670392036438,
      0.015665290877223015,
      0.01579686999320984,
      0.015281437896192074,
      0.01566631719470024,
      0.014850647188723087,
      0.014942898415029049,
      0.014355051331222057,
      0.015150208957493305,
      0.015622392296791077,
      0.015294047072529793,
      0.015829086303710938,
      0.014799796976149082,
      0.014617896638810635,
      0.014880706556141376,
      0.014461568556725979,
      0.014778709039092064,
      0.014970141462981701,
      0.015184386633336544,
      0.013948065228760242,
      0.015084482729434967,
      0.01470937393605709,
      0.01483298372477293,
      0.014859713613986969,
      0.015405477955937386,
      0.01518983207643032,
      0.015360971912741661,
      0.014953597448766232,
      0.014652317389845848,
      0.014502359554171562,
      0.014358164742588997,
      0.015199612826108932,
      0.014796199277043343,
      0.015180918388068676,
      0.01436834316700697,
      0.01411539874970913,
      0.014946735464036465,
      0.015129775740206242,
      0.01479890663176775,
      0.013934393413364887,
      0.01466795988380909,
      0.014927662909030914,
      0.014381260611116886,
      0.014951792545616627,
      0.01409623771905899,
      0.01441832073032856,
      0.014371640048921108,
      0.014304627664387226,
      0.014598170295357704,
      0.014970355667173862,
      0.013287534937262535,
      0.01469067670404911,
      0.01521808560937643,
      0.01397721003741026,
      0.014811038970947266,
      0.014393612742424011,
      0.015010283328592777,
      0.014473553746938705,
      0.014508076943457127,
      0.01431226171553135,
      0.014173069037497044,
      0.014026451855897903,
      0.014088377356529236,
      0.014900530688464642,
      0.014693615958094597,
      0.013988797552883625,
      0.01372847706079483,
      0.014420976862311363,
      0.014119581319391727,
      0.013832006603479385,
      0.013753682374954224,
      0.01320724282413721,
      0.014628628268837929,
      0.014259617775678635,
      0.01334721315652132,
      0.015143968164920807,
      0.013678552582859993,
      0.01353532262146473,
      0.014648866839706898,
      0.014352747239172459,
      0.014742991887032986,
      0.014257644303143024,
      0.014618239365518093,
      0.014675571583211422,
      0.014558115042746067,
      0.014102417044341564,
      0.014172508381307125,
      0.0134607357904315,
      0.014211542904376984,
      0.014123335480690002,
      0.014084145426750183,
      0.01447997335344553,
      0.013378270901739597,
      0.01437451969832182,
      0.013682831078767776,
      0.014143632724881172,
      0.013297545723617077,
      0.013499859720468521,
      0.013430080376565456,
      0.013484283350408077,
      0.013495603576302528,
      0.013607421889901161,
      0.013768857344985008,
      0.014086972922086716,
      0.014397973194718361,
      0.0135145653039217,
      0.014211745001375675,
      0.014300691895186901,
      0.014221558347344398,
      0.01443031057715416,
      0.014008864760398865,
      0.01330758910626173,
      0.01330521423369646,
      0.013799634762108326,
      0.013711636886000633,
      0.012756437063217163,
      0.013126975856721401,
      0.01378178782761097,
      0.013468755409121513,
      0.013318273238837719,
      0.01407928392291069,
      0.01346721313893795,
      0.01385799515992403,
      0.014159311540424824,
      0.013847332447767258,
      0.014297242276370525,
      0.013384324498474598,
      0.01333484798669815,
      0.013248013332486153,
      0.012824811041355133,
      0.013366124592721462,
      0.013174053281545639,
      0.01303168386220932,
      0.013516849838197231,
      0.013495557941496372,
      0.013963439501821995,
      0.01400421466678381,
      0.013343227095901966,
      0.01298137940466404,
      0.012990421615540981,
      0.014002911746501923,
      0.013321229256689548,
      0.013488758355379105,
      0.01332090888172388,
      0.013099504634737968,
      0.013185473158955574,
      0.013185662217438221,
      0.014506934210658073,
      0.013536063022911549,
      0.01358726341277361,
      0.013366012834012508,
      0.013257349841296673,
      0.013321531005203724,
      0.013839025981724262,
      0.012939625419676304,
      0.01413766760379076,
      0.013308019377291203,
      0.013520580716431141,
      0.013521823100745678,
      0.013601021841168404,
      0.013070808723568916,
      0.013408697210252285,
      0.01313668955117464,
      0.013618053868412971,
      0.012592769227921963,
      0.013977084308862686,
