{
   "number_epochs": 400,
   "info_used": "use imputation",
   "perc_full_data": 0.08,
   "n_epochs_no_selection": 0,
   "Frequency % cutoff": 0.33,
   "hidden_size": 32,
   "random_state": 7,
   "train_errors": [
      0.3639216721057892,
      0.2700062096118927,
      0.18634697794914246,
      0.11582866311073303,
      0.06467218697071075,
      0.037598203867673874,
      0.03921309486031532,
      0.053891681134700775,
      0.05760349705815315,
      0.050277628004550934,
      0.03952818363904953,
      0.03250225633382797,
      0.031678035855293274,
      0.03256816789507866,
      0.03440745174884796,
      0.0357091911137104,
      0.03513454645872116,
      0.033787213265895844,
      0.030841851606965065,
      0.0288968738168478,
      0.02777540124952793,
      0.027363277971744537,
      0.02780860662460327,
      0.027536893263459206,
      0.027695432305336,
      0.02668025717139244,
      0.026213908568024635,
      0.025662889704108238,
      0.024848051369190216,
      0.02474154159426689,
      0.02442474663257599,
      0.023673338815569878,
      0.023501092568039894,
      0.023748068138957024,
      0.022675609216094017,
      0.022684995085000992,
      0.02208036370575428,
      0.021322213113307953,
      0.020727507770061493,
      0.02088802494108677,
      0.019893648102879524,
      0.0198771134018898,
      0.01915573701262474,
      0.018764033913612366,
      0.018625734373927116,
      0.01825377717614174,
      0.018005721271038055,
      0.017496397718787193,
      0.017229588702321053,
      0.01701350323855877,
      0.017254574224352837,
      0.0165005624294281,
      0.016239821910858154,
      0.015817709267139435,
      0.015814758837223053,
      0.016676252707839012,
      0.016162661835551262,
      0.015378221869468689,
      0.01472062710672617,
      0.015324335545301437,
      0.014780105091631413,
      0.01511647179722786,
      0.01489711832255125,
      0.015528779476881027,
      0.015063528902828693,
      0.015290392562747002,
      0.015035037882626057,
      0.014823677949607372,
      0.014345420524477959,
      0.015464224852621555,
      0.014923402108252048,
      0.015082449652254581,
      0.014451438561081886,
      0.014302887953817844,
      0.01484623458236456,
      0.014677703380584717,
      0.01418830081820488,
      0.014293553307652473,
      0.014392499811947346,
      0.0140693886205554,
      0.01367765013128519,
      0.014007439836859703,
      0.013653813861310482,
      0.014103759080171585,
      0.012882012873888016,
      0.013224301859736443,
      0.012818686664104462,
      0.013763679191470146,
      0.01286225114017725,
      0.01375904306769371,
      0.012971197254955769,
      0.012966315262019634,
      0.012981316074728966,
      0.01295421551913023,
      0.013711989857256413,
      0.013988742604851723,
      0.01332524698227644,
      0.013624127954244614,
      0.013475576415657997,
      0.012618477456271648,
      0.012878291308879852,
      0.012228532694280148,
      0.012941171415150166,
      0.012446928769350052,
      0.012772813439369202,
      0.013696799986064434,
      0.012657116167247295,
      0.01233094371855259,
      0.012061594985425472,
      0.012011045590043068,
      0.012296490371227264,
      0.012573414482176304,
      0.013005945831537247,
      0.012529844418168068,
      0.012341305613517761,
      0.011977271176874638,
      0.011938745155930519,
      0.012404892593622208,
      0.012434372678399086,
      0.011791333556175232,
      0.012652791105210781,
      0.011898349039256573,
      0.011728327721357346,
      0.012039161287248135,
      0.011407310143113136,
      0.012507105246186256,
      0.011442920193076134,
      0.011823863722383976,
      0.01200817059725523,
      0.011514436453580856,
      0.01250170636922121,
      0.011888857930898666,
      0.011879620142281055,
      0.012053774669766426,
      0.012133167125284672,
      0.012179614044725895,
      0.011694840155541897,
      0.011877628974616528,
      0.01220118347555399,
      0.012495990842580795,
      0.011729818768799305,
      0.012004551477730274,
      0.01171443797647953,
      0.011760080233216286,
      0.012005886994302273,
      0.012122799642384052,
      0.011795743368566036,
      0.012180753983557224,
      0.01233700755983591,
      0.011727822944521904,
      0.011824601329863071,
      0.011211317963898182,
      0.012258735485374928,
      0.011559601873159409,
      0.011429200880229473,
      0.010981888510286808,
      0.010988146997988224,
      0.011215105652809143,
      0.012137011624872684,
      0.011443381197750568,
      0.011622038669884205,
      0.010593012906610966,
      0.011478111147880554,
      0.012156257405877113,
      0.011508682742714882,
      0.012549334205687046,
      0.012302029877901077,
      0.011372346431016922,
      0.011309723369777203,
      0.011330744251608849,
      0.011691405437886715,
      0.010788455605506897,
      0.011039714328944683,
      0.011050458066165447,
      0.010782216675579548,
      0.011136355809867382,
      0.01118967030197382,
      0.011129789054393768,
      0.011131447739899158,
      0.011690039187669754,
      0.01208494696766138,
      0.011478639207780361,
      0.011018126271665096,
      0.011270743794739246,
      0.011272485367953777,
      0.011029615998268127,
      0.011143239215016365,
      0.010926582850515842,
      0.011471407487988472,
      0.011819378472864628,
      0.010882791131734848,
      0.011221307329833508,
      0.011198851279914379,
      0.011791913770139217,
      0.01105406042188406,
      0.011511290445923805,
      0.010821164585649967,
      0.011475702747702599,
      0.011045318096876144,
      0.01153592485934496,
      0.010866643860936165,
      0.010995248332619667,
      0.011237670667469501,
      0.010661575011909008,
      0.011663812212646008,
      0.010960308834910393,
      0.011008533649146557,
      0.010738318786025047,
      0.011483294889330864,
      0.01146609615534544,
      0.01156012061983347,
      0.010829431004822254,
      0.011107666417956352,
      0.010806486010551453,
      0.010685526765882969,
      0.010727046988904476,
      0.011007516644895077,
      0.010675541125237942,
      0.010507737286388874,
      0.011630800552666187,
      0.01112305372953415,
      0.010791598819196224,
      0.01066255010664463,
      0.010417896322906017,
      0.011457950808107853,
      0.011438781395554543,
      0.010291887447237968,
      0.011246036738157272,
      0.011683487333357334,
      0.01097896508872509,
      0.010438092052936554,
      0.010678940452635288,
      0.011671880260109901,
      0.010965379886329174,
      0.010587833821773529,
      0.010523050092160702,
      0.010664841160178185,
      0.011203901842236519,
      0.011362343095242977,
      0.010654827579855919,
      0.011042150668799877,
      0.01010890118777752,
      0.01076058205217123,
      0.0109209343791008,
      0.010338811203837395,
      0.010730190202593803,
      0.01048927940428257,
      0.011269106529653072,
      0.010661732405424118,
      0.010960706509649754,
      0.01010324526578188,
      0.01066933199763298,
      0.010599947534501553,
      0.010299913585186005,
      0.010543186217546463,
      0.010899275541305542,
      0.01055738516151905,
      0.01060077641159296,
      0.010625874623656273,
      0.011224018409848213,
      0.011166592128574848,
      0.010649101808667183,
      0.011220361106097698,
      0.01126509066671133,
      0.010556099936366081,
      0.010071166791021824,
      0.010353886522352695,
      0.010249213315546513,
      0.010968655347824097,
      0.01109834760427475,
      0.011595061048865318,
      0.010562683455646038,
      0.011164715513586998,
      0.009703319519758224,
      0.011102247051894665,
      0.01005159318447113,
      0.009991114027798176,
      0.010452790185809135,
      0.010845255106687546,
      0.010726339183747768,
