{
   "number_epochs": 200,
   "info_used": "partial info",
   "perc_full_data": 0.025,
   "n_epochs_no_selection": 0,
   "Frequency % cutoff": 0.25,
   "hidden_size": 32,
   "random_state": 5,
   "train_errors": [
      0.35707953572273254,
      0.3461819291114807,
      0.34070971608161926,
      0.33472728729248047,
      0.3295303285121918,
      0.3199869990348816,
      0.3135509192943573,
      0.3071785271167755,
      0.2996446192264557,
      0.295257031917572,
      0.2855301797389984,
      0.2798490822315216,
      0.27572697401046753,
      0.27123525738716125,
      0.2629404366016388,
      0.25780585408210754,
      0.25280553102493286,
      0.24285581707954407,
      0.23979298770427704,
      0.2328273057937622,
      0.22847212851047516,
      0.22293031215667725,
      0.21588528156280518,
      0.209175243973732,
      0.20215153694152832,
      0.19930526614189148,
      0.19271358847618103,
      0.1846047192811966,
      0.17849639058113098,
      0.17310087382793427,
      0.16476304829120636,
      0.15832768380641937,
      0.15224884450435638,
      0.1481456607580185,
      0.13959035277366638,
      0.13512803614139557,
      0.12492482364177704,
      0.12073614448308945,
      0.11616964638233185,
      0.10795385390520096,
      0.10127933323383331,
      0.09470070153474808,
      0.09324228018522263,
      0.08623818308115005,
      0.08239973336458206,
      0.0749402567744255,
      0.07107961922883987,
      0.061610955744981766,
      0.061349134892225266,
      0.05573737621307373,
      0.04951992630958557,
      0.046375472098588943,
      0.042296119034290314,
      0.04124455526471138,
      0.038491226732730865,
      0.03216524049639702,
      0.031065450981259346,
      0.028231529518961906,
      0.0271006990224123,
      0.02728908322751522,
      0.02408386394381523,
      0.02461966499686241,
      0.02492893859744072,
      0.02561911940574646,
      0.02518387697637081,
      0.022396443411707878,
      0.0235444363206625,
      0.02570582926273346,
      0.025118479505181313,
      0.025698015466332436,
      0.02554488554596901,
      0.02915155328810215,
      0.02600092999637127,
      0.028269831091165543,
      0.02444513700902462,
      0.025664355605840683,
      0.021501930430531502,
      0.02782486565411091,
      0.0238531194627285,
      0.02464555762708187,
      0.024189556017518044,
      0.023313773795962334,
      0.021868443116545677,
      0.025046754628419876,
      0.019674135372042656,
      0.022109420970082283,
      0.023464886471629143,
      0.023496469482779503,
      0.020756511017680168,
      0.021396324038505554,
      0.022072594612836838,
      0.02011106349527836,
      0.022721363231539726,
      0.02272866852581501,
      0.021820353344082832,
      0.020453734323382378,
      0.02221469022333622,
      0.021293653175234795,
      0.02199348621070385,
      0.024319304153323174,
      0.019481657072901726,
      0.020827580243349075,
      0.02572794444859028,
      0.01947380229830742,
      0.02201860211789608,
      0.020203784108161926,
      0.019785774871706963,
      0.020524736493825912,
      0.020456725731492043,
      0.02454461343586445,
      0.019484778866171837,
      0.017648296430706978,
      0.021947458386421204,
      0.021211404353380203,
      0.02089703641831875,
      0.019390448927879333,
      0.021124159917235374,
      0.02008870616555214,
      0.020628422498703003,
      0.020137548446655273,
      0.020228078588843346,
      0.02039085142314434,
      0.018497467041015625,
      0.020189225673675537,
      0.019406046718358994,
      0.019641513004899025,
      0.019077284261584282,
      0.018851200118660927,
      0.02029821276664734,
      0.018904205411672592,
      0.018377888947725296,
      0.022379832342267036,
      0.01602190174162388,
      0.02103385515511036,
      0.02134491689503193,
      0.021298455074429512,
      0.022883981466293335,
      0.020885158330202103,
      0.019633682444691658,
      0.021868180483579636,
      0.02030770108103752,
      0.019711647182703018,
      0.021604372188448906,
      0.018059905618429184,
      0.018902817741036415,
      0.021014293655753136,
      0.019527237862348557,
      0.019091207534074783,
      0.017562804743647575,
      0.017810191959142685,
      0.017292995005846024,
      0.020079726353287697,
      0.0191738773137331,
      0.021051930263638496,
      0.019012833014130592,
      0.020303385332226753,
      0.01944092847406864,
      0.017653003334999084,
      0.017833709716796875,
      0.019127527251839638,
      0.019821753725409508,
      0.019099557772278786,
      0.01699371263384819,
      0.0183657705783844,
      0.017657430842518806,
      0.016637813299894333,
      0.01784185692667961,
      0.017565803602337837,
      0.01756017841398716,
      0.018566975370049477,
      0.019407425075769424,
      0.01840011589229107,
      0.017489124089479446,
      0.01871570572257042,
      0.017194880172610283,
      0.016809996217489243,
      0.018100310117006302,
      0.017565544694662094,
      0.016838816925883293,
      0.01802191510796547,
      0.01705402322113514,
      0.01806330867111683,
      0.01824863813817501,
      0.017480002716183662,
      0.0149935157969594,
      0.01706996187567711,
      0.017089219763875008,
      0.015904666855931282,
      0.01793554611504078,
      0.015986956655979156,
      0.0177148450165987,
      0.019816439598798752,
      0.016912279650568962,
      0.017450984567403793,
      0.01782970502972603,
      0.019006213173270226,
      0.01639511249959469,
      0.019906075671315193,
      0.017022889107465744,
      0.015934469178318977
   ],
   "valid_errors": [
      0.32051751017570496,
      0.2878475785255432,
      0.25875216722488403,
      0.23098695278167725,
      0.20286241173744202,
      0.17400290071964264,
      0.1446775197982788,
      0.11533023416996002,
      0.0874311700463295,
      0.0628369152545929,
      0.04323913902044296,
      0.030318669974803925,
      0.02536560595035553,
      0.026376087218523026,
      0.028297392651438713,
      0.027793753892183304,
      0.02597697824239731,
      0.02461354434490204,
      0.023890327662229538,
      0.023556064814329147,
      0.023339277133345604,
      0.023154713213443756,
      0.023069873452186584,
      0.023018905892968178,
      0.02293507382273674,
      0.0227467343211174,
      0.022514525800943375,
      0.02229740470647812,
      0.02212139405310154,
      0.021937038749456406,
      0.021819328889250755,
      0.021743398159742355,
      0.021643873304128647,
      0.02155977487564087,
      0.021508028730750084,
      0.021493226289749146,
      0.02137730084359646,
      0.02121013030409813,
      0.02102222479879856,
      0.02085205167531967,
      0.020770961418747902
   ],
   "val_epochs": [
      0,
      5,
      10,
      15,
      20,
      25,
      30,
      35,
      40,
      45,
      50,
      55,
      60,
      65,
      70,
      75,
      80,
      85,
      90,
      95,
      100,
      105,
      110,
      115,
      120,
      125,
      130,
      135,
      140,
      145,
      150,
      155,
      160,
      165,
      170,
      175,
      180,
      185,
      190,
      195,
      199
   ],
   "input_data_path": "../data/wine/red_wine.csv",
   "gradwcontext": true,
   "Encompassing Param": 0.1,
   "Normalize Grads & Contx": false,
   "cluster_all_classes": false,
   "imputation method": "",
   "model_dropout": 0.05,
   "model_type": "mlp",
   "problem_type": "regression"
}