{
   "number_epochs": 200,
   "info_used": "partial info",
   "perc_full_data": 0.025,
   "n_epochs_no_selection": 0,
   "Frequency % cutoff": 0.25,
   "hidden_size": 32,
   "random_state": 49,
   "train_errors": [
      0.4378686547279358,
      0.42221662402153015,
      0.4125095009803772,
      0.39945968985557556,
      0.38878920674324036,
      0.3782348334789276,
      0.3667391240596771,
      0.35695770382881165,
      0.34763768315315247,
      0.33651259541511536,
      0.3275664150714874,
      0.32013487815856934,
      0.3131691515445709,
      0.30290940403938293,
      0.29398754239082336,
      0.2865348160266876,
      0.2800528109073639,
      0.2706790864467621,
      0.2619858682155609,
      0.25291937589645386,
      0.24782045185565948,
      0.23958148062229156,
      0.23047271370887756,
      0.2235478162765503,
      0.21471081674098969,
      0.20789189636707306,
      0.20023049414157867,
      0.19160810112953186,
      0.18651293218135834,
      0.175840824842453,
      0.1692359745502472,
      0.16181421279907227,
      0.15265534818172455,
      0.14661215245723724,
      0.1380252242088318,
      0.1287899911403656,
      0.12120342999696732,
      0.11587439477443695,
      0.10913268476724625,
      0.10329215973615646,
      0.09257437288761139,
      0.09270269423723221,
      0.08086875826120377,
      0.0764869898557663,
      0.07260391861200333,
      0.06395285576581955,
      0.06081145256757736,
      0.05960001423954964,
      0.05296280235052109,
      0.045999106019735336,
      0.04541291669011116,
      0.04125422239303589,
      0.039622094482183456,
      0.036616984754800797,
      0.03670390322804451,
      0.036165785044431686,
      0.031563110649585724,
      0.03016594611108303,
      0.029146535322070122,
      0.0276416577398777,
      0.029678819701075554,
      0.02998124249279499,
      0.03090120293200016,
      0.0300289336591959,
      0.030183028429746628,
      0.0295910332351923,
      0.03033919632434845,
      0.02937399037182331,
      0.032833706587553024,
      0.033446602523326874,
      0.03138136863708496,
      0.03131799027323723,
      0.03178836777806282,
      0.03134549781680107,
      0.027739331126213074,
      0.027414070442318916,
      0.028127608820796013,
      0.027179569005966187,
      0.02810037136077881,
      0.027068793773651123,
      0.029098371043801308,
      0.03119884431362152,
      0.0321555957198143,
      0.026583673432469368,
      0.025191185995936394,
      0.027324825525283813,
      0.027267584577202797,
      0.025178836658596992,
      0.02715420350432396,
      0.02404879406094551,
      0.029201487079262733,
      0.027051184326410294,
      0.024413546547293663,
      0.02386615239083767,
      0.026461010798811913,
      0.028608879074454308,
      0.028571249917149544,
      0.027849853038787842,
      0.02578829787671566,
      0.026133118197321892,
      0.028047975152730942,
      0.02740098349750042,
      0.023659491911530495,
      0.02548092231154442,
      0.02674921229481697,
      0.025083789601922035,
      0.026938512921333313,
      0.024685237556695938,
      0.02572391927242279,
      0.026833629235625267,
      0.025602834299206734,
      0.025339024141430855,
      0.024508507922291756,
      0.024602824822068214,
      0.024371568113565445,
      0.027027135714888573,
      0.02764756791293621,
      0.021622266620397568,
      0.023344803601503372,
      0.026296360418200493,
      0.027372969314455986,
      0.023391472175717354,
      0.02442532777786255,
      0.026362013071775436,
      0.027551857754588127,
      0.022555114701390266,
      0.022707143798470497,
      0.021893290802836418,
      0.023358328267931938,
      0.020560691133141518,
      0.024410730227828026,
      0.025746969506144524,
      0.025575757026672363,
      0.021751442924141884,
      0.01990569569170475,
      0.024669166654348373,
      0.022401388734579086,
      0.019015220925211906,
      0.022965358570218086,
      0.024802174419164658,
      0.023565789684653282,
      0.020580755546689034,
      0.023627744987607002,
      0.02308993972837925,
      0.02316073514521122,
      0.023252954706549644,
      0.0227777361869812,
      0.02203613519668579,
      0.02202879823744297,
      0.023792991414666176,
      0.022495072335004807,
      0.02283133752644062,
      0.02130088210105896,
      0.022571831941604614,
      0.021328018978238106,
      0.01996137760579586,
      0.022852161899209023,
      0.02067652717232704,
      0.02340802177786827,
      0.01973232999444008,
      0.020196666941046715,
      0.02046598307788372,
      0.019468318670988083,
      0.01971631683409214,
      0.02102464810013771,
      0.01908308081328869,
      0.021229982376098633,
      0.018955672159790993,
      0.020593199878931046,
      0.01855943165719509,
      0.019763287156820297,
      0.020336514338850975,
      0.01853702776134014,
      0.01950431987643242,
      0.020856833085417747,
      0.017378302291035652,
      0.020136598497629166,
      0.022224964573979378,
      0.019697437062859535,
      0.017366809770464897,
      0.020038854330778122,
      0.018919827416539192,
      0.02123739756643772,
      0.019381079822778702,
      0.020174967125058174,
      0.01784224435687065,
      0.015852579846978188,
      0.02204105444252491,
      0.018788963556289673,
      0.019531486555933952,
      0.019040850922465324,
      0.01814746856689453,
      0.01831750012934208,
      0.015793398022651672,
      0.01844358630478382,
      0.018506484106183052,
      0.017729688435792923,
      0.016139578074216843,
      0.01675035059452057,
      0.015979742631316185
   ],
   "valid_errors": [
      0.3899851441383362,
      0.3337406814098358,
      0.2870071530342102,
      0.2478407919406891,
      0.21143287420272827,
      0.17489375174045563,
      0.13782177865505219,
      0.10239284485578537,
      0.0715334340929985,
      0.04783065244555473,
      0.033110179007053375,
      0.027701344341039658,
      0.029073920100927353,
      0.03190271556377411,
      0.03223385661840439,
      0.030487416312098503,
      0.02828175202012062,
      0.026735413819551468,
      0.025899415835738182,
      0.025447240099310875,
      0.025135543197393417,
      0.02494751662015915,
      0.024782290682196617,
      0.024599038064479828,
      0.024406351149082184,
      0.024295050650835037,
      0.023952050134539604,
      0.023608842864632607,
      0.02321665734052658,
      0.022806979715824127,
      0.022415032610297203,
      0.02211800590157509,
      0.021841201931238174,
      0.02174498327076435,
      0.021633237600326538,
      0.021351851522922516,
      0.02112351730465889,
      0.021076373755931854,
      0.021140707656741142,
      0.021010467782616615,
      0.02092813327908516
   ],
   "val_epochs": [
      0,
      5,
      10,
      15,
      20,
      25,
      30,
      35,
      40,
      45,
      50,
      55,
      60,
      65,
      70,
      75,
      80,
      85,
      90,
      95,
      100,
      105,
      110,
      115,
      120,
      125,
      130,
      135,
      140,
      145,
      150,
      155,
      160,
      165,
      170,
      175,
      180,
      185,
      190,
      195,
      199
   ],
   "input_data_path": "../data/wine/red_wine.csv",
   "gradwcontext": true,
   "Encompassing Param": 0.1,
   "Normalize Grads & Contx": false,
   "cluster_all_classes": false,
   "imputation method": "",
   "model_dropout": 0.05,
   "model_type": "mlp",
   "problem_type": "regression"
}