{
   "number_epochs": 200,
   "info_used": "partial info",
   "perc_full_data": 0.025,
   "n_epochs_no_selection": 0,
   "Frequency % cutoff": 0.25,
   "hidden_size": 32,
   "random_state": 35,
   "train_errors": [
      0.27938249707221985,
      0.2606504559516907,
      0.25627022981643677,
      0.2436855137348175,
      0.23435865342617035,
      0.22449088096618652,
      0.21541942656040192,
      0.20353879034519196,
      0.19419042766094208,
      0.1854911893606186,
      0.17694775760173798,
      0.16708962619304657,
      0.15771254897117615,
      0.1489495486021042,
      0.14042934775352478,
      0.1315034180879593,
      0.12580515444278717,
      0.11702235043048859,
      0.10739315301179886,
      0.10363618284463882,
      0.09624852240085602,
      0.09001456946134567,
      0.08382540196180344,
      0.07549924403429031,
      0.07194536924362183,
      0.06427644193172455,
      0.05821801349520683,
      0.05396657437086105,
      0.053102560341358185,
      0.04637753963470459,
      0.04595497250556946,
      0.04270348697900772,
      0.03739634528756142,
      0.03912843391299248,
      0.03035713918507099,
      0.03292280435562134,
      0.03354775160551071,
      0.034240007400512695,
      0.032600391656160355,
      0.0332237184047699,
      0.03315203636884689,
      0.03889194130897522,
      0.033198803663253784,
      0.03266122192144394,
      0.03150411695241928,
      0.03136738762259483,
      0.036061353981494904,
      0.03194849565625191,
      0.03475850075483322,
      0.03507351130247116,
      0.035502783954143524,
      0.037237681448459625,
      0.03470117598772049,
      0.03455721214413643,
      0.03308296948671341,
      0.030873741954565048,
      0.03156227245926857,
      0.03223847970366478,
      0.0293574295938015,
      0.03194861486554146,
      0.0323345884680748,
      0.0329313725233078,
      0.03165740892291069,
      0.025540152564644814,
      0.0315614677965641,
      0.03381865844130516,
      0.028957707807421684,
      0.029932651668787003,
      0.030234571546316147,
      0.03195362538099289,
      0.028879592195153236,
      0.02812202274799347,
      0.03251199796795845,
      0.032161809504032135,
      0.03042689897119999,
      0.030207136645913124,
      0.02747979760169983,
      0.031222904101014137,
      0.03156353160738945,
      0.029298335313796997,
      0.02933073416352272,
      0.03201848641037941,
      0.026519248262047768,
      0.03219280764460564,
      0.02725059911608696,
      0.029527630656957626,
      0.031089412048459053,
      0.027184436097741127,
      0.029665818437933922,
      0.027491090819239616,
      0.030529871582984924,
      0.028649266809225082,
      0.030666474252939224,
      0.03008456714451313,
      0.030516786500811577,
      0.027813460677862167,
      0.02833564393222332,
      0.024465447291731834,
      0.02957746386528015,
      0.02815769799053669,
      0.026736246421933174,
      0.027717232704162598,
      0.030291488394141197,
      0.030530614778399467,
      0.02741854451596737,
      0.026752514764666557,
      0.031171808019280434,
      0.027284367009997368,
      0.025965550914406776,
      0.027711836621165276,
      0.026937585324048996,
      0.02857997454702854,
      0.02619435079395771,
      0.025739774107933044,
      0.030230415984988213,
      0.025524461641907692,
      0.027973394840955734,
      0.02830582484602928,
      0.026328999549150467,
      0.024915756657719612,
      0.02832898125052452,
      0.0277284886687994,
      0.027968067675828934,
      0.0275033600628376,
      0.026845887303352356,
      0.028670338913798332,
      0.027658717706799507,
      0.025418104603886604,
      0.029491936787962914,
      0.030959198251366615,
      0.026885325089097023,
      0.027249978855252266,
      0.024456622079014778,
      0.02565815858542919,
      0.0265731792896986,
      0.029142258688807487,
      0.029602009803056717,
      0.025877268984913826,
      0.027707906439900398,
      0.02760016918182373,
      0.025108560919761658,
      0.025090603157877922,
      0.028311770409345627,
      0.025549262762069702,
      0.03229635953903198,
      0.02783106081187725,
      0.027465058490633965,
      0.028816865757107735,
      0.027497034519910812,
      0.025746336206793785,
      0.024916883558034897,
      0.027288641780614853,
      0.02600703574717045,
      0.026797005906701088,
      0.027454445138573647,
      0.027170926332473755,
      0.028340931981801987,
      0.02623423933982849,
      0.02862497791647911,
      0.02400916814804077,
      0.02605554088950157,
      0.02508840337395668,
      0.027458610013127327,
      0.025421449914574623,
      0.025881147012114525,
      0.03019683249294758,
      0.023915356025099754,
      0.02798694744706154,
      0.021922031417489052,
      0.02623921073973179,
      0.02644203044474125,
      0.029096024110913277,
      0.0239933580160141,
      0.024961689487099648,
      0.025680389255285263,
      0.021424466744065285,
      0.02750142477452755,
      0.023518111556768417,
      0.02276979759335518,
      0.02521016262471676,
      0.025367841124534607,
      0.02464115060865879,
      0.02468055859208107,
      0.02744092233479023,
      0.025739604607224464,
      0.027139516547322273,
      0.023410260677337646,
      0.024804314598441124,
      0.026106957346200943,
      0.025958551093935966,
      0.027588188648223877,
      0.025091512128710747,
      0.02537681721150875,
      0.026361512020230293,
      0.022989651188254356,
      0.025905033573508263,
      0.02386145479977131,
      0.02333693578839302,
      0.022711219266057014,
      0.025531481951475143
   ],
   "valid_errors": [
      0.22034525871276855,
      0.17376071214675903,
      0.13175800442695618,
      0.09459604322910309,
      0.06362870335578918,
      0.04067951440811157,
      0.02782505936920643,
      0.025209009647369385,
      0.028954261913895607,
      0.03185998648405075,
      0.03098311461508274,
      0.027941320091485977,
      0.02538105472922325,
      0.023964405059814453,
      0.02332572638988495,
      0.02308153547346592,
      0.022988544777035713,
      0.023022064939141273,
      0.02305406704545021,
      0.022948049008846283,
      0.022798120975494385,
      0.022560620680451393,
      0.022245503962039948,
      0.02208046242594719,
      0.021988138556480408,
      0.02186458744108677,
      0.021748289465904236,
      0.021621692925691605,
      0.0215526781976223,
      0.021621128544211388,
      0.02152893878519535,
      0.02141353115439415,
      0.021393749862909317,
      0.02139248326420784,
      0.021601833403110504,
      0.02204413153231144,
      0.02204775996506214,
      0.02132842317223549,
      0.02103385515511036,
      0.02123069576919079,
      0.021490782499313354
   ],
   "val_epochs": [
      0,
      5,
      10,
      15,
      20,
      25,
      30,
      35,
      40,
      45,
      50,
      55,
      60,
      65,
      70,
      75,
      80,
      85,
      90,
      95,
      100,
      105,
      110,
      115,
      120,
      125,
      130,
      135,
      140,
      145,
      150,
      155,
      160,
      165,
      170,
      175,
      180,
      185,
      190,
      195,
      199
   ],
   "input_data_path": "../data/wine/red_wine.csv",
   "gradwcontext": true,
   "Encompassing Param": 0.1,
   "Normalize Grads & Contx": false,
   "cluster_all_classes": false,
   "imputation method": "",
   "model_dropout": 0.05,
   "model_type": "mlp",
   "problem_type": "regression"
}