{
   "number_epochs": 300,
   "info_used": "partial info",
   "perc_full_data": 0.25,
   "n_epochs_no_selection": 0,
   "Frequency % cutoff": 0.25,
   "hidden_size": 32,
   "random_state": 5,
   "train_errors": [
      0.3328222930431366,
      0.3268154561519623,
      0.31854644417762756,
      0.313448429107666,
      0.30452877283096313,
      0.29930809140205383,
      0.29367274045944214,
      0.28793978691101074,
      0.2809421718120575,
      0.2741425633430481,
      0.26932626962661743,
      0.26302090287208557,
      0.25687742233276367,
      0.2508492171764374,
      0.24516163766384125,
      0.24013322591781616,
      0.23326456546783447,
      0.22836612164974213,
      0.2214188277721405,
      0.2144865244626999,
      0.20852483808994293,
      0.20434442162513733,
      0.1987667828798294,
      0.1919449120759964,
      0.1865142285823822,
      0.17835812270641327,
      0.17210587859153748,
      0.16716735064983368,
      0.16050639748573303,
      0.15350699424743652,
      0.1480146050453186,
      0.1404017210006714,
      0.13513143360614777,
      0.12887921929359436,
      0.12270331382751465,
      0.11398664861917496,
      0.1095704734325409,
      0.10232783108949661,
      0.09641359001398087,
      0.09208733588457108,
      0.08481121808290482,
      0.0775076225399971,
      0.0722564160823822,
      0.06897354125976562,
      0.061767470091581345,
      0.05531911924481392,
      0.05328050255775452,
      0.04896632209420204,
      0.04560380056500435,
      0.04193089157342911,
      0.03886410966515541,
      0.03665624558925629,
      0.034082766622304916,
      0.03228532895445824,
      0.03186899423599243,
      0.029326867312192917,
      0.02736271545290947,
      0.02909594587981701,
      0.029534967616200447,
      0.02877221070230007,
      0.02867630496621132,
      0.03103770688176155,
      0.030919237062335014,
      0.031033245846629143,
      0.031134724617004395,
      0.029381852596998215,
      0.03252208232879639,
      0.030150821432471275,
      0.03207797184586525,
      0.029052192345261574,
      0.02935248799622059,
      0.02882411889731884,
      0.028427911922335625,
      0.027456441894173622,
      0.02903035096824169,
      0.027021439746022224,
      0.027072830125689507,
      0.025802666321396828,
      0.026881275698542595,
      0.02698567323386669,
      0.02718399465084076,
      0.024813586845993996,
      0.028336621820926666,
      0.025759689509868622,
      0.024969207122921944,
      0.025688370689749718,
      0.02619478851556778,
      0.02459278330206871,
      0.02722010388970375,
      0.026183150708675385,
      0.02558901347219944,
      0.025074131786823273,
      0.02457577921450138,
      0.02505309134721756,
      0.024716949090361595,
      0.026417572051286697,
      0.0251755490899086,
      0.025471709668636322,
      0.02571863867342472,
      0.024513188749551773,
      0.023671532049775124,
      0.025578288361430168,
      0.024246977642178535,
      0.024249576032161713,
      0.025871409103274345,
      0.023956676945090294,
      0.024364616721868515,
      0.0229683555662632,
      0.02529255300760269,
      0.025089729577302933,
      0.024898653849959373,
      0.025907646864652634,
      0.02523355931043625,
      0.02512470819056034,
      0.024256251752376556,
      0.024545220658183098,
      0.02277311123907566,
      0.024823468178510666,
      0.02357589267194271,
      0.02423979341983795,
      0.023637371137738228,
      0.024030905216932297,
      0.024283723905682564,
      0.023945538327097893,
      0.022892892360687256,
      0.022314725443720818,
      0.023018591105937958,
      0.023684540763497353,
      0.02413351833820343,
      0.022989412769675255,
      0.023020325228571892,
      0.02271176688373089,
      0.02332143485546112,
      0.02271982468664646,
      0.021728631108999252,
      0.023603184148669243,
      0.022514501586556435,
      0.021192695945501328,
      0.021626222878694534,
      0.022465476766228676,
      0.022181890904903412,
      0.023245815187692642,
      0.02218662016093731,
      0.023093104362487793,
      0.02240036055445671,
      0.023547010496258736,
      0.022752458229660988,
      0.02377973683178425,
      0.023382415995001793,
      0.022176966071128845,
      0.02196931280195713,
      0.021977124735713005,
      0.023162804543972015,
      0.022655824199318886,
      0.022392695769667625,
      0.020920485258102417,
      0.02195533737540245,
      0.022343182936310768,
      0.02325563132762909,
      0.022151025012135506,
      0.022064803168177605,
      0.02109738066792488,
      0.020776232704520226,
      0.022206975147128105,
      0.02158777415752411,
      0.020787425339221954,
      0.022249402478337288,
      0.022112684324383736,
      0.021498557180166245,
      0.022104362025856972,
      0.021524807438254356,
      0.020234405994415283,
      0.021999109536409378,
      0.022587886080145836,
      0.02214411087334156,
      0.021870503202080727,
      0.021951355040073395,
      0.018989363685250282,
      0.021485457196831703,
      0.020652398467063904,
      0.022386599332094193,
      0.02183813787996769,
      0.021869024261832237,
      0.02064187452197075,
      0.02074182592332363,
      0.021358352154493332,
      0.021507112309336662,
      0.021885333582758904,
      0.021371550858020782,
      0.021138137206435204,
      0.021260512992739677,
      0.020054535940289497,
      0.021969176828861237,
      0.021062199026346207,
      0.021202821284532547,
      0.021358473226428032,
      0.021360669285058975,
      0.019981373101472855,
      0.019538136199116707,
      0.02123495563864708,
      0.021447425708174706,
      0.021545905619859695,
      0.01918538473546505,
      0.019426316022872925,
      0.01953797973692417,
      0.02201637625694275,
      0.02017921395599842,
      0.020641377195715904,
      0.021443527191877365,
      0.021134641021490097,
      0.021087048575282097,
      0.020685963332653046,
      0.019707221537828445,
      0.01993403024971485,
      0.01958143338561058,
      0.019983287900686264,
      0.020964037626981735,
      0.020640190690755844,
      0.01994318515062332,
      0.02051146887242794,
      0.020263241603970528,
      0.02075779065489769,
      0.020374028012156487,
      0.01983334682881832,
      0.019969379529356956,
      0.020240621641278267,
      0.02123582363128662,
      0.019635716453194618,
      0.021454621106386185,
      0.020639995113015175,
      0.02171330340206623,
      0.018911181017756462,
      0.020736047998070717,
      0.020152447745203972,
      0.018858321011066437,
      0.01999199390411377,
      0.02119547501206398,
      0.020818287506699562,
      0.019814612343907356,
      0.019297854974865913,
      0.019485006108880043,
      0.01908557303249836,
      0.019698133692145348,
      0.019255414605140686,
      0.019050486385822296,
      0.020955966785550117,
      0.018835872411727905,
      0.019740605726838112,
      0.019574325531721115,
      0.020287703722715378,
      0.020913293585181236,
      0.01973709836602211,
      0.019582830369472504,
      0.01956132985651493,
      0.020442292094230652,
      0.02051546238362789,
      0.019233936443924904,
      0.020671295002102852,
      0.020175402984023094,
      0.020094893872737885,
      0.020404528826475143,
      0.020115496590733528,
      0.019339488819241524,
      0.01976439170539379,
      0.02077084593474865,
      0.020544130355119705,
      0.01989007368683815,
      0.020307181403040886,
      0.019485658034682274,
      0.019522178918123245,
      0.01871449686586857,
      0.0211598239839077,
      0.019446520134806633,
      0.019203919917345047,
      0.02014358900487423,
      0.019631389528512955,
      0.01967504434287548,
      0.020176909863948822,
      0.01867450401186943,
      0.020788585767149925,
      0.020299559459090233,
      0.01898515410721302,
      0.01876366324722767,
