{
   "number_epochs": 300,
   "info_used": "use imputation",
   "perc_full_data": 0.1,
   "n_epochs_no_selection": 0,
   "Frequency % cutoff": 0.3,
   "hidden_size": 32,
   "random_state": 3,
   "train_errors": [
      0.0526895634829998,
      0.04918812960386276,
      0.04893075302243233,
      0.04827470704913139,
      0.04713280871510506,
      0.04602551460266113,
      0.04522613808512688,
      0.044665392488241196,
      0.04372793436050415,
      0.04258987307548523,
      0.041397228837013245,
      0.039576366543769836,
      0.03802841156721115,
      0.036461442708969116,
      0.03505898639559746,
      0.03359532356262207,
      0.030902929604053497,
      0.028458060696721077,
      0.027592424303293228,
      0.02762361243367195,
      0.025896748527884483,
      0.025725586339831352,
      0.025666069239377975,
      0.023715853691101074,
      0.023009713739156723,
      0.021738119423389435,
      0.021717911586165428,
      0.021937010809779167,
      0.02227536216378212,
      0.02188575081527233,
      0.020809533074498177,
      0.02059982903301716,
      0.020275209099054337,
      0.0192519910633564,
      0.018842389807105064,
      0.019386012107133865,
      0.018443899229168892,
      0.01790592074394226,
      0.017066700384020805,
      0.01603333093225956,
      0.01707438938319683,
      0.016264598816633224,
      0.017010046169161797,
      0.016718797385692596,
      0.01615777797996998,
      0.014635429717600346,
      0.014718585647642612,
      0.014893284067511559,
      0.014684452675282955,
      0.014152557589113712,
      0.015116382390260696,
      0.014262646436691284,
      0.014250519685447216,
      0.014456238597631454,
      0.014213679358363152,
      0.013691096566617489,
      0.014202435500919819,
      0.013981360010802746,
      0.012070471420884132,
      0.013019939884543419,
      0.012521392665803432,
      0.012882767245173454,
      0.012637568637728691,
      0.012471630237996578,
      0.014095867052674294,
      0.011994724161922932,
      0.01306291576474905,
      0.012885627336800098,
      0.012324451468884945,
      0.01184079796075821,
      0.012553784064948559,
      0.013439019210636616,
      0.012352973222732544,
      0.012316588312387466,
      0.011926562525331974,
      0.012477069161832333,
      0.012758200988173485,
      0.011511296033859253,
      0.012159214355051517,
      0.011707569472491741,
      0.01280923467129469,
      0.012029805220663548,
      0.012901225127279758,
      0.011794657446444035,
      0.011188593693077564,
      0.012608727440237999,
      0.012678072787821293,
      0.012097619473934174,
      0.011666042730212212,
      0.011810793541371822,
      0.011239531449973583,
      0.012626403011381626,
      0.012875115498900414,
      0.012567044235765934,
      0.011969128623604774,
      0.011520523577928543,
      0.011520648375153542,
      0.010933528654277325,
      0.011649880558252335,
      0.011316010728478432,
      0.011544249951839447,
      0.010871967300772667,
      0.01290713157504797,
      0.01075732707977295,
      0.010842044837772846,
      0.010756446048617363,
      0.011831329204142094,
      0.011466980911791325,
      0.01139233447611332,
      0.011907660402357578,
      0.011093808338046074,
      0.011696494184434414,
      0.011235148645937443,
      0.009927142411470413,
      0.010873825289309025,
      0.010282624512910843,
      0.011564173735678196,
      0.012123298831284046,
      0.01181506086140871,
      0.011725631542503834,
      0.012218632735311985,
      0.010546033270657063,
      0.010046364739537239,
      0.011174522340297699,
      0.011415454559028149,
      0.01067423541098833,
      0.010654731653630733,
      0.009886637330055237,
      0.010281115770339966,
      0.01066577062010765,
      0.010767650790512562,
      0.010120525024831295,
      0.010953749530017376,
      0.011302937753498554,
      0.009700903668999672,
      0.010877602733671665,
      0.0106390081346035,
      0.010222230106592178,
      0.010372119024395943,
      0.01024602074176073,
      0.01046796701848507,
      0.01062465738505125,
      0.010657763108611107,
      0.010118385776877403,
      0.010886096395552158,
      0.011065082624554634,
      0.010885531082749367,
      0.010404074564576149,
      0.01103054080158472,
      0.010541248135268688,
      0.009666968137025833,
      0.01077999360859394,
      0.01083832886070013,
      0.011254276148974895,
      0.010504313744604588,
      0.009807913564145565,
      0.01051706075668335,
      0.010578028857707977,
      0.009869933128356934,
      0.010240199975669384,
      0.010717454366385937,
      0.009984195232391357,
      0.009867565706372261,
      0.011194569990038872,
      0.010035843588411808,
      0.00962288212031126,
      0.010335697792470455,
      0.010330838151276112,
      0.009921522811055183,
      0.01078830286860466,
      0.009692326188087463,
      0.010202441364526749,
      0.01034250296652317,
      0.009916831739246845,
      0.010298274457454681,
      0.009845642372965813,
      0.009223426692187786,
      0.010282060131430626,
      0.011318103410303593,
      0.010017111897468567,
      0.009320182725787163,
      0.010365180671215057,
      0.009885982610285282,
      0.010416573844850063,
      0.010092617012560368,
      0.009890999644994736,
      0.010112461633980274,
      0.0106840580701828,
      0.009171406738460064,
      0.009854329749941826,
      0.0101636266335845,
      0.009721621870994568,
      0.009641848504543304,
      0.008997821249067783,
      0.008973721414804459,
      0.01053360104560852,
      0.010758831165730953,
      0.009475058875977993,
      0.009870513342320919,
      0.010050682350993156,
      0.011283660307526588,
      0.010099755600094795,
      0.010369320400059223,
      0.009535497054457664,
      0.009475610218942165,
      0.009310795925557613,
      0.00921048317104578,
      0.00979230273514986,
      0.009261262603104115,
      0.008602029643952847,
      0.00960541982203722,
      0.00891321524977684,
      0.008743603713810444,
      0.009496508166193962,
      0.011030352674424648,
      0.01010713167488575,
      0.009580172598361969,
      0.009724236093461514,
      0.009775335900485516,
      0.009821392595767975,
      0.009091857820749283,
      0.009749755263328552,
      0.01025824248790741,
      0.009489468298852444,
      0.009815455414354801,
      0.009389475919306278,
      0.009609722532331944,
      0.00976015254855156,
      0.008807351812720299,
      0.009386122226715088,
      0.009547638706862926,
      0.009535817429423332,
      0.009544978849589825,
      0.010631011798977852,
      0.009318352676928043,
      0.009682751260697842,
      0.00957740843296051,
      0.009091685526072979,
      0.009570439346134663,
      0.009257655590772629,
      0.010213429108262062,
      0.009758277796208858,
      0.00913365837186575,
      0.010380366817116737,
      0.008508837781846523,
      0.009792560711503029,
      0.009869692847132683,
      0.009250706061720848,
      0.010051488876342773,
      0.008905190043151379,
      0.009349486790597439,
      0.009426982142031193,
      0.0091895442456007,
      0.009243684820830822,
      0.010073719546198845,
      0.009120980277657509,
      0.009398269467055798,
      0.009403733536601067,
      0.009121337905526161,
      0.009602252393960953,
      0.009379000402987003,
      0.009392834268510342,
      0.00880564097315073,
      0.00907894503325224,
      0.009094761684536934,
      0.009088646620512009,
      0.008685179986059666,
      0.009399729780852795,
      0.008979430422186852,
      0.009724294766783714,
      0.009096541441977024,
      0.00881409365683794,
      0.008257430046796799,
      0.008840282447636127,
      0.008800347335636616,
      0.009993016719818115,
      0.009922783821821213,
      0.008484111167490482,
      0.009693642146885395,
      0.008773716166615486,
