{
   "number_epochs": 300,
   "info_used": "use imputation",
   "perc_full_data": 0.1,
   "n_epochs_no_selection": 0,
   "Frequency % cutoff": 0.3,
   "hidden_size": 32,
   "random_state": 11,
   "train_errors": [
      0.05975509434938431,
      0.058603595942258835,
      0.057739026844501495,
      0.056350406259298325,
      0.0556039921939373,
      0.054247401654720306,
      0.052910216152668,
      0.051606785506010056,
      0.04932883754372597,
      0.04802154749631882,
      0.04597968980669975,
      0.04402885213494301,
      0.041982974857091904,
      0.03979277238249779,
      0.038391321897506714,
      0.0345890186727047,
      0.032316647469997406,
      0.03031083196401596,
      0.029143739491701126,
      0.027061501517891884,
      0.026361465454101562,
      0.024473443627357483,
      0.02355506829917431,
      0.02363702654838562,
      0.022979704663157463,
      0.02332434616982937,
      0.020309191197156906,
      0.023014875128865242,
      0.021036628633737564,
      0.01920936070382595,
      0.020090050995349884,
      0.018375642597675323,
      0.017939921468496323,
      0.01806710660457611,
      0.01714497245848179,
      0.018471306189894676,
      0.015798285603523254,
      0.01642782799899578,
      0.01662611961364746,
      0.015073276124894619,
      0.015039656311273575,
      0.015112721361219883,
      0.016236459836363792,
      0.014388401061296463,
      0.014568821527063847,
      0.015027904883027077,
      0.013482793234288692,
      0.013612976297736168,
      0.014221361838281155,
      0.012839599512517452,
      0.013217946514487267,
      0.01278969831764698,
      0.01265439111739397,
      0.012851197272539139,
      0.013853119686245918,
      0.012598549015820026,
      0.012022215873003006,
      0.012439948506653309,
      0.012465586885809898,
      0.011691771447658539,
      0.011951197870075703,
      0.01141729298979044,
      0.012969061732292175,
      0.011079711839556694,
      0.011050826869904995,
      0.010405456647276878,
      0.011305076070129871,
      0.011064997874200344,
      0.010938686318695545,
      0.011171211488544941,
      0.0114244120195508,
      0.011989735066890717,
      0.010362076573073864,
      0.011084518395364285,
      0.010532290674746037,
      0.010947972536087036,
      0.010809340514242649,
      0.009837557561695576,
      0.011464178562164307,
      0.011204569600522518,
      0.010426140390336514,
      0.009639170952141285,
      0.010446330532431602,
      0.010050283744931221,
      0.010668116621673107,
      0.009669262915849686,
      0.009158551692962646,
      0.010291291400790215,
      0.01018697489053011,
      0.009701739065349102,
      0.01057342067360878,
      0.009506702423095703,
      0.010398395359516144,
      0.009234245866537094,
      0.010047253221273422,
      0.009957917034626007,
      0.009305901825428009,
      0.00996583141386509,
      0.010083374567329884,
      0.009391753934323788,
      0.008775251917541027,
      0.008417834527790546,
      0.009787330403923988,
      0.009636900387704372,
      0.009825408458709717,
      0.009405185468494892,
      0.009878969751298428,
      0.00885823741555214,
      0.009974667802453041,
      0.009227123111486435,
      0.009055760689079762,
      0.009738852269947529,
      0.0099465511739254,
      0.009404384531080723,
      0.00983754638582468,
      0.009403441101312637,
      0.010092679411172867,
      0.0098809152841568,
      0.00935928151011467,
      0.009032278321683407,
      0.009174386039376259,
      0.008939736522734165,
      0.009766017086803913,
      0.008994203060865402,
      0.008406003005802631,
      0.00914811436086893,
      0.009716102853417397,
      0.008940906263887882,
      0.009148200042545795,
      0.009287274442613125,
      0.009006958454847336,
      0.00967489555478096,
      0.00942175928503275,
      0.009373986162245274,
      0.00899605080485344,
      0.008962443098425865,
      0.008374909870326519,
      0.008936699479818344,
      0.009731466881930828,
      0.008199600502848625,
      0.00835074670612812,
      0.008640813641250134,
      0.008622217923402786,
      0.008601607754826546,
      0.008422614075243473,
      0.009076924994587898,
      0.009022409096360207,
      0.008698162622749805,
      0.007924390025436878,
      0.00885211955755949,
      0.00796081405133009,
      0.008294901810586452,
      0.008177650161087513,
      0.008287910372018814,
      0.008256729692220688,
      0.009063659235835075,
      0.009303154423832893,
      0.007884135469794273,
      0.008554519154131413,
      0.00813159067183733,
      0.008606855757534504,
      0.008386819623410702,
      0.00804646871984005,
      0.00836723018437624,
      0.008543153293430805,
      0.008044575341045856,
      0.009024473838508129,
      0.008037887513637543,
      0.008303572423756123,
      0.008128983899950981,
      0.007949424907565117,
      0.00873532798141241,
      0.007796110585331917,
      0.00910400040447712,
      0.009288094006478786,
      0.008563943207263947,
      0.008316955529153347,
      0.009033408015966415,
      0.00878765620291233,
      0.008273194544017315,
      0.007976547814905643,
      0.008555008098483086,
      0.007922900840640068,
      0.0086901830509305,
      0.008370552211999893,
      0.008659114129841328,
      0.008726418018341064,
      0.008533874526619911,
      0.007170593831688166,
      0.008085833862423897,
      0.007198773790150881,
      0.007502187509089708,
      0.008429539389908314,
      0.008629909716546535,
      0.008282622322440147,
      0.008288398385047913,
      0.007944326847791672,
      0.007066268473863602,
      0.007941063493490219,
      0.007942736148834229,
      0.0074884588830173016,
      0.008652854710817337,
      0.008029390126466751,
      0.008646042086184025,
      0.007850021123886108,
      0.008159331977367401,
      0.00753222918137908,
      0.007868488319218159,
      0.009248915128409863,
      0.007351222448050976,
      0.007952100597321987,
      0.008103908970952034,
      0.007915080524981022,
      0.00881015695631504,
      0.00768591882660985,
      0.007640231866389513,
      0.00758753065019846,
      0.008234740234911442,
      0.007529514376074076,
      0.008855387568473816,
      0.008115986362099648,
      0.007878522388637066,
      0.008897549472749233,
      0.00807395949959755,
      0.007741663139313459,
      0.008355559781193733,
      0.0075420839712023735,
      0.00892386119812727,
      0.007960932329297066,
      0.007207509595900774,
      0.007115715183317661,
      0.008129020221531391,
      0.008590193465352058,
      0.008395125158131123,
      0.007737299427390099,
      0.008044665679335594,
      0.007441200315952301,
      0.008273148909211159,
      0.007762137800455093,
      0.007425331510603428,
      0.007890570908784866,
      0.007756809238344431,
      0.008370066061615944,
      0.0071518453769385815,
      0.008061785250902176,
      0.007677291985601187,
      0.007359317969530821,
      0.007951031439006329,
      0.006733973044902086,
      0.008534092456102371,
      0.008036890998482704,
      0.009254598058760166,
      0.007765268441289663,
      0.007407007273286581,
      0.007894625887274742,
      0.008602934889495373,
      0.007346912287175655,
      0.00800534337759018,
      0.008113695308566093,
      0.007149257697165012,
      0.007042629178613424,
      0.00748087652027607,
      0.007504266686737537,
      0.007880146615207195,
      0.007811876479536295,
      0.007398609071969986,
      0.00798690877854824,
      0.007878762669861317,
      0.008953940123319626,
      0.008035040460526943,
      0.008534173481166363,
      0.007264639250934124,
      0.007651513908058405,
      0.0073025221936404705,
      0.00807173177599907,
      0.007667260710150003,
      0.007272199261933565,
      0.007725160103291273,
      0.0075804502703249454,
      0.008252095431089401,
