{
   "number_epochs": 300,
   "info_used": "use imputation",
   "perc_full_data": 0.1,
   "n_epochs_no_selection": 0,
   "Frequency % cutoff": 0.3,
   "hidden_size": 32,
   "random_state": 7,
   "train_errors": [
      0.0634990930557251,
      0.058410562574863434,
      0.05590417608618736,
      0.054879993200302124,
      0.0541287362575531,
      0.051490142941474915,
      0.04862275719642639,
      0.04671059176325798,
      0.04445156827569008,
      0.043516021221876144,
      0.04272415116429329,
      0.0406772643327713,
      0.040112417191267014,
      0.03835861384868622,
      0.037692416459321976,
      0.034956272691488266,
      0.033941809087991714,
      0.0331539511680603,
      0.030571408569812775,
      0.03030954860150814,
      0.028141431510448456,
      0.029437314718961716,
      0.02709721215069294,
      0.0276542529463768,
      0.02512018010020256,
      0.025624269619584084,
      0.024960899725556374,
      0.023934317752718925,
      0.0232542734593153,
      0.024822667241096497,
      0.024321043863892555,
      0.022698083892464638,
      0.02330075018107891,
      0.022608881816267967,
      0.021904028952121735,
      0.02158946730196476,
      0.02150675281882286,
      0.02271829918026924,
      0.021962178871035576,
      0.022126607596874237,
      0.020653989166021347,
      0.020756935700774193,
      0.019771624356508255,
      0.019795706495642662,
      0.019977668300271034,
      0.01935587078332901,
      0.020131386816501617,
      0.018313754349946976,
      0.019322939217090607,
      0.019242603331804276,
      0.01790817454457283,
      0.017715103924274445,
      0.016536308452486992,
      0.017468716949224472,
      0.016813021153211594,
      0.01608317717909813,
      0.017749032005667686,
      0.016271430999040604,
      0.0172550268471241,
      0.017942428588867188,
      0.01802925206720829,
      0.01801227778196335,
      0.01710892654955387,
      0.016189726069569588,
      0.015438107773661613,
      0.015794597566127777,
      0.01519874669611454,
      0.01604454591870308,
      0.01543204952031374,
      0.01584138348698616,
      0.016224564984440804,
      0.014637191779911518,
      0.014035200700163841,
      0.013500748202204704,
      0.014183497056365013,
      0.013941367156803608,
      0.01378416083753109,
      0.014328952878713608,
      0.014202937483787537,
      0.013712421990931034,
      0.012953385710716248,
      0.014612402766942978,
      0.013763592578470707,
      0.014987294562160969,
      0.013977961614727974,
      0.013987500220537186,
      0.012433215975761414,
      0.013705013319849968,
      0.014400627464056015,
      0.013804173097014427,
      0.012185954488813877,
      0.012922187335789204,
      0.01241186074912548,
      0.012245397083461285,
      0.012870574370026588,
      0.013007305562496185,
      0.012862796895205975,
      0.011991161853075027,
      0.011458372697234154,
      0.01235921774059534,
      0.011751266196370125,
      0.011764001101255417,
      0.011675002053380013,
      0.013142168521881104,
      0.011479847133159637,
      0.01170437317341566,
      0.013131069019436836,
      0.012157904915511608,
      0.012472499161958694,
      0.012982402928173542,
      0.010722130537033081,
      0.011737070977687836,
      0.012266728095710278,
      0.012564650736749172,
      0.011632885783910751,
      0.01093926653265953,
      0.012507808394730091,
      0.01276267971843481,
      0.013024970889091492,
      0.011028516106307507,
      0.011816386133432388,
      0.012485100887715816,
      0.011685810051858425,
      0.01178850419819355,
      0.011732586659491062,
      0.011673659086227417,
      0.00979778915643692,
      0.011836382560431957,
      0.01106311846524477,
      0.010785958729684353,
      0.012074662372469902,
      0.010324712842702866,
      0.01089312694966793,
      0.011662738397717476,
      0.010501569136977196,
      0.012324852868914604,
      0.011531279422342777,
      0.011221224442124367,
      0.011158294975757599,
      0.011432917788624763,
      0.01084265485405922,
      0.011327669955790043,
      0.011069931089878082,
      0.011844022199511528,
      0.012557185254991055,
      0.011117598973214626,
      0.011380129493772984,
      0.010379997082054615,
      0.010564068332314491,
      0.011763889342546463,
      0.011896563693881035,
      0.011009369045495987,
      0.011457882821559906,
      0.011837903410196304,
      0.010479670949280262,
      0.011130710132420063,
      0.01136720273643732,
      0.01101017277687788,
      0.011679757386446,
      0.01176984142512083,
      0.010026275180280209,
      0.01109628938138485,
      0.010686181485652924,
      0.0113676181063056,
      0.011770863085985184,
      0.010828799568116665,
      0.012238808907568455,
      0.010771415196359158,
      0.01219636294990778,
      0.010101084597408772,
      0.012142372317612171,
      0.011569857597351074,
      0.011290756985545158,
      0.010851387865841389,
      0.011898724362254143,
      0.010841530747711658,
      0.012688125483691692,
      0.011008074507117271,
      0.010296857915818691,
      0.010291215032339096,
      0.010781302116811275,
      0.009892376139760017,
      0.012118254788219929,
      0.010386765003204346,
      0.01043026801198721,
      0.009932192973792553,
      0.009927120059728622,
      0.010750344023108482,
      0.012207714840769768,
      0.010046172887086868,
      0.01012203935533762,
      0.010673449374735355,
      0.011481013149023056,
      0.010846148245036602,
      0.010534456931054592,
      0.010374554432928562,
      0.011226942762732506,
      0.010114357806742191,
      0.010362820699810982,
      0.010511692613363266,
      0.01078334916383028,
      0.010381798259913921,
      0.010044896975159645,
      0.010592544451355934,
      0.010481365956366062,
      0.011419026181101799,
      0.010556261986494064,
      0.011480553075671196,
      0.010236144065856934,
      0.010767471045255661,
      0.011527438648045063,
      0.010178868658840656,
      0.010552013292908669,
      0.010878300294280052,
      0.011497565545141697,
      0.009278427809476852,
      0.010125210508704185,
      0.010473694652318954,
      0.009613829664885998,
      0.010083938017487526,
      0.01026873104274273,
      0.010753142647445202,
      0.010865355841815472,
      0.009953361004590988,
      0.009431683458387852,
      0.011683006770908833,
      0.010739087127149105,
      0.010509892366826534,
      0.010511436499655247,
      0.010334933176636696,
      0.010422996245324612,
      0.010234138928353786,
      0.010459551587700844,
      0.009991751983761787,
      0.009902238845825195,
      0.009721271693706512,
      0.010414141230285168,
      0.010085226967930794,
      0.011940681375563145,
      0.011609070934355259,
      0.010910357348620892,
      0.009768061339855194,
      0.009539175778627396,
      0.009662359952926636,
      0.010206901468336582,
      0.010727519169449806,
      0.01025392860174179,
      0.009864852763712406,
      0.00991232879459858,
      0.010286995209753513,
      0.010197274386882782,
      0.01002716924995184,
      0.010968642309308052,
      0.01073277648538351,
      0.010355917736887932,
      0.010505975224077702,
      0.01012183353304863,
      0.010868511162698269,
      0.009729781188070774,
      0.009855564683675766,
      0.010009235702455044,
      0.009862746112048626,
      0.009238016791641712,
      0.009480059146881104,
      0.009930464439094067,
      0.011647483333945274,
      0.01019596029073,
      0.010432956740260124,
      0.010127619840204716,
      0.009903152473270893,
      0.010167882777750492,
      0.00963208544999361,
      0.010116268880665302,
      0.009750903584063053,
      0.010435208678245544,
      0.009538006968796253,
      0.010094728320837021,
      0.010604077018797398,
      0.010244205594062805,
      0.010622107423841953,
