{
   "number_epochs": 300,
   "info_used": "use imputation",
   "perc_full_data": 0.1,
   "n_epochs_no_selection": 0,
   "Frequency % cutoff": 0.3,
   "hidden_size": 32,
   "random_state": 8,
   "train_errors": [
      0.0866636261343956,
      0.07642718404531479,
      0.06961802393198013,
      0.06426960229873657,
      0.06176759675145149,
      0.06016198545694351,
      0.0592309907078743,
      0.05797824263572693,
      0.05853749439120293,
      0.055010758340358734,
      0.052462633699178696,
      0.05086694285273552,
      0.049892790615558624,
      0.0472431518137455,
      0.04588642343878746,
      0.04307961463928223,
      0.04080399125814438,
      0.03876402601599693,
      0.03671525791287422,
      0.03573149815201759,
      0.03357831761240959,
      0.03130326047539711,
      0.02979433536529541,
      0.028808075934648514,
      0.028383247554302216,
      0.026255693286657333,
      0.02608899585902691,
      0.02510063163936138,
      0.02501533553004265,
      0.02499927394092083,
      0.024100830778479576,
      0.024353202432394028,
      0.02399873174726963,
      0.02333962917327881,
      0.021836653351783752,
      0.02168864943087101,
      0.02149493619799614,
      0.022202162072062492,
      0.021419281139969826,
      0.020361319184303284,
      0.020523695275187492,
      0.020385228097438812,
      0.020091071724891663,
      0.018056120723485947,
      0.019092613831162453,
      0.018472520634531975,
      0.01877742074429989,
      0.017772717401385307,
      0.01850133202970028,
      0.01794942282140255,
      0.018723461776971817,
      0.0177001990377903,
      0.017755942419171333,
      0.01879243552684784,
      0.016653576865792274,
      0.01688986085355282,
      0.016509944573044777,
      0.01808256097137928,
      0.016444122418761253,
      0.01622062548995018,
      0.017427101731300354,
      0.016397962346673012,
      0.016033200547099113,
      0.01671169139444828,
      0.01579839177429676,
      0.015543026849627495,
      0.015980511903762817,
      0.01552015170454979,
      0.015075244940817356,
      0.01571916975080967,
      0.015372402966022491,
      0.015160853043198586,
      0.01587332785129547,
      0.015164854936301708,
      0.015529194846749306,
      0.014845621772110462,
      0.013965846039354801,
      0.01507800817489624,
      0.013380967080593109,
      0.014535869471728802,
      0.01501433178782463,
      0.01395330484956503,
      0.014254225417971611,
      0.014963746070861816,
      0.013572166673839092,
      0.014826789498329163,
      0.01389459241181612,
      0.014246203005313873,
      0.013894153758883476,
      0.01392549928277731,
      0.014077838510274887,
      0.013742760755121708,
      0.012910857796669006,
      0.014283810742199421,
      0.014393934980034828,
      0.012381562031805515,
      0.013818244449794292,
      0.01331784762442112,
      0.013677092269062996,
      0.013620556332170963,
      0.012744991108775139,
      0.013642143458127975,
      0.012258433736860752,
      0.01266429852694273,
      0.012435615994036198,
      0.013317455537617207,
      0.011789259500801563,
      0.01262365747243166,
      0.012344730086624622,
      0.012673969380557537,
      0.011776432394981384,
      0.012380065396428108,
      0.012855310924351215,
      0.012253852561116219,
      0.012692870572209358,
      0.012047050520777702,
      0.013128010556101799,
      0.012400619685649872,
      0.011520138941705227,
      0.012320359237492085,
      0.012761877849698067,
      0.012275286950170994,
      0.011304614134132862,
      0.011907704174518585,
      0.012488274835050106,
      0.011275731027126312,
      0.012749207206070423,
      0.011380767449736595,
      0.011965533718466759,
      0.011929371394217014,
      0.011715063825249672,
      0.012730499729514122,
      0.011380210518836975,
      0.012804999947547913,
      0.011533226817846298,
      0.011092066764831543,
      0.011566865257918835,
      0.011678225360810757,
      0.011370492167770863,
      0.01224520057439804,
      0.0115197217091918,
      0.011573067866265774,
      0.010638157837092876,
      0.010803942568600178,
      0.011728905141353607,
      0.01133168488740921,
      0.011992482468485832,
      0.012443996965885162,
      0.012153152376413345,
      0.010962653905153275,
      0.011087379418313503,
      0.012172803282737732,
      0.010939848609268665,
      0.010836337693035603,
      0.01070959959179163,
      0.01128583773970604,
      0.01128574088215828,
      0.010465587489306927,
      0.010607585310935974,
      0.011070946231484413,
      0.011214091442525387,
      0.010753268375992775,
      0.010945741087198257,
      0.010782450437545776,
      0.012028892524540424,
      0.010704010725021362,
      0.011032866314053535,
      0.010098667815327644,
      0.010435780510306358,
      0.01134483702480793,
      0.012514162808656693,
      0.01162161398679018,
      0.010353359393775463,
      0.010817771777510643,
      0.010058877058327198,
      0.010342060588300228,
      0.010761958546936512,
      0.011070441454648972,
      0.011193753220140934,
      0.010827991180121899,
      0.011317181400954723,
      0.009731392376124859,
      0.011762873269617558,
      0.010430683381855488,
      0.011926746927201748,
      0.010691085830330849,
      0.01132579892873764,
      0.0119238356128335,
      0.010817366652190685,
      0.010053528472781181,
      0.010965388268232346,
      0.010796280577778816,
      0.010604731738567352,
      0.010995673947036266,
      0.010778904892504215,
      0.010567433200776577,
      0.010495995171368122,
      0.010478859767317772,
      0.010731413960456848,
      0.010881316848099232,
      0.012438362464308739,
      0.01044249814003706,
      0.010414203628897667,
      0.010278708301484585,
      0.010308879427611828,
      0.010634951293468475,
      0.011020286940038204,
      0.011379172094166279,
      0.010453860275447369,
      0.010578601621091366,
      0.009824116714298725,
      0.009869354777038097,
      0.010821348987519741,
      0.011035739444196224,
      0.010200081393122673,
      0.010840927250683308,
      0.009443827904760838,
      0.010310737416148186,
      0.010213084518909454,
      0.010585907846689224,
      0.011167067103087902,
      0.010836082510650158,
      0.010305522009730339,
      0.009828164242208004,
      0.01022807601839304,
      0.010190412402153015,
      0.010140900500118732,
      0.009789146482944489,
      0.009159019216895103,
      0.011254464276134968,
      0.009826024062931538,
      0.010520746931433678,
      0.010586414486169815,
      0.010900161229074001,
      0.010160332545638084,
      0.01057389099150896,
      0.010370930656790733,
      0.010426562279462814,
      0.010055125690996647,
      0.011346581391990185,
      0.010482517071068287,
      0.010730594396591187,
      0.010470272973179817,
      0.010027083568274975,
      0.010362381115555763,
      0.009594635106623173,
      0.0103184524923563,
      0.011080697178840637,
      0.010188208892941475,
      0.010208367370069027,
      0.010204171761870384,
      0.010371661745011806,
      0.009256451390683651,
      0.010378454811871052,
      0.009712905623018742,
      0.010047724470496178,
      0.009812274016439915,
      0.009663333185017109,
      0.009947084821760654,
      0.010046730749309063,
      0.010628505609929562,
      0.009846966713666916,
      0.010115458630025387,
      0.010832653380930424,
      0.010312371887266636,
      0.010201933793723583,
      0.00999915599822998,
      0.010364086367189884,
      0.009523358196020126,
      0.00990417692810297,
      0.010284463874995708,
      0.009883014485239983,
      0.010295703075826168,
      0.009948146529495716,
      0.009330470114946365,
      0.010472790338099003,
      0.010935151018202305,
      0.009320836514234543,
      0.009330336935818195,
      0.010482695885002613,
