{
   "number_epochs": 300,
   "info_used": "use imputation",
   "perc_full_data": 0.1,
   "n_epochs_no_selection": 0,
   "Frequency % cutoff": 0.3,
   "hidden_size": 32,
   "random_state": 10,
   "train_errors": [
      0.04322535917162895,
      0.04171670228242874,
      0.04107917472720146,
      0.03995092958211899,
      0.03895939141511917,
      0.038060519844293594,
      0.03721657767891884,
      0.036321111023426056,
      0.034744877368211746,
      0.033291153609752655,
      0.03134049102663994,
      0.030884720385074615,
      0.029358956962823868,
      0.02826121263206005,
      0.02628789283335209,
      0.024786727502942085,
      0.02420227974653244,
      0.02298077382147312,
      0.022872483357787132,
      0.021316129714250565,
      0.020802300423383713,
      0.021099722012877464,
      0.020207760855555534,
      0.019606497138738632,
      0.019389811903238297,
      0.018624048680067062,
      0.01861489750444889,
      0.01782645285129547,
      0.01770898886024952,
      0.017826315015554428,
      0.016483252868056297,
      0.01708679087460041,
      0.016378024592995644,
      0.017046863213181496,
      0.016924463212490082,
      0.016686763614416122,
      0.016231322661042213,
      0.01606372557580471,
      0.01535087637603283,
      0.015920797362923622,
      0.015059273689985275,
      0.01423465833067894,
      0.014311414211988449,
      0.014294948428869247,
      0.014599326997995377,
      0.014507777988910675,
      0.014411933720111847,
      0.014166632667183876,
      0.013640095479786396,
      0.013541659340262413,
      0.01446591131389141,
      0.013418651185929775,
      0.013865210115909576,
      0.014007587917149067,
      0.013221737928688526,
      0.013562740758061409,
      0.012789900414645672,
      0.013717572204768658,
      0.012748878449201584,
      0.01205439493060112,
      0.013187729753553867,
      0.013215857557952404,
      0.012913293205201626,
      0.011670025065541267,
      0.012100955471396446,
      0.01182696782052517,
      0.012161740101873875,
      0.011771515011787415,
      0.011805378831923008,
      0.011496810242533684,
      0.012515473179519176,
      0.012220185250043869,
      0.011734846979379654,
      0.011864148080348969,
      0.01210450753569603,
      0.011679080314934254,
      0.012172553688287735,
      0.011996718123555183,
      0.012770802713930607,
      0.011465298011898994,
      0.011808287352323532,
      0.01298482995480299,
      0.01146702654659748,
      0.011483109556138515,
      0.011983557604253292,
      0.011666837148368359,
      0.011754745617508888,
      0.010604789480566978,
      0.011161567643284798,
      0.011852547526359558,
      0.010959050618112087,
      0.011015157215297222,
      0.011945915408432484,
      0.011427124962210655,
      0.011086936108767986,
      0.010552811436355114,
      0.010892903432250023,
      0.011019527912139893,
      0.011425759643316269,
      0.011248278431594372,
      0.010948008857667446,
      0.010417708195745945,
      0.010565872304141521,
      0.01106021087616682,
      0.010659823194146156,
      0.011492541991174221,
      0.010385976172983646,
      0.01118356455117464,
      0.009542563930153847,
      0.010547878220677376,
      0.010278948582708836,
      0.010583244264125824,
      0.010848293080925941,
      0.010201743803918362,
      0.011170435696840286,
      0.010364017449319363,
      0.010347842238843441,
      0.011868197470903397,
      0.010941948741674423,
      0.010097851976752281,
      0.010515403933823109,
      0.010953899472951889,
      0.010668444447219372,
      0.010337970219552517,
      0.010971919633448124,
      0.010541470721364021,
      0.010970966890454292,
      0.009122149087488651,
      0.009912516921758652,
      0.009766429662704468,
      0.010530619882047176,
      0.010247725062072277,
      0.010397992096841335,
      0.010895171202719212,
      0.010026892647147179,
      0.010246931575238705,
      0.009894870221614838,
      0.00978138204663992,
      0.010178391821682453,
      0.009636976756155491,
      0.010503802448511124,
      0.010130687616765499,
      0.010743912309408188,
      0.010109924711287022,
      0.009995373897254467,
      0.010234578512609005,
      0.009608644060790539,
      0.009275153279304504,
      0.010209104046225548,
      0.009555952623486519,
      0.009570453315973282,
      0.009717934764921665,
      0.009712718427181244,
      0.010702149011194706,
      0.010164843872189522,
      0.010529888793826103,
      0.010364162735641003,
      0.010928584262728691,
      0.009914773516356945,
      0.009643306955695152,
      0.010386969894170761,
      0.009342272765934467,
      0.009553492069244385,
      0.010129516012966633,
      0.009401895105838776,
      0.00995758455246687,
      0.01002473570406437,
      0.009015736170113087,
      0.009970242157578468,
      0.009229767136275768,
      0.009464315138757229,
      0.009140059351921082,
      0.008814985863864422,
      0.009891514666378498,
      0.00944141298532486,
      0.009101714007556438,
      0.009635278955101967,
      0.01070498302578926,
      0.010386143811047077,
      0.009232066571712494,
      0.00951662939041853,
      0.009502613916993141,
      0.009805586189031601,
      0.009225448593497276,
      0.009264563210308552,
      0.009317141957581043,
      0.0084610003978014,
      0.010443062521517277,
      0.008271764032542706,
      0.009860707446932793,
      0.0099684689193964,
      0.009112260304391384,
      0.010445557534694672,
      0.009862513281404972,
      0.009120795875787735,
      0.009093566797673702,
      0.008406936191022396,
      0.009374325163662434,
      0.00923018716275692,
      0.009054210968315601,
      0.009723890572786331,
      0.009253845550119877,
      0.009204425849020481,
      0.008698399178683758,
      0.008947216905653477,
      0.009226650930941105,
      0.009610923007130623,
      0.009529606439173222,
      0.009163029491901398,
      0.00895013753324747,
      0.008516478352248669,
      0.008692322298884392,
      0.008503667078912258,
      0.009481125511229038,
      0.008667988702654839,
      0.009155327454209328,
      0.008842499926686287,
      0.008955057710409164,
      0.009010433219373226,
      0.009170269593596458,
      0.008663006126880646,
      0.0083576999604702,
      0.009385298937559128,
      0.008649884723126888,
      0.00907975435256958,
      0.008994403295218945,
      0.008629262447357178,
      0.008801390416920185,
      0.009062103927135468,
      0.00953645072877407,
      0.008952279575169086,
      0.008751804940402508,
      0.00907107163220644,
      0.009365483187139034,
      0.00839773379266262,
      0.008988372050225735,
      0.008091372437775135,
      0.009601362980902195,
      0.008683116175234318,
      0.008686728775501251,
      0.008434688672423363,
      0.00842764601111412,
      0.008195252157747746,
      0.00834954809397459,
      0.008775425143539906,
      0.008445612154901028,
      0.00916716456413269,
      0.008525093086063862,
      0.00926478486508131,
      0.008489296771585941,
      0.008351418189704418,
      0.008445520885288715,
      0.008244101889431477,
      0.009726785123348236,
      0.009576072916388512,
      0.00846529845148325,
      0.00875566154718399,
      0.008150015957653522,
      0.008890059776604176,
      0.008029707707464695,
      0.008455783128738403,
      0.008298858068883419,
      0.008690273389220238,
      0.008309619501233101,
      0.008080375380814075,
      0.009220652282238007,
      0.00872485339641571,
      0.008451211266219616,
      0.007964614778757095,
      0.007912474684417248,
      0.008527584373950958,
      0.009057307615876198,
      0.00814678892493248,
      0.008099383674561977,
      0.008080433122813702,
      0.007751071825623512,
      0.008266650140285492,
      0.008995646610856056,
      0.00842639897018671,
