{
   "number_epochs": 300,
   "info_used": "use imputation",
   "perc_full_data": 0.3,
   "n_epochs_no_selection": 0,
   "Frequency % cutoff": 0.3,
   "hidden_size": 32,
   "random_state": 11,
   "train_errors": [
      0.059909772127866745,
      0.05862131714820862,
      0.05748381093144417,
      0.0565471388399601,
      0.056083790957927704,
      0.0554933026432991,
      0.054747942835092545,
      0.05396468564867973,
      0.05276237800717354,
      0.05154239386320114,
      0.05050607770681381,
      0.04959811642765999,
      0.047964733093976974,
      0.04643838107585907,
      0.04567817971110344,
      0.04179855436086655,
      0.039620425552129745,
      0.03813939914107323,
      0.036515023559331894,
      0.034286923706531525,
      0.03243844211101532,
      0.03050614893436432,
      0.02941737323999405,
      0.02699638158082962,
      0.026952439919114113,
      0.02721526101231575,
      0.023962408304214478,
      0.026845984160900116,
      0.023536134511232376,
      0.02224550023674965,
      0.023305585607886314,
      0.020937951281666756,
      0.021562209352850914,
      0.021512240171432495,
      0.020536016672849655,
      0.021475542336702347,
      0.018772756680846214,
      0.019097600132226944,
      0.019210441038012505,
      0.01836434379220009,
      0.01855219341814518,
      0.018248412758111954,
      0.01925835758447647,
      0.01796243153512478,
      0.017329566180706024,
      0.018402621150016785,
      0.01651359722018242,
      0.016547929495573044,
      0.017163002863526344,
      0.015767404809594154,
      0.01647016778588295,
      0.015559370629489422,
      0.01582166738808155,
      0.016264529898762703,
      0.016512949019670486,
      0.014905917458236217,
      0.015076316893100739,
      0.014790737070143223,
      0.014989213086664677,
      0.01424857322126627,
      0.014423880726099014,
      0.013715405948460102,
      0.014326854608952999,
      0.013047953136265278,
      0.012698519974946976,
      0.013401749543845654,
      0.013642445206642151,
      0.012999828904867172,
      0.01340655516833067,
      0.012519268319010735,
      0.013112332671880722,
      0.013680637814104557,
      0.012701066210865974,
      0.013002944178879261,
      0.012280883267521858,
      0.012519282288849354,
      0.012409388087689877,
      0.011945098638534546,
      0.013347613625228405,
      0.012625999748706818,
      0.012564113363623619,
      0.012247738428413868,
      0.012433040887117386,
      0.011815561912953854,
      0.012468207627534866,
      0.011562694795429707,
      0.010758202522993088,
      0.01218715962022543,
      0.011723228730261326,
      0.01215369813144207,
      0.011968334205448627,
      0.011403510347008705,
      0.012277049943804741,
      0.011005162261426449,
      0.011350860819220543,
      0.011650674045085907,
      0.011196761392056942,
      0.011544495820999146,
      0.011322250589728355,
      0.011051100678741932,
      0.010409609414637089,
      0.010867996141314507,
      0.01137774158269167,
      0.010480362921953201,
      0.010767791420221329,
      0.0104488804936409,
      0.011258099228143692,
      0.010331926867365837,
      0.011279980652034283,
      0.010304635390639305,
      0.010127469897270203,
      0.010919014923274517,
      0.011401748284697533,
      0.010971144773066044,
      0.01160331629216671,
      0.011064066551625729,
      0.011477856896817684,
      0.011113791726529598,
      0.010859993286430836,
      0.010811817832291126,
      0.010133683681488037,
      0.010957131162285805,
      0.010176432318985462,
      0.009625617414712906,
      0.0099928118288517,
      0.01085177157074213,
      0.010762089863419533,
      0.010200463235378265,
      0.010305771604180336,
      0.010864353738725185,
      0.009874770417809486,
      0.011129231192171574,
      0.010234612971544266,
      0.010233772918581963,
      0.010884745977818966,
      0.011351626366376877,
      0.009844344109296799,
      0.010292143560945988,
      0.011913473717868328,
      0.009721701964735985,
      0.009537188336253166,
      0.010387230664491653,
      0.010485884733498096,
      0.009950907900929451,
      0.01051001250743866,
      0.011295934207737446,
      0.010162955150008202,
      0.009472906589508057,
      0.009628399275243282,
      0.009649138897657394,
      0.009598945267498493,
      0.00949430838227272,
      0.009678009897470474,
      0.0094950245693326,
      0.009657103568315506,
      0.011043799109756947,
      0.01123539824038744,
      0.009366476908326149,
      0.010198728181421757,
      0.00941456202417612,
      0.010854480788111687,
      0.009181540459394455,
      0.009714107029139996,
      0.01003478467464447,
      0.009747784584760666,
      0.010015898384153843,
      0.010991798713803291,
      0.00922530610114336,
      0.009657043032348156,
      0.009570101276040077,
      0.00981173012405634,
      0.010126983746886253,
      0.010099501349031925,
      0.01032458245754242,
      0.011140524409711361,
      0.01049178559333086,
      0.010164117440581322,
      0.010310837998986244,
      0.010850975289940834,
      0.010361774824559689,
      0.010020074434578419,
      0.010305050760507584,
      0.0095328688621521,
      0.009999793954193592,
      0.009937274269759655,
      0.009612677618861198,
      0.01031785923987627,
      0.010197252966463566,
      0.00894435029476881,
      0.009339476935565472,
      0.009158198721706867,
      0.0092830341309309,
      0.010238063521683216,
      0.009955253452062607,
      0.010228634811937809,
      0.01104089803993702,
      0.010145715437829494,
      0.008994625881314278,
      0.009480915032327175,
      0.010066723451018333,
      0.008996617048978806,
      0.010241434909403324,
      0.00890203658491373,
      0.011656119488179684,
      0.01037404965609312,
      0.01047500129789114,
      0.009581763297319412,
      0.010123335756361485,
      0.01018500979989767,
      0.008767168037593365,
      0.009801862761378288,
      0.010563697665929794,
      0.00906463898718357,
      0.009787789545953274,
      0.009772722609341145,
      0.009712712839245796,
      0.009145927615463734,
      0.00931816827505827,
      0.008955853059887886,
      0.010012666694819927,
      0.00911399070173502,
      0.009948629885911942,
      0.010671569034457207,
      0.010279086418449879,
      0.009391696192324162,
      0.009867275133728981,
      0.009161178953945637,
      0.009562636725604534,
      0.00987740233540535,
      0.009433308616280556,
      0.008778030052781105,
      0.009799940511584282,
      0.010656519792973995,
      0.009772234596312046,
      0.009088966995477676,
      0.009896991774439812,
      0.009479111060500145,
      0.009058641269803047,
      0.010258305817842484,
      0.009472889825701714,
      0.009651961736381054,
      0.010087346658110619,
      0.01023842953145504,
      0.008524934761226177,
      0.009894710965454578,
      0.009291154332458973,
      0.009505746886134148,
      0.010051471181213856,
      0.00881760660558939,
      0.009890971705317497,
      0.009516119956970215,
      0.011819935403764248,
      0.009222472086548805,
      0.009073946624994278,
      0.009882812388241291,
      0.010476415045559406,
      0.009056163020431995,
      0.009811731986701488,
      0.010452927090227604,
      0.009547365829348564,
      0.009015567600727081,
      0.009204894304275513,
      0.009937534108757973,
      0.010622195899486542,
      0.009503470733761787,
      0.00855496060103178,
      0.00977427326142788,
      0.009419281966984272,
      0.010747317224740982,
      0.009897587820887566,
      0.009745568037033081,
      0.009408995509147644,
      0.008863111026585102,
      0.009367856197059155,
      0.009962105192244053,
      0.009396969340741634,
      0.008879817090928555,
      0.009062662720680237,
      0.009670198895037174,
      0.009773111902177334,
