{
   "number_epochs": 300,
   "info_used": "use imputation",
   "perc_full_data": 0.1,
   "n_epochs_no_selection": 0,
   "Frequency % cutoff": 0.3,
   "hidden_size": 32,
   "random_state": 5,
   "train_errors": [
      0.07183929532766342,
      0.06146325543522835,
      0.05477946251630783,
      0.05084524676203728,
      0.048886459320783615,
      0.048599932342767715,
      0.04874720424413681,
      0.04810185730457306,
      0.047642938792705536,
      0.04663710296154022,
      0.04586656019091606,
      0.045241545885801315,
      0.04454832896590233,
      0.04345036298036575,
      0.043182797729969025,
      0.04253996163606644,
      0.04117097705602646,
      0.039867617189884186,
      0.0385710783302784,
      0.037474360316991806,
      0.036125291138887405,
      0.03414038568735123,
      0.03294016793370247,
      0.03162394091486931,
      0.029836731031537056,
      0.028179945424199104,
      0.025698073208332062,
      0.024379778653383255,
      0.02310062199831009,
      0.022611351683735847,
      0.02166464924812317,
      0.021992577239871025,
      0.019617190584540367,
      0.018918724730610847,
      0.019127238541841507,
      0.01809481345117092,
      0.01707206480205059,
      0.016938721761107445,
      0.016057947650551796,
      0.01613319106400013,
      0.015725091099739075,
      0.015531448647379875,
      0.015538600273430347,
      0.015560786239802837,
      0.015418324619531631,
      0.014968985691666603,
      0.01538710854947567,
      0.014576449058949947,
      0.01425965502858162,
      0.014552559703588486,
      0.01406011451035738,
      0.014324459247291088,
      0.014010223560035229,
      0.013877087272703648,
      0.014916080050170422,
      0.013739570043981075,
      0.013415684923529625,
      0.013576633296906948,
      0.013020633719861507,
      0.012701420113444328,
      0.01182327326387167,
      0.013860167935490608,
      0.013716476038098335,
      0.012575223110616207,
      0.012406264431774616,
      0.012643298134207726,
      0.012452803552150726,
      0.012918621301651001,
      0.011872478760778904,
      0.01187941711395979,
      0.012622473761439323,
      0.01182860229164362,
      0.012252703309059143,
      0.011767741292715073,
      0.012169569730758667,
      0.011501254513859749,
      0.011300697922706604,
      0.011511965654790401,
      0.011306633241474628,
      0.011877734214067459,
      0.011674690060317516,
      0.010861172340810299,
      0.01078698318451643,
      0.011388331651687622,
      0.010032059624791145,
      0.01217370480298996,
      0.01079886220395565,
      0.01145000196993351,
      0.010038143955171108,
      0.010400230996310711,
      0.010579495690762997,
      0.0102450056001544,
      0.0112153897061944,
      0.010881117545068264,
      0.011260357685387135,
      0.010865302756428719,
      0.010659701190888882,
      0.010445011779665947,
      0.010727955028414726,
      0.010178666561841965,
      0.010078583844006062,
      0.010184348560869694,
      0.01028992049396038,
      0.009714643470942974,
      0.010326213203370571,
      0.010610705241560936,
      0.009618924930691719,
      0.00922686792910099,
      0.010201588273048401,
      0.010308334603905678,
      0.00987224094569683,
      0.009713451378047466,
      0.010770488530397415,
      0.009779013693332672,
      0.00952703133225441,
      0.009953825734555721,
      0.009379318915307522,
      0.009522139094769955,
      0.009612921625375748,
      0.01016776543110609,
      0.0094460966065526,
      0.009294183924794197,
      0.00956967007368803,
      0.009456904605031013,
      0.009618712589144707,
      0.009339824318885803,
      0.00933891162276268,
      0.009491379372775555,
      0.00977815967053175,
      0.009378722868859768,
      0.010012663900852203,
      0.009650851599872112,
      0.009349606931209564,
      0.009803159162402153,
      0.008911564014852047,
      0.009633868932723999,
      0.008725964464247227,
      0.009463679976761341,
      0.00887989066541195,
      0.009183906950056553,
      0.009496319107711315,
      0.009461641311645508,
      0.010314918123185635,
      0.00867492239922285,
      0.00897644367069006,
      0.008968697860836983,
      0.008683125488460064,
      0.009778578765690327,
      0.009097316302359104,
      0.010080680251121521,
      0.009321273304522038,
      0.009260616265237331,
      0.009493068791925907,
      0.009462973102927208,
      0.008961337618529797,
      0.00892985612154007,
      0.009411752223968506,
      0.009514568373560905,
      0.009182675741612911,
      0.009431160055100918,
      0.008574391715228558,
      0.008815675973892212,
      0.008804709650576115,
      0.008866001851856709,
      0.008171528577804565,
      0.008587665855884552,
      0.008808453567326069,
      0.008412918075919151,
      0.008507835678756237,
      0.008056819438934326,
      0.008137507364153862,
      0.009255588985979557,
      0.008867355063557625,
      0.008973860181868076,
      0.009195154532790184,
      0.008673123084008694,
      0.009156491607427597,
      0.008587868884205818,
      0.008948874659836292,
      0.008770808577537537,
      0.008866284973919392,
      0.0093387421220541,
      0.00915828999131918,
      0.008520355448126793,
      0.008920758962631226,
      0.009018488228321075,
      0.008837111294269562,
      0.008909632451832294,
      0.008199549280107021,
      0.00849666353315115,
      0.008442754857242107,
      0.008015908300876617,
      0.008867238648235798,
      0.008147763088345528,
      0.008767805062234402,
      0.007601973135024309,
      0.008104787208139896,
      0.008685093373060226,
      0.008480538614094257,
      0.00942152924835682,
      0.00902904849499464,
      0.008080068044364452,
      0.009121055714786053,
      0.009177607484161854,
      0.00814694631844759,
      0.008608308620750904,
      0.008779331110417843,
      0.008702823892235756,
      0.00913957692682743,
      0.008891887031495571,
      0.007623000536113977,
      0.00835688877850771,
      0.008873694576323032,
      0.008880725130438805,
      0.008084922097623348,
      0.008475247770547867,
      0.008303528651595116,
      0.008796324953436852,
      0.008322659879922867,
      0.008576327003538609,
      0.008622884750366211,
      0.00842631421983242,
      0.008951104246079922,
      0.007830096408724785,
      0.00840127281844616,
      0.008025597780942917,
      0.007654490880668163,
      0.007912958972156048,
      0.007892992347478867,
      0.007645301520824432,
      0.00797277595847845,
      0.009113125503063202,
      0.008286450058221817,
      0.00856440607458353,
      0.00833678338676691,
      0.008209504187107086,
      0.007823792286217213,
      0.00846728403121233,
      0.00822470523416996,
      0.009391858242452145,
      0.00818183459341526,
      0.009549533016979694,
      0.008426571264863014,
      0.007699472364038229,
      0.007839331403374672,
      0.00819029938429594,
      0.008070466108620167,
      0.007433706894516945,
      0.008069099858403206,
      0.008026596158742905,
      0.007809964474290609,
      0.007929706014692783,
      0.009140399284660816,
      0.008243649266660213,
      0.007970135658979416,
      0.008812894113361835,
      0.008546905592083931,
      0.008180706761777401,
      0.00879355613142252,
      0.007938871160149574,
      0.007867553271353245,
      0.008142422884702682,
      0.007836766541004181,
      0.00812441948801279,
      0.008554957807064056,
      0.007819857448339462,
      0.008117811754345894,
      0.008384110406041145,
      0.008718594908714294,
      0.008037044666707516,
      0.008412924595177174,
      0.008358990773558617,
      0.007750501856207848,
      0.007128339260816574,
      0.008784649893641472,
      0.008452106267213821,
      0.007963385432958603,
      0.008141366764903069,
      0.007953722029924393,
      0.008183782920241356,
