{
   "number_epochs": 300,
   "info_used": "use imputation",
   "perc_full_data": 0.1,
   "n_epochs_no_selection": 0,
   "Frequency % cutoff": 0.3,
   "hidden_size": 32,
   "random_state": 14,
   "train_errors": [
      0.04989270493388176,
      0.046099353581666946,
      0.045242197811603546,
      0.04498208314180374,
      0.04414929449558258,
      0.04324746131896973,
      0.042382534593343735,
      0.03962305933237076,
      0.03807995468378067,
      0.03818177431821823,
      0.036898866295814514,
      0.035888511687517166,
      0.03423396497964859,
      0.0336538627743721,
      0.03362124785780907,
      0.03146575391292572,
      0.029944175854325294,
      0.02856205590069294,
      0.027858413755893707,
      0.026201125234365463,
      0.027195582166314125,
      0.024711942300200462,
      0.025353841483592987,
      0.023709772154688835,
      0.022821391001343727,
      0.022479616105556488,
      0.02306206338107586,
      0.022409912198781967,
      0.02064328081905842,
      0.020316850394010544,
      0.020405810326337814,
      0.01941465586423874,
      0.018609218299388885,
      0.018522845581173897,
      0.01840517669916153,
      0.019653044641017914,
      0.01797834224998951,
      0.018124110996723175,
      0.016847575083374977,
      0.017423849552869797,
      0.016637170687317848,
      0.016264311969280243,
      0.016756124794483185,
      0.016398722305893898,
      0.015717094764113426,
      0.015486320480704308,
      0.016074828803539276,
      0.016102591529488564,
      0.015802819281816483,
      0.015039490535855293,
      0.014656935818493366,
      0.01508024986833334,
      0.014052317477762699,
      0.015696611255407333,
      0.014676114544272423,
      0.014386862516403198,
      0.01399822998791933,
      0.014452469535171986,
      0.015208794735372066,
      0.015326933935284615,
      0.014407028444111347,
      0.014022231101989746,
      0.013243929482996464,
      0.012301802635192871,
      0.012997353449463844,
      0.014282654970884323,
      0.014808986335992813,
      0.0142210116609931,
      0.014818539842963219,
      0.0130034564062953,
      0.012708507478237152,
      0.012771110981702805,
      0.01304809469729662,
      0.01294246781617403,
      0.013636971823871136,
      0.013626224361360073,
      0.014677266590297222,
      0.01286172866821289,
      0.014013102278113365,
      0.012968551367521286,
      0.01355217769742012,
      0.012810497544705868,
      0.013527248986065388,
      0.012699341401457787,
      0.012938513420522213,
      0.013321948237717152,
      0.012295692227780819,
      0.01329432800412178,
      0.012678603641688824,
      0.012472453527152538,
      0.012217732146382332,
      0.012174542061984539,
      0.012462754733860493,
      0.013119673356413841,
      0.013001877814531326,
      0.012904617004096508,
      0.012534340843558311,
      0.0130155673250556,
      0.012215266935527325,
      0.012424795888364315,
      0.012465346604585648,
      0.012326697818934917,
      0.012512749060988426,
      0.01247115433216095,
      0.012767903506755829,
      0.012232800014317036,
      0.013000063598155975,
      0.012170234695076942,
      0.01166802179068327,
      0.011591311544179916,
      0.011905591003596783,
      0.012486264109611511,
      0.01191609539091587,
      0.0124984635040164,
      0.011506084352731705,
      0.013375397771596909,
      0.012158256955444813,
      0.012071873061358929,
      0.013369042426347733,
      0.011545165441930294,
      0.012541234493255615,
      0.011980907991528511,
      0.012800429947674274,
      0.012882690876722336,
      0.011654247529804707,
      0.012563254684209824,
      0.012538844719529152,
      0.01231977716088295,
      0.011318168602883816,
      0.011336060240864754,
      0.01308983750641346,
      0.011420799419283867,
      0.01200400572270155,
      0.012834971770644188,
      0.011377830058336258,
      0.011776870116591454,
      0.012509605847299099,
      0.012548312544822693,
      0.011333214119076729,
      0.011279690079391003,
      0.011349593289196491,
      0.012771288864314556,
      0.01211993396282196,
      0.011507069692015648,
      0.011593279428780079,
      0.012689610943198204,
      0.01233157329261303,
      0.012849520891904831,
      0.011939995922148228,
      0.011412490159273148,
      0.012471398338675499,
      0.012586197815835476,
      0.012355758808553219,
      0.01297269482165575,
      0.012063435278832912,
      0.012601334601640701,
      0.012851475737988949,
      0.011654829606413841,
      0.011581187136471272,
      0.01122253853827715,
      0.01123770046979189,
      0.011425305157899857,
      0.011252379044890404,
      0.012574417516589165,
      0.012077691033482552,
      0.012288539670407772,
      0.012330777011811733,
      0.011644797399640083,
      0.012041660957038403,
      0.011207743547856808,
      0.012190897949039936,
      0.012347579933702946,
      0.011671473272144794,
      0.011522237211465836,
      0.011568393558263779,
      0.012447656132280827,
      0.01107469480484724,
      0.012382952496409416,
      0.011031304486095905,
      0.012063656002283096,
      0.011304070241749287,
      0.011320353485643864,
      0.012955059297382832,
      0.012076960876584053,
      0.011944458819925785,
      0.012898239307105541,
      0.012023272924125195,
      0.011776714585721493,
      0.012777062132954597,
      0.012148739770054817,
      0.012294148094952106,
      0.012317626737058163,
      0.011558474972844124,
      0.01250870805233717,
      0.011752583086490631,
      0.011733806692063808,
      0.011922848410904408,
      0.011666400358080864,
      0.01192337553948164,
      0.011521481908857822,
      0.011374924331903458,
      0.012278142385184765,
      0.01193975005298853,
      0.011593171395361423,
      0.011811373755335808,
      0.011601992882788181,
      0.011641922406852245,
      0.011349118314683437,
      0.011737437918782234,
      0.01178441196680069,
      0.012062247842550278,
      0.011526593007147312,
      0.01146957278251648,
      0.012453772127628326,
      0.012590260244905949,
      0.011368121020495892,
      0.011148726567626,
      0.012007972225546837,
      0.012148288078606129,
      0.011171401478350163,
      0.012259112671017647,
      0.012390872463583946,
      0.011690977960824966,
      0.011185265146195889,
      0.011635310016572475,
      0.011902116239070892,
      0.012230311520397663,
      0.011728163808584213,
      0.012767817825078964,
      0.011280572041869164,
      0.011029131710529327,
      0.011338196694850922,
      0.011991611681878567,
      0.012196740135550499,
      0.011587466113269329,
      0.011263908818364143,
      0.012697216123342514,
      0.013164694420993328,
      0.012377780862152576,
      0.010909117758274078,
      0.011566566303372383,
      0.01145320013165474,
      0.011280380189418793,
      0.01299649104475975,
      0.01284827757626772,
      0.011508476920425892,
      0.011751201003789902,
      0.011188238859176636,
      0.011486232280731201,
      0.0116344029083848,
      0.012035919353365898,
      0.011534808203577995,
      0.011760279536247253,
      0.011710181832313538,
      0.01205791812390089,
      0.010986629873514175,
      0.012127929367125034,
      0.011884978972375393,
      0.012362309731543064,
      0.01185833103954792,
      0.01088035199791193,
      0.01209472306072712,
      0.01201686356216669,
      0.012300384230911732,
      0.01270417869091034,
      0.011635719798505306,
      0.011511982418596745,
      0.012239902280271053,
      0.012272613123059273,
      0.012394567020237446,
      0.012489190325140953,
      0.011819950304925442,
      0.011497204191982746,
      0.011011783964931965,
      0.01233180332928896,
      0.0115338871255517,
      0.011500459164381027,
      0.011208847165107727,
      0.011815960519015789,
      0.012254956178367138,
