{
   "number_epochs": 300,
   "info_used": "use imputation",
   "perc_full_data": 0.3,
   "n_epochs_no_selection": 0,
   "Frequency % cutoff": 0.3,
   "hidden_size": 32,
   "random_state": 9,
   "train_errors": [
      0.07414838671684265,
      0.06770998984575272,
      0.06456506997346878,
      0.06070304661989212,
      0.059751417487859726,
      0.058028917759656906,
      0.0566738098859787,
      0.05649898946285248,
      0.05493536591529846,
      0.05392914265394211,
      0.052734844386577606,
      0.05223095789551735,
      0.05105112865567207,
      0.049841538071632385,
      0.048599354922771454,
      0.04697363078594208,
      0.04627613350749016,
      0.04450128227472305,
      0.04368329420685768,
      0.04071849584579468,
      0.03911188989877701,
      0.03664610534906387,
      0.03567894175648689,
      0.03398582711815834,
      0.03347622975707054,
      0.03031373769044876,
      0.028728097677230835,
      0.027840128168463707,
      0.027153199538588524,
      0.027058951556682587,
      0.026519406586885452,
      0.025197787210345268,
      0.024161847308278084,
      0.02286379225552082,
      0.023034777492284775,
      0.021687451750040054,
      0.02207007072865963,
      0.021090872585773468,
      0.021226365119218826,
      0.020800607278943062,
      0.01989472284913063,
      0.019076891243457794,
      0.02009098418056965,
      0.021203527227044106,
      0.02001091279089451,
      0.02045733854174614,
      0.018602736294269562,
      0.01907297782599926,
      0.01908786967396736,
      0.018229840323328972,
      0.01920250430703163,
      0.01818641647696495,
      0.018389396369457245,
      0.01801914907991886,
      0.017176156863570213,
      0.0176394060254097,
      0.017292151227593422,
      0.018264593556523323,
      0.016438834369182587,
      0.01767151802778244,
      0.016752688214182854,
      0.018144382163882256,
      0.01721816509962082,
      0.01612016186118126,
      0.016552021726965904,
      0.016702216118574142,
      0.017369035631418228,
      0.017009463161230087,
      0.015276570804417133,
      0.01636693812906742,
      0.016276132315397263,
      0.015384607948362827,
      0.014906289055943489,
      0.0165539737790823,
      0.01505326945334673,
      0.015630556270480156,
      0.015082350932061672,
      0.015914643183350563,
      0.01454105693846941,
      0.0149575499817729,
      0.015037133358418941,
      0.014522900804877281,
      0.015253487974405289,
      0.015341630205512047,
      0.013952554203569889,
      0.015149757266044617,
      0.015626106411218643,
      0.01542089506983757,
      0.01413968950510025,
      0.014901322312653065,
      0.01375494059175253,
      0.014406844042241573,
      0.013960539363324642,
      0.014349942095577717,
      0.015933483839035034,
      0.014306331984698772,
      0.013554721139371395,
      0.013889096677303314,
      0.013014202937483788,
      0.013277805410325527,
      0.013360817916691303,
      0.01364078838378191,
      0.013961459510028362,
      0.01234493963420391,
      0.014023113995790482,
      0.013225579634308815,
      0.012987394817173481,
      0.013528578914701939,
      0.013462482951581478,
      0.013191664591431618,
      0.012129178270697594,
      0.012827709317207336,
      0.012446917593479156,
      0.012742648832499981,
      0.013071778230369091,
      0.014032726176083088,
      0.013717967085540295,
      0.01292731799185276,
      0.013588699512183666,
      0.013584805652499199,
      0.012327423319220543,
      0.012358344160020351,
      0.012550801038742065,
      0.013427779078483582,
      0.013655312359333038,
      0.013152393512427807,
      0.012899207882583141,
      0.01261630654335022,
      0.014244582504034042,
      0.012941163033246994,
      0.012689429335296154,
      0.013005316257476807,
      0.013104927726089954,
      0.011361490935087204,
      0.01292425487190485,
      0.012959258630871773,
      0.01299997791647911,
      0.012653461657464504,
      0.012971999123692513,
      0.013877932913601398,
      0.013615143485367298,
      0.01315264031291008,
      0.013640846125781536,
      0.012218552641570568,
      0.011816821061074734,
      0.013111336156725883,
      0.011736705899238586,
      0.01231588888913393,
      0.01272958517074585,
      0.012878445908427238,
      0.012294890359044075,
      0.011055691167712212,
      0.012203730642795563,
      0.011595639400184155,
      0.012165806256234646,
      0.013864407315850258,
      0.013841300271451473,
      0.012574886903166771,
      0.012647262774407864,
      0.011954360641539097,
      0.012413856573402882,
      0.013060818426311016,
      0.012500113807618618,
      0.01126350462436676,
      0.012136932462453842,
      0.01107651088386774,
      0.011472495272755623,
      0.011580631136894226,
      0.01237944420427084,
      0.012244394980370998,
      0.011606673710048199,
      0.013027522712945938,
      0.011963684111833572,
      0.011872674338519573,
      0.01402035541832447,
      0.01262497715651989,
      0.011841914616525173,
      0.012332665733993053,
      0.011657611466944218,
      0.01098819449543953,
      0.012208926491439342,
      0.011921005323529243,
      0.012209517881274223,
      0.012199099175632,
      0.0121409110724926,
      0.012205397710204124,
      0.011864174157381058,
      0.011217659339308739,
      0.011159020476043224,
      0.012242693454027176,
      0.01369568146765232,
      0.012736217118799686,
      0.011444238014519215,
      0.012360482476651669,
      0.011255527846515179,
      0.0120268315076828,
      0.0117667056620121,
      0.011778473854064941,
      0.011970624327659607,
      0.011266370303928852,
      0.011795571073889732,
      0.011231881566345692,
      0.012653381563723087,
      0.011368295177817345,
      0.0119515685364604,
      0.011537852697074413,
      0.011158541776239872,
      0.01199941337108612,
      0.011713257059454918,
      0.011729267425835133,
      0.011622777208685875,
      0.0122192008420825,
      0.012529938481748104,
      0.011938297189772129,
      0.011554655618965626,
      0.012525712139904499,
      0.011677239090204239,
      0.011501695029437542,
      0.012374421581625938,
      0.011733176186680794,
      0.011989960446953773,
      0.01280054822564125,
      0.011496063321828842,
      0.01239087712019682,
      0.011264716275036335,
      0.011989769525825977,
      0.012096572667360306,
      0.01136636734008789,
      0.011737189255654812,
      0.011001579463481903,
      0.012299674563109875,
      0.011781848967075348,
      0.012303558178246021,
      0.011213326826691628,
      0.01250359695404768,
      0.011715118773281574,
      0.01153260376304388,
      0.011989247053861618,
      0.011922753416001797,
      0.012817245908081532,
      0.010585172101855278,
      0.012118265964090824,
      0.012129603885114193,
      0.012144801206886768,
      0.011379181407392025,
      0.01271843258291483,
      0.011354370042681694,
      0.012137477286159992,
      0.011160618625581264,
      0.011374480091035366,
      0.01156689878553152,
      0.012350966222584248,
      0.01179288886487484,
      0.012005852535367012,
      0.01208772137761116,
      0.012329742312431335,
      0.011971117928624153,
      0.01165514625608921,
      0.011874755844473839,
      0.011395130306482315,
      0.011466918513178825,
      0.010681774467229843,
      0.011720661073923111,
      0.012303211726248264,
      0.01213526539504528,
      0.01158869918435812,
      0.01159635093063116,
      0.01145301852375269,
      0.011764914728701115,
      0.01177346333861351,
      0.011743965558707714,
      0.011248813010752201,
      0.011533776298165321,
      0.011599021032452583,
      0.012077496387064457,
      0.01118609681725502,
      0.01127562951296568,
      0.011753180995583534,
      0.011446506716310978,
      0.01223989762365818,
      0.010960488580167294,
