{
   "number_epochs": 300,
   "info_used": "use imputation",
   "perc_full_data": 0.1,
   "n_epochs_no_selection": 0,
   "Frequency % cutoff": 0.3,
   "hidden_size": 32,
   "random_state": 10,
   "train_errors": [
      0.04276740550994873,
      0.041254427284002304,
      0.04109016805887222,
      0.040413253009319305,
      0.03972349315881729,
      0.038517605513334274,
      0.03784378245472908,
      0.036378972232341766,
      0.03538648784160614,
      0.034152790904045105,
      0.032085102051496506,
      0.03235992416739464,
      0.03044220618903637,
      0.030192416161298752,
      0.028632204979658127,
      0.027270814403891563,
      0.027153825387358665,
      0.026204315945506096,
      0.026335645467042923,
      0.024414869025349617,
      0.02429698407649994,
      0.02433370240032673,
      0.023363592103123665,
      0.022467391565442085,
      0.02201860025525093,
      0.021075798198580742,
      0.02080082893371582,
      0.02055823989212513,
      0.02010933868587017,
      0.020697670057415962,
      0.019074540585279465,
      0.019409121945500374,
      0.01821296662092209,
      0.019843224436044693,
      0.01954544708132744,
      0.01908252015709877,
      0.01851753517985344,
      0.018900103867053986,
      0.018417729064822197,
      0.019882749766111374,
      0.017967024818062782,
      0.017733516171574593,
      0.017349040135741234,
      0.01726032979786396,
      0.017886346206068993,
      0.01689828746020794,
      0.01800377666950226,
      0.016588304191827774,
      0.016319015994668007,
      0.01642853207886219,
      0.016891855746507645,
      0.015651395544409752,
      0.01631765440106392,
      0.015771707519888878,
      0.016179462894797325,
      0.01560460589826107,
      0.014791418798267841,
      0.016018399968743324,
      0.014869403094053268,
      0.014579888433218002,
      0.013718413189053535,
      0.015074482187628746,
      0.014880184084177017,
      0.014008544385433197,
      0.013930205255746841,
      0.013514644466340542,
      0.015018749050796032,
      0.01406865008175373,
      0.014707744121551514,
      0.014720958657562733,
      0.01493582222610712,
      0.015031512826681137,
      0.013559797778725624,
      0.014556505717337132,
      0.015060997568070889,
      0.014511775225400925,
      0.013784225098788738,
      0.013878307305276394,
      0.015227309428155422,
      0.01330892089754343,
      0.014412043616175652,
      0.015564169734716415,
      0.013876494020223618,
      0.01428110059350729,
      0.01414087787270546,
      0.014065575785934925,
      0.014204083010554314,
      0.012913974933326244,
      0.014265117235481739,
      0.013753322884440422,
      0.013042931444942951,
      0.013997051864862442,
      0.01464591920375824,
      0.013839243911206722,
      0.013786060735583305,
      0.012949530966579914,
      0.013268016278743744,
      0.013558685779571533,
      0.013837956823408604,
      0.014596515335142612,
      0.01418999582529068,
      0.013609535992145538,
      0.012762206606566906,
      0.014208229258656502,
      0.012434485368430614,
      0.014024677686393261,
      0.013105777092278004,
      0.013703937642276287,
      0.013246535323560238,
      0.013096232898533344,
      0.013524428941309452,
      0.012900819070637226,
      0.013496611267328262,
      0.013243591412901878,
      0.01369031798094511,
      0.012814149260520935,
      0.013795779086649418,
      0.012956066988408566,
      0.013602730818092823,
      0.013111084699630737,
      0.013518976978957653,
      0.013096599839627743,
      0.012950915843248367,
      0.012955635786056519,
      0.01338249072432518,
      0.012438521720468998,
      0.013608050532639027,
      0.01208075974136591,
      0.012701870873570442,
      0.012818066403269768,
      0.013674076646566391,
      0.012612322345376015,
      0.012441951781511307,
      0.013029194436967373,
      0.012524047866463661,
      0.013560745865106583,
      0.012065536342561245,
      0.013268187642097473,
      0.012522263452410698,
      0.01278493832796812,
      0.013099407777190208,
      0.012998009100556374,
      0.0129136573523283,
      0.013202879577875137,
      0.013381820172071457,
      0.012626313604414463,
      0.012818984687328339,
      0.012210131622850895,
      0.013029315508902073,
      0.013134997338056564,
      0.013306906446814537,
      0.012728304602205753,
      0.012181870639324188,
      0.013222801499068737,
      0.012283232994377613,
      0.013163194060325623,
      0.01363602839410305,
      0.013031186535954475,
      0.012899954803287983,
      0.013564552180469036,
      0.01255127601325512,
      0.012533007189631462,
      0.012141268700361252,
      0.013339393772184849,
      0.011586062610149384,
      0.012951256707310677,
      0.01274604070931673,
      0.012183880433440208,
      0.013169691897928715,
      0.012326442636549473,
      0.012903218157589436,
      0.012454325333237648,
      0.012231562286615372,
      0.012498695403337479,
      0.01199150551110506,
      0.01189389731734991,
      0.01278261560946703,
      0.0131813520565629,
      0.013841744512319565,
      0.011839709244668484,
      0.012045544572174549,
      0.012505517341196537,
      0.012591226026415825,
      0.012774094007909298,
      0.012283384799957275,
      0.012238910421729088,
      0.01135875005275011,
      0.012554946355521679,
      0.01139857154339552,
      0.012607594951987267,
      0.013041598722338676,
      0.012532313354313374,
      0.012976978905498981,
      0.012001614086329937,
      0.012247279286384583,
      0.01273176446557045,
      0.011461036279797554,
      0.013095908798277378,
      0.012117505073547363,
      0.011864093132317066,
      0.012501345947384834,
      0.012477992102503777,
      0.012829216197133064,
      0.01202553603798151,
      0.011455783620476723,
      0.011999753303825855,
      0.013127701357007027,
      0.011632728390395641,
      0.011841189116239548,
      0.011804313398897648,
      0.012366436421871185,
      0.010885344818234444,
      0.012137671001255512,
      0.0122835049405694,
      0.011645046062767506,
      0.013171213679015636,
      0.011575051583349705,
      0.012538674287497997,
      0.011942283250391483,
      0.011780695989727974,
      0.012083049863576889,
      0.011407256126403809,
      0.011782530695199966,
      0.011766575276851654,
      0.012480339035391808,
      0.011785561218857765,
      0.012128651142120361,
      0.012058930471539497,
      0.012507293373346329,
      0.012390614487230778,
      0.011974274180829525,
      0.011996193788945675,
      0.012320472858846188,
      0.012211794964969158,
      0.011267958208918571,
      0.011833317577838898,
      0.012364082969725132,
      0.012406074441969395,
      0.011597134172916412,
      0.012071870267391205,
      0.012835845351219177,
      0.011869438923895359,
      0.011745247058570385,
      0.01175358984619379,
      0.012424107640981674,
      0.011937531642615795,
      0.012632389552891254,
      0.012053161859512329,
      0.011346508748829365,
      0.012154662050306797,
      0.011436782777309418,
      0.011593970470130444,
      0.011923957616090775,
      0.013596465811133385,
      0.012044026516377926,
      0.011492682620882988,
      0.012327555567026138,
      0.011898876167833805,
      0.012524737976491451,
      0.011791545897722244,
      0.011893275193870068,
      0.011996064335107803,
      0.012046132236719131,
      0.012140480801463127,
      0.01239949930459261,
      0.011369435116648674,
      0.012509823776781559,
      0.011980595998466015,
      0.011560135520994663,
      0.01248251274228096,
      0.0117920758202672,
      0.012561172246932983,
      0.011945139616727829,
      0.011617926880717278,
      0.0114096999168396,
      0.011329695582389832,
      0.012156045064330101,
      0.011498972773551941,
      0.011569847352802753,
      0.011811302974820137,
