{
   "number_epochs": 300,
   "info_used": "use imputation",
   "perc_full_data": 0.1,
   "n_epochs_no_selection": 0,
   "Frequency % cutoff": 0.3,
   "hidden_size": 32,
   "random_state": 6,
   "train_errors": [
      0.06735914200544357,
      0.05982811376452446,
      0.05490890145301819,
      0.05383569002151489,
      0.05284766107797623,
      0.05161726847290993,
      0.049822598695755005,
      0.048376817256212234,
      0.04758986458182335,
      0.04467253386974335,
      0.04467868432402611,
      0.04262205958366394,
      0.042235903441905975,
      0.0399726964533329,
      0.03976401686668396,
      0.0376579686999321,
      0.03626386076211929,
      0.034687694162130356,
      0.03339911252260208,
      0.031961750239133835,
      0.03160557150840759,
      0.030279044061899185,
      0.029318787157535553,
      0.02658958174288273,
      0.025029806420207024,
      0.024646354839205742,
      0.024166902527213097,
      0.023312527686357498,
      0.022214490920305252,
      0.02146851271390915,
      0.021563757210969925,
      0.02034432627260685,
      0.019979918375611305,
      0.020541848614811897,
      0.019879376515746117,
      0.01952430047094822,
      0.01829945668578148,
      0.018936533480882645,
      0.01826905645430088,
      0.01670278050005436,
      0.017744189128279686,
      0.016231393441557884,
      0.016720499843358994,
      0.016767842695116997,
      0.016598423942923546,
      0.016929691657423973,
      0.0164228193461895,
      0.016450174152851105,
      0.015839898958802223,
      0.0167325921356678,
      0.01577134244143963,
      0.015374901704490185,
      0.014345564879477024,
      0.014471367932856083,
      0.01607884280383587,
      0.014564369805157185,
      0.01429018098860979,
      0.014486338943243027,
      0.012985126115381718,
      0.013331981375813484,
      0.014267676509916782,
      0.014559637755155563,
      0.012830695137381554,
      0.013085929676890373,
      0.014467913657426834,
      0.013786711730062962,
      0.012660260312259197,
      0.013727149926126003,
      0.012691657990217209,
      0.012968000955879688,
      0.012906908988952637,
      0.013959687203168869,
      0.0129240732640028,
      0.012703586369752884,
      0.0122377322986722,
      0.012641840614378452,
      0.011780381202697754,
      0.013014511205255985,
      0.012338939122855663,
      0.012544384226202965,
      0.01289356593042612,
      0.011444919742643833,
      0.013226067647337914,
      0.011939064599573612,
      0.01180439256131649,
      0.012865344062447548,
      0.011903384700417519,
      0.01161569356918335,
      0.011040538549423218,
      0.012264241464436054,
      0.012646366842091084,
      0.012220446951687336,
      0.010920132510364056,
      0.012800849974155426,
      0.011936222203075886,
      0.010269044898450375,
      0.010903557762503624,
      0.01261962577700615,
      0.010831213556230068,
      0.011048836633563042,
      0.010967852547764778,
      0.01071392372250557,
      0.010843518190085888,
      0.010459993965923786,
      0.011004207655787468,
      0.011286061257123947,
      0.010679321363568306,
      0.010423373430967331,
      0.01235293596982956,
      0.01097593642771244,
      0.010691472329199314,
      0.011195479892194271,
      0.01155709009617567,
      0.010765875689685345,
      0.010905453003942966,
      0.010395964607596397,
      0.011517193168401718,
      0.01044838223606348,
      0.010945740155875683,
      0.010483462363481522,
      0.010738539509475231,
      0.011621296405792236,
      0.011027919128537178,
      0.010416167788207531,
      0.011407858692109585,
      0.010746287181973457,
      0.010650130920112133,
      0.01162703800946474,
      0.011803630739450455,
      0.009811997413635254,
      0.010712181217968464,
      0.011434626765549183,
      0.009796107187867165,
      0.00988971721380949,
      0.011303962208330631,
      0.010071187280118465,
      0.009923819452524185,
      0.011153178289532661,
      0.009606307372450829,
      0.010435515083372593,
      0.010230792686343193,
      0.010276048444211483,
      0.010722588747739792,
      0.010564151220023632,
      0.010411694645881653,
      0.010898278094828129,
      0.01096032839268446,
      0.010723584331572056,
      0.009975722059607506,
      0.011755296029150486,
      0.011814717203378677,
      0.010198286734521389,
      0.010311332531273365,
      0.009971735998988152,
      0.010636887513101101,
      0.010173107497394085,
      0.010102999396622181,
      0.010318051092326641,
      0.010495231486856937,
      0.010580138303339481,
      0.010498221032321453,
      0.010144936852157116,
      0.009884756989777088,
      0.011217458173632622,
      0.009888995438814163,
      0.010834208689630032,
      0.010591631755232811,
      0.010154864750802517,
      0.010767669416964054,
      0.009746899828314781,
      0.010653798468410969,
      0.010242962278425694,
      0.012304863892495632,
      0.009498734027147293,
      0.010565906763076782,
      0.009796656668186188,
      0.011005183681845665,
      0.010816514492034912,
      0.011430422775447369,
      0.009734774939715862,
      0.009699485264718533,
      0.009768079034984112,
      0.009491016156971455,
      0.009218638762831688,
      0.009991190396249294,
      0.010073133744299412,
      0.009975491091609001,
      0.010103544220328331,
      0.0095693813636899,
      0.009498470462858677,
      0.010014672763645649,
      0.010126727633178234,
      0.010237189009785652,
      0.010207402519881725,
      0.009629685431718826,
      0.009289729408919811,
      0.010264954529702663,
      0.0104529345408082,
      0.009886322543025017,
      0.010121582075953484,
      0.008890502154827118,
      0.01017244253307581,
      0.01070858258754015,
      0.010695126838982105,
      0.010295040905475616,
      0.010653587058186531,
      0.008836254477500916,
      0.0108093973249197,
      0.010293571278452873,
      0.010227173566818237,
      0.009468546137213707,
      0.01063493825495243,
      0.010286442935466766,
      0.009277166798710823,
      0.009833401069045067,
      0.00988985039293766,
      0.009725198149681091,
      0.009603017009794712,
      0.010090568102896214,
      0.009883813560009003,
      0.01011649053543806,
      0.010445910505950451,
      0.009715413674712181,
      0.010183217003941536,
      0.009997742250561714,
      0.010023261420428753,
      0.009426933713257313,
      0.009999915026128292,
      0.009302767924964428,
      0.011062338948249817,
      0.010052586905658245,
      0.00907081738114357,
      0.009558526799082756,
      0.010056882165372372,
      0.009171044453978539,
      0.00967439729720354,
      0.0102245407178998,
      0.009229023940861225,
      0.010270398110151291,
      0.00985172763466835,
      0.0100362878292799,
      0.009380114264786243,
      0.011096813715994358,
      0.009021933190524578,
      0.009098147042095661,
      0.010885423049330711,
      0.009400534443557262,
      0.010696395300328732,
      0.010000886395573616,
      0.010907392017543316,
      0.009429997764527798,
      0.008483252488076687,
      0.009789801202714443,
      0.0104305949062109,
      0.009530800394713879,
      0.008620606735348701,
      0.00934944860637188,
      0.009406603872776031,
      0.009610943496227264,
      0.00952546950429678,
      0.009532230906188488,
      0.009125162847340107,
      0.009655823931097984,
      0.009644782170653343,
      0.009693529456853867,
      0.008895901963114738,
      0.009863756597042084,
      0.009665555320680141,
      0.010057042352855206,
      0.009299264289438725,
      0.010034142062067986,
      0.009410637430846691,
      0.009835486300289631,
      0.01036993321031332,
      0.009180269204080105,
      0.0100698908790946,
      0.008803879842162132,
      0.00985995214432478,
      0.009221245534718037,
      0.009059088304638863,
