{
   "number_epochs": 300,
   "info_used": "use imputation",
   "perc_full_data": 0.1,
   "n_epochs_no_selection": 0,
   "Frequency % cutoff": 0.3,
   "hidden_size": 32,
   "random_state": 9,
   "train_errors": [
      0.07225757092237473,
      0.06701125204563141,
      0.06403835117816925,
      0.06075936555862427,
      0.059217799454927444,
      0.057466231286525726,
      0.05594595521688461,
      0.055193159729242325,
      0.05405421927571297,
      0.05308885499835014,
      0.0521613210439682,
      0.0513799749314785,
      0.050252579152584076,
      0.04902677983045578,
      0.047644589096307755,
      0.045742157846689224,
      0.04460732638835907,
      0.04299296438694,
      0.04198446497321129,
      0.03915124386548996,
      0.03740985691547394,
      0.03461315482854843,
      0.0336916483938694,
      0.032244548201560974,
      0.031099077314138412,
      0.029183404520154,
      0.02780085988342762,
      0.026320990175008774,
      0.02567616105079651,
      0.024791717529296875,
      0.024633826687932014,
      0.023566102609038353,
      0.02210811711847782,
      0.021752625703811646,
      0.02158317342400551,
      0.02084331586956978,
      0.02017304301261902,
      0.01893184520304203,
      0.019622361287474632,
      0.018673181533813477,
      0.01788676343858242,
      0.017046593129634857,
      0.01792260631918907,
      0.01837002858519554,
      0.01724155806005001,
      0.01747068576514721,
      0.015622077509760857,
      0.016295384615659714,
      0.015882916748523712,
      0.015678463503718376,
      0.016499534249305725,
      0.01613852195441723,
      0.015428879298269749,
      0.015026203356683254,
      0.014398783445358276,
      0.0145729323849082,
      0.014621577225625515,
      0.01579589582979679,
      0.013596354983747005,
      0.014341029338538647,
      0.013932853005826473,
      0.015080546028912067,
      0.01490228995680809,
      0.014126481488347054,
      0.013693802990019321,
      0.01446572132408619,
      0.014777895994484425,
      0.014403735287487507,
      0.013031079433858395,
      0.013402188196778297,
      0.013812283053994179,
      0.013192159123718739,
      0.01232871226966381,
      0.013818016275763512,
      0.012836174108088017,
      0.013111686334013939,
      0.012781010940670967,
      0.012724270112812519,
      0.012670611962676048,
      0.012777889147400856,
      0.012326180934906006,
      0.012382378801703453,
      0.01375424675643444,
      0.013089568354189396,
      0.011727272532880306,
      0.01262237410992384,
      0.013052375987172127,
      0.01363718044012785,
      0.012620466761291027,
      0.012694701552391052,
      0.011356543749570847,
      0.012858245521783829,
      0.012323549948632717,
      0.01232166402041912,
      0.013659752905368805,
      0.011606116779148579,
      0.012531121261417866,
      0.01352319959551096,
      0.01158809382468462,
      0.012189829722046852,
      0.0119719123467803,
      0.011847848072648048,
      0.012408177368342876,
      0.012257960624992847,
      0.011491133831441402,
      0.011577936820685863,
      0.01157302875071764,
      0.012345745228230953,
      0.012406834401190281,
      0.011371895670890808,
      0.011643165722489357,
      0.01131017692387104,
      0.011150481179356575,
      0.011266878806054592,
      0.01235054712742567,
      0.012559432536363602,
      0.012759537436068058,
      0.011291337199509144,
      0.011614970862865448,
      0.011621586978435516,
      0.012022898532450199,
      0.011110295541584492,
      0.011059440672397614,
      0.011785631999373436,
      0.01305435225367546,
      0.011700567789375782,
      0.01233268715441227,
      0.011766551062464714,
      0.01232727151364088,
      0.012325520627200603,
      0.012474197894334793,
      0.011305865831673145,
      0.011714215390384197,
      0.010934550315141678,
      0.01166580244898796,
      0.011981944553554058,
      0.011401037685573101,
      0.011782997287809849,
      0.011533686891198158,
      0.012453537434339523,
      0.011913913302123547,
      0.011868725530803204,
      0.011767100542783737,
      0.01218235120177269,
      0.011498409323394299,
      0.011597396805882454,
      0.011806576512753963,
      0.011082828044891357,
      0.011945166625082493,
      0.01176528912037611,
      0.011292541399598122,
      0.010897018015384674,
      0.012294000014662743,
      0.011541206389665604,
      0.011413486674427986,
      0.012123634107410908,
      0.011219840496778488,
      0.011582623235881329,
      0.011628607288002968,
      0.0113834198564291,
      0.011304875835776329,
      0.012704147957265377,
      0.011202612891793251,
      0.010943190194666386,
      0.011408211663365364,
      0.010847434401512146,
      0.010846473276615143,
      0.011051529087126255,
      0.011858931742608547,
      0.012883412651717663,
      0.01074130181223154,
      0.011590012349188328,
      0.011510142125189304,
      0.012241835705935955,
      0.01284591294825077,
      0.011965244077146053,
      0.011873423121869564,
      0.011377162300050259,
      0.011298080906271935,
      0.010735527612268925,
      0.011112900450825691,
      0.010834107175469398,
      0.011868279427289963,
      0.011123801581561565,
      0.01140060555189848,
      0.011594079434871674,
      0.011529712937772274,
      0.01083291694521904,
      0.01154209766536951,
      0.01222571637481451,
      0.012308909557759762,
      0.011388779617846012,
      0.011083648540079594,
      0.011173773556947708,
      0.010710746049880981,
      0.011021571233868599,
      0.010799488052725792,
      0.010806144215166569,
      0.01162744965404272,
      0.010939998552203178,
      0.011121402494609356,
      0.010678530670702457,
      0.011077548377215862,
      0.011113757267594337,
      0.01191285066306591,
      0.010736405849456787,
      0.010984108783304691,
      0.011436392553150654,
      0.010548446327447891,
      0.011140059679746628,
      0.011637824587523937,
      0.011453495360910892,
      0.011491133831441402,
      0.01149388961493969,
      0.010565479286015034,
      0.011612674221396446,
      0.011788267642259598,
      0.010907336138188839,
      0.010989331640303135,
      0.01141271460801363,
      0.011328925378620625,
      0.012417877092957497,
      0.011205967515707016,
      0.01140846498310566,
      0.0110719483345747,
      0.01104761939495802,
      0.011970722116529942,
      0.01087275706231594,
      0.011513618752360344,
      0.010874106548726559,
      0.012076710350811481,
      0.01107330434024334,
      0.011321589350700378,
      0.010892609134316444,
      0.012468700297176838,
      0.01178303174674511,
      0.010849674232304096,
      0.011766474694013596,
      0.01132956799119711,
      0.011467677541077137,
      0.010774289257824421,
      0.011399941518902779,
      0.011869706213474274,
      0.011748223565518856,
      0.011299281381070614,
      0.011347511783242226,
      0.01086036954075098,
      0.011375335976481438,
      0.011278714053332806,
      0.010853953659534454,
      0.010876418091356754,
      0.011850046925246716,
      0.010912596248090267,
      0.011190191842615604,
      0.01171464566141367,
      0.011259236373007298,
      0.011323181912302971,
      0.01120239682495594,
      0.011649222113192081,
      0.011095096357166767,
      0.011129573918879032,
      0.010976150631904602,
      0.011050495319068432,
      0.011314544826745987,
      0.012661345303058624,
      0.011183837428689003,
      0.01131671667098999,
      0.011381876654922962,
      0.0114598348736763,
      0.011676322668790817,
      0.0110795758664608,
      0.01094127632677555,
      0.01097379345446825,
      0.010707600973546505,
      0.011326552368700504,
      0.011272655799984932,
      0.010677958838641644,
      0.012169391848146915,
      0.011511672288179398,
      0.011445632204413414,
      0.010514878667891026,
