{
   "number_epochs": 300,
   "info_used": "use imputation",
   "perc_full_data": 0.3,
   "n_epochs_no_selection": 0,
   "Frequency % cutoff": 0.3,
   "hidden_size": 32,
   "random_state": 0,
   "train_errors": [
      0.05836358293890953,
      0.0543987900018692,
      0.051989685744047165,
      0.05226388946175575,
      0.0510077029466629,
      0.04988165199756622,
      0.0495031401515007,
      0.04764600098133087,
      0.046679385006427765,
      0.04614901542663574,
      0.04445676878094673,
      0.042935777455568314,
      0.042392101138830185,
      0.04021596908569336,
      0.03817642107605934,
      0.03631272539496422,
      0.0346083864569664,
      0.03363357484340668,
      0.03101840801537037,
      0.0292680524289608,
      0.02811058610677719,
      0.026049889624118805,
      0.02503626048564911,
      0.02413010597229004,
      0.022051308304071426,
      0.02188301645219326,
      0.022005492821335793,
      0.019301921129226685,
      0.02024938352406025,
      0.019158799201250076,
      0.02001776732504368,
      0.018724901601672173,
      0.01837041787803173,
      0.018059583380818367,
      0.017373008653521538,
      0.016818692907691002,
      0.017508378252387047,
      0.01641778089106083,
      0.01612636260688305,
      0.015481214039027691,
      0.015936853364109993,
      0.015611904673278332,
      0.01440406497567892,
      0.014332433231174946,
      0.01478749979287386,
      0.015030154958367348,
      0.014011429622769356,
      0.013975666835904121,
      0.01396014355123043,
      0.012805687263607979,
      0.013759602792561054,
      0.012681543827056885,
      0.013630658388137817,
      0.012631295248866081,
      0.012926720082759857,
      0.012195409275591373,
      0.012510021217167377,
      0.012511646375060081,
      0.013334846124053001,
      0.013051304966211319,
      0.012480395846068859,
      0.010831167921423912,
      0.012320766225457191,
      0.011521179229021072,
      0.011329719796776772,
      0.01167916040867567,
      0.0107724042609334,
      0.011886147782206535,
      0.01121536549180746,
      0.010968852788209915,
      0.010715514421463013,
      0.010935845784842968,
      0.011628485284745693,
      0.0115636782720685,
      0.01119840145111084,
      0.010281093418598175,
      0.011143145151436329,
      0.010667553171515465,
      0.010890128090977669,
      0.010724925436079502,
      0.009592210873961449,
      0.009534844197332859,
      0.009593835100531578,
      0.01036801841109991,
      0.009887931868433952,
      0.010586269199848175,
      0.01039196364581585,
      0.010302321054041386,
      0.009825576096773148,
      0.01002858579158783,
      0.010291888378560543,
      0.009771378710865974,
      0.009908587671816349,
      0.009877053089439869,
      0.009846408851444721,
      0.009089176543056965,
      0.009883380495011806,
      0.009880049154162407,
      0.009847107343375683,
      0.009388706646859646,
      0.009626833721995354,
      0.009187228046357632,
      0.009744437411427498,
      0.010731236077845097,
      0.010226519778370857,
      0.009376606903970242,
      0.010030549019575119,
      0.009863579645752907,
      0.009470869787037373,
      0.009910201653838158,
      0.008738665841519833,
      0.010278301313519478,
      0.00816426333039999,
      0.009332245215773582,
      0.00873708538711071,
      0.009283428080379963,
      0.010354059748351574,
      0.0101607795804739,
      0.009100369177758694,
      0.008858615532517433,
      0.009111836552619934,
      0.009402498602867126,
      0.00933689996600151,
      0.00908881425857544,
      0.009089114144444466,
      0.009193121455609798,
      0.00964727345854044,
      0.009067212231457233,
      0.008413353934884071,
      0.009323463775217533,
      0.008700506761670113,
      0.009015146642923355,
      0.008917145431041718,
      0.008074399083852768,
      0.008696946315467358,
      0.008432392030954361,
      0.008254557847976685,
      0.008935733698308468,
      0.009362820535898209,
      0.00962810032069683,
      0.00904641579836607,
      0.0100696487352252,
      0.00876298826187849,
      0.008826660923659801,
      0.008990038186311722,
      0.0094138840213418,
      0.008824676275253296,
      0.008337770588696003,
      0.009154452942311764,
      0.009014925919473171,
      0.008909681811928749,
      0.009041077457368374,
      0.008492972701787949,
      0.009214012883603573,
      0.009461268782615662,
      0.008907519280910492,
      0.009084782563149929,
      0.008992530405521393,
      0.00968217384070158,
      0.008183157071471214,
      0.00910842977464199,
      0.008471313863992691,
      0.008665423840284348,
      0.008320956490933895,
      0.008328491821885109,
      0.008709351532161236,
      0.008893447928130627,
      0.008543954230844975,
      0.008815874345600605,
      0.00940228532999754,
      0.007536545395851135,
      0.008225943893194199,
      0.00840737670660019,
      0.008564972318708897,
      0.008392134681344032,
      0.008241451345384121,
      0.008687111549079418,
      0.009114162065088749,
      0.009057551622390747,
      0.00857674703001976,
      0.008363713510334492,
      0.009256230667233467,
      0.00995648093521595,
      0.008166234008967876,
      0.008534641936421394,
      0.007599127013236284,
      0.007937552407383919,
      0.007609398569911718,
      0.009570176713168621,
      0.008840587921440601,
      0.008996185846626759,
      0.008101842366158962,
      0.00985671579837799,
      0.008337528444826603,
      0.008593780919909477,
      0.008054820820689201,
      0.00835526455193758,
      0.008686239831149578,
      0.007778659462928772,
      0.007713256869465113,
      0.008382548578083515,
      0.0084394421428442,
      0.00932939350605011,
      0.009110542945563793,
      0.009110325947403908,
      0.009174659848213196,
      0.00845898687839508,
      0.00846600066870451,
      0.007387666031718254,
      0.008789429441094398,
      0.0087087731808424,
      0.008321055211126804,
      0.008576461113989353,
      0.0071197873912751675,
      0.008552554994821548,
      0.008156655356287956,
      0.007974072359502316,
      0.008408923633396626,
      0.00803061667829752,
      0.007997723296284676,
      0.007522012572735548,
      0.007525745313614607,
      0.007876932621002197,
      0.007912655360996723,
      0.00789593905210495,
      0.008023052476346493,
      0.007931254804134369,
      0.008908163756132126,
      0.008150288835167885,
      0.007492239121347666,
      0.007466902025043964,
      0.00911297183483839,
      0.007201177533715963,
      0.007468866650015116,
      0.007575120311230421,
      0.008210388012230396,
      0.008678761310875416,
      0.009264716878533363,
      0.008284158073365688,
      0.007872262969613075,
      0.007616949267685413,
      0.00822098646312952,
      0.007449266966432333,
      0.008371642790734768,
      0.008615046739578247,
      0.008615933358669281,
      0.007402101997286081,
      0.0076781753450632095,
      0.007934749126434326,
      0.007979588583111763,
      0.008139504119753838,
      0.008375760167837143,
      0.007830306887626648,
      0.007557235192507505,
      0.007795803248882294,
      0.007671393919736147,
      0.007252738811075687,
      0.008420201018452644,
      0.007771622389554977,
      0.008048412390053272,
      0.007414344698190689,
      0.0076464382000267506,
      0.008002198301255703,
      0.008056070655584335,
      0.008444285951554775,
      0.00810009054839611,
      0.007833867333829403,
      0.007561187259852886,
      0.008805681020021439,
      0.008531543426215649,
      0.008911393582820892,
      0.008178705349564552,
      0.008414804935455322,
      0.008529030717909336,
      0.0073834192007780075,
      0.0072545744478702545,
      0.007159071043133736,
      0.008776999078691006,
      0.007329726591706276,
      0.007254214026033878,
