{
   "number_epochs": 200,
   "info_used": "use hypothesis",
   "perc_full_data": 0.04,
   "n_epochs_no_selection": 0,
   "Frequency % cutoff": 0.33,
   "hidden_size": 32,
   "random_state": 4,
   "train_errors": [
      0.056264255195856094,
      0.044695254415273666,
      0.03823215514421463,
      0.03299753740429878,
      0.03168751299381256,
      0.02989441715180874,
      0.028273805975914,
      0.02782566100358963,
      0.02788015641272068,
      0.02895631268620491,
      0.029074307531118393,
      0.02857379801571369,
      0.02901468053460121,
      0.029260052368044853,
      0.028772320598363876,
      0.028628189116716385,
      0.028146231546998024,
      0.028370043262839317,
      0.028491580858826637,
      0.028381159529089928,
      0.028599636629223824,
      0.027381962165236473,
      0.026896055787801743,
      0.02685493417084217,
      0.027053531259298325,
      0.027520282194018364,
      0.026677098125219345,
      0.02725854516029358,
      0.026678062975406647,
      0.025862762704491615,
      0.025952173396945,
      0.02619601972401142,
      0.02566148154437542,
      0.025191307067871094,
      0.02560727298259735,
      0.025450268760323524,
      0.025663871318101883,
      0.02431197464466095,
      0.02463981881737709,
      0.024340379983186722,
      0.02397795021533966,
      0.024513959884643555,
      0.023719582706689835,
      0.02390929125249386,
      0.022876804694533348,
      0.02234654687345028,
      0.024378487840294838,
      0.023359403014183044,
      0.023277299478650093,
      0.022811725735664368,
      0.022221604362130165,
      0.022292904555797577,
      0.022693738341331482,
      0.02284739725291729,
      0.022379830479621887,
      0.02242029272019863,
      0.022016804665327072,
      0.02214781381189823,
      0.02173270471394062,
      0.022461216896772385,
      0.021766752004623413,
      0.02192266844213009,
      0.021466905251145363,
      0.02098942920565605,
      0.021726788952946663,
      0.02237078920006752,
      0.021007340401411057,
      0.021591128781437874,
      0.021256808191537857,
      0.021025553345680237,
      0.021156813949346542,
      0.021491698920726776,
      0.020289292559027672,
      0.020697981119155884,
      0.020515786483883858,
      0.02083425782620907,
      0.021364692598581314,
      0.021094927564263344,
      0.02065686322748661,
      0.020679602399468422,
      0.02017616480588913,
      0.019599150866270065,
      0.020716095343232155,
      0.0209431704133749,
      0.02078506164252758,
      0.02037358097732067,
      0.020755840465426445,
      0.02037641778588295,
      0.020351937040686607,
      0.020771658048033714,
      0.020172644406557083,
      0.020201224833726883,
      0.020021898671984673,
      0.020231889560818672,
      0.0197564996778965,
      0.019762493669986725,
      0.020400850102305412,
      0.020782342180609703,
      0.019456859678030014,
      0.019970323890447617,
      0.020204056054353714,
      0.02026192843914032,
      0.01986759342253208,
      0.021222800016403198,
      0.020443620160222054,
      0.02068154513835907,
      0.020854748785495758,
      0.02042453922331333,
      0.020367691293358803,
      0.020054509863257408,
      0.020523443818092346,
      0.019385233521461487,
      0.020404715090990067,
      0.019449761137366295,
      0.020479733124375343,
      0.020101118832826614,
      0.02015938237309456,
      0.020828457549214363,
      0.019779201596975327,
      0.020135220140218735,
      0.019346678629517555,
      0.01984553039073944,
      0.01924152299761772,
      0.019827155396342278,
      0.020466143265366554,
      0.019915640354156494,
      0.019885173067450523,
      0.019756877794861794,
      0.019458387047052383,
      0.02057296223938465,
      0.019471103325486183,
      0.020074425265192986,
      0.019809581339359283,
      0.019769711419939995,
      0.019069243222475052,
      0.01988033391535282,
      0.020402949303388596,
      0.019661685451865196,
      0.019391892477869987,
      0.01953878626227379,
      0.02025531604886055,
      0.019873183220624924,
      0.01929144561290741,
      0.019544044509530067,
      0.01982249692082405,
      0.019925734028220177,
      0.018735988065600395,
      0.01943756826221943,
      0.019524021074175835,
      0.01917390525341034,
      0.01786213181912899,
      0.01826220005750656,
      0.017889248207211494,
      0.018710043281316757,
      0.018476665019989014,
      0.018113385885953903,
      0.017478257417678833,
      0.01827886328101158,
      0.01763140596449375,
      0.01758243516087532,
      0.017760105431079865,
      0.0180063433945179,
      0.016825594007968903,
      0.017446128651499748,
      0.017093637958168983,
      0.017660610377788544,
      0.017746247351169586,
      0.017897475510835648,
      0.01684657484292984,
      0.01627027802169323,
      0.016785087063908577,
      0.016628945246338844,
      0.015989338979125023,
      0.01629956066608429,
      0.016381213441491127,
      0.01590624451637268,
      0.016494518145918846,
      0.015595813281834126,
      0.015149859711527824,
      0.015250717289745808,
      0.015172796323895454,
      0.015445590950548649,
      0.015183573588728905,
      0.015146945603191853,
      0.01406395435333252,
      0.014150641858577728,
      0.014548759907484055,
      0.014343173243105412,
      0.014495919458568096,
      0.013759378343820572,
      0.014821571297943592,
      0.013815182261168957,
      0.013017055578529835,
      0.013436290435492992,
      0.014080416411161423,
      0.011939514428377151,
      0.012306793592870235,
      0.013157734647393227,
      0.012277459725737572,
      0.013082851655781269
   ],
   "valid_errors": [
      0.06358851492404938,
      0.02782777138054371,
      0.02020612172782421,
      0.0190878938883543,
      0.019442671909928322,
      0.019564252346754074,
      0.019104668870568275,
      0.01881534233689308,
      0.018621154129505157,
      0.018588844686746597,
      0.01790066622197628,
      0.017434680834412575,
      0.017142051830887794,
      0.01744721457362175,
      0.016883166506886482,
      0.016650302335619926,
      0.01664792373776436,
      0.01661844365298748,
      0.016614655032753944,
      0.01667449064552784,
      0.016374271363019943,
      0.01632208749651909,
      0.016376368701457977,
      0.016192175447940826,
      0.01606026664376259,
      0.01580866053700447,
      0.0158353541046381,
      0.015465368516743183,
      0.016047928482294083,
      0.015321765094995499,
      0.01543846819549799,
      0.015044765546917915,
      0.014565364457666874,
      0.0141923101618886,
      0.013668930158019066,
      0.01321219839155674,
      0.012919322587549686,
      0.012247015722095966,
      0.011598622426390648,
      0.011076357215642929,
      0.010521871969103813
   ],
   "val_epochs": [
      0,
      5,
      10,
      15,
      20,
      25,
      30,
      35,
      40,
      45,
      50,
      55,
      60,
      65,
      70,
      75,
      80,
      85,
      90,
      95,
      100,
      105,
      110,
      115,
      120,
      125,
      130,
      135,
      140,
      145,
      150,
      155,
      160,
      165,
      170,
      175,
      180,
      185,
      190,
      195,
      199
   ],
   "input_data_path": "../data/airfoil_self_noise/data.csv",
   "gradwcontext": true,
   "Encompassing Param": 0.1,
   "Normalize Grads & Contx": false,
   "cluster_all_classes": false,
   "imputation method": "",
   "model_dropout": 0.05
}