{
   "number_epochs": 200,
   "info_used": "use hypothesis",
   "perc_full_data": 0.08,
   "n_epochs_no_selection": 0,
   "Frequency % cutoff": 0.33,
   "hidden_size": 32,
   "random_state": 5,
   "train_errors": [
      0.13907761871814728,
      0.0688219666481018,
      0.03392050042748451,
      0.02946990355849266,
      0.031389012932777405,
      0.02513602375984192,
      0.026055382564663887,
      0.022848626598715782,
      0.021308839321136475,
      0.022750601172447205,
      0.022878535091876984,
      0.022570986300706863,
      0.022031480446457863,
      0.022629013285040855,
      0.022441428154706955,
      0.022857001051306725,
      0.022621596232056618,
      0.02108696848154068,
      0.021633567288517952,
      0.022058455273509026,
      0.022571463137865067,
      0.02263886295258999,
      0.022396940737962723,
      0.021893929690122604,
      0.022180641070008278,
      0.02290889248251915,
      0.023490935564041138,
      0.022213000804185867,
      0.023506304249167442,
      0.022573083639144897,
      0.02346830628812313,
      0.023719560354948044,
      0.023861311376094818,
      0.024151021614670753,
      0.02452109381556511,
      0.02427096478641033,
      0.022972214967012405,
      0.02346496842801571,
      0.022974511608481407,
      0.024455778300762177,
      0.023925302550196648,
      0.024715451523661613,
      0.024522913619875908,
      0.02609010972082615,
      0.02526501566171646,
      0.024402331560850143,
      0.024243582040071487,
      0.023071588948369026,
      0.02379574440419674,
      0.023521702736616135,
      0.02357122115790844,
      0.02386654168367386,
      0.024254215881228447,
      0.022906847298145294,
      0.023365279659628868,
      0.023287273943424225,
      0.023016082122921944,
      0.02405032515525818,
      0.023225896060466766,
      0.022494731470942497,
      0.02390695922076702,
      0.02361339144408703,
      0.022281048819422722,
      0.022585267201066017,
      0.022650042548775673,
      0.02259710617363453,
      0.02321794629096985,
      0.022879261523485184,
      0.02218707837164402,
      0.021699629724025726,
      0.022247344255447388,
      0.021403077989816666,
      0.021407704800367355,
      0.021912166848778725,
      0.021644560620188713,
      0.021877167746424675,
      0.021596526727080345,
      0.02070215530693531,
      0.021965838968753815,
      0.021295877173542976,
      0.021640080958604813,
      0.020720189437270164,
      0.021599216386675835,
      0.020657138898968697,
      0.02132437936961651,
      0.02123975194990635,
      0.02137775346636772,
      0.021374400705099106,
      0.020301176235079765,
      0.02083941362798214,
      0.02210402674973011,
      0.021528087556362152,
      0.021000457927584648,
      0.021061813458800316,
      0.020630186423659325,
      0.020193981006741524,
      0.02164420858025551,
      0.021769437938928604,
      0.019809801131486893,
      0.02014812082052231,
      0.02041912078857422,
      0.020938504487276077,
      0.020118288695812225,
      0.020805416628718376,
      0.020351389423012733,
      0.020876077935099602,
      0.02007385715842247,
      0.020228801295161247,
      0.019460292533040047,
      0.021148312836885452,
      0.019524535164237022,
      0.019622061401605606,
      0.020109638571739197,
      0.020196374505758286,
      0.020341137424111366,
      0.019675232470035553,
      0.020134739577770233,
      0.01971551589667797,
      0.019653189927339554,
      0.020374039188027382,
      0.02091166190803051,
      0.019749000668525696,
      0.02011888474225998,
      0.019152924418449402,
      0.019245300441980362,
      0.020095936954021454,
      0.019154440611600876,
      0.019498510286211967,
      0.019212838262319565,
      0.01923500746488571,
      0.020194709300994873,
      0.020488064736127853,
      0.020536767318844795,
      0.020558632910251617,
      0.019249608740210533,
      0.019790587946772575,
      0.018699293956160545,
      0.019047006964683533,
      0.018869485706090927,
      0.019713832065463066,
      0.01946329139173031,
      0.018550409004092216,
      0.01959165558218956,
      0.01950647681951523,
      0.019362840801477432,
      0.018946697935461998,
      0.018569376319646835,
      0.018635042011737823,
      0.018692955374717712,
      0.01890534535050392,
      0.019529948011040688,
      0.019656775519251823,
      0.018977386876940727,
      0.019207585602998734,
      0.019027726724743843,
      0.01845567487180233,
      0.018431920558214188,
      0.018592197448015213,
      0.019116662442684174,
      0.019224748015403748,
      0.01865822821855545,
      0.019052589312195778,
      0.018472079187631607,
      0.018612537533044815,
      0.018653593957424164,
      0.019005319103598595,
      0.01882077194750309,
      0.018049251288175583,
      0.018110014498233795,
      0.017573336139321327,
      0.018713025376200676,
      0.01890547014772892,
      0.018315520137548447,
      0.017959322780370712,
      0.01850656419992447,
      0.01724952831864357,
      0.01684609241783619,
      0.017161520197987556,
      0.01656661555171013,
      0.0169377364218235,
      0.01766577549278736,
      0.017587408423423767,
      0.01696055568754673,
      0.01842086762189865,
      0.017418744042515755,
      0.017838161438703537,
      0.01757444627583027,
      0.01818821206688881,
      0.016922660171985626,
      0.01666080392897129,
      0.017412016168236732,
      0.01720263436436653,
      0.01652928814291954,
      0.01685682125389576,
      0.016609113663434982,
      0.015948504209518433,
      0.016310011968016624,
      0.01580256037414074,
      0.016758229583501816,
      0.01770167611539364
   ],
   "valid_errors": [
      0.12799684703350067,
      0.027733445167541504,
      0.02222006767988205,
      0.02187119983136654,
      0.021370384842157364,
      0.01997723989188671,
      0.01881135068833828,
      0.018496748059988022,
      0.01775728538632393,
      0.01772487722337246,
      0.01735885813832283,
      0.016997063532471657,
      0.017008496448397636,
      0.01667870208621025,
      0.016703777015209198,
      0.016533253714442253,
      0.01647617295384407,
      0.016307692974805832,
      0.01637386716902256,
      0.016294991597533226,
      0.01614208146929741,
      0.016398973762989044,
      0.016348516568541527,
      0.01645207591354847,
      0.016277005895972252,
      0.016397086903452873,
      0.016317298635840416,
      0.016262225806713104,
      0.016260869801044464,
      0.016003986820578575,
      0.01570955663919449,
      0.01561690028756857,
      0.015425183810293674,
      0.015318173915147781,
      0.015386340208351612,
      0.015115154907107353,
      0.014918950386345387,
      0.014516777358949184,
      0.014175033196806908,
      0.013806495815515518,
      0.013838307932019234
   ],
   "val_epochs": [
      0,
      5,
      10,
      15,
      20,
      25,
      30,
      35,
      40,
      45,
      50,
      55,
      60,
      65,
      70,
      75,
      80,
      85,
      90,
      95,
      100,
      105,
      110,
      115,
      120,
      125,
      130,
      135,
      140,
      145,
      150,
      155,
      160,
      165,
      170,
      175,
      180,
      185,
      190,
      195,
      199
   ],
   "input_data_path": "../data/airfoil_self_noise/data.csv",
   "gradwcontext": true,
   "Encompassing Param": 0.1,
   "Normalize Grads & Contx": false,
   "cluster_all_classes": false,
   "imputation method": "",
   "model_dropout": 0.05
}