{
   "number_epochs": 200,
   "info_used": "use hypothesis",
   "perc_full_data": 0.04,
   "n_epochs_no_selection": 0,
   "Frequency % cutoff": 0.33,
   "hidden_size": 32,
   "random_state": 10,
   "train_errors": [
      0.06441432237625122,
      0.05052969604730606,
      0.04660671576857567,
      0.038767240941524506,
      0.03751801326870918,
      0.03380804881453514,
      0.033513959497213364,
      0.03207461163401604,
      0.0336657278239727,
      0.03148793429136276,
      0.031663622707128525,
      0.031652096658945084,
      0.03215678036212921,
      0.032390937209129333,
      0.031809765845537186,
      0.031062273308634758,
      0.03184191882610321,
      0.03102322854101658,
      0.030483238399028778,
      0.03067932277917862,
      0.029997272416949272,
      0.030241340398788452,
      0.030644552782177925,
      0.029745737090706825,
      0.02960922010242939,
      0.029693201184272766,
      0.028698762878775597,
      0.02882246859371662,
      0.028873519971966743,
      0.028269270434975624,
      0.028495408594608307,
      0.028206299990415573,
      0.02860739454627037,
      0.028010819107294083,
      0.028084740042686462,
      0.027528144419193268,
      0.027072545140981674,
      0.027715256437659264,
      0.026901975274086,
      0.027316253632307053,
      0.026169002056121826,
      0.026694858446717262,
      0.025694020092487335,
      0.026087984442710876,
      0.025943132117390633,
      0.026769140735268593,
      0.025351466611027718,
      0.025360530242323875,
      0.02586326003074646,
      0.025168929249048233,
      0.026333604007959366,
      0.02532726339995861,
      0.02503991313278675,
      0.02500503696501255,
      0.024783050641417503,
      0.02462809905409813,
      0.025000998750329018,
      0.024649376049637794,
      0.024761909618973732,
      0.024981563910841942,
      0.0246792733669281,
      0.024334659799933434,
      0.025044221431016922,
      0.024137724190950394,
      0.02408337965607643,
      0.024549122899770737,
      0.024446485564112663,
      0.02414242923259735,
      0.024530045688152313,
      0.023609278723597527,
      0.02353641204535961,
      0.023844484239816666,
      0.023385562002658844,
      0.023127827793359756,
      0.02452801913022995,
      0.024286076426506042,
      0.023415928706526756,
      0.02330019325017929,
      0.022600140422582626,
      0.022889569401741028,
      0.02239615097641945,
      0.02238045446574688,
      0.02244228683412075,
      0.023897141218185425,
      0.022097812965512276,
      0.022701475769281387,
      0.02163364365696907,
      0.022524509578943253,
      0.022166194394230843,
      0.022002404555678368,
      0.02278517559170723,
      0.021376829594373703,
      0.021121853962540627,
      0.0207628533244133,
      0.02133198268711567,
      0.021191321313381195,
      0.020717089995741844,
      0.021099261939525604,
      0.020236806944012642,
      0.021968159824609756,
      0.022000377997756004,
      0.020739968866109848,
      0.020529724657535553,
      0.020560260862112045,
      0.020438583567738533,
      0.020345857366919518,
      0.021380573511123657,
      0.020423762500286102,
      0.020066270604729652,
      0.019738292321562767,
      0.019568253308534622,
      0.019688524305820465,
      0.019978759810328484,
      0.019214311614632607,
      0.018399354070425034,
      0.01998603716492653,
      0.019681625068187714,
      0.019966110587120056,
      0.01864825375378132,
      0.019170762971043587,
      0.01888357661664486,
      0.018673406913876534,
      0.01757611148059368,
      0.017999280244112015,
      0.01776532270014286,
      0.018358139321208,
      0.01819554530084133,
      0.017953790724277496,
      0.017903462052345276,
      0.017542561516165733,
      0.016166452318429947,
      0.017950648441910744,
      0.0183082465082407,
      0.016655320301651955,
      0.016713740304112434,
      0.016169540584087372,
      0.01623673364520073,
      0.016005173325538635,
      0.01544057484716177,
      0.016528261825442314,
      0.015195939689874649,
      0.015097318217158318,
      0.014837250113487244,
      0.0151765625923872,
      0.014611047692596912,
      0.01428824383765459,
      0.013550533913075924,
      0.013954445719718933,
      0.013894136063754559,
      0.014084596186876297,
      0.012722142972052097,
      0.013794152066111565,
      0.012420927174389362,
      0.012887018732726574,
      0.01331273838877678,
      0.011708585545420647,
      0.011634993366897106,
      0.013952502980828285,
      0.013041924685239792,
      0.012319127097725868,
      0.012788788415491581,
      0.011357623152434826,
      0.01086208876222372,
      0.010594387538731098,
      0.010726922191679478,
      0.011472592130303383,
      0.011500784195959568,
      0.010195321403443813,
      0.01070566289126873,
      0.010823152959346771,
      0.01092519611120224,
      0.010588846169412136,
      0.010471003130078316,
      0.01052542869001627,
      0.009916848503053188,
      0.011531809344887733,
      0.009278804995119572,
      0.009799513034522533,
      0.00903764832764864,
      0.00927070714533329,
      0.009692582301795483,
      0.009027058258652687,
      0.009596629068255424,
      0.009463696740567684,
      0.00895410031080246,
      0.009148414246737957,
      0.00949394702911377,
      0.008974653668701649,
      0.008651424199342728,
      0.009896606206893921,
      0.008950131945312023,
      0.009843521751463413,
      0.00915617123246193,
      0.00839765090495348,
      0.009385420940816402,
      0.008601806126534939,
      0.008310365490615368,
      0.0080491341650486,
      0.009179046377539635,
      0.00865747407078743
   ],
   "valid_errors": [
      0.06204088404774666,
      0.027773741632699966,
      0.02285415306687355,
      0.021901914849877357,
      0.021147597581148148,
      0.020150398835539818,
      0.019977856427431107,
      0.019573263823986053,
      0.019755776971578598,
      0.0190846249461174,
      0.01882323808968067,
      0.018286876380443573,
      0.017734341323375702,
      0.017055122181773186,
      0.01729397661983967,
      0.01674758829176426,
      0.016583777964115143,
      0.016317153349518776,
      0.015451055020093918,
      0.014735897071659565,
      0.01468030083924532,
      0.014268037863075733,
      0.01407500822097063,
      0.013708398677408695,
      0.013308199122548103,
      0.01310588326305151,
      0.013017814606428146,
      0.012071373872458935,
      0.011738177388906479,
      0.011863633058965206,
      0.010861500166356564,
      0.010775282047688961,
      0.010402072221040726,
      0.009861493483185768,
      0.01036051008850336,
      0.009338733740150928,
      0.009501570835709572,
      0.0087674455717206,
      0.008447276428341866,
      0.00864721555262804,
      0.007848997600376606
   ],
   "val_epochs": [
      0,
      5,
      10,
      15,
      20,
      25,
      30,
      35,
      40,
      45,
      50,
      55,
      60,
      65,
      70,
      75,
      80,
      85,
      90,
      95,
      100,
      105,
      110,
      115,
      120,
      125,
      130,
      135,
      140,
      145,
      150,
      155,
      160,
      165,
      170,
      175,
      180,
      185,
      190,
      195,
      199
   ],
   "input_data_path": "../data/airfoil_self_noise/data.csv",
   "gradwcontext": true,
   "Encompassing Param": 0.1,
   "Normalize Grads & Contx": false,
   "cluster_all_classes": false,
   "imputation method": "",
   "model_dropout": 0.05
}