{
   "number_epochs": 200,
   "info_used": "use hypothesis",
   "perc_full_data": 0.04,
   "n_epochs_no_selection": 0,
   "Frequency % cutoff": 0.33,
   "hidden_size": 32,
   "random_state": 0,
   "train_errors": [
      0.06299871951341629,
      0.050475068390369415,
      0.04383944720029831,
      0.03730548173189163,
      0.03302692994475365,
      0.0321294404566288,
      0.03122587874531746,
      0.030180834233760834,
      0.029761970043182373,
      0.028613567352294922,
      0.029021305963397026,
      0.02960430644452572,
      0.028339821845293045,
      0.027408141642808914,
      0.026503097265958786,
      0.027549343183636665,
      0.027409197762608528,
      0.02662007138133049,
      0.026951033622026443,
      0.026249688118696213,
      0.026447037234902382,
      0.025620976462960243,
      0.025980236008763313,
      0.0261253509670496,
      0.025517629459500313,
      0.025483688339591026,
      0.025004573166370392,
      0.02520720101892948,
      0.024413177743554115,
      0.024844879284501076,
      0.024975629523396492,
      0.023415304720401764,
      0.023548169061541557,
      0.02473570592701435,
      0.024361394345760345,
      0.0244363471865654,
      0.023671304807066917,
      0.02391999028623104,
      0.022813431918621063,
      0.023072335869073868,
      0.023262428119778633,
      0.023026641458272934,
      0.023298535495996475,
      0.0217515267431736,
      0.023019829764962196,
      0.022071806713938713,
      0.022429747506976128,
      0.022360138595104218,
      0.022408243268728256,
      0.021792499348521233,
      0.02212914079427719,
      0.022018488496541977,
      0.0225982628762722,
      0.022278839722275734,
      0.02116570621728897,
      0.02163149230182171,
      0.022421959787607193,
      0.02211260236799717,
      0.02157716453075409,
      0.021502403542399406,
      0.02121512033045292,
      0.020973147824406624,
      0.020513297989964485,
      0.020608438178896904,
      0.02086987905204296,
      0.02055678889155388,
      0.02082649990916252,
      0.02068922109901905,
      0.02110929973423481,
      0.020475763827562332,
      0.020136184990406036,
      0.021275801584124565,
      0.020442718639969826,
      0.02011149562895298,
      0.019951628521084785,
      0.019378846511244774,
      0.020225083455443382,
      0.01993037387728691,
      0.020166045054793358,
      0.019559718668460846,
      0.01924542337656021,
      0.019749071449041367,
      0.020414190366864204,
      0.019688157364726067,
      0.01993185468018055,
      0.019731584936380386,
      0.019481470808386803,
      0.019076025113463402,
      0.020071251317858696,
      0.019837288185954094,
      0.019335994496941566,
      0.01920255832374096,
      0.019455505535006523,
      0.01914992742240429,
      0.01880599744617939,
      0.018707387149333954,
      0.019681842997670174,
      0.01902073621749878,
      0.019069882109761238,
      0.018342211842536926,
      0.018477991223335266,
      0.019198022782802582,
      0.01851791702210903,
      0.018709372729063034,
      0.018938157707452774,
      0.01851991005241871,
      0.01954195275902748,
      0.017908956855535507,
      0.018632251769304276,
      0.01899365335702896,
      0.019141020253300667,
      0.018619384616613388,
      0.01837233453989029,
      0.018461935222148895,
      0.018882013857364655,
      0.018089285120368004,
      0.01784791611135006,
      0.01873847283422947,
      0.018620910122990608,
      0.018768420442938805,
      0.018677351996302605,
      0.017927799373865128,
      0.018530579283833504,
      0.018833788111805916,
      0.01809791475534439,
      0.018013475462794304,
      0.018368279561400414,
      0.01945490948855877,
      0.018913552165031433,
      0.018677134066820145,
      0.018827835097908974,
      0.01863151229918003,
      0.018238713964819908,
      0.018387969583272934,
      0.019363025203347206,
      0.018819129094481468,
      0.018197452649474144,
      0.018826836720108986,
      0.019231412559747696,
      0.017839787527918816,
      0.018306108191609383,
      0.01861303299665451,
      0.018438521772623062,
      0.018691817298531532,
      0.018785391002893448,
      0.017944421619176865,
      0.017689114436507225,
      0.017577115446329117,
      0.01796567253768444,
      0.017469683662056923,
      0.017539281398057938,
      0.01829441636800766,
      0.018248630687594414,
      0.01733737252652645,
      0.018035540357232094,
      0.017295319586992264,
      0.017328236252069473,
      0.017493875697255135,
      0.016993368044495583,
      0.017120469361543655,
      0.017188649624586105,
      0.016752855852246284,
      0.01677263155579567,
      0.016664553433656693,
      0.017576970160007477,
      0.01675681211054325,
      0.017112769186496735,
      0.01745082251727581,
      0.016692981123924255,
      0.016675012186169624,
      0.01644621044397354,
      0.016192840412259102,
      0.016198666766285896,
      0.016519838944077492,
      0.016318826004862785,
      0.016341842710971832,
      0.01633097603917122,
      0.016040228307247162,
      0.015339977107942104,
      0.01561024785041809,
      0.01510769221931696,
      0.015326849184930325,
      0.014991790056228638,
      0.01579940691590309,
      0.014917642809450626,
      0.015516182407736778,
      0.01453270111232996,
      0.01455544400960207,
      0.014992369338870049,
      0.014447110705077648,
      0.013716300018131733,
      0.013669648207724094,
      0.013959331437945366,
      0.013869336806237698,
      0.013799536973237991,
      0.013188530690968037,
      0.013098523020744324,
      0.01333844568580389,
      0.013146310113370419,
      0.012845353223383427
   ],
   "valid_errors": [
      0.05396667495369911,
      0.02456696890294552,
      0.021849066019058228,
      0.020891934633255005,
      0.020477378740906715,
      0.020113905891776085,
      0.01967250183224678,
      0.019877789542078972,
      0.019704366102814674,
      0.019139012321829796,
      0.019337797537446022,
      0.019290421158075333,
      0.019029123708605766,
      0.01898365281522274,
      0.019352158531546593,
      0.01858660764992237,
      0.018823513761162758,
      0.01841270737349987,
      0.018496714532375336,
      0.018276605755090714,
      0.018237097188830376,
      0.01802438125014305,
      0.018037164583802223,
      0.017863024026155472,
      0.017741451039910316,
      0.01740754209458828,
      0.017878344282507896,
      0.017096228897571564,
      0.01709543913602829,
      0.017170695587992668,
      0.017023732885718346,
      0.016220927238464355,
      0.01592991128563881,
      0.01534500066190958,
      0.014991868287324905,
      0.01459768507629633,
      0.013643481768667698,
      0.013100660406053066,
      0.012959852814674377,
      0.012395457364618778,
      0.011790722608566284
   ],
   "val_epochs": [
      0,
      5,
      10,
      15,
      20,
      25,
      30,
      35,
      40,
      45,
      50,
      55,
      60,
      65,
      70,
      75,
      80,
      85,
      90,
      95,
      100,
      105,
      110,
      115,
      120,
      125,
      130,
      135,
      140,
      145,
      150,
      155,
      160,
      165,
      170,
      175,
      180,
      185,
      190,
      195,
      199
   ],
   "input_data_path": "../data/airfoil_self_noise/data.csv",
   "gradwcontext": true,
   "Encompassing Param": 0.1,
   "Normalize Grads & Contx": false,
   "cluster_all_classes": false,
   "imputation method": "",
   "model_dropout": 0.05
}