{
   "number_epochs": 200,
   "info_used": "use hypothesis",
   "perc_full_data": 0.08,
   "n_epochs_no_selection": 0,
   "Frequency % cutoff": 0.33,
   "hidden_size": 32,
   "random_state": 9,
   "train_errors": [
      0.05134858563542366,
      0.041327763348817825,
      0.03713984042406082,
      0.03293347731232643,
      0.026998868212103844,
      0.02304690331220627,
      0.021998703479766846,
      0.022280076518654823,
      0.022741081193089485,
      0.022627124562859535,
      0.022260427474975586,
      0.02225530333817005,
      0.022721966728568077,
      0.02251696027815342,
      0.022278757765889168,
      0.02160787023603916,
      0.02192191407084465,
      0.022426901385188103,
      0.02176276408135891,
      0.02159997448325157,
      0.021314624696969986,
      0.022226465865969658,
      0.021957894787192345,
      0.021798143163323402,
      0.022126788273453712,
      0.02228039875626564,
      0.021627945825457573,
      0.0220368430018425,
      0.02080996334552765,
      0.021872056648135185,
      0.02147298865020275,
      0.022232376039028168,
      0.021870918571949005,
      0.021719777956604958,
      0.021284019574522972,
      0.02163871005177498,
      0.022394832223653793,
      0.021923020482063293,
      0.0216977521777153,
      0.021275361999869347,
      0.021579599007964134,
      0.02256525680422783,
      0.021157268434762955,
      0.02099173702299595,
      0.02112715132534504,
      0.02140210010111332,
      0.021078411489725113,
      0.021585524082183838,
      0.020451141521334648,
      0.02062760852277279,
      0.021371906623244286,
      0.020913654938340187,
      0.02081449329853058,
      0.021122602745890617,
      0.021053792908787727,
      0.021036731079220772,
      0.02028978429734707,
      0.02024814486503601,
      0.020821982994675636,
      0.020913565531373024,
      0.02008751407265663,
      0.020735815167427063,
      0.02091578021645546,
      0.020581087097525597,
      0.020893007516860962,
      0.0202774815261364,
      0.02092919312417507,
      0.020455682650208473,
      0.020745042711496353,
      0.02075660601258278,
      0.019919665530323982,
      0.02021372877061367,
      0.02011178620159626,
      0.02058008313179016,
      0.02004891075193882,
      0.02004595845937729,
      0.01947467215359211,
      0.019813142716884613,
      0.019876187667250633,
      0.018917391076683998,
      0.01889987662434578,
      0.018698593601584435,
      0.01921018958091736,
      0.01871253177523613,
      0.018635032698512077,
      0.018567336723208427,
      0.018754618242383003,
      0.01898566447198391,
      0.01842469908297062,
      0.018286602571606636,
      0.018263425678014755,
      0.018494553864002228,
      0.018170997500419617,
      0.017487555742263794,
      0.017595119774341583,
      0.017663447186350822,
      0.017370741814374924,
      0.017161641269922256,
      0.01771310716867447,
      0.016783328726887703,
      0.01703016646206379,
      0.017104879021644592,
      0.016681158915162086,
      0.01643894985318184,
      0.01684774085879326,
      0.017211871221661568,
      0.016788393259048462,
      0.016622968018054962,
      0.016783636063337326,
      0.015541049651801586,
      0.016377339139580727,
      0.01578204520046711,
      0.01592242904007435,
      0.01695970818400383,
      0.015994179993867874,
      0.01564614288508892,
      0.015629280358552933,
      0.01623576320707798,
      0.015260468237102032,
      0.015462194569408894,
      0.015457750298082829,
      0.015037599951028824,
      0.015482214279472828,
      0.015400489792227745,
      0.015120148658752441,
      0.01538562960922718,
      0.01553439162671566,
      0.015491165220737457,
      0.014750984497368336,
      0.015290829353034496,
      0.01436961255967617,
      0.014816061593592167,
      0.015603119507431984,
      0.014298159629106522,
      0.015245750546455383,
      0.014925116673111916,
      0.013794216327369213,
      0.015570731833577156,
      0.014313205145299435,
      0.013771560043096542,
      0.015388327650725842,
      0.014591624960303307,
      0.014692872762680054,
      0.015063101425766945,
      0.013771413825452328,
      0.0138284582644701,
      0.014393104240298271,
      0.01412186212837696,
      0.013973738998174667,
      0.013645959086716175,
      0.013430800288915634,
      0.013317704200744629,
      0.012969015166163445,
      0.013870933093130589,
      0.01316952146589756,
      0.012447630055248737,
      0.013935779221355915,
      0.01279029343277216,
      0.012409907765686512,
      0.013676956295967102,
      0.01298726536333561,
      0.013045198284089565,
      0.012274282984435558,
      0.012103177607059479,
      0.012093570083379745,
      0.012223312631249428,
      0.011906733736395836,
      0.011853224597871304,
      0.011643866077065468,
      0.011326169595122337,
      0.011746488511562347,
      0.011862465180456638,
      0.011443061754107475,
      0.012160660699009895,
      0.01191942673176527,
      0.011575793847441673,
      0.011576586402952671,
      0.011066528037190437,
      0.010615434497594833,
      0.01072390004992485,
      0.010612687095999718,
      0.010453229770064354,
      0.009945615194737911,
      0.011031907051801682,
      0.010659115388989449,
      0.009994124062359333,
      0.009416063316166401,
      0.009447780437767506,
      0.009946851991117,
      0.009011377580463886,
      0.008695803582668304,
      0.009325401857495308,
      0.008554790169000626,
      0.009111333638429642,
      0.007985017262399197,
      0.008588292635977268,
      0.007821564562618732,
      0.008667515590786934,
      0.007475866470485926,
      0.007556531578302383
   ],
   "valid_errors": [
      0.059917498379945755,
      0.02199016697704792,
      0.01988053508102894,
      0.019271619617938995,
      0.018706338480114937,
      0.018367134034633636,
      0.01820756308734417,
      0.018124230206012726,
      0.017957212403416634,
      0.017760880291461945,
      0.017693430185317993,
      0.01784595660865307,
      0.01764279417693615,
      0.017350295558571815,
      0.017438789829611778,
      0.017672529444098473,
      0.017067255452275276,
      0.016818463802337646,
      0.016191866248846054,
      0.015834596008062363,
      0.01528235711157322,
      0.014701025560498238,
      0.014340671710669994,
      0.01405596174299717,
      0.013946798630058765,
      0.013705143705010414,
      0.013322610408067703,
      0.01341654546558857,
      0.013048585504293442,
      0.012719626538455486,
      0.011902074329555035,
      0.011750237084925175,
      0.011397399939596653,
      0.011283398605883121,
      0.010864729061722755,
      0.01059039868414402,
      0.01002474594861269,
      0.008958470076322556,
      0.008597896434366703,
      0.008242158219218254,
      0.007963510230183601
   ],
   "val_epochs": [
      0,
      5,
      10,
      15,
      20,
      25,
      30,
      35,
      40,
      45,
      50,
      55,
      60,
      65,
      70,
      75,
      80,
      85,
      90,
      95,
      100,
      105,
      110,
      115,
      120,
      125,
      130,
      135,
      140,
      145,
      150,
      155,
      160,
      165,
      170,
      175,
      180,
      185,
      190,
      195,
      199
   ],
   "input_data_path": "../data/airfoil_self_noise/data.csv",
   "gradwcontext": true,
   "Encompassing Param": 0.1,
   "Normalize Grads & Contx": false,
   "cluster_all_classes": false,
   "imputation method": "",
   "model_dropout": 0.05
}