{
   "number_epochs": 200,
   "info_used": "use hypothesis",
   "perc_full_data": 0.04,
   "n_epochs_no_selection": 0,
   "Frequency % cutoff": 0.33,
   "hidden_size": 32,
   "random_state": 9,
   "train_errors": [
      0.05133780837059021,
      0.04209592193365097,
      0.03721459209918976,
      0.0328868068754673,
      0.027532093226909637,
      0.023459991440176964,
      0.021952234208583832,
      0.02230520360171795,
      0.022708788514137268,
      0.02264406532049179,
      0.022405987605452538,
      0.022533413022756577,
      0.022957095876336098,
      0.022848911583423615,
      0.0227167047560215,
      0.021963434293866158,
      0.022513099014759064,
      0.022983184084296227,
      0.02221967838704586,
      0.02227012626826763,
      0.02192772552371025,
      0.022880710661411285,
      0.022397801280021667,
      0.022517863661050797,
      0.02292264811694622,
      0.023182159289717674,
      0.02249022200703621,
      0.022879749536514282,
      0.02168620005249977,
      0.02284480631351471,
      0.022873403504490852,
      0.02350274659693241,
      0.023142116144299507,
      0.02293754369020462,
      0.022643860429525375,
      0.02316388487815857,
      0.02353081665933132,
      0.023107120767235756,
      0.022943882271647453,
      0.022629840299487114,
      0.022982189431786537,
      0.02423866093158722,
      0.022699085995554924,
      0.022577542811632156,
      0.023419491946697235,
      0.02315686084330082,
      0.022563546895980835,
      0.02281258814036846,
      0.022213906049728394,
      0.022372441366314888,
      0.02341173216700554,
      0.022564934566617012,
      0.02255340665578842,
      0.02276790887117386,
      0.022987307980656624,
      0.02270650677382946,
      0.022487621754407883,
      0.022149914875626564,
      0.022757843136787415,
      0.023276761174201965,
      0.02265537716448307,
      0.022729091346263885,
      0.022628730162978172,
      0.02292008139193058,
      0.023012828081846237,
      0.022408051416277885,
      0.022618869319558144,
      0.02216830849647522,
      0.022685496136546135,
      0.02289569564163685,
      0.022167693823575974,
      0.022211888805031776,
      0.02178877592086792,
      0.0225372314453125,
      0.022230805829167366,
      0.02278907410800457,
      0.022054050117731094,
      0.021900415420532227,
      0.022275427356362343,
      0.021566398441791534,
      0.02141355164349079,
      0.021560344845056534,
      0.022109797224402428,
      0.021757839247584343,
      0.021330540999770164,
      0.02158019319176674,
      0.022022387012839317,
      0.022220881655812263,
      0.021601267158985138,
      0.020932894200086594,
      0.0208718404173851,
      0.02149556763470173,
      0.021066145971417427,
      0.021030761301517487,
      0.020782051607966423,
      0.02052702195942402,
      0.02073812112212181,
      0.019853640347719193,
      0.02094963565468788,
      0.019950756803154945,
      0.019717739894986153,
      0.01988031156361103,
      0.019436204805970192,
      0.019466372206807137,
      0.01966523751616478,
      0.020091082900762558,
      0.01950916275382042,
      0.019064389169216156,
      0.020151443779468536,
      0.018574636429548264,
      0.018733998760581017,
      0.018249841406941414,
      0.01873837038874626,
      0.01923557184636593,
      0.018417485058307648,
      0.017598876729607582,
      0.01856744848191738,
      0.01934116519987583,
      0.017675776034593582,
      0.017264477908611298,
      0.01803434267640114,
      0.01743730902671814,
      0.01764349266886711,
      0.01772383041679859,
      0.017061293125152588,
      0.017375702038407326,
      0.017537405714392662,
      0.017101028934121132,
      0.0168450940400362,
      0.016951844096183777,
      0.016122808679938316,
      0.01699734851717949,
      0.01691354066133499,
      0.017112387344241142,
      0.01695752888917923,
      0.016727043315768242,
      0.015972185879945755,
      0.017468901351094246,
      0.01647108793258667,
      0.01607532426714897,
      0.01695828326046467,
      0.016225183382630348,
      0.016291357576847076,
      0.01686781272292137,
      0.015924952924251556,
      0.015882771462202072,
      0.016137413680553436,
      0.016984323039650917,
      0.016867199912667274,
      0.01644238643348217,
      0.016181303188204765,
      0.015759345144033432,
      0.01617293618619442,
      0.016276756301522255,
      0.016412558034062386,
      0.01564033143222332,
      0.016101421788334846,
      0.015148906968533993,
      0.015044047497212887,
      0.01647006906569004,
      0.015913033857941628,
      0.01659606583416462,
      0.015736425295472145,
      0.015475484542548656,
      0.014845599420368671,
      0.014390509575605392,
      0.014786398969590664,
      0.01401736680418253,
      0.01407402940094471,
      0.014947816729545593,
      0.015562071464955807,
      0.015339306555688381,
      0.014715421944856644,
      0.014992120675742626,
      0.014662930741906166,
      0.01443134993314743,
      0.01452607475221157,
      0.014324475079774857,
      0.014899149537086487,
      0.01595662347972393,
      0.014252525754272938,
      0.014580228365957737,
      0.013764132745563984,
      0.014777280390262604,
      0.014117702841758728,
      0.013150445185601711,
      0.013840176165103912,
      0.013861522078514099,
      0.014369960874319077,
      0.01314456481486559,
      0.013631871901452541,
      0.013985086232423782,
      0.013372654095292091,
      0.013848423026502132,
      0.012833349406719208,
      0.013472475111484528,
      0.0128425108268857,
      0.01387666817754507,
      0.01404196210205555,
      0.013483516871929169
   ],
   "valid_errors": [
      0.05997222661972046,
      0.02228202484548092,
      0.019964687526226044,
      0.0192816574126482,
      0.018582629039883614,
      0.018058855086565018,
      0.017832579091191292,
      0.017631495371460915,
      0.017499854788184166,
      0.017311250790953636,
      0.016939667984843254,
      0.016732610762119293,
      0.01680184341967106,
      0.016665447503328323,
      0.016480186954140663,
      0.016907179728150368,
      0.016652056947350502,
      0.016496270895004272,
      0.016183966770768166,
      0.016170725226402283,
      0.015556889586150646,
      0.015323051251471043,
      0.015379592776298523,
      0.015482187271118164,
      0.01589769683778286,
      0.015411188825964928,
      0.015436132438480854,
      0.01495729573071003,
      0.015375361777842045,
      0.014996683225035667,
      0.01511032972484827,
      0.015492890030145645,
      0.015142432413995266,
      0.015233907848596573,
      0.014478117227554321,
      0.01400348823517561,
      0.014277315698564053,
      0.013252307660877705,
      0.0134011534973979,
      0.013173762708902359,
      0.012802661396563053
   ],
   "val_epochs": [
      0,
      5,
      10,
      15,
      20,
      25,
      30,
      35,
      40,
      45,
      50,
      55,
      60,
      65,
      70,
      75,
      80,
      85,
      90,
      95,
      100,
      105,
      110,
      115,
      120,
      125,
      130,
      135,
      140,
      145,
      150,
      155,
      160,
      165,
      170,
      175,
      180,
      185,
      190,
      195,
      199
   ],
   "input_data_path": "../data/airfoil_self_noise/data.csv",
   "gradwcontext": true,
   "Encompassing Param": 0.1,
   "Normalize Grads & Contx": false,
   "cluster_all_classes": false,
   "imputation method": "",
   "model_dropout": 0.05
}