{
   "number_epochs": 200,
   "info_used": "use hypothesis",
   "perc_full_data": 0.04,
   "n_epochs_no_selection": 0,
   "Frequency % cutoff": 0.33,
   "hidden_size": 32,
   "random_state": 13,
   "train_errors": [
      0.050454478710889816,
      0.03472302481532097,
      0.03218991309404373,
      0.029044829308986664,
      0.028386441990733147,
      0.02693903259932995,
      0.026144998148083687,
      0.025822604075074196,
      0.026112189516425133,
      0.025841444730758667,
      0.0253884457051754,
      0.025220436975359917,
      0.02529006451368332,
      0.02532726712524891,
      0.025253158062696457,
      0.024452390149235725,
      0.024847589433193207,
      0.024928057566285133,
      0.02451769821345806,
      0.02449231781065464,
      0.02356814034283161,
      0.023381030187010765,
      0.023425154387950897,
      0.024071257561445236,
      0.023166799917817116,
      0.023572860285639763,
      0.02253737673163414,
      0.02286330796778202,
      0.02191527746617794,
      0.02250511758029461,
      0.0217406265437603,
      0.022506430745124817,
      0.022660335525870323,
      0.022388460114598274,
      0.02121589705348015,
      0.021360518410801888,
      0.021618518978357315,
      0.02080227993428707,
      0.021007560193538666,
      0.02083907090127468,
      0.021038884297013283,
      0.02108539454638958,
      0.020247191190719604,
      0.020961273461580276,
      0.020394839346408844,
      0.020330943167209625,
      0.01983407884836197,
      0.020525308325886726,
      0.020072922110557556,
      0.02002907171845436,
      0.01904524303972721,
      0.019269011914730072,
      0.018757985904812813,
      0.01847676746547222,
      0.018033208325505257,
      0.018377812579274178,
      0.018663279712200165,
      0.019237656146287918,
      0.018017591908574104,
      0.01774636283516884,
      0.017445780336856842,
      0.0171766709536314,
      0.017522238194942474,
      0.017983537167310715,
      0.017374031245708466,
      0.01729176752269268,
      0.016737835481762886,
      0.016981588676571846,
      0.016484012827277184,
      0.017290448769927025,
      0.01721241883933544,
      0.017896125093102455,
      0.016486603766679764,
      0.01647850126028061,
      0.01663622073829174,
      0.01667024940252304,
      0.01802101731300354,
      0.015660947188735008,
      0.01762944459915161,
      0.016700806096196175,
      0.015498494729399681,
      0.015694649890065193,
      0.015541301108896732,
      0.015044396743178368,
      0.017029955983161926,
      0.016363531351089478,
      0.015902748331427574,
      0.015258354134857655,
      0.015582781285047531,
      0.01620303839445114,
      0.015047096647322178,
      0.016769971698522568,
      0.01602121815085411,
      0.015130230225622654,
      0.015837684273719788,
      0.015751425176858902,
      0.016049081459641457,
      0.014680718071758747,
      0.01525136735290289,
      0.01657409965991974,
      0.015349509194493294,
      0.015004276297986507,
      0.016234129667282104,
      0.016285117715597153,
      0.015144464559853077,
      0.015164275653660297,
      0.016894465312361717,
      0.015110873617231846,
      0.014993754215538502,
      0.014995068311691284,
      0.015028406865894794,
      0.014944235794246197,
      0.016540728509426117,
      0.015395114198327065,
      0.0159724410623312,
      0.01590404100716114,
      0.015270719304680824,
      0.015946462750434875,
      0.014760510064661503,
      0.014869499020278454,
      0.015831008553504944,
      0.014811880886554718,
      0.014537502080202103,
      0.016030054539442062,
      0.014229160733520985,
      0.015351262874901295,
      0.014271113090217113,
      0.014594673179090023,
      0.015572338365018368,
      0.014689955860376358,
      0.013650353997945786,
      0.014683260582387447,
      0.0142162861302495,
      0.014582271687686443,
      0.013379381969571114,
      0.013814563862979412,
      0.014469443820416927,
      0.013639724813401699,
      0.013477758504450321,
      0.012999702244997025,
      0.01220131665468216,
      0.014272032305598259,
      0.012797686271369457,
      0.012621840462088585,
      0.013231911696493626,
      0.012922991998493671,
      0.014614042825996876,
      0.01245824247598648,
      0.012089638970792294,
      0.013826961629092693,
      0.011575515381991863,
      0.013751857914030552,
      0.012504981830716133,
      0.01218191534280777,
      0.011701732873916626,
      0.012144824489951134,
      0.01299898698925972,
      0.012539082206785679,
      0.012829790823161602,
      0.012265735305845737,
      0.013202330097556114,
      0.011887451633810997,
      0.012150685302913189,
      0.01079090777784586,
      0.012880957685410976,
      0.011447615921497345,
      0.011665665544569492,
      0.011551416479051113,
      0.012080028653144836,
      0.010759128257632256,
      0.011651300825178623,
      0.010914425365626812,
      0.012084443122148514,
      0.011296574026346207,
      0.010305800475180149,
      0.011100541800260544,
      0.011240305379033089,
      0.010304451920092106,
      0.011160100810229778,
      0.011855906806886196,
      0.010811282321810722,
      0.009560109116137028,
      0.009152857586741447,
      0.009535922668874264,
      0.010471784509718418,
      0.011884801089763641,
      0.009903933852910995,
      0.008060940541327,
      0.008511924184858799,
      0.009942912496626377,
      0.009651982225477695,
      0.00822813343256712,
      0.00796494260430336,
      0.008270359598100185,
      0.009420567192137241,
      0.008482626639306545,
      0.008910450153052807,
      0.009375473484396935,
      0.009194750338792801,
      0.007680309470742941
   ],
   "valid_errors": [
      0.03664727881550789,
      0.024960534647107124,
      0.020124513655900955,
      0.018835049122571945,
      0.017375851050019264,
      0.01687295362353325,
      0.016107024624943733,
      0.015615525655448437,
      0.015436802059412003,
      0.015524683520197868,
      0.0153812225908041,
      0.015321698971092701,
      0.01517268642783165,
      0.015145965851843357,
      0.015130888670682907,
      0.015051502734422684,
      0.015419342555105686,
      0.015025475062429905,
      0.015388791449368,
      0.014792198315262794,
      0.014838336035609245,
      0.014327090233564377,
      0.014053386636078358,
      0.01395742129534483,
      0.013354970142245293,
      0.012462591752409935,
      0.01204248983412981,
      0.011442562565207481,
      0.011239388026297092,
      0.01007145643234253,
      0.01078801043331623,
      0.009670943021774292,
      0.010300965048372746,
      0.008862405084073544,
      0.00834208820015192,
      0.008232783526182175,
      0.009289575740695,
      0.008558332920074463,
      0.008120368234813213,
      0.006959219463169575,
      0.0069830226711928844
   ],
   "val_epochs": [
      0,
      5,
      10,
      15,
      20,
      25,
      30,
      35,
      40,
      45,
      50,
      55,
      60,
      65,
      70,
      75,
      80,
      85,
      90,
      95,
      100,
      105,
      110,
      115,
      120,
      125,
      130,
      135,
      140,
      145,
      150,
      155,
      160,
      165,
      170,
      175,
      180,
      185,
      190,
      195,
      199
   ],
   "input_data_path": "../data/airfoil_self_noise/data.csv",
   "gradwcontext": true,
   "Encompassing Param": 0.1,
   "Normalize Grads & Contx": false,
   "cluster_all_classes": false,
   "imputation method": "",
   "model_dropout": 0.05
}