{
   "number_epochs": 200,
   "info_used": "use hypothesis",
   "perc_full_data": 0.08,
   "n_epochs_no_selection": 0,
   "Frequency % cutoff": 0.33,
   "hidden_size": 32,
   "random_state": 1,
   "train_errors": [
      0.0569007582962513,
      0.04353935644030571,
      0.03971059247851372,
      0.03856869786977768,
      0.03413700312376022,
      0.033379822969436646,
      0.030271388590335846,
      0.02974826842546463,
      0.028758663684129715,
      0.027917513623833656,
      0.02773573063313961,
      0.02739052101969719,
      0.02786850370466709,
      0.027187151834368706,
      0.026856020092964172,
      0.02760377898812294,
      0.027222586795687675,
      0.026430942118167877,
      0.0266598928719759,
      0.026953039690852165,
      0.025797490030527115,
      0.025480158627033234,
      0.026292480528354645,
      0.027145352214574814,
      0.025965509936213493,
      0.025044456124305725,
      0.02574167773127556,
      0.02542995847761631,
      0.025644991546869278,
      0.02507959119975567,
      0.02663714624941349,
      0.02625930681824684,
      0.025558097288012505,
      0.02600950375199318,
      0.024991849437355995,
      0.024563424289226532,
      0.026092177256941795,
      0.023766720667481422,
      0.02490750327706337,
      0.02456105500459671,
      0.024064810946583748,
      0.02654540352523327,
      0.024941910058259964,
      0.025464721024036407,
      0.024781959131360054,
      0.024197356775403023,
      0.02338319830596447,
      0.02454713173210621,
      0.024264894425868988,
      0.02454977110028267,
      0.023277223110198975,
      0.02430644817650318,
      0.02496873401105404,
      0.024442782625555992,
      0.02370590902864933,
      0.023368651047348976,
      0.022962968796491623,
      0.023128312081098557,
      0.02252463810145855,
      0.022805791348218918,
      0.023434866219758987,
      0.023251568898558617,
      0.021741412580013275,
      0.022143565118312836,
      0.021999046206474304,
      0.022025790065526962,
      0.02247961051762104,
      0.022819314152002335,
      0.021922804415225983,
      0.022542845457792282,
      0.021182654425501823,
      0.023224059492349625,
      0.022159678861498833,
      0.02174483612179756,
      0.021923983469605446,
      0.022118307650089264,
      0.02230904810130596,
      0.021741844713687897,
      0.022190522402524948,
      0.02280191145837307,
      0.021240253001451492,
      0.022137848660349846,
      0.021475203335285187,
      0.022904841229319572,
      0.02109154500067234,
      0.021884283050894737,
      0.020665571093559265,
      0.021459586918354034,
      0.022195862606167793,
      0.020645495504140854,
      0.02130567654967308,
      0.020288076251745224,
      0.02004864439368248,
      0.020626772195100784,
      0.02031725086271763,
      0.021363845095038414,
      0.0204294603317976,
      0.02075878530740738,
      0.021031998097896576,
      0.02109788917005062,
      0.020683465525507927,
      0.019399743527173996,
      0.021479904651641846,
      0.0196318831294775,
      0.019996976479887962,
      0.02067500911653042,
      0.0207553468644619,
      0.020256871357560158,
      0.020601307973265648,
      0.02040092833340168,
      0.02078022062778473,
      0.020029308274388313,
      0.01970917545258999,
      0.019956838339567184,
      0.020244037732481956,
      0.021060079336166382,
      0.020346960052847862,
      0.019481226801872253,
      0.020249370485544205,
      0.02025461196899414,
      0.02016068994998932,
      0.019830098375678062,
      0.019363317638635635,
      0.019287560135126114,
      0.018842246383428574,
      0.01941923424601555,
      0.01950252428650856,
      0.019608814269304276,
      0.019448718056082726,
      0.019511498510837555,
      0.01933460868895054,
      0.018788520246744156,
      0.01777423545718193,
      0.0187826007604599,
      0.018921365961432457,
      0.017834484577178955,
      0.017843428999185562,
      0.018979182466864586,
      0.017956817522644997,
      0.017557449638843536,
      0.018853243440389633,
      0.017622901126742363,
      0.01730954460799694,
      0.017288513481616974,
      0.017112581059336662,
      0.017752574756741524,
      0.017429359257221222,
      0.016625598073005676,
      0.016851268708705902,
      0.016314394772052765,
      0.015487306751310825,
      0.015535333193838596,
      0.015658775344491005,
      0.015863917768001556,
      0.01585204154253006,
      0.015509193763136864,
      0.015292425639927387,
      0.015168975107371807,
      0.015042541548609734,
      0.014045752584934235,
      0.01453778613358736,
      0.014996485784649849,
      0.014328541234135628,
      0.014630414545536041,
      0.014099379070103168,
      0.013058595359325409,
      0.01414487324655056,
      0.012798987329006195,
      0.012950781732797623,
      0.013560405001044273,
      0.013137915171682835,
      0.012819877825677395,
      0.012826732359826565,
      0.01326174009591341,
      0.012408655136823654,
      0.012528632767498493,
      0.011809314601123333,
      0.012491133995354176,
      0.01228616014122963,
      0.012025341391563416,
      0.012376561760902405,
      0.011837261728942394,
      0.012561009265482426,
      0.011979334056377411,
      0.011506607756018639,
      0.010982189327478409,
      0.01151784136891365,
      0.010901914909482002,
      0.01136764232069254,
      0.010841014795005322,
      0.01094522513449192,
      0.010689785704016685,
      0.01110463310033083,
      0.010367922484874725,
      0.011157202534377575,
      0.010697255842387676,
      0.011680584400892258,
      0.010532638989388943,
      0.00976686179637909,
      0.010606885887682438
   ],
   "valid_errors": [
      0.06374948471784592,
      0.03198917210102081,
      0.02725306712090969,
      0.02413274720311165,
      0.022898901253938675,
      0.02174767293035984,
      0.020986976101994514,
      0.019725855439901352,
      0.01859225146472454,
      0.017736954614520073,
      0.01706722192466259,
      0.016430461779236794,
      0.015679828822612762,
      0.015471509657800198,
      0.014823142439126968,
      0.01510287169367075,
      0.014654282480478287,
      0.014921879395842552,
      0.014969870448112488,
      0.014040768146514893,
      0.014655967243015766,
      0.014256724156439304,
      0.014966684393584728,
      0.014194679446518421,
      0.01426440104842186,
      0.014688828028738499,
      0.013718015514314175,
      0.012430842034518719,
      0.012057098560035229,
      0.01124567911028862,
      0.010358449071645737,
      0.010131323710083961,
      0.009858865290880203,
      0.009214607067406178,
      0.008691878989338875,
      0.008217547088861465,
      0.00843446608632803,
      0.00755015853792429,
      0.007065857294946909,
      0.006532231345772743,
      0.006507313344627619
   ],
   "val_epochs": [
      0,
      5,
      10,
      15,
      20,
      25,
      30,
      35,
      40,
      45,
      50,
      55,
      60,
      65,
      70,
      75,
      80,
      85,
      90,
      95,
      100,
      105,
      110,
      115,
      120,
      125,
      130,
      135,
      140,
      145,
      150,
      155,
      160,
      165,
      170,
      175,
      180,
      185,
      190,
      195,
      199
   ],
   "input_data_path": "../data/airfoil_self_noise/data.csv",
   "gradwcontext": true,
   "Encompassing Param": 0.1,
   "Normalize Grads & Contx": false,
   "cluster_all_classes": false,
   "imputation method": "",
   "model_dropout": 0.05
}