{
   "number_epochs": 200,
   "info_used": "use hypothesis",
   "perc_full_data": 0.04,
   "n_epochs_no_selection": 0,
   "Frequency % cutoff": 0.33,
   "hidden_size": 32,
   "random_state": 14,
   "train_errors": [
      0.06064768135547638,
      0.04950040951371193,
      0.03552683815360069,
      0.03654227778315544,
      0.03089098446071148,
      0.029357483610510826,
      0.025828134268522263,
      0.02645224519073963,
      0.02524094097316265,
      0.025420203804969788,
      0.02585206925868988,
      0.023432333022356033,
      0.024266118183732033,
      0.02520844154059887,
      0.023966314271092415,
      0.023492759093642235,
      0.024142298847436905,
      0.025823192670941353,
      0.023739328607916832,
      0.025891447439789772,
      0.025930330157279968,
      0.025078928098082542,
      0.02510499209165573,
      0.025903629139065742,
      0.02576298639178276,
      0.025960169732570648,
      0.025929806753993034,
      0.02552815154194832,
      0.025430303066968918,
      0.02645888179540634,
      0.025771357119083405,
      0.026735635474324226,
      0.025443973019719124,
      0.025551380589604378,
      0.02502777986228466,
      0.02491830848157406,
      0.025046102702617645,
      0.025493266060948372,
      0.024772884324193,
      0.024432670325040817,
      0.024561738595366478,
      0.024325557053089142,
      0.024116674438118935,
      0.024843107908964157,
      0.02486625872552395,
      0.024310022592544556,
      0.0234700795263052,
      0.024992212653160095,
      0.023360101506114006,
      0.024275582283735275,
      0.023922327905893326,
      0.022675521671772003,
      0.02318171225488186,
      0.023193661123514175,
      0.02328193560242653,
      0.023002592846751213,
      0.023561684414744377,
      0.02312353439629078,
      0.023291530087590218,
      0.023105448111891747,
      0.021814784035086632,
      0.023383554071187973,
      0.023677511140704155,
      0.02303238958120346,
      0.022120170295238495,
      0.022981630638241768,
      0.022511150687932968,
      0.021869882941246033,
      0.023118775337934494,
      0.02230333723127842,
      0.022461913526058197,
      0.023351680487394333,
      0.02372046560049057,
      0.02134976163506508,
      0.021975455805659294,
      0.021364405751228333,
      0.023190699517726898,
      0.023766079917550087,
      0.021202092990279198,
      0.021434783935546875,
      0.020972998812794685,
      0.021037880331277847,
      0.020837871357798576,
      0.021996723487973213,
      0.020804433152079582,
      0.020714420825242996,
      0.02176077850162983,
      0.02079443819820881,
      0.021831588819622993,
      0.021637562662363052,
      0.02021261677145958,
      0.02060467004776001,
      0.019707435742020607,
      0.023046361282467842,
      0.02149103954434395,
      0.0210732351988554,
      0.019844939932227135,
      0.02033929154276848,
      0.019061163067817688,
      0.021839680150151253,
      0.019434133544564247,
      0.019466321915388107,
      0.021903282031416893,
      0.0199144147336483,
      0.019161222502589226,
      0.02046639658510685,
      0.020450599491596222,
      0.019700685515999794,
      0.02004551701247692,
      0.019808175042271614,
      0.018159916624426842,
      0.019127849489450455,
      0.01938609778881073,
      0.020071858540177345,
      0.02136821486055851,
      0.019523248076438904,
      0.019524481147527695,
      0.01899510994553566,
      0.01859462447464466,
      0.01928730309009552,
      0.018564878031611443,
      0.019450299441814423,
      0.021320389583706856,
      0.01870204135775566,
      0.018055349588394165,
      0.020249782130122185,
      0.017268775030970573,
      0.01783016324043274,
      0.020193152129650116,
      0.018343018367886543,
      0.019361840561032295,
      0.019902853295207024,
      0.016868939623236656,
      0.01718459464609623,
      0.01864693872630596,
      0.018198758363723755,
      0.01767081953585148,
      0.017709795385599136,
      0.016849664971232414,
      0.01814989373087883,
      0.018056219443678856,
      0.01723622716963291,
      0.017865123227238655,
      0.01694914884865284,
      0.018292104825377464,
      0.016577761620283127,
      0.017692070454359055,
      0.016602549701929092,
      0.016937732696533203,
      0.01691834069788456,
      0.017452601343393326,
      0.015484968200325966,
      0.01621381752192974,
      0.0167527012526989,
      0.01620381884276867,
      0.01683880016207695,
      0.01715782657265663,
      0.016852302476763725,
      0.015815556049346924,
      0.015495176427066326,
      0.01617186702787876,
      0.016153961420059204,
      0.015886452049016953,
      0.01572767272591591,
      0.014777724631130695,
      0.015460005961358547,
      0.016881106421351433,
      0.016383565962314606,
      0.015414233319461346,
      0.015364966355264187,
      0.015684979036450386,
      0.01437758095562458,
      0.015520034357905388,
      0.016640808433294296,
      0.015219961293041706,
      0.015527120791375637,
      0.014509433880448341,
      0.015175804495811462,
      0.014950462616980076,
      0.014741473831236362,
      0.0152119230479002,
      0.014108619652688503,
      0.014590737409889698,
      0.01409938931465149,
      0.013454376719892025,
      0.01321687363088131,
      0.01451902650296688,
      0.013805903494358063,
      0.014214059337973595,
      0.014156484976410866,
      0.014444750733673573,
      0.013054592534899712,
      0.012887369841337204,
      0.013680812902748585,
      0.013738050125539303,
      0.012872757390141487,
      0.01392428670078516,
      0.013145830482244492,
      0.014558062888681889,
      0.012658831663429737
   ],
   "valid_errors": [
      0.05240364000201225,
      0.026998968794941902,
      0.021903149783611298,
      0.019792253151535988,
      0.019236760213971138,
      0.018133986741304398,
      0.01886536367237568,
      0.01768404059112072,
      0.017258817330002785,
      0.017164915800094604,
      0.017139041796326637,
      0.01678413897752762,
      0.01639583334326744,
      0.0167671088129282,
      0.016719762235879898,
      0.016438188031315804,
      0.016300993040204048,
      0.01563282683491707,
      0.015629736706614494,
      0.015611561946570873,
      0.015441491268575191,
      0.01540413498878479,
      0.015561459586024284,
      0.01506230141967535,
      0.01518341340124607,
      0.015974372625350952,
      0.015417877584695816,
      0.015162337571382523,
      0.015041986480355263,
      0.014590178616344929,
      0.014679629355669022,
      0.01444373931735754,
      0.014797934330999851,
      0.013995357789099216,
      0.013909578323364258,
      0.01411217451095581,
      0.013410828076303005,
      0.013644883409142494,
      0.013527870178222656,
      0.012747598811984062,
      0.0129383634775877
   ],
   "val_epochs": [
      0,
      5,
      10,
      15,
      20,
      25,
      30,
      35,
      40,
      45,
      50,
      55,
      60,
      65,
      70,
      75,
      80,
      85,
      90,
      95,
      100,
      105,
      110,
      115,
      120,
      125,
      130,
      135,
      140,
      145,
      150,
      155,
      160,
      165,
      170,
      175,
      180,
      185,
      190,
      195,
      199
   ],
   "input_data_path": "../data/airfoil_self_noise/data.csv",
   "gradwcontext": true,
   "Encompassing Param": 0.1,
   "Normalize Grads & Contx": false,
   "cluster_all_classes": false,
   "imputation method": "",
   "model_dropout": 0.05
}