{
   "number_epochs": 200,
   "info_used": "use hypothesis",
   "perc_full_data": 0.08,
   "n_epochs_no_selection": 0,
   "Frequency % cutoff": 0.33,
   "hidden_size": 32,
   "random_state": 6,
   "train_errors": [
      0.04005596041679382,
      0.038270510733127594,
      0.03553485870361328,
      0.03258618712425232,
      0.030328691005706787,
      0.02745087258517742,
      0.02674565091729164,
      0.02617342211306095,
      0.025436408817768097,
      0.02453768439590931,
      0.025179073214530945,
      0.025380004197359085,
      0.024625565856695175,
      0.024659959599375725,
      0.02494281530380249,
      0.02458074316382408,
      0.025059714913368225,
      0.024311425164341927,
      0.02386217564344406,
      0.024485744535923004,
      0.023431312292814255,
      0.023921014741063118,
      0.023842399939894676,
      0.023955799639225006,
      0.024323340505361557,
      0.024722451344132423,
      0.024738093838095665,
      0.023764776065945625,
      0.02362002618610859,
      0.023305656388401985,
      0.02345215156674385,
      0.02297619730234146,
      0.023519417271018028,
      0.02292991615831852,
      0.022638695314526558,
      0.022815821692347527,
      0.023175910115242004,
      0.022981371730566025,
      0.022739365696907043,
      0.022812852635979652,
      0.022920645773410797,
      0.022942811250686646,
      0.023298678919672966,
      0.0219926368445158,
      0.02282055653631687,
      0.02304760180413723,
      0.022449960932135582,
      0.02211189642548561,
      0.02277057059109211,
      0.022765174508094788,
      0.022913357242941856,
      0.02297290973365307,
      0.022952968254685402,
      0.02204529196023941,
      0.022466493770480156,
      0.022031709551811218,
      0.02246074378490448,
      0.02235208824276924,
      0.02216230146586895,
      0.022244436666369438,
      0.021822234615683556,
      0.02210831828415394,
      0.022113336250185966,
      0.02118757925927639,
      0.022208811715245247,
      0.02275862917304039,
      0.02127581462264061,
      0.02169867604970932,
      0.022006109356880188,
      0.022022245451807976,
      0.022067852318286896,
      0.02144123613834381,
      0.021574273705482483,
      0.021731648594141006,
      0.02244878001511097,
      0.021432770416140556,
      0.0218847393989563,
      0.021540945395827293,
      0.022779667750000954,
      0.021727878600358963,
      0.02151143178343773,
      0.021334663033485413,
      0.021699341014027596,
      0.021718990057706833,
      0.021755002439022064,
      0.02115410752594471,
      0.021444572135806084,
      0.020967504009604454,
      0.021444683894515038,
      0.02100507728755474,
      0.02219267562031746,
      0.021436607465147972,
      0.021641535684466362,
      0.021514661610126495,
      0.020758191123604774,
      0.021015111356973648,
      0.02038613148033619,
      0.022296883165836334,
      0.021320389583706856,
      0.02138807438313961,
      0.02187397889792919,
      0.020754221826791763,
      0.020533010363578796,
      0.021154267713427544,
      0.020703725516796112,
      0.02067982591688633,
      0.02150014229118824,
      0.020509613677859306,
      0.020051131024956703,
      0.020811202004551888,
      0.019867517054080963,
      0.021066775545477867,
      0.02064504474401474,
      0.020053034648299217,
      0.02009427919983864,
      0.02050214633345604,
      0.020189210772514343,
      0.01978311687707901,
      0.02000335603952408,
      0.019728057086467743,
      0.019880300387740135,
      0.019961409270763397,
      0.020188771188259125,
      0.018898773938417435,
      0.02076934091746807,
      0.019381454214453697,
      0.01948055438697338,
      0.019788172096014023,
      0.01965789496898651,
      0.019755734130740166,
      0.019297968596220016,
      0.01926928199827671,
      0.01922491379082203,
      0.020231464877724648,
      0.01854342222213745,
      0.019309233874082565,
      0.019541235640645027,
      0.01948154717683792,
      0.019349094480276108,
      0.020322447642683983,
      0.018921710550785065,
      0.019879279658198357,
      0.018837861716747284,
      0.018632004037499428,
      0.019066819921135902,
      0.019120624288916588,
      0.01866179332137108,
      0.019173650071024895,
      0.01787749119102955,
      0.019106997177004814,
      0.018244482576847076,
      0.01804915815591812,
      0.01768828183412552,
      0.018311433494091034,
      0.018848007544875145,
      0.018314141780138016,
      0.0180150605738163,
      0.01834331639111042,
      0.017423221841454506,
      0.018310148268938065,
      0.017345339059829712,
      0.017384637147188187,
      0.017653480172157288,
      0.016559159383177757,
      0.016784291714429855,
      0.01695856638252735,
      0.017206786200404167,
      0.016799697652459145,
      0.01684790663421154,
      0.01667669601738453,
      0.01643722504377365,
      0.016376756131649017,
      0.017835313454270363,
      0.017309872433543205,
      0.017266366630792618,
      0.016195673495531082,
      0.015401020646095276,
      0.015784066170454025,
      0.015400337986648083,
      0.014506688341498375,
      0.016279030591249466,
      0.014454998075962067,
      0.015933357179164886,
      0.01461661048233509,
      0.015242117457091808,
      0.015320499427616596,
      0.01492785383015871,
      0.014448809437453747,
      0.015054525807499886,
      0.01394063699990511,
      0.014332040213048458,
      0.01345194410532713,
      0.0139681501314044,
      0.014086010865867138,
      0.013655920512974262,
      0.013976511545479298,
      0.01372148934751749,
      0.012938746251165867,
      0.012902113609015942,
      0.01313938107341528
   ],
   "valid_errors": [
      0.05342017114162445,
      0.028135530650615692,
      0.02400493063032627,
      0.022739768028259277,
      0.022431356832385063,
      0.022057734429836273,
      0.02144412323832512,
      0.020798107609152794,
      0.02020368166267872,
      0.01983831450343132,
      0.01965012215077877,
      0.01939394138753414,
      0.01926007866859436,
      0.01932891272008419,
      0.01924278400838375,
      0.018998177722096443,
      0.018848363310098648,
      0.01875409670174122,
      0.018904726952314377,
      0.018685733899474144,
      0.018779311329126358,
      0.018517224118113518,
      0.01822984218597412,
      0.01835630275309086,
      0.018201468512415886,
      0.018221670761704445,
      0.017943162471055984,
      0.017663609236478806,
      0.017718518152832985,
      0.017546365037560463,
      0.01733279973268509,
      0.01695617474615574,
      0.016736315563321114,
      0.016533832997083664,
      0.016310621052980423,
      0.015840720385313034,
      0.015490565448999405,
      0.014832747168838978,
      0.014866338111460209,
      0.01480782125145197,
      0.01434987224638462
   ],
   "val_epochs": [
      0,
      5,
      10,
      15,
      20,
      25,
      30,
      35,
      40,
      45,
      50,
      55,
      60,
      65,
      70,
      75,
      80,
      85,
      90,
      95,
      100,
      105,
      110,
      115,
      120,
      125,
      130,
      135,
      140,
      145,
      150,
      155,
      160,
      165,
      170,
      175,
      180,
      185,
      190,
      195,
      199
   ],
   "input_data_path": "../data/airfoil_self_noise/data.csv",
   "gradwcontext": true,
   "Encompassing Param": 0.1,
   "Normalize Grads & Contx": false,
   "cluster_all_classes": false,
   "imputation method": "",
   "model_dropout": 0.05
}