{
   "number_epochs": 500,
   "info_used": "use imputation",
   "perc_full_data": 0.015,
   "n_epochs_no_selection": 0,
   "Frequency % cutoff": 0.33,
   "hidden_size": 32,
   "random_state": 17,
   "train_errors": [
      0.02137054316699505,
      0.008979353122413158,
      0.010446236468851566,
      0.013664084486663342,
      0.013410404324531555,
      0.01013356726616621,
      0.008187117986381054,
      0.007934597320854664,
      0.008312058635056019,
      0.008266978897154331,
      0.008250719867646694,
      0.0075859734788537025,
      0.007856156677007675,
      0.008224624209105968,
      0.008611309342086315,
      0.008264533244073391,
      0.007917172275483608,
      0.007671641185879707,
      0.007447296753525734,
      0.0074380976147949696,
      0.007847650907933712,
      0.00732258940115571,
      0.008029217831790447,
      0.007603774778544903,
      0.0075996750965714455,
      0.007550227455794811,
      0.007598912343382835,
      0.007585093844681978,
      0.00745594035834074,
      0.00775321526452899,
      0.0076433694921433926,
      0.007933231070637703,
      0.007569415960460901,
      0.0075873564928770065,
      0.00761991273611784,
      0.0077662477269768715,
      0.0074910554103553295,
      0.007768511772155762,
      0.007920820266008377,
      0.007662257645279169,
      0.007562275044620037,
      0.007815076038241386,
      0.007604462094604969,
      0.007429654709994793,
      0.007568498142063618,
      0.0076503874734044075,
      0.007543010637164116,
      0.007453040685504675,
      0.007632359396666288,
      0.007888590916991234,
      0.007730256766080856,
      0.007270058151334524,
      0.007611546199768782,
      0.007582268211990595,
      0.007432124111801386,
      0.00762527622282505,
      0.007577295880764723,
      0.007665853947401047,
      0.007615917362272739,
      0.007505482994019985,
      0.007755981758236885,
      0.007449503056704998,
      0.007674540858715773,
      0.007451071869581938,
      0.007615627255290747,
      0.007434352766722441,
      0.007395272143185139,
      0.0075012012384831905,
      0.007603107485920191,
      0.007622718811035156,
      0.007558660581707954,
      0.0075808335095644,
      0.007570234593003988,
      0.007575781084597111,
      0.007558224257081747,
      0.0076391384936869144,
      0.007298605516552925,
      0.007811501156538725,
      0.00776773551478982,
      0.007377692963927984,
      0.007524572312831879,
      0.007661057636141777,
      0.00772189861163497,
      0.0075635118409991264,
      0.00760128628462553,
      0.007403336465358734,
      0.007326038088649511,
      0.007732730358839035,
      0.007541741244494915,
      0.007636050693690777,
      0.00760505348443985,
      0.007565513718873262,
      0.007552360184490681,
      0.007599353790283203,
      0.007684418465942144,
      0.007401607930660248,
      0.00800772663205862,
      0.007892224006354809,
      0.007557057775557041,
      0.0075393011793494225,
      0.0076089161448180676,
      0.007567166350781918,
      0.007573210634291172,
      0.007532014045864344,
      0.007576232776045799,
      0.007378183305263519,
      0.007516984362155199,
      0.007904650643467903,
      0.007489155046641827,
      0.007629334926605225,
      0.007339306641370058,
      0.007398934103548527,
      0.007677322253584862,
      0.007129011210054159,
      0.007410306483507156,
      0.007614524103701115,
      0.007601327262818813,
      0.007419304456561804,
      0.007476779166609049,
      0.0073658195324242115,
      0.007642456796020269,
      0.007443382870405912,
      0.0075857508927583694,
      0.007637826260179281,
      0.0074431742541491985,
      0.0076014092192053795,
      0.007554105017334223,
      0.007546295877546072,
      0.007443990092724562,
      0.00759556470438838,
      0.00743224797770381,
      0.007523032370954752,
      0.007361209020018578,
      0.007440148387104273,
      0.007297572214156389,
      0.007654161192476749,
      0.007703402545303106,
      0.007610016502439976,
      0.0076784975826740265,
      0.007394752930849791,
      0.007567775435745716,
      0.007345752790570259,
      0.007479329593479633,
      0.007547332439571619,
      0.007395624183118343,
      0.007335234433412552,
      0.007574128918349743,
      0.0071550519205629826,
      0.007600748911499977,
      0.007353792432695627,
      0.007425660267472267,
      0.007490013726055622,
      0.007484239526093006,
      0.007288970053195953,
      0.007436002604663372,
      0.007487588562071323,
      0.007389719597995281,
      0.007176773156970739,
      0.007409125566482544,
      0.007406466640532017,
      0.007530882488936186,
      0.007326379884034395,
      0.0073008849285542965,
      0.007454089354723692,
      0.007458372041583061,
      0.00750819593667984,
      0.007392291445285082,
      0.007579122204333544,
      0.007512040436267853,
      0.0073918444104492664,
      0.007136215455830097,
      0.00740466546267271,
      0.007451331242918968,
      0.0073403250426054,
      0.007287143729627132,
      0.0077353473752737045,
      0.007377877365797758,
      0.00726818572729826,
      0.0075352867133915424,
      0.007325939834117889,
      0.007389637175947428,
      0.0075351884588599205,
      0.007300444412976503,
      0.007325224578380585,
      0.007418887224048376,
      0.007465291768312454,
      0.00705193355679512,
      0.007394762244075537,
      0.007276198361068964,
      0.007415284868329763,
      0.007237473037093878,
      0.0074756573885679245,
      0.007379388436675072,
      0.007542537525296211,
      0.007445274852216244,
      0.007370786275714636,
      0.007319136988371611,
      0.007324726786464453,
      0.007117731496691704,
      0.007416363339871168,
      0.007286817766726017,
      0.007347628008574247,
      0.007471111137419939,
      0.007373026106506586,
      0.007322524208575487,
      0.0073636979795992374,
      0.007396918721497059,
      0.007203887216746807,
      0.007359080016613007,
      0.007205191534012556,
      0.007323128171265125,
      0.007516771554946899,
      0.007313076872378588,
      0.007468799594789743,
      0.007341520395129919,
      0.00739025603979826,
      0.007550865411758423,
      0.007392430678009987,
      0.007216126658022404,
      0.007341936696320772,
      0.007140542846173048,
      0.007184749469161034,
      0.007319306954741478,
      0.007262843661010265,
      0.007251165807247162,
      0.007354470435529947,
      0.007408042438328266,
      0.007188203278928995,
      0.007405414711683989,
      0.00727527542039752,
      0.007166408933699131,
      0.007132152561098337,
      0.007308980915695429,
      0.007282195147126913,
      0.007318146526813507,
      0.007150257006287575,
      0.00729999179020524,
      0.007212326396256685,
      0.007231564726680517,
      0.007003833539783955,
      0.007062033284455538,
      0.007133876904845238,
      0.007356707938015461,
      0.007364086806774139,
      0.0072021749801933765,
      0.00736165139824152,
      0.007431777659803629,
      0.007265704683959484,
      0.0071687232702970505,
      0.007213238161057234,
      0.007043997757136822,
      0.00721725495532155,
      0.0072439806535840034,
      0.007391653954982758,
      0.007078647613525391,
      0.007105411496013403,
      0.007265432272106409,
      0.007177963387221098,
      0.007527208887040615,
      0.006990587338805199,
      0.007327248342335224,
      0.007058814633637667,
      0.007066711317747831,
      0.00706879049539566,
      0.007194467354565859,
      0.007157061714679003,
      0.007366679608821869,
      0.007042378187179565,
      0.007132160477340221,
      0.007064276374876499,
      0.007209339644759893,
      0.007038837298750877,
      0.007253319025039673,
      0.00709110964089632,
      0.00728237722069025,
      0.007173851598054171,
      0.007107608951628208,
      0.007150071673095226,
