{
   "number_epochs": 500,
   "info_used": "use imputation",
   "perc_full_data": 0.02,
   "n_epochs_no_selection": 0,
   "Frequency % cutoff": 0.33,
   "hidden_size": 32,
   "random_state": 3,
   "train_errors": [
      0.013269827701151371,
      0.012552189640700817,
      0.012030920013785362,
      0.011615654453635216,
      0.01166597567498684,
      0.011910596862435341,
      0.011167953722178936,
      0.011351129040122032,
      0.01123665552586317,
      0.011937770061194897,
      0.0115857208147645,
      0.011464807204902172,
      0.011369742453098297,
      0.011567791923880577,
      0.011286822147667408,
      0.01091819442808628,
      0.011105653829872608,
      0.011580226011574268,
      0.01147550344467163,
      0.010896369814872742,
      0.010949281975626945,
      0.01127681229263544,
      0.011422722600400448,
      0.011295833624899387,
      0.011014548130333424,
      0.011139207519590855,
      0.011340907774865627,
      0.010913579724729061,
      0.010844990611076355,
      0.011454245075583458,
      0.011251339688897133,
      0.011022815480828285,
      0.010919245891273022,
      0.01113265659660101,
      0.011302165687084198,
      0.011061632074415684,
      0.010811266489326954,
      0.011052779853343964,
      0.010969129391014576,
      0.011015165597200394,
      0.01078741904348135,
      0.011119971051812172,
      0.010853956453502178,
      0.010871448554098606,
      0.01088760793209076,
      0.010836807079613209,
      0.011137235909700394,
      0.010817548260092735,
      0.011000307276844978,
      0.011004529893398285,
      0.010719124227762222,
      0.010809698142111301,
      0.010950624011456966,
      0.010982703417539597,
      0.010964052751660347,
      0.010601612739264965,
      0.011010232381522655,
      0.010747633874416351,
      0.011004413478076458,
      0.010829947888851166,
      0.010882152244448662,
      0.01079021580517292,
      0.011098794639110565,
      0.011127735488116741,
      0.010968738235533237,
      0.010988816618919373,
      0.010804940015077591,
      0.010823809541761875,
      0.011027684435248375,
      0.011159415356814861,
      0.010819909162819386,
      0.01099215354770422,
      0.010822218842804432,
      0.011151006445288658,
      0.011022713966667652,
      0.011121859773993492,
      0.010850409045815468,
      0.010935972444713116,
      0.010950298048555851,
      0.011162921786308289,
      0.010709318332374096,
      0.011137611232697964,
      0.011027239263057709,
      0.010889294557273388,
      0.010703702457249165,
      0.010790374130010605,
      0.01073096226900816,
      0.010937545448541641,
      0.010799488052725792,
      0.011095485650002956,
      0.010977503843605518,
      0.011107156053185463,
      0.011126033030450344,
      0.010606985539197922,
      0.010989083908498287,
      0.010788962244987488,
      0.01073200348764658,
      0.01110881008207798,
      0.010753177106380463,
      0.010928168892860413,
      0.010676756501197815,
      0.010923921130597591,
      0.010591180063784122,
      0.010581723414361477,
      0.010739258490502834,
      0.01083553396165371,
      0.010676629841327667,
      0.010862409137189388,
      0.01094797533005476,
      0.011066907085478306,
      0.010896725580096245,
      0.010970850475132465,
      0.010773459449410439,
      0.010632549412548542,
      0.010940412059426308,
      0.010980071499943733,
      0.010933500714600086,
      0.010789776220917702,
      0.010575382970273495,
      0.01041417010128498,
      0.011080943048000336,
      0.0109866289421916,
      0.010889078490436077,
      0.011076617054641247,
      0.010768935084342957,
      0.010896017774939537,
      0.010698329657316208,
      0.010618394240736961,
      0.010678918100893497,
      0.010848150588572025,
      0.010884478688240051,
      0.010919837281107903,
      0.011024853214621544,
      0.01070070918649435,
      0.010797042399644852,
      0.01087141688913107,
      0.010851752012968063,
      0.010788431391119957,
      0.010578050278127193,
      0.011000372469425201,
      0.010842470452189445,
      0.010681932792067528,
      0.01082186121493578,
      0.011150762438774109,
      0.010689785704016685,
      0.01092323288321495,
      0.011107945814728737,
      0.010763971135020256,
      0.011089029721915722,
      0.010429074056446552,
      0.010778648778796196,
      0.010760316625237465,
      0.010753766633570194,
      0.010657410137355328,
      0.010900631546974182,
      0.010752527974545956,
      0.010690262541174889,
      0.010784410871565342,
      0.010714543983340263,
      0.010901511646807194,
      0.010812980122864246,
      0.01105976477265358,
      0.010754636488854885,
      0.01084014680236578,
      0.01080511324107647,
      0.010806265287101269,
      0.010722789913415909,
      0.01071093138307333,
      0.010570188984274864,
      0.010498898103833199,
      0.010776213370263577,
      0.010830605402588844,
      0.010473816655576229,
      0.010823968797922134,
      0.010639524087309837,
      0.010618647560477257,
      0.010981801897287369,
      0.010637391358613968,
      0.010605997405946255,
      0.010892022401094437,
      0.01058953907340765,
      0.010946443304419518,
      0.01054204348474741,
      0.010917779989540577,
      0.011153862811625004,
      0.010886960662901402,
      0.010728804394602776,
      0.01072998158633709,
      0.0108310766518116,
      0.010777246206998825,
      0.010705413296818733,
      0.01081963162869215,
      0.010664954781532288,
      0.01068064197897911,
      0.01068093255162239,
      0.010644970461726189,
      0.010853941552340984,
      0.010923681780695915,
      0.01063856016844511,
      0.010661829262971878,
      0.010827049612998962,
      0.011057662777602673,
      0.01068208273500204,
      0.010616781190037727,
      0.010583413764834404,
      0.010691989213228226,
      0.011107691563665867,
      0.01095883920788765,
      0.011051767505705357,
      0.010895507410168648,
      0.011104795150458813,
      0.010893394239246845,
      0.010725807398557663,
      0.010676627978682518,
      0.010746629908680916,
      0.010789099149405956,
      0.010459667071700096,
      0.010979208163917065,
      0.010792269371449947,
      0.010664808563888073,
      0.010710116475820541,
      0.010993667878210545,
      0.010948041453957558,
      0.010853305459022522,
      0.010600117035210133,
      0.010943135246634483,
      0.010966364294290543,
      0.010738909244537354,
      0.01090538501739502,
      0.01085672713816166,
      0.01110919751226902,
      0.010828077793121338,
      0.010743016377091408,
      0.010874026454985142,
      0.010910621844232082,
      0.010735657997429371,
      0.010772274807095528,
      0.010922892950475216,
      0.01061693299561739,
      0.011104014702141285,
      0.011109770275652409,
      0.010642718523740768,
      0.010557449422776699,
      0.01056154165416956,
      0.010471229441463947,
      0.010498491115868092,
      0.0107937166467309,
      0.010527325794100761,
      0.011136897839605808,
      0.010613805614411831,
      0.010810216888785362,
      0.010526294820010662,
      0.010783788748085499,
      0.010643634013831615,
      0.01088638138025999,
      0.010624542832374573,
      0.01082639954984188,
      0.010813988745212555,
      0.010877439752221107,
      0.010872641578316689,
      0.010811295360326767,
      0.011026495136320591,
      0.01076873391866684,
      0.010780086740851402,
      0.010949118994176388,
      0.01068027876317501,
      0.01068061962723732,
      0.010664685629308224,
      0.010610060766339302,
      0.010521909222006798,
      0.010729041881859303,
      0.010636278428137302,
      0.010660737752914429,
      0.010730758309364319,
      0.01072622463107109,
      0.010827702470123768,
      0.010618682019412518,
      0.01040226686745882,
      0.010823511518537998,
