{
   "number_epochs": 500,
   "info_used": "use imputation",
   "perc_full_data": 0.015,
   "n_epochs_no_selection": 0,
   "Frequency % cutoff": 0.33,
   "hidden_size": 32,
   "random_state": 26,
   "train_errors": [
      0.012569360435009003,
      0.013933481648564339,
      0.011001691222190857,
      0.011884670704603195,
      0.010959526523947716,
      0.010557569563388824,
      0.010586253367364407,
      0.010555875487625599,
      0.010824914090335369,
      0.010412877425551414,
      0.009953769855201244,
      0.009556633420288563,
      0.010042399168014526,
      0.009579195640981197,
      0.009701406583189964,
      0.0097500029951334,
      0.009857323952019215,
      0.009893082082271576,
      0.009672795422375202,
      0.0098068006336689,
      0.009685084223747253,
      0.009478419087827206,
      0.009753813967108727,
      0.009807005524635315,
      0.009495466947555542,
      0.009081333875656128,
      0.009345248341560364,
      0.008887959644198418,
      0.009246459230780602,
      0.009272266179323196,
      0.009355349466204643,
      0.009369817562401295,
      0.0094075882807374,
      0.009237587451934814,
      0.008541637100279331,
      0.009287277236580849,
      0.009096127934753895,
      0.008867058902978897,
      0.008951113559305668,
      0.008791862986981869,
      0.009392498061060905,
      0.008769461885094643,
      0.009255579672753811,
      0.008671566843986511,
      0.009226647205650806,
      0.008863618597388268,
      0.008469030261039734,
      0.008804713375866413,
      0.009010707959532738,
      0.009052515029907227,
      0.008955494500696659,
      0.0085916044190526,
      0.008795938454568386,
      0.008508510887622833,
      0.008333871141076088,
      0.008450238034129143,
      0.009210275486111641,
      0.009255046024918556,
      0.008582991547882557,
      0.008957119658589363,
      0.008689935319125652,
      0.008828639052808285,
      0.008856192231178284,
      0.008793988265097141,
      0.008538344874978065,
      0.008588818833231926,
      0.008667072281241417,
      0.009342130273580551,
      0.00849933922290802,
      0.00871893297880888,
      0.008619719184935093,
      0.00873133447021246,
      0.008495751768350601,
      0.008773698471486568,
      0.008776762522757053,
      0.00864548422396183,
      0.009126165881752968,
      0.008675816468894482,
      0.008493169210851192,
      0.008932986296713352,
      0.00826745294034481,
      0.008725184015929699,
      0.008847364224493504,
      0.008345183916389942,
      0.008523162454366684,
      0.00902467966079712,
      0.008507782593369484,
      0.008618003688752651,
      0.008301245048642159,
      0.00830779317766428,
      0.008480447344481945,
      0.008393001742661,
      0.008285955525934696,
      0.008615517988801003,
      0.007998600602149963,
      0.00836985744535923,
      0.008490122854709625,
      0.009029803797602654,
      0.008784571662545204,
      0.008278369903564453,
      0.008496016263961792,
      0.008408775553107262,
      0.008300449699163437,
      0.008350010961294174,
      0.008564364165067673,
      0.008564780466258526,
      0.008349239826202393,
      0.008738349191844463,
      0.008204642683267593,
      0.00834437645971775,
      0.008446495980024338,
      0.008356300182640553,
      0.008326217532157898,
      0.008558942005038261,
      0.008431310765445232,
      0.008315869607031345,
      0.008601273410022259,
      0.008598287589848042,
      0.008290152996778488,
      0.008715379983186722,
      0.008485850878059864,
      0.008360042236745358,
      0.008397203870117664,
      0.008293179795145988,
      0.008607613854110241,
      0.008557084016501904,
      0.008197871968150139,
      0.008420190773904324,
      0.008309290744364262,
      0.00864652544260025,
      0.008410905487835407,
      0.008805728517472744,
      0.008322170004248619,
      0.008843817748129368,
      0.00830348301678896,
      0.00851160753518343,
      0.008802996948361397,
      0.00873937364667654,
      0.008625641465187073,
      0.008150664158165455,
      0.008494320325553417,
      0.00813988409936428,
      0.008469132706522942,
      0.008603756316006184,
      0.008262909017503262,
      0.008588176220655441,
      0.009149590507149696,
      0.008130784146487713,
      0.008367883041501045,
      0.00820141937583685,
      0.00861399993300438,
      0.008304973132908344,
      0.008236785419285297,
      0.00807482935488224,
      0.008323602378368378,
      0.008678368292748928,
      0.008300673216581345,
      0.008168714120984077,
      0.008575394749641418,
      0.008543810807168484,
      0.00905346404761076,
      0.008879515342414379,
      0.008762387558817863,
      0.008270702324807644,
      0.00847572274506092,
      0.008495749905705452,
      0.008295966312289238,
      0.008209086023271084,
      0.008597337640821934,
      0.008623606525361538,
      0.008278850466012955,
      0.008369844406843185,
      0.009119964204728603,
      0.008835019543766975,
      0.00863596424460411,
      0.008335474878549576,
      0.008251376450061798,
      0.009324753656983376,
      0.008739585056900978,
      0.00835342239588499,
      0.008346131071448326,
      0.008514081127941608,
      0.008539685979485512,
      0.008273129351437092,
      0.008462104946374893,
      0.008343655616044998,
      0.008224217221140862,
      0.00851157121360302,
      0.00850779376924038,
      0.008212904445827007,
      0.008398551493883133,
      0.008517769165337086,
      0.008310770615935326,
      0.00845419429242611,
      0.008609889075160027,
      0.008092072792351246,
      0.008190926164388657,
      0.008194347843527794,
      0.008131949231028557,
      0.008396361023187637,
      0.008419460617005825,
      0.00814159493893385,
      0.008800305426120758,
      0.008263145573437214,
      0.00851773377507925,
      0.008168555796146393,
      0.008417516946792603,
      0.008427934721112251,
      0.008130230009555817,
      0.008232730440795422,
      0.008156624622642994,
      0.008244561031460762,
      0.008168882690370083,
      0.008210359141230583,
      0.008380210027098656,
      0.008739251643419266,
      0.008069505915045738,
      0.007986827753484249,
      0.008263488300144672,
      0.008124998770654202,
      0.00806041806936264,
      0.007771272212266922,
      0.008055177517235279,
      0.008371761068701744,
      0.008361873216927052,
      0.008241558447480202,
      0.008450429886579514,
      0.008883005939424038,
      0.008380184881389141,
      0.008363182656466961,
      0.008071701042354107,
      0.008209148421883583,
      0.007912191562354565,
      0.008122543804347515,
      0.008116324432194233,
      0.00809867586940527,
      0.00804293155670166,
      0.008206667378544807,
      0.008793105371296406,
      0.008215990848839283,
      0.008058030158281326,
      0.008572897873818874,
      0.007964028045535088,
      0.007818800397217274,
      0.008659937418997288,
      0.00800206046551466,
      0.008579133078455925,
      0.007917123846709728,
      0.008522030897438526,
      0.007957910187542439,
      0.00828615389764309,
      0.007880219258368015,
      0.007860018871724606,
      0.00794262159615755,
      0.008260124363005161,
      0.008292109705507755,
      0.00850505568087101,
      0.007878855802118778,
      0.008239492774009705,
      0.007807229179888964,
      0.008124973624944687,
      0.008134650066494942,
      0.00868325773626566,
      0.008277593180537224,
      0.007841442711651325,
      0.008124873042106628,
      0.008059103973209858,
      0.0084401685744524,
      0.007664880249649286,
      0.008120069280266762,
      0.007838313467800617,
      0.00829565804451704,
      0.008732525631785393,
      0.007987668737769127,
      0.008086921647191048,
      0.008142844773828983,
      0.008405951783061028,
      0.008734583854675293,
      0.008947993628680706,
