{
   "number_epochs": 500,
   "info_used": "use imputation",
   "perc_full_data": 0.03,
   "n_epochs_no_selection": 0,
   "Frequency % cutoff": 0.33,
   "hidden_size": 32,
   "random_state": 7,
   "train_errors": [
      0.01183751504868269,
      0.011100920848548412,
      0.012128360569477081,
      0.010740509256720543,
      0.009835326112806797,
      0.010040214285254478,
      0.009995209984481335,
      0.009772556833922863,
      0.009320899844169617,
      0.009296368807554245,
      0.009338933043181896,
      0.009246674366295338,
      0.009125684387981892,
      0.009044177830219269,
      0.009077412076294422,
      0.008782921358942986,
      0.008737211115658283,
      0.008824014104902744,
      0.008834031410515308,
      0.009003403596580029,
      0.008750523440539837,
      0.008824014104902744,
      0.008687849156558514,
      0.00863208994269371,
      0.008590527810156345,
      0.008693001233041286,
      0.008682146668434143,
      0.008594051003456116,
      0.008570436388254166,
      0.008801473304629326,
      0.008656862191855907,
      0.00876301247626543,
      0.00875571183860302,
      0.008563507348299026,
      0.00868001114577055,
      0.008698459714651108,
      0.008585960604250431,
      0.008725683204829693,
      0.008529200218617916,
      0.008607476018369198,
      0.008770761080086231,
      0.008309288881719112,
      0.008428135886788368,
      0.008538927882909775,
      0.008304563350975513,
      0.008651108480989933,
      0.008527074940502644,
      0.008220170624554157,
      0.008421423844993114,
      0.008385850116610527,
      0.008346163667738438,
      0.008397701196372509,
      0.008482522331178188,
      0.008546071127057076,
      0.00845115352421999,
      0.0083770165219903,
      0.00822625681757927,
      0.008399118669331074,
      0.008336192928254604,
      0.008251753635704517,
      0.008206171914935112,
      0.008456075564026833,
      0.008572942577302456,
      0.008128754794597626,
      0.008326192386448383,
      0.008272557519376278,
      0.008386006578803062,
      0.008363420143723488,
      0.008441522717475891,
      0.008257707580924034,
      0.00801041815429926,
      0.008229296654462814,
      0.008307835087180138,
      0.008204974234104156,
      0.008258841000497341,
      0.008280281908810139,
      0.008329322561621666,
      0.007863671518862247,
      0.008358500897884369,
      0.008055337704718113,
      0.008248242549598217,
      0.008281491696834564,
      0.008040784858167171,
      0.00792021956294775,
      0.00829386431723833,
      0.008201208896934986,
      0.00825280137360096,
      0.008160479366779327,
      0.007970049977302551,
      0.00812896341085434,
      0.008252454921603203,
      0.008178182877600193,
      0.00812059361487627,
      0.007962563075125217,
      0.008104948326945305,
      0.008023363538086414,
      0.007681373972445726,
      0.007996399886906147,
      0.007949281483888626,
      0.007860023528337479,
      0.00802423246204853,
      0.008159086108207703,
      0.007774802390486002,
      0.00764880795031786,
      0.00776904821395874,
      0.0077683087438344955,
      0.007611514534801245,
      0.00775524228811264,
      0.008020835928618908,
      0.007475094869732857,
      0.007810425944626331,
      0.007579312194138765,
      0.008016142062842846,
      0.007749705575406551,
      0.007885081693530083,
      0.007627959828823805,
      0.007582251913845539,
      0.007433222606778145,
      0.007881442084908485,
      0.007379154209047556,
      0.007529044523835182,
      0.007851259782910347,
      0.007580001838505268,
      0.007635784335434437,
      0.007487860973924398,
      0.007366642821580172,
      0.0073816790245473385,
      0.0074958414770662785,
      0.007563297171145678,
      0.007151429075747728,
      0.007243557367473841,
      0.007188400719314814,
      0.007274850737303495,
      0.007022019941359758,
      0.0071248202584683895,
      0.007361349184066057,
      0.006997452583163977,
      0.007216311991214752,
      0.007487098686397076,
      0.006900607142597437,
      0.00718248775228858,
      0.007056639064103365,
      0.007167236879467964,
      0.00697570014744997,
      0.006893579848110676,
      0.007319870870560408,
      0.006939513608813286,
      0.007004769053310156,
      0.007039109710603952,
      0.007366223726421595,
      0.006848138757050037,
      0.00679729413241148,
      0.00695273419842124,
      0.006853833328932524,
      0.00653576897457242,
      0.00685384776443243,
      0.00694345124065876,
      0.006913769990205765,
      0.007018614560365677,
      0.007097767200320959,
      0.00676517141982913,
      0.006719759199768305,
      0.006918992381542921,
      0.006528280675411224,
      0.006831541191786528,
      0.007151456084102392,
      0.006362716667354107,
      0.006700397934764624,
      0.006520556285977364,
      0.00642832275480032,
      0.006588729098439217,
      0.0063973842188715935,
      0.006716166622936726,
      0.005914733279496431,
      0.007395820692181587,
      0.006410046946257353,
      0.006563992239534855,
      0.006537691690027714,
      0.00646838778629899,
      0.006416906602680683,
      0.00625958014279604,
      0.006693421863019466,
      0.007053723093122244,
      0.00578674953430891,
      0.006686200387775898,
      0.006271147169172764,
      0.005928026512265205,
      0.005835670977830887,
      0.006552145350724459,
      0.006670242175459862,
      0.006006452254951,
      0.006739939097315073,
      0.006131364963948727,
      0.006180387455970049,
      0.00644682627171278,
      0.006235974375158548,
      0.0066419197246432304,
      0.006553541403263807,
      0.006526717450469732,
      0.006209655199199915,
      0.005818982142955065,
      0.005659737624228001,
      0.006102258339524269,
      0.006433891132473946,
      0.0065799904987216,
      0.006350206211209297,
      0.005972149781882763,
      0.005941208451986313,
      0.0059124925173819065,
      0.006409099325537682,
      0.005651508457958698,
      0.005791718605905771,
      0.006019916385412216,
      0.006310286466032267,
      0.006080316379666328,
      0.0058490680530667305,
      0.00629371078684926,
      0.006144758779555559,
      0.0059614405035972595,
      0.005692673847079277,
      0.0065934667363762856,
      0.005834209732711315,
      0.006066216621547937,
      0.0059927706606686115,
      0.005819250363856554,
      0.006306473631411791,
      0.006416420452296734,
      0.006949178408831358,
      0.006107511930167675,
      0.0058801318518817425,
      0.00647558830678463,
      0.0058130729012191296,
      0.0062235575169324875,
      0.005827714689075947,
      0.005706484895199537,
      0.005937882233411074,
      0.0057607972994446754,
      0.0057840850204229355,
      0.005562900565564632,
      0.005887980572879314,
      0.006574244704097509,
      0.005349437706172466,
      0.006049111485481262,
      0.006403002887964249,
      0.005671902559697628,
      0.005791606847196817,
      0.005581890232861042,
      0.0060674529522657394,
      0.005992883816361427,
      0.006510494276881218,
      0.0060915532521903515,
      0.005521340761333704,
      0.005753504112362862,
      0.005538094788789749,
      0.006069066468626261,
      0.006225256714969873,
      0.006053389515727758,
      0.00562460720539093,
      0.005589676089584827,
      0.005213746801018715,
      0.005541176535189152,
      0.005093222018331289,
      0.0060079386457800865,
      0.005016807466745377,
      0.005954017397016287,
      0.005810803268104792,
      0.00549020292237401,
      0.005900649819523096,
      0.0055097793228924274,
      0.005952351726591587,
      0.005704887676984072,
      0.005871725734323263,
      0.006110725924372673,
      0.005632881540805101,
      0.005727377254515886,
      0.005730998236685991,
      0.005604646634310484,
      0.005842643324285746,
