{
   "number_epochs": 500,
   "info_used": "use imputation",
   "perc_full_data": 0.02,
   "n_epochs_no_selection": 0,
   "Frequency % cutoff": 0.33,
   "hidden_size": 32,
   "random_state": 13,
   "train_errors": [
      0.01293792761862278,
      0.01402120478451252,
      0.012606985867023468,
      0.011331383138895035,
      0.011353948153555393,
      0.011775110848248005,
      0.011124488897621632,
      0.011107007972896099,
      0.010910367593169212,
      0.011140244081616402,
      0.010846630670130253,
      0.010715358890593052,
      0.01052882056683302,
      0.010176805779337883,
      0.010430671274662018,
      0.010458443313837051,
      0.010730110108852386,
      0.010332456789910793,
      0.01031762920320034,
      0.010682128369808197,
      0.010646181181073189,
      0.010234941728413105,
      0.010328855365514755,
      0.010530672036111355,
      0.010672543197870255,
      0.010439479723572731,
      0.010563358664512634,
      0.010512003675103188,
      0.010440881364047527,
      0.010214855894446373,
      0.010341867804527283,
      0.010325586423277855,
      0.010285705327987671,
      0.010557505302131176,
      0.010483887977898121,
      0.010133531875908375,
      0.010206928476691246,
      0.009940885938704014,
      0.010439244098961353,
      0.010767964646220207,
      0.009876220487058163,
      0.010181928053498268,
      0.010098570957779884,
      0.01004750281572342,
      0.010328435339033604,
      0.010093004442751408,
      0.009995262138545513,
      0.010205838829278946,
      0.009667525067925453,
      0.010230901651084423,
      0.010167218744754791,
      0.010358613915741444,
      0.010332430712878704,
      0.009742366150021553,
      0.01030520536005497,
      0.01083327829837799,
      0.010023352690041065,
      0.009810732677578926,
      0.009756172075867653,
      0.009717939421534538,
      0.009814736433327198,
      0.010019585490226746,
      0.009561117738485336,
      0.009892413392663002,
      0.010003550909459591,
      0.009649635292589664,
      0.009825566783547401,
      0.0097954161465168,
      0.009837898425757885,
      0.009974542073905468,
      0.009714892134070396,
      0.009579459205269814,
      0.010089661926031113,
      0.009528711438179016,
      0.00941550824791193,
      0.009378568269312382,
      0.008989701047539711,
      0.009192817844450474,
      0.009399905800819397,
      0.009342240169644356,
      0.00926133431494236,
      0.009861555881798267,
      0.009506945498287678,
      0.009038623422384262,
      0.009035836905241013,
      0.009882134385406971,
      0.008861135691404343,
      0.009286833927035332,
      0.009273221716284752,
      0.008716890588402748,
      0.00850868783891201,
      0.009603484533727169,
      0.008457504212856293,
      0.008433207869529724,
      0.008803583681583405,
      0.008686663582921028,
      0.008169781416654587,
      0.008795639500021935,
      0.008454483933746815,
      0.008586271665990353,
      0.007812608033418655,
      0.007889415137469769,
      0.007906243205070496,
      0.008218511939048767,
      0.007085079327225685,
      0.007877053692936897,
      0.007620244286954403,
      0.007843350991606712,
      0.006934293080121279,
      0.0068298145197331905,
      0.007056761533021927,
      0.006966649554669857,
      0.006570430006831884,
      0.006338430568575859,
      0.007205127738416195,
      0.006368868984282017,
      0.006070501171052456,
      0.006239214912056923,
      0.006951308809220791,
      0.0063820104114711285,
      0.0061423820443451405,
      0.005876594688743353,
      0.00668850215151906,
      0.0052170660346746445,
      0.005424967966973782,
      0.005704169627279043,
      0.005077883135527372,
      0.00457287672907114,
      0.00500628212466836,
      0.005003232974559069,
      0.004369506146758795,
      0.00504029868170619,
      0.004199545364826918,
      0.0038456679321825504,
      0.005008658394217491,
      0.003841934958472848,
      0.00399162620306015,
      0.005078280344605446,
      0.003547477535903454,
      0.003531748428940773,
      0.0034854107070714235,
      0.0038868498522788286,
      0.0033280733041465282,
      0.003329227911308408,
      0.003166101174429059,
      0.003271311754360795,
      0.0031015537679195404,
      0.0036189560778439045,
      0.0033677457831799984,
      0.002952443901449442,
      0.003839392913505435,
      0.003339967457577586,
      0.0034394694957882166,
      0.003346506506204605,
      0.0035691438242793083,
      0.0024442083667963743,
      0.0025050449185073376,
      0.0027509762439876795,
      0.002712567336857319,
      0.00232165539637208,
      0.0032905489206314087,
      0.003481524996459484,
      0.0026596044190227985,
      0.0024814363569021225,
      0.002209675032645464,
      0.0023746455553919077,
      0.002398026641458273,
      0.0031360217835754156,
      0.002373665338382125,
      0.0029864876996725798,
      0.0024920462165027857,
      0.0021814981009811163,
      0.002190171042457223,
      0.002201603027060628,
      0.0019932875875383615,
      0.0027026028838008642,
      0.003186215180903673,
      0.0022456336300820112,
      0.002475535962730646,
      0.0019422766054049134,
      0.0019176704809069633,
      0.001965187955647707,
      0.0014506721636280417,
      0.0014263216871768236,
      0.00147718726657331,
      0.0016069863922894,
      0.0014726113295182586,
      0.001731852418743074,
      0.001222857041284442,
      0.001276025315746665,
      0.0019345167092978954,
      0.0017639067955315113,
      0.0014042299007996917,
      0.0013226015726104379,
      0.001168865361250937,
      0.0015489311190322042,
      0.002077691024169326,
      0.001731468248181045,
      0.0017685829661786556,
      0.00152760767377913,
      0.0009611630812287331,
      0.0012052860110998154,
      0.0011621493613347411,
      0.00102177110966295,
      0.0010069580748677254,
      0.0008095619268715382,
      0.0010994955664500594,
      0.0009108155500143766,
      0.0010059193009510636,
      0.001018683542497456,
      0.0011579629499465227,
      0.0007021218189038336,
      0.0009005732135847211,
      0.001267520827241242,
      0.0011021536774933338,
      0.001038954360410571,
      0.0015334581257775426,
      0.0006078000296838582,
      0.0010757592972368002,
      0.0012260256335139275,
      0.001043985364958644,
      0.000792503182310611,
      0.0008424755069427192,
      0.001098192878998816,
      0.0008686201181262732,
      0.0011457715881988406,
      0.0005492413765750825,
      0.001004609395749867,
      0.0006871403893455863,
      0.000741675088647753,
      0.0008719468605704606,
      0.0005671342369168997,
      0.0006818128749728203,
      0.0008098356775008142,
      0.0009687312413007021,
      0.0008945371373556554,
      0.0005373181775212288,
      0.001014640205539763,
      0.0011377643095329404,
      0.0004551335296127945,
      0.0008481927216053009,
      0.0008310923585668206,
      0.0006547531811520457,
      0.0008857357897795737,
      0.0010830722749233246,
      0.0007939891656860709,
      0.0007987975841388106,
      0.0005669355159625411,
      0.0006147560779936612,
      0.001097067492082715,
      0.0006450281944125891,
      0.0007574533810839057,
      0.0005027102306485176,
      0.0004514562606345862,
      0.0007460287888534367,
      0.0005860307719558477,
      0.0005475772777572274,
      0.00048182677710428834,
      0.0005737817264162004,
      0.000630372145678848,
      0.000571535958442837,
      0.0011178117711097002,
      0.0011911110486835241,
      0.0004526701522991061,
      0.000573618512134999,
      0.0006809752085246146,
      0.000488784397020936,
      0.0005535102100111544,
      0.00045320618664845824,
      0.00048663775669410825,
      0.0008691492839716375,
      0.0005176729173399508,
      0.0003594876907300204,
      0.0006960852188058197,
      0.0005748942494392395,
