{
   "number_epochs": 500,
   "info_used": "use imputation",
   "perc_full_data": 0.03,
   "n_epochs_no_selection": 0,
   "Frequency % cutoff": 0.33,
   "hidden_size": 32,
   "random_state": 8,
   "train_errors": [
      0.012289997190237045,
      0.012700235471129417,
      0.010802210308611393,
      0.01125433761626482,
      0.010757829993963242,
      0.010633914731442928,
      0.01049941685050726,
      0.010119810700416565,
      0.010881515219807625,
      0.010069936513900757,
      0.00990295596420765,
      0.010629018768668175,
      0.01064884290099144,
      0.009918330237269402,
      0.010524481534957886,
      0.010017545893788338,
      0.009909733198583126,
      0.010345827788114548,
      0.010364367626607418,
      0.010417480021715164,
      0.010341368615627289,
      0.010271902196109295,
      0.009964731521904469,
      0.010436487384140491,
      0.010020717047154903,
      0.010062715038657188,
      0.010422411374747753,
      0.010113762691617012,
      0.010282481089234352,
      0.010012025013566017,
      0.010097241029143333,
      0.010240907780826092,
      0.010211894288659096,
      0.0102235721424222,
      0.010286634787917137,
      0.010280589573085308,
      0.010063324123620987,
      0.010027178563177586,
      0.009857121855020523,
      0.010345607995986938,
      0.010006405413150787,
      0.010184462182223797,
      0.009959436021745205,
      0.009893815964460373,
      0.01000021118670702,
      0.009974450804293156,
      0.009680883958935738,
      0.010221298784017563,
      0.010079544968903065,
      0.010043093003332615,
      0.00961952656507492,
      0.009651506319642067,
      0.009869488887488842,
      0.00999030563980341,
      0.01008729636669159,
      0.010252068750560284,
      0.009990859776735306,
      0.010262511670589447,
      0.009655771777033806,
      0.009817145764827728,
      0.009693467989563942,
      0.009890028275549412,
      0.010051914490759373,
      0.009709807112812996,
      0.010171189904212952,
      0.01012539304792881,
      0.009513390250504017,
      0.00983381737023592,
      0.009596061892807484,
      0.009620790369808674,
      0.009578610770404339,
      0.009778563864529133,
      0.009818337857723236,
      0.009738168679177761,
      0.009452863596379757,
      0.0096104322001338,
      0.00956132635474205,
      0.009765014052391052,
      0.00973755307495594,
      0.009646356105804443,
      0.009495974518358707,
      0.00990276038646698,
      0.009751072153449059,
      0.0097877262160182,
      0.009905506856739521,
      0.010055608116090298,
      0.009974649176001549,
      0.009360190480947495,
      0.00973779521882534,
      0.009411986917257309,
      0.01005751546472311,
      0.009497741237282753,
      0.009534013457596302,
      0.009805492125451565,
      0.009667911566793919,
      0.009544599801301956,
      0.00947723537683487,
      0.00944578554481268,
      0.00958167016506195,
      0.009482267312705517,
      0.009423418901860714,
      0.009517990052700043,
      0.009634450078010559,
      0.00964658334851265,
      0.009839879348874092,
      0.009720924310386181,
      0.009592697024345398,
      0.009409630671143532,
      0.009693672880530357,
      0.009635875932872295,
      0.009565044194459915,
      0.009707251563668251,
      0.009754404425621033,
      0.009393969550728798,
      0.009747730568051338,
      0.009587332606315613,
      0.00962734129279852,
      0.009453363716602325,
      0.009549225680530071,
      0.00946711003780365,
      0.00929553247988224,
      0.009261321276426315,
      0.009403184987604618,
      0.009155633859336376,
      0.009336124174296856,
      0.009263794869184494,
      0.009865843690931797,
      0.009692585095763206,
      0.009438831359148026,
      0.0096083153039217,
      0.009783131070435047,
      0.009161815047264099,
      0.009883481077849865,
      0.009711391292512417,
      0.009655817411839962,
      0.009654638357460499,
      0.009472142904996872,
      0.009392056614160538,
      0.009672312997281551,
      0.00940767116844654,
      0.009446212090551853,
      0.009802105836570263,
      0.009273236617445946,
      0.009553293697535992,
      0.00952354446053505,
      0.009457280859351158,
      0.009333829395473003,
      0.009572750888764858,
      0.009152409620583057,
      0.009483654983341694,
      0.009694288484752178,
      0.009553494863212109,
      0.00995404552668333,
      0.00938334595412016,
      0.00977928563952446,
      0.009618871845304966,
      0.00956639926880598,
      0.009518657810986042,
      0.009264349937438965,
      0.009388263337314129,
      0.00933738611638546,
      0.009358140639960766,
      0.009337550960481167,
      0.009328527376055717,
      0.009216208010911942,
      0.009571792557835579,
      0.009426789358258247,
      0.009277541190385818,
      0.009341968223452568,
      0.00998541247099638,
      0.009138835594058037,
      0.009225978516042233,
      0.009160127490758896,
      0.010019340552389622,
      0.009513732977211475,
      0.009339848533272743,
      0.009593706578016281,
      0.00953422486782074,
      0.008920046500861645,
      0.0095140365883708,
      0.009082247503101826,
      0.00951827596873045,
      0.009015597403049469,
      0.009264843538403511,
      0.009332701563835144,
      0.009129253216087818,
      0.009326998144388199,
      0.009580185636878014,
      0.009210587479174137,
      0.009498252533376217,
      0.009176881983876228,
      0.00964563712477684,
      0.009516921825706959,
      0.009384104050695896,
      0.009112099185585976,
      0.009283366613090038,
      0.009361145086586475,
      0.008988263085484505,
      0.009499487467110157,
      0.009159735403954983,
      0.00924257654696703,
      0.009484621696174145,
      0.009337234310805798,
      0.00908059161156416,
      0.009687586687505245,
      0.009668522514402866,
      0.009705303236842155,
      0.00941990315914154,
      0.00932380836457014,
      0.009005413390696049,
      0.009797362610697746,
      0.009217335842549801,
      0.009270011447370052,
      0.009242312982678413,
      0.009432167746126652,
      0.009927894920110703,
      0.009792335331439972,
      0.009591511450707912,
      0.009471348486840725,
      0.009346678853034973,
      0.009182565845549107,
      0.0091866385191679,
      0.009309952147305012,
      0.00927671417593956,
      0.00971902720630169,
      0.009588855318725109,
      0.009560704231262207,
      0.0093516381457448,
      0.009276876226067543,
      0.009714316576719284,
      0.009077563881874084,
      0.009429090656340122,
      0.008881385438144207,
      0.009480184875428677,
      0.009388911537826061,
      0.009000351652503014,
      0.009496691636741161,
      0.009509732015430927,
      0.009118661284446716,
      0.009127184748649597,
      0.009105006232857704,
      0.009208736009895802,
      0.009106573648750782,
      0.008942153304815292,
      0.008780187927186489,
      0.009693631902337074,
      0.009235088713467121,
      0.009309271350502968,
      0.009499802254140377,
      0.009532295167446136,
      0.009523299522697926,
      0.009018549695611,
      0.009892538189888,
      0.009399215690791607,
      0.009860828518867493,
      0.00930318608880043,
      0.009108379483222961,
      0.009348132647573948,
      0.00896235927939415,
      0.009342635981738567,
      0.008982406929135323,
      0.009263725951313972,
      0.009877056814730167,
      0.009574586525559425,
      0.00882317777723074,
      0.009184976108372211,
      0.009756309911608696,
      0.009191530756652355,
      0.00906764529645443,
      0.00977128092199564,
      0.009227107279002666,
      0.009186026640236378,
      0.009086058475077152,
      0.00883706845343113,
      0.008887279778718948,
      0.009031138382852077,
      0.00919471587985754,
      0.009037275798618793,
      0.009139345958828926,
      0.00901978649199009,
