{
   "number_epochs": 500,
   "info_used": "use imputation",
   "perc_full_data": 0.015,
   "n_epochs_no_selection": 0,
   "Frequency % cutoff": 0.33,
   "hidden_size": 32,
   "random_state": 11,
   "train_errors": [
      0.012976127676665783,
      0.012943033128976822,
      0.011339697055518627,
      0.010517862625420094,
      0.010152379050850868,
      0.009515401907265186,
      0.009737232699990273,
      0.008810980245471,
      0.008480241522192955,
      0.009278630837798119,
      0.008024252951145172,
      0.007947893813252449,
      0.007939422503113747,
      0.007937386631965637,
      0.007609028369188309,
      0.007237423211336136,
      0.0070429290644824505,
      0.0066455029882490635,
      0.007108934223651886,
      0.006724426988512278,
      0.006436043418943882,
      0.006182522047311068,
      0.0056650773622095585,
      0.005482322536408901,
      0.005647487938404083,
      0.006014569662511349,
      0.005301417782902718,
      0.005546844098716974,
      0.0059724245220422745,
      0.005298365838825703,
      0.004828249104321003,
      0.005007435567677021,
      0.0045918566174805164,
      0.00587072828784585,
      0.004856489598751068,
      0.004213206470012665,
      0.004022125620394945,
      0.004115802701562643,
      0.003990256227552891,
      0.004426648840308189,
      0.004979380406439304,
      0.004037100821733475,
      0.0037266325671225786,
      0.00393779668956995,
      0.004190221428871155,
      0.003983417060226202,
      0.0034621842205524445,
      0.004409145563840866,
      0.003760445397347212,
      0.00445903092622757,
      0.003919086419045925,
      0.0034179515205323696,
      0.0038567741867154837,
      0.0036424763966351748,
      0.0032417525071650743,
      0.0034630794543772936,
      0.0035702630411833525,
      0.003305906429886818,
      0.0041622016578912735,
      0.003606712445616722,
      0.0033272658474743366,
      0.0031473618000745773,
      0.003335949033498764,
      0.0033815703354775906,
      0.0032751227263361216,
      0.0032539416570216417,
      0.0030278689227998257,
      0.0030938677955418825,
      0.0030315015465021133,
      0.003874376881867647,
      0.0031860792078077793,
      0.0029441597871482372,
      0.0034533787984400988,
      0.0030556218698620796,
      0.0030979658477008343,
      0.0032199404668062925,
      0.0030992371030151844,
      0.0028977650217711926,
      0.0033104426693171263,
      0.003121375571936369,
      0.002741927746683359,
      0.0030517445411533117,
      0.0032371454872190952,
      0.0031012524850666523,
      0.00359740131534636,
      0.0031747661996632814,
      0.002938285004347563,
      0.002904048189520836,
      0.0033596402499824762,
      0.0031492591369897127,
      0.00296674738638103,
      0.0028798580169677734,
      0.002741278614848852,
      0.0027996336575597525,
      0.0026668126229196787,
      0.0024956651031970978,
      0.002659053774550557,
      0.0027333772741258144,
      0.0025775127578526735,
      0.0029026942793279886,
      0.0028338697738945484,
      0.0037440068554133177,
      0.0025605238042771816,
      0.002943169791251421,
      0.0026358268223702908,
      0.0026594738010317087,
      0.002359742531552911,
      0.003006955608725548,
      0.00259842025116086,
      0.002690144581720233,
      0.002669005421921611,
      0.002680338453501463,
      0.002801282797008753,
      0.0024472358636558056,
      0.0028857383877038956,
      0.002558011095970869,
      0.002288064220920205,
      0.002833789447322488,
      0.002487805439159274,
      0.0025816899724304676,
      0.00238214829005301,
      0.002644779160618782,
      0.002708757994696498,
      0.002799405949190259,
      0.002404416911303997,
      0.0025449530221521854,
      0.0031564198434352875,
      0.0023073568008840084,
      0.002667836146429181,
      0.0025279433466494083,
      0.0022758045233786106,
      0.0025241076946258545,
      0.002522931667044759,
      0.002654282609000802,
      0.002394889947026968,
      0.0023053251206874847,
      0.002201847266405821,
      0.0022437297739088535,
      0.00299050728790462,
      0.002286333590745926,
      0.0024799304082989693,
      0.0022625450510531664,
      0.0027084709145128727,
      0.0021632907446473837,
      0.0024738989304751158,
      0.002304229885339737,
      0.0020963363349437714,
      0.0022055699955672026,
      0.002327566733583808,
      0.002546499017626047,
      0.002074841409921646,
      0.0022376810666173697,
      0.0022142245434224606,
      0.002110249362885952,
      0.002172857290133834,
      0.002075500087812543,
      0.002799627836793661,
      0.002157697221264243,
      0.0021513644605875015,
      0.001980529399588704,
      0.0025552846491336823,
      0.0025546224787831306,
      0.0020325470250099897,
      0.0022563966922461987,
      0.0019668908789753914,
      0.0022896183654665947,
      0.002082468941807747,
      0.0023614936508238316,
      0.002034751931205392,
      0.002185211982578039,
      0.0020975375082343817,
      0.002038961974903941,
      0.002340440871194005,
      0.002095258329063654,
      0.0025676991790533066,
      0.002371355425566435,
      0.0022221561521291733,
      0.0021954821422696114,
      0.001992695266380906,
      0.00204829266294837,
      0.002016698708757758,
      0.0020996222738176584,
      0.001905931974761188,
      0.001959272427484393,
      0.002092838753014803,
      0.0021314325276762247,
      0.0018736866768449545,
      0.0024590634275227785,
      0.0020266217179596424,
      0.001931724138557911,
      0.002063421532511711,
      0.0020934874191880226,
      0.0019509587436914444,
      0.0019655851647257805,
      0.002263349248096347,
      0.0020536589436233044,
      0.0026988969184458256,
      0.002515424508601427,
      0.002013150602579117,
      0.0020993368234485388,
      0.0023945150896906853,
      0.0019895804580301046,
      0.0019057367462664843,
      0.0019095517927780747,
      0.0017687755171209574,
      0.001905916491523385,
      0.0021548846270889044,
      0.0020150376949459314,
      0.001794273965060711,
      0.001992725534364581,
      0.0019256132654845715,
      0.0019016144797205925,
      0.0019142362289130688,
      0.0020156106911599636,
      0.001983294263482094,
      0.002095496514812112,
      0.002391257556155324,
      0.0019109498243778944,
      0.0018499161815270782,
      0.002080941805616021,
      0.0018295468762516975,
      0.0019584479741752148,
      0.0023860312066972256,
      0.0019370043883100152,
      0.0020699973683804274,
      0.0018636975437402725,
      0.0019776374101638794,
      0.0017973871435970068,
      0.002057837788015604,
      0.0017716652946546674,
      0.002019380684942007,
      0.0019218490924686193,
      0.0019134697504341602,
      0.0019089695997536182,
      0.0017312042182311416,
      0.0020308224484324455,
      0.0021993746049702168,
      0.00180435786023736,
      0.0020038492511957884,
      0.0018544801278039813,
      0.0019387321081012487,
      0.0020525206346064806,
      0.0017441841773688793,
      0.0017596690449863672,
      0.0016206058207899332,
      0.002207560231909156,
      0.0019272422650828958,
      0.0018411764176562428,
      0.0018004070734605193,
      0.0017200557049363852,
      0.0018308046273887157,
      0.0017532777274027467,
      0.0017039566300809383,
      0.001990802586078644,
      0.0019439130555838346,
      0.002005424350500107,
      0.002170526422560215,
      0.0018196861492469907,
      0.0020728150848299265,
      0.0017025591805577278,
      0.0019600039813667536,
      0.002027178881689906,
      0.0017031783936545253,
      0.0017440522788092494,
      0.0019492779392749071,
      0.0017866204725578427,
      0.0018811358604580164,
      0.0017600087448954582,
      0.0017775752348825336,
      0.0018808076856657863,
      0.00204495619982481,
      0.0018599085742607713,
      0.001731445430777967,
