{
   "number_epochs": 500,
   "info_used": "use imputation",
   "perc_full_data": 0.03,
   "n_epochs_no_selection": 0,
   "Frequency % cutoff": 0.33,
   "hidden_size": 32,
   "random_state": 5,
   "train_errors": [
      0.15844836831092834,
      0.0979696586728096,
      0.05511496588587761,
      0.026576241478323936,
      0.013404736295342445,
      0.01389080099761486,
      0.02050558291375637,
      0.02536262944340706,
      0.02154858410358429,
      0.01741974800825119,
      0.013230804353952408,
      0.011395172215998173,
      0.011103286407887936,
      0.011044647544622421,
      0.012173638679087162,
      0.011659327894449234,
      0.011571754701435566,
      0.011325418017804623,
      0.010687915608286858,
      0.010589600540697575,
      0.01087542437016964,
      0.010724334977567196,
      0.010743238031864166,
      0.011436471715569496,
      0.01151178777217865,
      0.01010766252875328,
      0.010623302310705185,
      0.010199669748544693,
      0.010195662267506123,
      0.010159352794289589,
      0.010085711255669594,
      0.009632664732635021,
      0.009890529327094555,
      0.009875768795609474,
      0.010418007150292397,
      0.010039000771939754,
      0.009608188644051552,
      0.01015216950327158,
      0.01008421927690506,
      0.009701920673251152,
      0.009887189604341984,
      0.010078808292746544,
      0.009540989995002747,
      0.009887957945466042,
      0.009655657224357128,
      0.009667509235441685,
      0.009469213895499706,
      0.0093080447986722,
      0.009862069971859455,
      0.010364008136093616,
      0.009815994650125504,
      0.009715261869132519,
      0.009405438788235188,
      0.0095328064635396,
      0.009514573961496353,
      0.00992866512387991,
      0.009944937191903591,
      0.009264499880373478,
      0.009655190631747246,
      0.010092495009303093,
      0.009571747854351997,
      0.009512820281088352,
      0.01024109497666359,
      0.00962857436388731,
      0.009960117749869823,
      0.009580830112099648,
      0.009795287624001503,
      0.009193477220833302,
      0.009635933674871922,
      0.00933945644646883,
      0.00968760997056961,
      0.009450877085328102,
      0.010078389197587967,
      0.009363347664475441,
      0.009676559828221798,
      0.009543637745082378,
      0.009890388697385788,
      0.009966886602342129,
      0.009607961401343346,
      0.008917110972106457,
      0.00937286950647831,
      0.009417076595127583,
      0.009782199747860432,
      0.009417928755283356,
      0.008914951235055923,
      0.009082606062293053,
      0.009305956773459911,
      0.00942754652351141,
      0.008784922771155834,
      0.00911616999655962,
      0.009216086938977242,
      0.009567702189087868,
      0.009386620484292507,
      0.009030464105308056,
      0.008995299227535725,
      0.009001404978334904,
      0.009058752097189426,
      0.009224756620824337,
      0.009459414519369602,
      0.009486398659646511,
      0.009433675557374954,
      0.009347319602966309,
      0.008924271911382675,
      0.009006032720208168,
      0.00887194275856018,
      0.008762880228459835,
      0.009518006816506386,
      0.008863957598805428,
      0.009271266870200634,
      0.009154829196631908,
      0.00936955213546753,
      0.009480615146458149,
      0.009020745754241943,
      0.008680859580636024,
      0.008950823917984962,
      0.009050603024661541,
      0.00896967202425003,
      0.008836003951728344,
      0.009249375201761723,
      0.008968940936028957,
      0.008992806077003479,
      0.009037459269165993,
      0.009021569043397903,
      0.00950333196669817,
      0.008949950337409973,
      0.009465894661843777,
      0.009223663248121738,
      0.00900078285485506,
      0.008803742937743664,
      0.00904017686843872,
      0.008670450188219547,
      0.008916244842112064,
      0.009365898557007313,
      0.008546334691345692,
      0.008630039170384407,
      0.008940826170146465,
      0.00857230182737112,
      0.009712561964988708,
      0.008902302011847496,
      0.008507159538567066,
      0.00910139363259077,
      0.008555589243769646,
      0.008907158859074116,
      0.00868693832308054,
      0.008778048679232597,
      0.009462554939091206,
      0.008761564269661903,
      0.008912505581974983,
      0.008720031008124352,
      0.008788415230810642,
      0.009147129021584988,
      0.00893719494342804,
      0.008703991770744324,
      0.008900699205696583,
      0.008367335423827171,
      0.008671443909406662,
      0.009319168515503407,
      0.008602148853242397,
      0.008565366268157959,
      0.00851784460246563,
      0.008911384269595146,
      0.008785940706729889,
      0.00907472986727953,
      0.008896066807210445,
      0.008627401664853096,
      0.008361325599253178,
      0.008407269604504108,
      0.008730119094252586,
      0.009283316321671009,
      0.008751717396080494,
      0.008578111417591572,
      0.008130627684295177,
      0.009433196857571602,
      0.008492425084114075,
      0.008035806939005852,
      0.008854229934513569,
      0.008342222310602665,
      0.008819020353257656,
      0.008369150571525097,
      0.008678949438035488,
      0.008180235512554646,
      0.008662446402013302,
      0.008769075386226177,
      0.00818412471562624,
      0.008166997693479061,
      0.00848578754812479,
      0.008205928839743137,
      0.008119282312691212,
      0.008224749006330967,
      0.008012673817574978,
      0.00857156328856945,
      0.008488492108881474,
      0.00857185386121273,
      0.008839329704642296,
      0.007992069236934185,
      0.00813967827707529,
      0.008501019328832626,
      0.00784231722354889,
      0.007745633367449045,
      0.007770108990371227,
      0.008327305316925049,
      0.007883102633059025,
      0.008095947094261646,
      0.007807448972016573,
      0.008269459009170532,
      0.0082691740244627,
      0.008592563681304455,
      0.007690310478210449,
      0.007932435721158981,
      0.007608718238770962,
      0.007569293491542339,
      0.007664193864911795,
      0.008106117136776447,
      0.007944189012050629,
      0.007876026444137096,
      0.008432655595242977,
      0.008178737945854664,
      0.007832315750420094,
      0.00822225771844387,
      0.00819467008113861,
      0.007732945494353771,
      0.008800966665148735,
      0.007581104524433613,
      0.0073561049066483974,
      0.008116364479064941,
      0.007629114203155041,
      0.007408954203128815,
      0.007999869994819164,
      0.0074656265787780285,
      0.007419376168400049,
      0.007433382328599691,
      0.007618431467562914,
      0.008067659102380276,
      0.007785058580338955,
      0.007966432720422745,
      0.008000127971172333,
      0.007430158089846373,
      0.0074999588541686535,
      0.007750507909804583,
      0.008040674962103367,
      0.00760176545009017,
      0.007174189202487469,
      0.007705934811383486,
      0.007746139075607061,
      0.007357693277299404,
      0.007757405750453472,
      0.007615197449922562,
      0.00753436703234911,
      0.007245837245136499,
      0.007237859070301056,
      0.007737560197710991,
      0.007585304789245129,
      0.007883692160248756,
      0.007860791869461536,
      0.007222361862659454,
      0.007050517480820417,
      0.0075596594251692295,
      0.0076009551994502544,
      0.007069286424666643,
      0.007505181711167097,
      0.0069308774545788765,
      0.007651160005480051,
      0.00712710153311491,
      0.007762529421597719,
      0.00779326306656003,
      0.006970170419663191,
      0.007014279253780842,
      0.007960288785398006,
      0.007427798118442297,
      0.007395856082439423,
      0.007522073108702898,
      0.007046466693282127,
      0.007751862518489361,
      0.007085569202899933,
      0.00702762370929122,
      0.007044048048555851,
      0.00742395268753171,
      0.007616589777171612,
      0.007396327331662178,
