{
   "number_epochs": 500,
   "info_used": "use imputation",
   "perc_full_data": 0.015,
   "n_epochs_no_selection": 0,
   "Frequency % cutoff": 0.33,
   "hidden_size": 32,
   "random_state": 22,
   "train_errors": [
      0.013803839683532715,
      0.013794086873531342,
      0.012366201728582382,
      0.01276968140155077,
      0.011890786699950695,
      0.012431320734322071,
      0.01138194091618061,
      0.010838432237505913,
      0.01134329754859209,
      0.010762831196188927,
      0.011681649833917618,
      0.011289611458778381,
      0.01096532866358757,
      0.010640671476721764,
      0.010689271613955498,
      0.010790589265525341,
      0.01059809047728777,
      0.01084225345402956,
      0.011083913035690784,
      0.010842773132026196,
      0.010902201756834984,
      0.010382362641394138,
      0.010758992284536362,
      0.01051357388496399,
      0.010547777637839317,
      0.010411817580461502,
      0.010357959195971489,
      0.01054487656801939,
      0.01031121052801609,
      0.010496539995074272,
      0.01036163978278637,
      0.01066388189792633,
      0.01044186670333147,
      0.010285010561347008,
      0.010376688092947006,
      0.010410198010504246,
      0.010144000872969627,
      0.01022895984351635,
      0.010212274268269539,
      0.010505150072276592,
      0.010018257424235344,
      0.010309051722288132,
      0.009944039396941662,
      0.010131236165761948,
      0.010418274439871311,
      0.010249491780996323,
      0.010062690824270248,
      0.00998739805072546,
      0.010271618142724037,
      0.009956909343600273,
      0.009961185976862907,
      0.010108700953423977,
      0.010581502690911293,
      0.010431518778204918,
      0.010315448977053165,
      0.010024583898484707,
      0.00995620433241129,
      0.009993810206651688,
      0.009963229298591614,
      0.010012814775109291,
      0.00966344028711319,
      0.009872857481241226,
      0.009910493157804012,
      0.010048109106719494,
      0.009798059239983559,
      0.01017268281430006,
      0.009634757414460182,
      0.009916797280311584,
      0.01003329548984766,
      0.010181841440498829,
      0.009667656384408474,
      0.010257306508719921,
      0.009822264313697815,
      0.009767691604793072,
      0.009787296876311302,
      0.010338878259062767,
      0.009709040634334087,
      0.009512679651379585,
      0.010162231512367725,
      0.009736248292028904,
      0.009848716668784618,
      0.009607000276446342,
      0.00959755014628172,
      0.009850464761257172,
      0.009507759474217892,
      0.00961038377135992,
      0.009517108090221882,
      0.009764519520103931,
      0.009767350740730762,
      0.009822292253375053,
      0.009572619572281837,
      0.009774536825716496,
      0.009741167537868023,
      0.009847169741988182,
      0.009560107253491879,
      0.009732017293572426,
      0.009396778419613838,
      0.010063834488391876,
      0.009897002018988132,
      0.009645733051002026,
      0.009794783778488636,
      0.009660002775490284,
      0.009752701036632061,
      0.010059766471385956,
      0.009756983257830143,
      0.00983040314167738,
      0.009684734046459198,
      0.009431039914488792,
      0.009841268882155418,
      0.009662252850830555,
      0.009694389998912811,
      0.009746205061674118,
      0.009764894843101501,
      0.009916256181895733,
      0.009952937252819538,
      0.009592533111572266,
      0.009762936271727085,
      0.010100582614541054,
      0.009771968238055706,
      0.009514914825558662,
      0.00955270603299141,
      0.009921535849571228,
      0.009795144200325012,
      0.009696463122963905,
      0.009977852925658226,
      0.009200024418532848,
      0.00980006717145443,
      0.009720239788293839,
      0.009579149074852467,
      0.009396683424711227,
      0.009594029746949673,
      0.009747658856213093,
      0.009566953405737877,
      0.009829666465520859,
      0.010124578140676022,
      0.009820297360420227,
      0.00947025790810585,
      0.009793242439627647,
      0.009467467665672302,
      0.009257213212549686,
      0.009680812247097492,
      0.009612902998924255,
      0.009664388373494148,
      0.009526319801807404,
      0.009673376567661762,
      0.00946818571537733,
      0.009365473873913288,
      0.009585792198777199,
      0.009625023230910301,
      0.009315470233559608,
      0.010027630254626274,
      0.00976034626364708,
      0.009930023923516273,
      0.009489265270531178,
      0.009582911618053913,
      0.00974663533270359,
      0.009710674174129963,
      0.009583619423210621,
      0.009410873055458069,
      0.009656763635575771,
      0.009494815021753311,
      0.009578492492437363,
      0.009782707318663597,
      0.009238121099770069,
      0.009672942571341991,
      0.009391704574227333,
      0.00999990664422512,
      0.009325115010142326,
      0.00942869484424591,
      0.00969755370169878,
      0.009988736361265182,
      0.009678655304014683,
      0.00968017429113388,
      0.009903321042656898,
      0.00943465530872345,
      0.00976305641233921,
      0.009564736858010292,
      0.009724541567265987,
      0.009645028039813042,
      0.009793823584914207,
      0.009370976127684116,
      0.00910065695643425,
      0.010437371209263802,
      0.009584987536072731,
      0.009695308282971382,
      0.009566874243319035,
      0.009766748175024986,
      0.009953925386071205,
      0.009454131126403809,
      0.009568276815116405,
      0.009215044789016247,
      0.009678518399596214,
      0.009570229798555374,
      0.00939508993178606,
      0.00947173498570919,
      0.00944829173386097,
      0.009476514533162117,
      0.009687167592346668,
      0.009884300641715527,
      0.009634853340685368,
      0.009854069910943508,
      0.009497974067926407,
      0.009592079557478428,
      0.009316635318100452,
      0.009939471259713173,
      0.009555709548294544,
      0.009332012385129929,
      0.0097054373472929,
      0.0097201494500041,
      0.00951402448117733,
      0.009807146154344082,
      0.009726878255605698,
      0.00943782739341259,
      0.009705385193228722,
      0.00936809927225113,
      0.009903764352202415,
      0.009099839255213737,
      0.009583404287695885,
      0.009900685399770737,
      0.00962230283766985,
      0.009432627819478512,
      0.009766682982444763,
      0.00994595605880022,
      0.009604821912944317,
      0.009489676915109158,
      0.009652378968894482,
      0.009583372622728348,
      0.009372646920382977,
      0.009538590908050537,
      0.009504631161689758,
      0.008952944539487362,
      0.00996752642095089,
      0.009171410463750362,
      0.009503791108727455,
      0.009304848499596119,
      0.009580811485648155,
      0.009697506204247475,
      0.00931281503289938,
      0.009662614203989506,
      0.009296286851167679,
      0.00940734799951315,
      0.010077367536723614,
      0.009347543120384216,
      0.009761525318026543,
      0.009827378205955029,
      0.00978904403746128,
      0.009650073014199734,
      0.009397956542670727,
      0.00918671302497387,
      0.009456008672714233,
      0.009471312165260315,
      0.009679037146270275,
      0.009714349173009396,
      0.009618518874049187,
      0.009484046138823032,
      0.009343648329377174,
      0.009539984166622162,
      0.010044815950095654,
      0.009208371862769127,
      0.009440913796424866,
      0.009517309255897999,
      0.00961676612496376,
      0.009181573055684566,
      0.009546860121190548,
      0.009240529499948025,
      0.00958382710814476,
      0.009663816541433334,
      0.009212002158164978,
      0.009479825384914875,
      0.00967108178883791,
      0.009423334151506424,
      0.00898396410048008,
      0.009254803881049156,
      0.009202882647514343,
      0.009651446714997292,
      0.009693421423435211,
      0.00947840977460146,
      0.009358009323477745,
      0.009344907477498055,
