{
   "number_epochs": 300,
   "info_used": "use known only",
   "perc_full_data": 0.1,
   "n_epochs_no_selection": 0,
   "Frequency % cutoff": 0.3,
   "hidden_size": 32,
   "random_state": 46,
   "train_errors": [
      0.07268465310335159,
      0.06704936921596527,
      0.0614190474152565,
      0.057197388261556625,
      0.05484018102288246,
      0.05353204533457756,
      0.051558926701545715,
      0.05165660008788109,
      0.051210202276706696,
      0.049119096249341965,
      0.048020005226135254,
      0.04561972618103027,
      0.04368162155151367,
      0.04323515295982361,
      0.0412239171564579,
      0.040894512087106705,
      0.03940689191222191,
      0.03686913847923279,
      0.03543586656451225,
      0.03438200801610947,
      0.03309674933552742,
      0.031011056154966354,
      0.030976716428995132,
      0.02856837585568428,
      0.02675861306488514,
      0.027153173461556435,
      0.024688154458999634,
      0.023950261995196342,
      0.02457864210009575,
      0.021749908104538918,
      0.02183646336197853,
      0.02134835533797741,
      0.021595437079668045,
      0.021685250103473663,
      0.02043093927204609,
      0.020668761804699898,
      0.021121520549058914,
      0.020222602412104607,
      0.019140861928462982,
      0.018256906419992447,
      0.020869053900241852,
      0.018732335418462753,
      0.018790757283568382,
      0.01876816153526306,
      0.018511589616537094,
      0.018226342275738716,
      0.018777409568428993,
      0.017293768003582954,
      0.01717732474207878,
      0.01714772917330265,
      0.016418172046542168,
      0.01760001853108406,
      0.01643819361925125,
      0.01890340819954872,
      0.01716678775846958,
      0.017639268189668655,
      0.016500871628522873,
      0.014820660464465618,
      0.01722097583115101,
      0.017016060650348663,
      0.016522439196705818,
      0.018085632473230362,
      0.016222381964325905,
      0.015127700753509998,
      0.016389908269047737,
      0.016230644658207893,
      0.014282122254371643,
      0.015897443518042564,
      0.01600235514342785,
      0.014788811095058918,
      0.017065085470676422,
      0.016339603811502457,
      0.016243139281868935,
      0.015383959747850895,
      0.015661515295505524,
      0.016667965799570084,
      0.014595145359635353,
      0.01482181902974844,
      0.015980469062924385,
      0.01452193409204483,
      0.014231854118406773,
      0.01524584461003542,
      0.015330524183809757,
      0.014615130610764027,
      0.013835856691002846,
      0.01383572444319725,
      0.015269099734723568,
      0.0147031145170331,
      0.013327285647392273,
      0.015050900168716908,
      0.01378441322594881,
      0.01399619597941637,
      0.014983576722443104,
      0.015490969642996788,
      0.014979380182921886,
      0.013756164349615574,
      0.014510772190988064,
      0.013373437337577343,
      0.01362537033855915,
      0.012069329619407654,
      0.015178955160081387,
      0.014714565128087997,
      0.015244106762111187,
      0.013765730895102024,
      0.013224761933088303,
      0.014960247091948986,
      0.014732587151229382,
      0.015375678427517414,
      0.013429615646600723,
      0.013871483504772186,
      0.013443633913993835,
      0.012704956345260143,
      0.014728319831192493,
      0.014754521660506725,
      0.014129649847745895,
      0.014032832346856594,
      0.016625279560685158,
      0.012550167739391327,
      0.013229857198894024,
      0.014312625862658024,
      0.014212208800017834,
      0.01563861221075058,
      0.013036688789725304,
      0.013600071892142296,
      0.01383980643004179,
      0.01471011247485876,
      0.015186019241809845,
      0.013555220328271389,
      0.014528743922710419,
      0.012310815043747425,
      0.013523596338927746,
      0.014481369405984879,
      0.013616039417684078,
      0.014158859848976135,
      0.014100619591772556,
      0.014025863260030746,
      0.015086113475263119,
      0.014975662343204021,
      0.013873410411179066,
      0.013746648095548153,
      0.013896222226321697,
      0.013237997889518738,
      0.012716133147478104,
      0.013065312057733536,
      0.013360289856791496,
      0.013608668930828571,
      0.014653751626610756,
      0.012534703128039837,
      0.015476692467927933,
      0.013864281587302685,
      0.012713465839624405,
      0.013764999806880951,
      0.012242057360708714,
      0.014031771570444107,
      0.01318423729389906,
      0.013342725113034248,
      0.015457875095307827,
      0.01498966570943594,
      0.012963294982910156,
      0.013609788380563259,
      0.01374729909002781,
      0.013501990586519241,
      0.013953078538179398,
      0.014286739751696587,
      0.014573921449482441,
      0.014233342371881008,
      0.013001708313822746,
      0.015038489364087582,
      0.013491194695234299,
      0.013648067601025105,
      0.014269283041357994,
      0.013951338827610016,
      0.014840157702565193,
      0.013340405188500881,
      0.013807268813252449,
      0.013807032257318497,
      0.012402732856571674,
      0.012676010839641094,
      0.014819152653217316,
      0.012642906978726387,
      0.013588146306574345,
      0.014528053812682629,
      0.013703116215765476,
      0.013863113708794117,
      0.013522278517484665,
      0.013729647733271122,
      0.013621474616229534,
      0.012309752404689789,
      0.01315282005816698,
      0.014096134342253208,
      0.012594330124557018,
      0.012994836084544659,
      0.01223620306700468,
      0.013923043385148048,
      0.012998138554394245,
      0.012041172944009304,
      0.012767028994858265,
      0.012667241506278515,
      0.01389036700129509,
      0.014415685087442398,
      0.01481206901371479,
      0.013165295124053955,
      0.014661612920463085,
      0.013039845041930676,
      0.01385409850627184,
      0.01365660596638918,
      0.013064363971352577,
      0.013006848283112049,
      0.014032924547791481,
      0.013952645473182201,
      0.01308366097509861,
      0.011873114854097366,
      0.012955784797668457,
      0.013429149053990841,
      0.01464846171438694,
      0.013243675231933594,
      0.014143829233944416,
      0.014121933840215206,
      0.013378335162997246,
      0.012979065999388695,
      0.013353556394577026,
      0.013768811710178852,
      0.01376169640570879,
      0.01300873700529337,
      0.012607605196535587,
      0.014269341714680195,
      0.012783692218363285,
      0.012954921461641788,
      0.01377331092953682,
      0.013056035153567791,
      0.01362310815602541,
      0.012933106161653996,
      0.013103194534778595,
      0.012945114634931087,
      0.013965447433292866,
      0.011889132671058178,
      0.013931067660450935,
      0.01423607300966978,
      0.011818375438451767,
      0.012965048663318157,
      0.013963650912046432,
      0.014447114430367947,
      0.012214865535497665,
      0.012949804775416851,
      0.013780510053038597,
      0.013994547538459301,
      0.012003247626125813,
      0.013923922553658485,
      0.014592604711651802,
      0.01377902738749981,
      0.012747109867632389,
      0.013943308964371681,
      0.012503153644502163,
      0.013532091863453388,
      0.012723552994430065,
      0.013969325460493565,
      0.011129988357424736,
      0.014625958167016506,
      0.013475791551172733,
      0.014143799431622028,
      0.013269606977701187,
      0.013667384162545204,
      0.013982883654534817,
      0.014340846799314022,
      0.013221976347267628,
      0.014230095781385899,
      0.013252879492938519,
      0.012608231045305729,
      0.012236187234520912,
      0.012638470157980919,
      0.01209978200495243,
      0.014272159896790981,
      0.012990978546440601,
      0.01375468447804451,
      0.012518341653048992,
      0.013154398649930954,
      0.01440027728676796,
      0.012692821212112904,
      0.013139903545379639,
      0.013734202831983566,
