{
   "number_epochs": 300,
   "info_used": "use known only",
   "perc_full_data": 0.1,
   "n_epochs_no_selection": 0,
   "Frequency % cutoff": 0.3,
   "hidden_size": 32,
   "random_state": 51,
   "train_errors": [
      0.0792132169008255,
      0.07368522882461548,
      0.06895706802606583,
      0.06470362097024918,
      0.06176518648862839,
      0.058629151433706284,
      0.05707971751689911,
      0.055258747190237045,
      0.054070454090833664,
      0.05295514315366745,
      0.05164514109492302,
      0.05139395594596863,
      0.04984414204955101,
      0.048995357006788254,
      0.04801922291517258,
      0.046843912452459335,
      0.0459965243935585,
      0.04475586488842964,
      0.04381396621465683,
      0.04122453182935715,
      0.03945642337203026,
      0.03765009716153145,
      0.0359015166759491,
      0.03351845219731331,
      0.03184903413057327,
      0.029274027794599533,
      0.02841169759631157,
      0.027716554701328278,
      0.02529715560376644,
      0.02268478460609913,
      0.025142842903733253,
      0.022123323753476143,
      0.02110331878066063,
      0.021688051521778107,
      0.01942123845219612,
      0.01878509111702442,
      0.018332410603761673,
      0.017585664987564087,
      0.01691969484090805,
      0.01628974638879299,
      0.016138380393385887,
      0.01790962740778923,
      0.01731427013874054,
      0.014924987219274044,
      0.015572147443890572,
      0.015286162495613098,
      0.01519756205379963,
      0.015072084963321686,
      0.016400888562202454,
      0.015826646238565445,
      0.014739972539246082,
      0.016291627660393715,
      0.015779897570610046,
      0.01496270764619112,
      0.016510169953107834,
      0.01428185310214758,
      0.01434053760021925,
      0.014187523163855076,
      0.01412255596369505,
      0.01459637749940157,
      0.014206357300281525,
      0.014672255143523216,
      0.014475306496024132,
      0.013090809807181358,
      0.014259052462875843,
      0.013787508942186832,
      0.013457034714519978,
      0.012878363952040672,
      0.012645003385841846,
      0.013680714182555676,
      0.013768536038696766,
      0.013393108732998371,
      0.014990057796239853,
      0.01498962752521038,
      0.014011084102094173,
      0.013914703391492367,
      0.014166556298732758,
      0.013863944448530674,
      0.014313256368041039,
      0.0139191634953022,
      0.014662020839750767,
      0.014308495447039604,
      0.013038959354162216,
      0.012249927036464214,
      0.013935627415776253,
      0.012063860893249512,
      0.013095183297991753,
      0.01303224265575409,
      0.012229851447045803,
      0.012943319976329803,
      0.012853286229074001,
      0.012644488364458084,
      0.012926983647048473,
      0.012663399800658226,
      0.012676741927862167,
      0.012424428015947342,
      0.013424461707472801,
      0.013077620416879654,
      0.012190625071525574,
      0.012683750130236149,
      0.012445461936295033,
      0.011971261352300644,
      0.01344573125243187,
      0.012427051551640034,
      0.012669193558394909,
      0.01354350708425045,
      0.012970272451639175,
      0.012211030349135399,
      0.012811409309506416,
      0.012500308454036713,
      0.012507443316280842,
      0.01266706082969904,
      0.013122634962201118,
      0.012782294303178787,
      0.012471096590161324,
      0.011501789093017578,
      0.012230088002979755,
      0.013534042984247208,
      0.013232439756393433,
      0.014052283018827438,
      0.012742993421852589,
      0.013011883944272995,
      0.01276857778429985,
      0.01179224718362093,
      0.013190182857215405,
      0.012432277202606201,
      0.01229090616106987,
      0.013179037719964981,
      0.01312082726508379,
      0.012713233940303326,
      0.013137299567461014,
      0.013137061148881912,
      0.01198029238730669,
      0.013936835341155529,
      0.01204584538936615,
      0.012409335002303123,
      0.01122505683451891,
      0.012980758212506771,
      0.012654063291847706,
      0.012542419135570526,
      0.01344200037419796,
      0.012316502630710602,
      0.012692350894212723,
      0.0117904432117939,
      0.011397717520594597,
      0.012388844043016434,
      0.013094997964799404,
      0.013478435575962067,
      0.012327284552156925,
      0.01255166344344616,
      0.012646278366446495,
      0.012152341194450855,
      0.012773369438946247,
      0.011814896948635578,
      0.011335648596286774,
      0.011971545405685902,
      0.011728398501873016,
      0.012568694539368153,
      0.01197813730686903,
      0.012268459424376488,
      0.012530491687357426,
      0.01101301982998848,
      0.013326575979590416,
      0.012126206420361996,
      0.012765051797032356,
      0.012516552582383156,
      0.011268127709627151,
      0.011469881981611252,
      0.013487729243934155,
      0.010963225737214088,
      0.012407445348799229,
      0.011790606193244457,
      0.012599094770848751,
      0.013488564640283585,
      0.013006294146180153,
      0.01215456798672676,
      0.012587265111505985,
      0.012184523977339268,
      0.012592281214892864,
      0.01189166959375143,
      0.012291974388062954,
      0.01154264435172081,
      0.011977341026067734,
      0.012824684381484985,
      0.012455355376005173,
      0.011123649775981903,
      0.012298519723117352,
      0.012730344198644161,
      0.01256886962801218,
      0.012093610130250454,
      0.011505534872412682,
      0.012647629715502262,
      0.012961712665855885,
      0.0125967338681221,
      0.011990441009402275,
      0.011852958239614964,
      0.012864719144999981,
      0.013058781623840332,
      0.011900107376277447,
      0.012076813727617264,
      0.011860061436891556,
      0.01252275425940752,
      0.011328667402267456,
      0.013114540837705135,
      0.01226898469030857,
      0.012806723825633526,
      0.012048615142703056,
      0.011086718179285526,
      0.012575515545904636,
      0.01172187551856041,
      0.011020747944712639,
      0.012419972568750381,
      0.012497779913246632,
      0.011474793776869774,
      0.011775012128055096,
      0.01238550990819931,
      0.011645667254924774,
      0.012693718075752258,
      0.011988574638962746,
      0.011604337021708488,
      0.010995226912200451,
      0.011094900779426098,
      0.01228497363626957,
      0.012563766911625862,
      0.011687145568430424,
      0.012406210415065289,
      0.012089874595403671,
      0.012174396775662899,
      0.012789818458259106,
      0.010882886126637459,
      0.012400452978909016,
      0.011723823845386505,
      0.011559893377125263,
      0.01251746341586113,
      0.011608987115323544,
      0.01197525393217802,
      0.012344998307526112,
      0.011271513998508453,
      0.012543139979243279,
      0.010814926587045193,
      0.012577464804053307,
      0.012369221076369286,
      0.01174368429929018,
      0.013374106958508492,
      0.011900614947080612,
      0.012044360861182213,
      0.011267906054854393,
      0.012677276507019997,
      0.01208092737942934,
      0.011366770602762699,
      0.011415289714932442,
      0.012252160347998142,
      0.011874412186443806,
      0.01208512857556343,
      0.011853485368192196,
      0.011587481945753098,
      0.011959422379732132,
      0.011732823215425014,
      0.0113621074706316,
      0.012477124109864235,
      0.012221951968967915,
      0.012411448173224926,
      0.012384384870529175,
      0.012143339961767197,
      0.011776587925851345,
      0.012327211908996105,
      0.011184006929397583,
      0.01130687352269888,
      0.011877749115228653,
      0.01247349102050066,
      0.01174523588269949,
      0.012495395727455616,
      0.01225543487817049,
      0.011931361630558968,
      0.011408823542296886,
      0.011533446609973907,
      0.012834160588681698,
      0.012123685330152512,
      0.011358004994690418,
      0.011884849518537521,
      0.01200616080313921,
