{
   "number_epochs": 300,
   "info_used": "use known only",
   "perc_full_data": 0.1,
   "n_epochs_no_selection": 0,
   "Frequency % cutoff": 0.3,
   "hidden_size": 32,
   "random_state": 53,
   "train_errors": [
      0.0521865040063858,
      0.05110330134630203,
      0.050193022936582565,
      0.04898794740438461,
      0.04793916642665863,
      0.04693111032247543,
      0.045413777232170105,
      0.04394343122839928,
      0.0431344099342823,
      0.04106340557336807,
      0.04029836505651474,
      0.03817453235387802,
      0.03646333888173103,
      0.03465710207819939,
      0.032033585011959076,
      0.030319740995764732,
      0.02895498462021351,
      0.029025739058852196,
      0.02649335004389286,
      0.0261224377900362,
      0.025405609980225563,
      0.023091161623597145,
      0.02354135364294052,
      0.022381464019417763,
      0.021051721647381783,
      0.02077220380306244,
      0.018286919221282005,
      0.01940462552011013,
      0.01872061751782894,
      0.01679014042019844,
      0.01862935908138752,
      0.017739294096827507,
      0.017236726358532906,
      0.015723153948783875,
      0.016393473371863365,
      0.0156885776668787,
      0.014463578350841999,
      0.015393747948110104,
      0.013395648449659348,
      0.014916562475264072,
      0.01576210744678974,
      0.01438265573233366,
      0.014010753482580185,
      0.012539554387331009,
      0.013307332061231136,
      0.012615409679710865,
      0.012858910486102104,
      0.013021106831729412,
      0.013311924412846565,
      0.012914207763969898,
      0.013527801260352135,
      0.01276733074337244,
      0.013044764287769794,
      0.01406530849635601,
      0.012919561937451363,
      0.011689026840031147,
      0.011279461905360222,
      0.012529650703072548,
      0.011803735047578812,
      0.011334036476910114,
      0.01207652222365141,
      0.012199192307889462,
      0.011941525153815746,
      0.010187996551394463,
      0.01171471830457449,
      0.012355481274425983,
      0.01143240462988615,
      0.011482642032206059,
      0.012495579198002815,
      0.010849841870367527,
      0.010771057568490505,
      0.010141236707568169,
      0.01129976287484169,
      0.012284405529499054,
      0.010822790674865246,
      0.011034359224140644,
      0.010977797210216522,
      0.011871661059558392,
      0.011348565109074116,
      0.01133784744888544,
      0.010783325880765915,
      0.010068726725876331,
      0.010356872342526913,
      0.010604660958051682,
      0.009684714488685131,
      0.011451172642409801,
      0.009707137010991573,
      0.011806705966591835,
      0.01071242243051529,
      0.011144294403493404,
      0.009821353480219841,
      0.011666834354400635,
      0.009875922463834286,
      0.010643510147929192,
      0.011013893410563469,
      0.010370339266955853,
      0.01046545710414648,
      0.00989573821425438,
      0.00981704331934452,
      0.010883738286793232,
      0.010798615403473377,
      0.010751873254776001,
      0.010242206044495106,
      0.010022733360528946,
      0.010067868046462536,
      0.009293434210121632,
      0.010943750850856304,
      0.009813233278691769,
      0.00976032018661499,
      0.009679172188043594,
      0.010363736189901829,
      0.009930480271577835,
      0.009375311434268951,
      0.009585842490196228,
      0.010035714134573936,
      0.009661431424319744,
      0.009026870131492615,
      0.010828725062310696,
      0.009978298097848892,
      0.009895472787320614,
      0.010314403101801872,
      0.009702634997665882,
      0.010163022205233574,
      0.010027236305177212,
      0.010308237746357918,
      0.00986469816416502,
      0.010534192435443401,
      0.010489631444215775,
      0.008869749493896961,
      0.009841601364314556,
      0.008707251399755478,
      0.009799753315746784,
      0.010533150285482407,
      0.009999139234423637,
      0.009213973768055439,
      0.00893937423825264,
      0.008823193609714508,
      0.010148148983716965,
      0.009329837746918201,
      0.00890283565968275,
      0.009195525199174881,
      0.009532265365123749,
      0.01059178076684475,
      0.009707406163215637,
      0.008635265752673149,
      0.009500198997557163,
      0.00851988885551691,
      0.010514074936509132,
      0.009846929460763931,
      0.010361921973526478,
      0.009805225767195225,
      0.009484772570431232,
      0.009556052275002003,
      0.00968434289097786,
      0.009277583099901676,
      0.008941514417529106,
      0.008947464637458324,
      0.01008692942559719,
      0.009796586818993092,
      0.009103569202125072,
      0.009641426615417004,
      0.009016093797981739,
      0.0095729511231184,
      0.009435555897653103,
      0.008835459128022194,
      0.010072030127048492,
      0.008443395607173443,
      0.009043876081705093,
      0.008789539337158203,
      0.009193732403218746,
      0.009307587519288063,
      0.009790465235710144,
      0.00910474918782711,
      0.010011890903115273,
      0.00926519837230444,
      0.008472558110952377,
      0.008624933660030365,
      0.009263194166123867,
      0.008499793708324432,
      0.008922292850911617,
      0.009367073886096478,
      0.009557301178574562,
      0.009297945536673069,
      0.009478646330535412,
      0.008978892117738724,
      0.00922628864645958,
      0.009339203126728535,
      0.009495286270976067,
      0.009201182052493095,
      0.009259680286049843,
      0.009029267355799675,
      0.009512682445347309,
      0.00902959331870079,
      0.00937146320939064,
      0.009245267137885094,
      0.008860154077410698,
      0.008315524086356163,
      0.008817155845463276,
      0.008831856772303581,
      0.008768295869231224,
      0.009479645639657974,
      0.009083443321287632,
      0.008637473918497562,
      0.008943906053900719,
      0.009055431000888348,
      0.009040608070790768,
      0.008714461699128151,
      0.008467513136565685,
      0.008559432812035084,
      0.008576302789151669,
      0.008935101330280304,
      0.009044228121638298,
      0.008307873271405697,
      0.008862015791237354,
      0.008926541544497013,
      0.009013780392706394,
      0.008877431973814964,
      0.009438956156373024,
      0.009747998788952827,
      0.008458786644041538,
      0.008408542722463608,
      0.009140433743596077,
      0.009096472524106503,
      0.008886306546628475,
      0.009511669166386127,
      0.00933951698243618,
      0.009694038890302181,
      0.008908223360776901,
      0.00904956553131342,
      0.008756738156080246,
      0.009231040254235268,
      0.009588510729372501,
      0.008448212407529354,
      0.009333088994026184,
      0.008271189406514168,
      0.00953930988907814,
      0.009378498420119286,
      0.00910690426826477,
      0.008634146302938461,
      0.008730772882699966,
      0.008593645878136158,
      0.009576110169291496,
      0.008362271822988987,
      0.008917773142457008,
      0.0095398323610425,
      0.008410319685935974,
      0.00881078653037548,
      0.008991208858788013,
      0.009174271486699581,
      0.00895083136856556,
      0.008801366202533245,
      0.007848828099668026,
      0.008476190268993378,
      0.008414464071393013,
      0.008525618351995945,
      0.00850101187825203,
      0.008876980282366276,
      0.008987708948552608,
      0.008777018636465073,
      0.008739970624446869,
      0.009459438733756542,
      0.009550287388265133,
      0.008477340452373028,
      0.008369632065296173,
      0.009100394323468208,
      0.008756382390856743,
      0.008346307091414928,
      0.008459240198135376,
      0.008445877581834793,
      0.00891713798046112,
      0.00843941792845726,
      0.009529479779303074,
      0.00942790787667036,
      0.008939388208091259,
      0.008808812126517296,
      0.008736252784729004,
      0.0086752250790596,
      0.009182246401906013,
      0.009657428599894047,
      0.00920653622597456,
