{
   "number_epochs": 300,
   "info_used": "use known only",
   "perc_full_data": 0.1,
   "n_epochs_no_selection": 0,
   "Frequency % cutoff": 0.3,
   "hidden_size": 32,
   "random_state": 43,
   "train_errors": [
      0.060192178934812546,
      0.05408969521522522,
      0.049952760338783264,
      0.046734247356653214,
      0.04437814652919769,
      0.0432363860309124,
      0.04292681813240051,
      0.041809383779764175,
      0.0414729043841362,
      0.04068884626030922,
      0.03986746445298195,
      0.0384596586227417,
      0.03808668255805969,
      0.03666771575808525,
      0.035790156573057175,
      0.03369807079434395,
      0.03243996202945709,
      0.031056322157382965,
      0.029560910537838936,
      0.02727075293660164,
      0.026065340265631676,
      0.02444462850689888,
      0.02408585138618946,
      0.023152632638812065,
      0.022347645834088326,
      0.022358840331435204,
      0.021258413791656494,
      0.02162354066967964,
      0.020060621201992035,
      0.01897425577044487,
      0.019480198621749878,
      0.017919519916176796,
      0.018703173846006393,
      0.018805021420121193,
      0.01769876293838024,
      0.018084870651364326,
      0.016091614961624146,
      0.016055451706051826,
      0.015825318172574043,
      0.016808893531560898,
      0.01612136885523796,
      0.01597902923822403,
      0.014560885727405548,
      0.01566186733543873,
      0.015204859897494316,
      0.013000432401895523,
      0.014126631431281567,
      0.014547969214618206,
      0.01309659518301487,
      0.013559184037148952,
      0.013116564601659775,
      0.01310037262737751,
      0.013351057656109333,
      0.012937161140143871,
      0.012959662824869156,
      0.012468249537050724,
      0.012624699622392654,
      0.012841724790632725,
      0.012016057036817074,
      0.011797944083809853,
      0.012097139842808247,
      0.012967957183718681,
      0.011699862778186798,
      0.011893387883901596,
      0.011981717310845852,
      0.012480777688324451,
      0.012784057296812534,
      0.012328170239925385,
      0.012238412164151669,
      0.011956632137298584,
      0.011377965100109577,
      0.010886523872613907,
      0.011128043755888939,
      0.012240025214850903,
      0.01048281043767929,
      0.01183903869241476,
      0.010635861195623875,
      0.011897328309714794,
      0.011266405694186687,
      0.011147511191666126,
      0.012324015609920025,
      0.010240213945508003,
      0.011477535590529442,
      0.010509795509278774,
      0.011154701001942158,
      0.010555385611951351,
      0.010853912681341171,
      0.010360629297792912,
      0.010235539637506008,
      0.010082431137561798,
      0.011653571389615536,
      0.01038333959877491,
      0.010104755870997906,
      0.010454215109348297,
      0.010458709672093391,
      0.010820440948009491,
      0.011859911493957043,
      0.010822326876223087,
      0.010222474113106728,
      0.011587436310946941,
      0.010940060019493103,
      0.010426392778754234,
      0.010539107024669647,
      0.010975498706102371,
      0.010737721808254719,
      0.01161352451890707,
      0.010984130203723907,
      0.010353839956223965,
      0.010154429823160172,
      0.01007342990487814,
      0.010588806122541428,
      0.010321250185370445,
      0.01069917157292366,
      0.011133084073662758,
      0.01037867646664381,
      0.010426405817270279,
      0.010236510075628757,
      0.010246715508401394,
      0.010732045397162437,
      0.01039580162614584,
      0.010669092647731304,
      0.009941347874701023,
      0.010565024800598621,
      0.010967501439154148,
      0.011562527157366276,
      0.01093345507979393,
      0.009408388286828995,
      0.01058762427419424,
      0.010140112601220608,
      0.011362160556018353,
      0.011120573617517948,
      0.01018066331744194,
      0.010058503597974777,
      0.009578028693795204,
      0.011056099086999893,
      0.009848196059465408,
      0.011430035345256329,
      0.009881936945021152,
      0.010397549718618393,
      0.009681922383606434,
      0.009884493425488472,
      0.010190466418862343,
      0.011478313244879246,
      0.009706303477287292,
      0.010657969862222672,
      0.010274471715092659,
      0.010302596725523472,
      0.010622098110616207,
      0.009601755999028683,
      0.01002283114939928,
      0.01046778541058302,
      0.010886411182582378,
      0.009911295026540756,
      0.009609971195459366,
      0.010294104926288128,
      0.010308909229934216,
      0.010295634157955647,
      0.00992082804441452,
      0.010509789921343327,
      0.010059488005936146,
      0.009639116935431957,
      0.010140156373381615,
      0.010206909850239754,
      0.009905674494802952,
      0.009712271392345428,
      0.009502562694251537,
      0.009712109342217445,
      0.009812025353312492,
      0.011081557720899582,
      0.010771042667329311,
      0.010362627916038036,
      0.010510743595659733,
      0.008977510966360569,
      0.011413723230361938,
      0.00958262849599123,
      0.01034883875399828,
      0.010463560931384563,
      0.009833941236138344,
      0.010664066299796104,
      0.010726837441325188,
      0.010019434615969658,
      0.00968028511852026,
      0.010033907368779182,
      0.01040594931691885,
      0.010871905833482742,
      0.010018635541200638,
      0.0099091287702322,
      0.010151163674890995,
      0.010545639321208,
      0.011094609275460243,
      0.010464778169989586,
      0.011170241050422192,
      0.010717521421611309,
      0.010052310302853584,
      0.009993397630751133,
      0.010189498774707317,
      0.009843487292528152,
      0.011346710845828056,
      0.009747786447405815,
      0.01097180973738432,
      0.010176803916692734,
      0.010992160066962242,
      0.009386642836034298,
      0.009981110692024231,
      0.009829988703131676,
      0.010577725246548653,
      0.010373045690357685,
      0.010160021483898163,
      0.011754917912185192,
      0.009520496241748333,
      0.01080241333693266,
      0.009922061115503311,
      0.01024810504168272,
      0.010297805070877075,
      0.010594673454761505,
      0.011118876747786999,
      0.010874019004404545,
      0.010087419301271439,
      0.010304580442607403,
      0.009529802948236465,
      0.009845021180808544,
      0.010673156008124352,
      0.009854689240455627,
      0.01032250002026558,
      0.009641675278544426,
      0.00985267385840416,
      0.009357941336929798,
      0.010443337261676788,
      0.008947715163230896,
      0.010185666382312775,
      0.010491562075912952,
      0.011396893300116062,
      0.010472496040165424,
      0.009003765881061554,
      0.010461713187396526,
      0.010298672132194042,
      0.010183445177972317,
      0.010650073178112507,
      0.009685667231678963,
      0.010949392803013325,
      0.009870621375739574,
      0.009627928957343102,
      0.009516432881355286,
      0.009989352896809578,
      0.009840218350291252,
      0.00995804276317358,
      0.009826029650866985,
      0.009132073260843754,
      0.0098344087600708,
      0.010073568671941757,
      0.01077097188681364,
      0.009770138189196587,
      0.010102074593305588,
      0.009677217341959476,
      0.010447550565004349,
      0.009289135225117207,
      0.00985647551715374,
      0.009195332415401936,
      0.00933676678687334,
      0.010392220690846443,
      0.009241372346878052,
      0.009863446466624737,
      0.008986663073301315,
      0.009713295847177505,
      0.010300764814019203,
      0.009954394772648811,
      0.009502394124865532,
      0.009520471096038818,
      0.009881358593702316,
      0.00903849396854639,
      0.009902897290885448,
      0.00997187104076147,
      0.009488997049629688,
      0.010259667411446571,
      0.009306236170232296,
      0.009764921851456165,
      0.01018467452377081,
      0.00955391488969326,
      0.010297774337232113,
      0.010109118185937405,
