{
   "number_epochs": 300,
   "info_used": "use known only",
   "perc_full_data": 0.1,
   "n_epochs_no_selection": 0,
   "Frequency % cutoff": 0.3,
   "hidden_size": 32,
   "random_state": 48,
   "train_errors": [
      0.08613251149654388,
      0.07619837671518326,
      0.06764180958271027,
      0.0602233000099659,
      0.054769497364759445,
      0.05021441727876663,
      0.04763861373066902,
      0.0460069440305233,
      0.04579704627394676,
      0.044645462185144424,
      0.045210521668195724,
      0.04375932365655899,
      0.04200190678238869,
      0.04048917815089226,
      0.03923635184764862,
      0.038173526525497437,
      0.03801068291068077,
      0.03711001202464104,
      0.03525589033961296,
      0.034586481750011444,
      0.03412993997335434,
      0.03173791989684105,
      0.0314311720430851,
      0.030006827786564827,
      0.028149332851171494,
      0.025968683883547783,
      0.026558229699730873,
      0.02369685471057892,
      0.02461525984108448,
      0.024599945172667503,
      0.021929269656538963,
      0.02112554758787155,
      0.021480590105056763,
      0.019742460921406746,
      0.021832700818777084,
      0.020744599401950836,
      0.01786639541387558,
      0.018175901845097542,
      0.018339525908231735,
      0.016145383939146996,
      0.01700991578400135,
      0.017733823508024216,
      0.01714252308011055,
      0.01596946455538273,
      0.013686072081327438,
      0.016496354714035988,
      0.015649668872356415,
      0.015322609804570675,
      0.014939296059310436,
      0.015154533088207245,
      0.014735665172338486,
      0.014007752761244774,
      0.012873721309006214,
      0.014504890888929367,
      0.01409927848726511,
      0.013407505117356777,
      0.013623249717056751,
      0.011839903891086578,
      0.01325602363795042,
      0.012816968373954296,
      0.011665009893476963,
      0.013161225244402885,
      0.011891129426658154,
      0.012124190106987953,
      0.011013024486601353,
      0.010946989990770817,
      0.011310909874737263,
      0.0113802095875144,
      0.01123880036175251,
      0.01136009581387043,
      0.011108147911727428,
      0.010920745320618153,
      0.011689676903188229,
      0.010335423052310944,
      0.010290776379406452,
      0.010657734237611294,
      0.01005051750689745,
      0.010486927814781666,
      0.010368489660322666,
      0.009636188857257366,
      0.010025016963481903,
      0.01058951672166586,
      0.009815817698836327,
      0.010629737749695778,
      0.010467234998941422,
      0.009799456223845482,
      0.012212112545967102,
      0.011563503183424473,
      0.009803598746657372,
      0.009815695695579052,
      0.01085047796368599,
      0.009916634298861027,
      0.00906294584274292,
      0.008913960307836533,
      0.010730587877333164,
      0.01000822801142931,
      0.009455475956201553,
      0.00955241546034813,
      0.010623214766383171,
      0.01006529200822115,
      0.010044226422905922,
      0.009714902378618717,
      0.009842379949986935,
      0.010885669849812984,
      0.009719273075461388,
      0.009136572480201721,
      0.008946361020207405,
      0.01024978794157505,
      0.00911194458603859,
      0.009598826058208942,
      0.010413490235805511,
      0.009739486500620842,
      0.008338604122400284,
      0.008145950734615326,
      0.010450249537825584,
      0.010017196647822857,
      0.010958517901599407,
      0.009755597449839115,
      0.00989335123449564,
      0.0089646577835083,
      0.008637608028948307,
      0.009971273131668568,
      0.009362531825900078,
      0.010345789603888988,
      0.00900256633758545,
      0.00936890672892332,
      0.008863057009875774,
      0.009135820902884007,
      0.00842065829783678,
      0.010151942260563374,
      0.009277760051190853,
      0.00982006173580885,
      0.009138628840446472,
      0.008328047581017017,
      0.010055712424218655,
      0.009842734783887863,
      0.009688525460660458,
      0.00971278641372919,
      0.008947733789682388,
      0.010246280580759048,
      0.009328652173280716,
      0.010259052738547325,
      0.009143534116446972,
      0.009454195387661457,
      0.00957413762807846,
      0.007959239184856415,
      0.008470126427710056,
      0.009365764446556568,
      0.008901434950530529,
      0.009495701640844345,
      0.009418059140443802,
      0.009182402864098549,
      0.009006375446915627,
      0.009150301106274128,
      0.009245272725820541,
      0.0090916957706213,
      0.00841207429766655,
      0.009398954920470715,
      0.008930115960538387,
      0.008702805265784264,
      0.009054533205926418,
      0.010407287627458572,
      0.009379451163113117,
      0.0087696872651577,
      0.008966697379946709,
      0.009567390196025372,
      0.00865558348596096,
      0.009574759751558304,
      0.009065884165465832,
      0.009828652255237103,
      0.00834629312157631,
      0.009586800821125507,
      0.008657041005790234,
      0.008540029637515545,
      0.008676298893988132,
      0.009128300473093987,
      0.009567955508828163,
      0.009440014138817787,
      0.009049317799508572,
      0.008741488680243492,
      0.00889380183070898,
      0.009704768657684326,
      0.008755906485021114,
      0.009381094947457314,
      0.009871513582766056,
      0.007896916009485722,
      0.009900949895381927,
      0.008067905902862549,
      0.008905705064535141,
      0.008801791816949844,
      0.008692871779203415,
      0.007838468067348003,
      0.00888804066926241,
      0.008255725726485252,
      0.009145994670689106,
      0.009299294091761112,
      0.008641419000923634,
      0.009159581735730171,
      0.008105948567390442,
      0.008893719874322414,
      0.008718282915651798,
      0.008598370477557182,
      0.008045431226491928,
      0.009262957610189915,
      0.008980169892311096,
      0.008392986841499805,
      0.007680627517402172,
      0.008310968987643719,
      0.008515466004610062,
      0.009919782169163227,
      0.008587121032178402,
      0.008731593377888203,
      0.00813581608235836,
      0.00867715198546648,
      0.008912724442780018,
      0.009108008816838264,
      0.009254448115825653,
      0.009492738172411919,
      0.007865567691624165,
      0.008686947636306286,
      0.008648338727653027,
      0.008483383804559708,
      0.008505299687385559,
      0.0077868131920695305,
      0.008456412702798843,
      0.009305331856012344,
      0.008623993024230003,
      0.009751925244927406,
      0.008726769126951694,
      0.009225848130881786,
      0.009789843112230301,
      0.007721785921603441,
      0.007359844632446766,
      0.007891966961324215,
      0.008176329545676708,
      0.00849870778620243,
      0.007436603307723999,
      0.007915643975138664,
      0.008371121250092983,
      0.009075884707272053,
      0.008328533731400967,
      0.008634240366518497,
      0.009865597821772099,
      0.00885232537984848,
      0.007970119826495647,
      0.008463233709335327,
      0.008764449506998062,
      0.007683015428483486,
      0.008531898260116577,
      0.00821556057780981,
      0.008142673410475254,
      0.008372187614440918,
      0.009310126304626465,
      0.00898640789091587,
      0.008250825107097626,
      0.008861936628818512,
      0.008780276402831078,
      0.008135903626680374,
      0.007360644638538361,
      0.009349658153951168,
      0.008963510394096375,
      0.009222084656357765,
      0.008066649548709393,
      0.008728384971618652,
      0.00956431683152914,
      0.008100171573460102,
      0.008057952858507633,
      0.007559894118458033,
      0.008330733515322208,
      0.008586011826992035,
      0.009674749337136745,
      0.008888152427971363,
      0.008350511081516743,
      0.008217331022024155,
      0.008002039976418018,
      0.008006262592971325,
      0.008751858957111835,
      0.0079090166836977,
      0.009237194433808327,
      0.008656606078147888,
