{
   "number_epochs": 300,
   "info_used": "use known only",
   "perc_full_data": 0.1,
   "n_epochs_no_selection": 0,
   "Frequency % cutoff": 0.3,
   "hidden_size": 32,
   "random_state": 44,
   "train_errors": [
      0.058837782591581345,
      0.05821826308965683,
      0.05676713585853577,
      0.05544761195778847,
      0.054833147674798965,
      0.05453231558203697,
      0.052659276872873306,
      0.05164573714137077,
      0.05013919249176979,
      0.04882226884365082,
      0.046205852180719376,
      0.04558181390166283,
      0.042533401399850845,
      0.040389638394117355,
      0.038740914314985275,
      0.03776225447654724,
      0.03559451177716255,
      0.032102640718221664,
      0.03185318410396576,
      0.029848020523786545,
      0.02791958674788475,
      0.02699465863406658,
      0.027865685522556305,
      0.026735613122582436,
      0.02461087703704834,
      0.024985412135720253,
      0.024167723953723907,
      0.024461397901177406,
      0.0247305016964674,
      0.023000741377472878,
      0.022361060604453087,
      0.021296266466379166,
      0.022451112046837807,
      0.024573905393481255,
      0.020617911592125893,
      0.021686026826500893,
      0.02093096822500229,
      0.021602248772978783,
      0.021784240379929543,
      0.020504668354988098,
      0.020566174760460854,
      0.02023726888000965,
      0.018659399822354317,
      0.01866651326417923,
      0.01833900436758995,
      0.018882952630519867,
      0.020038094371557236,
      0.017475806176662445,
      0.01885473169386387,
      0.017379380762577057,
      0.01665366254746914,
      0.016667475923895836,
      0.01572481356561184,
      0.016276877373456955,
      0.01820988580584526,
      0.016768312081694603,
      0.015329417772591114,
      0.016052644699811935,
      0.01672629453241825,
      0.016154104843735695,
      0.015057255513966084,
      0.014481323771178722,
      0.01509245578199625,
      0.015394535847008228,
      0.016238201409578323,
      0.01534882839769125,
      0.015619845129549503,
      0.014020409435033798,
      0.01562994159758091,
      0.014583053067326546,
      0.014990722760558128,
      0.014431281946599483,
      0.016569670289754868,
      0.015195694752037525,
      0.015564261935651302,
      0.015964994207024574,
      0.015444564633071423,
      0.01536211371421814,
      0.015982771292328835,
      0.01527558546513319,
      0.016874926164746284,
      0.014812340028584003,
      0.015361297875642776,
      0.01518844161182642,
      0.015032009221613407,
      0.014145499095320702,
      0.013731966726481915,
      0.014673985540866852,
      0.014192805625498295,
      0.015225701034069061,
      0.01383720338344574,
      0.014673581346869469,
      0.013475609011948109,
      0.01433190144598484,
      0.012872356921434402,
      0.01341131329536438,
      0.015803392976522446,
      0.014476682059466839,
      0.014128514565527439,
      0.01459150668233633,
      0.015128890983760357,
      0.014081173576414585,
      0.014133746735751629,
      0.012862115167081356,
      0.014911042526364326,
      0.014080573804676533,
      0.01423296332359314,
      0.014025288634002209,
      0.013362491503357887,
      0.01369104441255331,
      0.012922637164592743,
      0.013373562134802341,
      0.014311923645436764,
      0.012614973820745945,
      0.013769122771918774,
      0.013756721280515194,
      0.012155227363109589,
      0.011926829814910889,
      0.013582366518676281,
      0.013992724940180779,
      0.013759327121078968,
      0.013752398081123829,
      0.014365860261023045,
      0.014668126590549946,
      0.014505184255540371,
      0.012660423293709755,
      0.01495917048305273,
      0.013253647834062576,
      0.012646092101931572,
      0.013272255659103394,
      0.01422730553895235,
      0.014418480917811394,
      0.01439859252423048,
      0.014101429842412472,
      0.014134138822555542,
      0.014859337359666824,
      0.012706168927252293,
      0.013838457874953747,
      0.01339931134134531,
      0.01447331253439188,
      0.014094303362071514,
      0.013359456323087215,
      0.014561924152076244,
      0.013846592046320438,
      0.014951758086681366,
      0.014917767606675625,
      0.013501716777682304,
      0.012921563349664211,
      0.014343966729938984,
      0.011517789214849472,
      0.013832111842930317,
      0.012636943720281124,
      0.01400594599545002,
      0.013947594910860062,
      0.014082470908761024,
      0.013440558686852455,
      0.01370264869183302,
      0.014107808470726013,
      0.014353477396070957,
      0.013922803103923798,
      0.013738091103732586,
      0.014366288669407368,
      0.01361297257244587,
      0.013857204467058182,
      0.012462802231311798,
      0.013910511508584023,
      0.013493777252733707,
      0.01361772045493126,
      0.01264189649373293,
      0.013360518962144852,
      0.014396175742149353,
      0.013131747022271156,
      0.012989810667932034,
      0.01342009287327528,
      0.012881073169410229,
      0.01292791124433279,
      0.014783876948058605,
      0.013772874139249325,
      0.013276038691401482,
      0.013022379949688911,
      0.012997756712138653,
      0.012759354896843433,
      0.012314507737755775,
      0.0127888023853302,
      0.013332851231098175,
      0.012376946397125721,
      0.01414960902184248,
      0.012523163110017776,
      0.013238941319286823,
      0.013459404930472374,
      0.012794620357453823,
      0.013028603047132492,
      0.012712840922176838,
      0.013265618123114109,
      0.01264969352632761,
      0.012737128883600235,
      0.01244558859616518,
      0.012216465547680855,
      0.013585509732365608,
      0.012766559608280659,
      0.01340483594685793,
      0.012693005613982677,
      0.012225477956235409,
      0.014714806340634823,
      0.014242390170693398,
      0.01385741401463747,
      0.012683249078691006,
      0.013586361892521381,
      0.013956327922642231,
      0.011934694834053516,
      0.01276311557739973,
      0.012832380831241608,
      0.013049697503447533,
      0.013719157315790653,
      0.012847567908465862,
      0.01417374424636364,
      0.012450180947780609,
      0.011794003657996655,
      0.012856166809797287,
      0.012920752167701721,
      0.01343715749680996,
      0.01303381659090519,
      0.012761482037603855,
      0.013189125806093216,
      0.013473404571413994,
      0.012996899895370007,
      0.014163645915687084,
      0.012544319964945316,
      0.013346796855330467,
      0.013092488050460815,
      0.012732463888823986,
      0.012286026030778885,
      0.013876806944608688,
      0.013264971785247326,
      0.013045905157923698,
      0.013135095126926899,
      0.011808718554675579,
      0.012522205710411072,
      0.012755324132740498,
      0.012541130185127258,
      0.014278099872171879,
      0.012516665272414684,
      0.01250762864947319,
      0.012663432396948338,
      0.0127862598747015,
      0.013801716268062592,
      0.013531414791941643,
      0.013085097074508667,
      0.012451227754354477,
      0.013073509559035301,
      0.012243160046637058,
      0.012892956845462322,
      0.012748736888170242,
      0.013132915832102299,
      0.015136881731450558,
      0.012608330696821213,
      0.013290240429341793,
      0.013825805857777596,
      0.011781265959143639,
      0.012634161859750748,
      0.012925050221383572,
      0.01322106271982193,
      0.01344980113208294,
      0.01211814396083355,
      0.012838668189942837,
      0.01139648538082838,
      0.012633945792913437,
      0.013246140442788601,
      0.012948589399456978,
      0.013437628746032715,
      0.012202107347548008,
      0.012847162783145905,
      0.013678573071956635,
      0.012690652161836624,
      0.012098893523216248,
      0.0130290687084198,
      0.013200615532696247,
      0.012998722493648529,
      0.012285443022847176,
      0.012545967474579811,
