{
   "number_epochs": 100,
   "info_used": "use imputation",
   "perc_full_data": 0.015,
   "n_epochs_no_selection": 0,
   "Frequency % cutoff": 0.33,
   "hidden_size": 32,
   "random_state": 5,
   "train_errors": [
      0.16040648519992828,
      0.09844884276390076,
      0.05452188104391098,
      0.026243586093187332,
      0.013426687568426132,
      0.014701648615300655,
      0.02156831882894039,
      0.02669561468064785,
      0.022272706031799316,
      0.01776829920709133,
      0.013810612261295319,
      0.012022770941257477,
      0.011606687679886818,
      0.011375462636351585,
      0.012490922585129738,
      0.011982963420450687,
      0.011805078014731407,
      0.011633643880486488,
      0.010898372158408165,
      0.010864390060305595,
      0.011134330183267593,
      0.010910704731941223,
      0.011059565469622612,
      0.011646444909274578,
      0.011525848880410194,
      0.010143655352294445,
      0.010708384215831757,
      0.010098204016685486,
      0.010215669870376587,
      0.010152993723750114,
      0.009990653023123741,
      0.009357196278870106,
      0.00968368910253048,
      0.009825726971030235,
      0.010276556015014648,
      0.009989239275455475,
      0.009447465650737286,
      0.009816172532737255,
      0.009722449816763401,
      0.009385721758008003,
      0.009305662475526333,
      0.0096376221626997,
      0.008944394066929817,
      0.009147176519036293,
      0.008943447843194008,
      0.008798150345683098,
      0.008847308345139027,
      0.008736446499824524,
      0.008765283040702343,
      0.009208831004798412,
      0.008356600068509579,
      0.008467570878565311,
      0.008158346638083458,
      0.008134685456752777,
      0.007868551649153233,
      0.008359846659004688,
      0.00804061722010374,
      0.007479061838239431,
      0.007699753623455763,
      0.00774003192782402,
      0.007371027022600174,
      0.00718351174145937,
      0.007623650133609772,
      0.007375859655439854,
      0.007002152502536774,
      0.006956280674785376,
      0.0068321372382342815,
      0.006295167375355959,
      0.006901224609464407,
      0.0062457481399178505,
      0.006244360469281673,
      0.0058202301152050495,
      0.006404077634215355,
      0.006196076516062021,
      0.005539370700716972,
      0.005997519940137863,
      0.00644644582644105,
      0.006578216329216957,
      0.005720627494156361,
      0.005172135308384895,
      0.005249162670224905,
      0.004917596932500601,
      0.00511866994202137,
      0.005251726601272821,
      0.004815076477825642,
      0.004720746073871851,
      0.005410951096564531,
      0.004886628594249487,
      0.004558720625936985,
      0.004447387997061014,
      0.004663547500967979,
      0.004850353579968214,
      0.004777161870151758,
      0.004145652521401644,
      0.004623197019100189,
      0.0040160068310797215,
      0.00397541094571352,
      0.004434411879628897,
      0.00447989022359252,
      0.004264361225068569
   ],
   "valid_errors": [
      0.128412127494812,
      0.01606679894030094,
      0.011140446178615093,
      0.011601700447499752,
      0.009890771470963955,
      0.009678032249212265,
      0.009259789250791073,
      0.00887134950608015,
      0.008529170416295528,
      0.00820242427289486,
      0.007902247831225395,
      0.007634544745087624,
      0.007408553268760443,
      0.007211795076727867,
      0.007073982153087854,
      0.006999521981924772,
      0.006985924206674099,
      0.006976149044930935,
      0.006936090532690287,
      0.007022822741419077,
      0.007059299387037754
   ],
   "val_epochs": [
      0,
      5,
      10,
      15,
      20,
      25,
      30,
      35,
      40,
      45,
      50,
      55,
      60,
      65,
      70,
      75,
      80,
      85,
      90,
      95,
      99
   ],
   "input_data_path": "../data/dataset_photo_pce10/data.csv",
   "gradwcontext": true,
   "Encompassing Param": 0.1,
   "Normalize Grads & Contx": false,
   "cluster_all_classes": false,
   "imputation method": "TabPFN",
   "model_dropout": 0.05
}