{
   "number_epochs": 500,
   "info_used": "use imputation",
   "perc_full_data": 0.02,
   "n_epochs_no_selection": 0,
   "Frequency % cutoff": 0.33,
   "hidden_size": 32,
   "random_state": 18,
   "train_errors": [
      0.016989994794130325,
      0.016188737004995346,
      0.017094533890485764,
      0.013532203622162342,
      0.013075507245957851,
      0.013826069422066212,
      0.013080378994345665,
      0.012016059830784798,
      0.01152707263827324,
      0.011948098428547382,
      0.011172757484018803,
      0.010708278976380825,
      0.01059741247445345,
      0.010167555883526802,
      0.009620426222682,
      0.008872276172041893,
      0.009294206276535988,
      0.008797179907560349,
      0.008500127121806145,
      0.008614635095000267,
      0.007965992204844952,
      0.007051474414765835,
      0.007176084443926811,
      0.006763942539691925,
      0.006369768641889095,
      0.006328384391963482,
      0.006296597421169281,
      0.005918078124523163,
      0.005836349446326494,
      0.005202797707170248,
      0.005417773965746164,
      0.0049114166758954525,
      0.004678606986999512,
      0.004279127344489098,
      0.004004317335784435,
      0.004290013574063778,
      0.0039755492471158504,
      0.004074121359735727,
      0.00390664953738451,
      0.0041950661689043045,
      0.0035601428244262934,
      0.004295378923416138,
      0.0036897268146276474,
      0.004194057080894709,
      0.004138471558690071,
      0.004225717857480049,
      0.004156206734478474,
      0.00328624970279634,
      0.0037403337191790342,
      0.0035262147430330515,
      0.004329611547291279,
      0.003570347558706999,
      0.00350816547870636,
      0.0032978008966892958,
      0.0033807179424911737,
      0.0036833621561527252,
      0.0035467876587063074,
      0.0034168821293860674,
      0.003580524818971753,
      0.0034432702232152224,
      0.0031042606569826603,
      0.003937732893973589,
      0.0029960169922560453,
      0.003688535187393427,
      0.0031325165182352066,
      0.0038483787793666124,
      0.003332515712827444,
      0.0031090741977095604,
      0.002968684770166874,
      0.0031848903745412827,
      0.0031177785713225603,
      0.0030367907602339983,
      0.003294429974630475,
      0.003180716885253787,
      0.0032682958990335464,
      0.0028808123897761106,
      0.0031439773738384247,
      0.002898952690884471,
      0.0035574249923229218,
      0.0032105071004480124,
      0.00320810591802001,
      0.0028247155714780092,
      0.002984897932037711,
      0.0030288733541965485,
      0.0028233735356479883,
      0.0033833219204097986,
      0.002585486276075244,
      0.0028445974458009005,
      0.0029572921339422464,
      0.0028191145975142717,
      0.0030164725612848997,
      0.0025618395302444696,
      0.002796070883050561,
      0.002590276999399066,
      0.0025969618000090122,
      0.0025290094781666994,
      0.002674313960596919,
      0.00288931792601943,
      0.002685303334146738,
      0.0028712041676044464,
      0.0028258070815354586,
      0.0027560191228985786,
      0.002800760790705681,
      0.002665723906829953,
      0.0027496584225445986,
      0.0026269908994436264,
      0.00352867622859776,
      0.00297973258420825,
      0.0028294178191572428,
      0.002920701401308179,
      0.002989704255014658,
      0.002783768344670534,
      0.0023154807277023792,
      0.002783962059766054,
      0.0026070522144436836,
      0.0027118325233459473,
      0.0028633722104132175,
      0.002335849916562438,
      0.0022791640367358923,
      0.002620280021801591,
      0.0028404793702065945,
      0.0025290497578680515,
      0.0028737043030560017,
      0.00260027009062469,
      0.0029317624866962433,
      0.0024363920092582703,
      0.0030535052064806223,
      0.002329631708562374,
      0.0023297027219086885,
      0.0023335092701017857,
      0.002601928310468793,
      0.002311085816472769,
      0.002407889813184738,
      0.002559671876952052,
      0.0021779790986329317,
      0.002516611246392131,
      0.002455101115629077,
      0.0026788634713739157,
      0.0024853073991835117,
      0.0027068026829510927,
      0.0023640559520572424,
      0.0021738926880061626,
      0.0023161936551332474,
      0.002332745585590601,
      0.0023171487264335155,
      0.0024629333056509495,
      0.002315277699381113,
      0.002292723162099719,
      0.0022349755745381117,
      0.0020317980088293552,
      0.0020905390847474337,
      0.0021079163998365402,
      0.0022925881203264,
      0.002272103214636445,
      0.002380130812525749,
      0.002519279019907117,
      0.002419937402009964,
      0.0019856304861605167,
      0.001933820778504014,
      0.002214772393926978,
      0.0020488500595092773,
      0.002122308127582073,
      0.0024891116190701723,
      0.002194930799305439,
      0.001994576770812273,
      0.002301026601344347,
      0.0021550811361521482,
      0.0022019133903086185,
      0.0019843317568302155,
      0.0022021073382347822,
      0.0021803982090204954,
      0.002009062096476555,
      0.0020154931116849184,
      0.0020902252290397882,
      0.001873366185463965,
      0.002446879865601659,
      0.0021068111527711153,
      0.0023182022850960493,
      0.002388301771134138,
      0.002207981189712882,
      0.002028658054769039,
      0.0026056740898638964,
      0.0019423188641667366,
      0.0020976723171770573,
      0.0020914042834192514,
      0.002036074874922633,
      0.001940136426128447,
      0.0023257953580468893,
      0.0019157200586050749,
      0.0018917338456958532,
      0.0018407017923891544,
      0.0020651197992265224,
      0.002006219932809472,
      0.0018147749360650778,
      0.002082678722217679,
      0.0021941137965768576,
      0.002447777194902301,
      0.0019428920932114124,
      0.0025829155929386616,
      0.0020582072902470827,
      0.00202175066806376,
      0.0017242282629013062,
      0.0020773576106876135,
      0.0017230687662959099,
      0.0023132951464504004,
      0.0018363576382398605,
      0.0020235858391970396,
      0.0019151869928464293,
      0.0020793024450540543,
      0.002540677087381482,
      0.001858326606452465,
      0.0019120948854833841,
      0.0019673332571983337,
      0.0020187445916235447,
      0.0022713295184075832,
      0.0018381658010184765,
      0.001940572983585298,
      0.001985963899642229,
      0.002318805316463113,
      0.0019674445502460003,
      0.0019039318431168795,
      0.001961818663403392,
      0.0017854515463113785,
      0.002235060092061758,
      0.001933666062541306,
      0.0021102302707731724,
      0.0020406346302479506,
      0.0017210752703249454,
      0.0017437133938074112,
      0.0018689582357183099,
      0.0020400977227836847,
      0.0018777094082906842,
      0.0020519362296909094,
      0.0019106055842712522,
      0.0024245637468993664,
      0.0017159674316644669,
      0.002021998167037964,
      0.0020040124654769897,
      0.0016224414575845003,
      0.0020609223283827305,
      0.0021948181092739105,
      0.0018011231441050768,
      0.0021008506882935762,
      0.0019595336634665728,
      0.0018884326564148068,
      0.0018475003307685256,
      0.0018770670285448432,
      0.0019533412996679544,
      0.0017255693674087524,
      0.0021055960096418858,
      0.0020235625561326742,
      0.0017877023201435804,
      0.0016643982380628586,
      0.0017503472045063972,
      0.0019604291301220655,
      0.0020905782002955675,
      0.0019386702915653586,
      0.0019480843329802155,
      0.0019102024380117655,
      0.0018364731222391129,
      0.0018371399492025375,
      0.0019401218742132187,
      0.0017283376073464751,
      0.0020557872485369444,
      0.0018105007475242019,
      0.0021870036143809557,
      0.0017192029627040029,
      0.0021163441706448793,
      0.0017001135274767876,
      0.0016487222164869308,
      0.001866510370746255,
      0.001740173902362585,
      0.0016618224326521158,
