{
   "number_epochs": 500,
   "info_used": "use imputation",
   "perc_full_data": 0.02,
   "n_epochs_no_selection": 0,
   "Frequency % cutoff": 0.33,
   "hidden_size": 32,
   "random_state": 8,
   "train_errors": [
      0.012686947360634804,
      0.01293385960161686,
      0.011232835240662098,
      0.011167136952280998,
      0.010250088758766651,
      0.010304861702024937,
      0.009742808528244495,
      0.009619499556720257,
      0.00928306020796299,
      0.008508799597620964,
      0.00822471547871828,
      0.008023125119507313,
      0.008118299767374992,
      0.007720964029431343,
      0.007572125643491745,
      0.0068297553807497025,
      0.006689137779176235,
      0.006512643303722143,
      0.006112302653491497,
      0.006520266644656658,
      0.005850525107234716,
      0.00592612661421299,
      0.005240709520876408,
      0.005132046528160572,
      0.00511827552691102,
      0.0053236340172588825,
      0.00530398590490222,
      0.004596649203449488,
      0.00486687570810318,
      0.0042733014561235905,
      0.004684117157012224,
      0.004856020677834749,
      0.0043143099173903465,
      0.004715115297585726,
      0.004378418438136578,
      0.00411043269559741,
      0.0047690714709460735,
      0.00457006273791194,
      0.004231820814311504,
      0.004306293558329344,
      0.00351556739769876,
      0.004480244126170874,
      0.0038955204654484987,
      0.0042053465731441975,
      0.0037691753823310137,
      0.0038693780079483986,
      0.0038437910843640566,
      0.0038584598805755377,
      0.00418364442884922,
      0.003627297468483448,
      0.003661436727270484,
      0.0034598163329064846,
      0.0037104382645338774,
      0.003749195719137788,
      0.0038336615543812513,
      0.0037903571501374245,
      0.0039008287712931633,
      0.004056029953062534,
      0.003527386812493205,
      0.003441053908318281,
      0.0033306123223155737,
      0.0035319633316248655,
      0.003372731851413846,
      0.003414719831198454,
      0.0038311255630105734,
      0.0037896560970693827,
      0.0034231108147650957,
      0.0034569904673844576,
      0.0032632402144372463,
      0.003647385397925973,
      0.0036456871312111616,
      0.003175610676407814,
      0.003672852413728833,
      0.0034776499960571527,
      0.0032856459729373455,
      0.003943602554500103,
      0.003335291985422373,
      0.003799435216933489,
      0.0034089579712599516,
      0.003386973636224866,
      0.0030323818791657686,
      0.003254941664636135,
      0.0032344914507120848,
      0.003519834717735648,
      0.0036513009108603,
      0.0035373338032513857,
      0.003661448135972023,
      0.003197094891220331,
      0.0031280016992241144,
      0.0032505488488823175,
      0.0037363613955676556,
      0.003120267763733864,
      0.003427308052778244,
      0.0033224844373762608,
      0.002950061112642288,
      0.003298177383840084,
      0.0035229853820055723,
      0.0031231893226504326,
      0.0031067347154021263,
      0.003236346645280719,
      0.003148437710478902,
      0.0031418101862072945,
      0.00327628618106246,
      0.0033546756021678448,
      0.004085018765181303,
      0.0035192796494811773,
      0.003648249665275216,
      0.0034494278952479362,
      0.003567689098417759,
      0.0031488973181694746,
      0.003294000867754221,
      0.0033636607695370913,
      0.003385665826499462,
      0.0030556402634829283,
      0.0033102710731327534,
      0.0030821296386420727,
      0.003256254829466343,
      0.0028456547297537327,
      0.00312377349473536,
      0.0030037090182304382,
      0.003178927581757307,
      0.00309509108774364,
      0.0029637813568115234,
      0.0029145274311304092,
      0.003393410937860608,
      0.002938348799943924,
      0.0034777976106852293,
      0.0031439517624676228,
      0.0031171562150120735,
      0.0029899857472628355,
      0.003371401922777295,
      0.0032482892274856567,
      0.0033718941267579794,
      0.003207707777619362,
      0.0031745454762130976,
      0.003247966058552265,
      0.002913516014814377,
      0.0032057815697044134,
      0.0030830970499664545,
      0.0031368681229650974,
      0.003102298593148589,
      0.0033148282673209906,
      0.0033234930597245693,
      0.0032035410404205322,
      0.0029539703391492367,
      0.002928598318248987,
      0.0028181797824800014,
      0.003169522387906909,
      0.003433611011132598,
      0.003125657793134451,
      0.0030931446235626936,
      0.0032229754142463207,
      0.0036548790521919727,
      0.003406096948310733,
      0.0033277985639870167,
      0.0030006489250808954,
      0.003239947371184826,
      0.003285914659500122,
      0.0027660003397613764,
      0.002720411866903305,
      0.0031257490627467632,
      0.003138929605484009,
      0.0029241973534226418,
      0.0031944895163178444,
      0.003067677142098546,
      0.003237033961340785,
      0.0031523359939455986,
      0.0032193984370678663,
      0.003139456268399954,
      0.0032538576051592827,
      0.003059804206714034,
      0.002983437618240714,
      0.0029120154213160276,
      0.0036598097067326307,
      0.002962116850540042,
      0.0029013564344495535,
      0.0030848225578665733,
      0.0029882804956287146,
      0.0028251849580556154,
      0.0030234178993850946,
      0.003285645740106702,
      0.003109235316514969,
      0.0030714417807757854,
      0.003268303582444787,
      0.0028920061886310577,
      0.0030021732673048973,
      0.003069153754040599,
      0.0030860546976327896,
      0.0030686953105032444,
      0.002963628154247999,
      0.003127159783616662,
      0.0028474503196775913,
      0.0030198232270777225,
      0.0029866034165024757,
      0.002963422564789653,
      0.002755517605692148,
      0.0033032558858394623,
      0.0029411634895950556,
      0.003119910368695855,
      0.002950415713712573,
      0.0032158701214939356,
      0.002829459961503744,
      0.003091271733865142,
      0.002919816877692938,
      0.0028642690740525723,
      0.0028285139705985785,
      0.003322807839140296,
      0.003076912136748433,
      0.002890937961637974,
      0.003007530001923442,
      0.0031676178332418203,
      0.002849108772352338,
      0.0027889786288142204,
      0.0032882944215089083,
      0.0032888080459088087,
      0.002913292497396469,
      0.0031299623660743237,
      0.002942343009635806,
      0.002879523439332843,
      0.0032096956856548786,
      0.0031150057911872864,
      0.003036408917978406,
      0.0029152436181902885,
      0.0028499476611614227,
      0.0030112566892057657,
      0.0031799545977264643,
      0.0032289293594658375,
      0.002927344525232911,
      0.0030750019941478968,
      0.003243036800995469,
      0.002747946185991168,
      0.0029535971116274595,
      0.002852589124813676,
      0.003065725788474083,
      0.0029517062939703465,
      0.002789115998893976,
      0.0029979657847434282,
      0.00321221468038857,
      0.002777951071038842,
      0.002931171329692006,
      0.0029274625703692436,
      0.0029392200522124767,
      0.0029662372544407845,
      0.0030261054635047913,
      0.0027648520190268755,
      0.0029121018014848232,
      0.0029089555609971285,
      0.0028434121049940586,
      0.003018546150997281,
      0.0028533770237118006,
      0.002943148370832205,
      0.0029925976414233446,
      0.0031731186900287867,
      0.0027901027351617813,
      0.0031578585039824247,
      0.002671597059816122,
      0.0030886377207934856,
      0.002810255391523242,
      0.0030247264076024294,
      0.003250341396778822,
      0.0029118515085428953,
      0.003259178949519992,
      0.00335894082672894,
      0.003164873691275716,
      0.0028417608700692654,
      0.002876806538552046,
      0.0031679286621510983,
      0.0027961130253970623,
      0.0034421931486576796,
      0.003302140859887004,
      0.002684196224436164,
      0.0029085353016853333,
      0.002718135481700301,
