{
   "number_epochs": 500,
   "info_used": "use imputation",
   "perc_full_data": 0.02,
   "n_epochs_no_selection": 0,
   "Frequency % cutoff": 0.33,
   "hidden_size": 32,
   "random_state": 0,
   "train_errors": [
      0.04544791579246521,
      0.019533831626176834,
      0.014989214949309826,
      0.01858789473772049,
      0.017836201936006546,
      0.01547290664166212,
      0.013229774311184883,
      0.012658362276852131,
      0.012476542964577675,
      0.012501273304224014,
      0.012468031607568264,
      0.011918606236577034,
      0.011392108164727688,
      0.010610307566821575,
      0.010395688004791737,
      0.010099359788000584,
      0.010104551911354065,
      0.009879281744360924,
      0.009621510282158852,
      0.00910115335136652,
      0.00866931863129139,
      0.008741972967982292,
      0.00858362577855587,
      0.00830282736569643,
      0.007835596799850464,
      0.007929973304271698,
      0.007420165464282036,
      0.006920158863067627,
      0.006782842800021172,
      0.0069032832980155945,
      0.006389147602021694,
      0.006261412985622883,
      0.00656120153144002,
      0.006637995131313801,
      0.006221355404704809,
      0.0063360389322042465,
      0.006423579528927803,
      0.0057058995589613914,
      0.005650640930980444,
      0.006582552567124367,
      0.006194971967488527,
      0.0056714327074587345,
      0.005834570154547691,
      0.005918420385569334,
      0.005798744969069958,
      0.005720857530832291,
      0.005461604800075293,
      0.005534525029361248,
      0.005448552779853344,
      0.005508643575012684,
      0.005482996813952923,
      0.005595652386546135,
      0.005579992197453976,
      0.005649720784276724,
      0.00565290916711092,
      0.005189447198063135,
      0.005682557821273804,
      0.005166938994079828,
      0.005315731279551983,
      0.005712202284485102,
      0.0056129200384020805,
      0.005337799899280071,
      0.005415104329586029,
      0.0055104754865169525,
      0.00539002288132906,
      0.005598345771431923,
      0.0053047901019454,
      0.005502849351614714,
      0.005247687920928001,
      0.005263311788439751,
      0.005361739080399275,
      0.005114010069519281,
      0.0050132991746068,
      0.005200497806072235,
      0.005195739679038525,
      0.005525610875338316,
      0.00494319899007678,
      0.005165227223187685,
      0.005056723486632109,
      0.005094484891742468,
      0.00549935782328248,
      0.005414002109318972,
      0.0048690917901694775,
      0.004845951683819294,
      0.0050570364110171795,
      0.005069161765277386,
      0.0052110012620687485,
      0.005264131352305412,
      0.0054099983535707,
      0.004808490164577961,
      0.005061925854533911,
      0.004964285064488649,
      0.005083251278847456,
      0.005057737231254578,
      0.004843783564865589,
      0.005063756834715605,
      0.005625006277114153,
      0.0052023641765117645,
      0.0049027190543711185,
      0.005223266780376434,
      0.005033819004893303,
      0.004963379353284836,
      0.004933991469442844,
      0.004927518777549267,
      0.004879583138972521,
      0.005211858544498682,
      0.005415721330791712,
      0.005074585787951946,
      0.005158469080924988,
      0.005059660412371159,
      0.005082468967884779,
      0.004985438194125891,
      0.004897235427051783,
      0.004778561647981405,
      0.004465107806026936,
      0.0047718556597828865,
      0.004715197719633579,
      0.00526072783395648,
      0.004800041206181049,
      0.0044915275648236275,
      0.004830655641853809,
      0.004921065643429756,
      0.0047729406505823135,
      0.0048676664009690285,
      0.004743489436805248,
      0.004380601458251476,
      0.004926315043121576,
      0.0045709204860031605,
      0.004374701529741287,
      0.005154379643499851,
      0.0045892600901424885,
      0.004390149377286434,
      0.004746980965137482,
      0.004861056804656982,
      0.004699751269072294,
      0.0046786232851445675,
      0.004739787895232439,
      0.004657865967601538,
      0.0045645697973668575,
      0.004186742939054966,
      0.005317383445799351,
      0.004458166658878326,
      0.004342979285866022,
      0.004430562257766724,
      0.004721042700111866,
      0.004089726135134697,
      0.004618699662387371,
      0.00446329265832901,
      0.004479189403355122,
      0.0042767152190208435,
      0.004548721946775913,
      0.0046896860003471375,
      0.004485652782022953,
      0.004742680117487907,
      0.004801374394446611,
      0.004362880252301693,
      0.0044670384377241135,
      0.004606413189321756,
      0.004638332407921553,
      0.004262547008693218,
      0.00463764276355505,
      0.004247887991368771,
      0.005050082691013813,
      0.004527472425252199,
      0.004521607421338558,
      0.0044809081591665745,
      0.004583722446113825,
      0.005053342320024967,
      0.004833491053432226,
      0.004997847601771355,
      0.004506440367549658,
      0.004495236091315746,
      0.004528447054326534,
      0.0046690041199326515,
      0.004529076628386974,
      0.0041669621132314205,
      0.004394524730741978,
      0.004820836707949638,
      0.004497411195188761,
      0.00460140872746706,
      0.0044843535870313644,
      0.004372681025415659,
      0.004428902640938759,
      0.0049111852422356606,
      0.004458679351955652,
      0.004549738019704819,
      0.004653799347579479,
      0.004155246540904045,
      0.004683778155595064,
      0.004402345046401024,
      0.004590596072375774,
      0.004563485272228718,
      0.0047151995822787285,
      0.004156147129833698,
      0.0044406382367014885,
      0.004227467812597752,
      0.004642590414732695,
      0.004706735722720623,
      0.004677025135606527,
      0.004236815497279167,
      0.004345070105046034,
      0.004797752480953932,
      0.004801081493496895,
      0.003999686799943447,
      0.004140237346291542,
      0.004587770439684391,
      0.004501487594097853,
      0.003999829757958651,
      0.004389445763081312,
      0.004267590120434761,
      0.0045924112200737,
      0.004944993648678064,
      0.004491228610277176,
      0.004095121752470732,
      0.0041261399164795876,
      0.004375224467366934,
      0.004323004279285669,
      0.004063306841999292,
      0.004117847420275211,
      0.004069813061505556,
      0.004262394271790981,
      0.0045450725592672825,
      0.004547904711216688,
      0.0042307269759476185,
      0.004314607474952936,
      0.004352877382189035,
      0.004370890092104673,
      0.004085784312337637,
      0.004360274411737919,
      0.004329525865614414,
      0.004013685509562492,
      0.00454739248380065,
      0.0044509125873446465,
      0.004206396639347076,
      0.0042606075294315815,
      0.0042924112640321255,
      0.004066636320203543,
      0.004122461657971144,
      0.004349988419562578,
      0.003940616734325886,
      0.004523114301264286,
      0.00455137575045228,
      0.004145413171499968,
      0.004370274022221565,
      0.004115518648177385,
      0.004102468024939299,
      0.004469564184546471,
      0.0040061757899820805,
      0.004082319792360067,
      0.004184057004749775,
      0.004112777765840292,
      0.004260625224560499,
      0.00429402245208621,
      0.004441656172275543,
      0.004069999326020479,
      0.004137434996664524,
      0.004214216023683548,
      0.004231588449329138,
      0.004417735151946545,
      0.004331459756940603,
      0.0042821322567760944,
      0.004501914139837027,
      0.004488745704293251,
      0.004205351695418358,
      0.00403809966519475,
      0.004225217737257481,
      0.004385559353977442,
      0.0040496899746358395,
      0.004232096951454878,
      0.004377330187708139,
      0.00429346039891243,
      0.00402054563164711,
      0.004362369887530804,
      0.003974919207394123,
      0.004263979382812977,
      0.004166373983025551,
      0.004003147594630718,
