{
   "number_epochs": 500,
   "info_used": "partial info",
   "perc_full_data": 0.04,
   "n_epochs_no_selection": 0,
   "Frequency % cutoff": 0.33,
   "hidden_size": 32,
   "random_state": 2,
   "train_errors": [
      0.2195000946521759,
      0.1968362033367157,
      0.17509900033473969,
      0.15741141140460968,
      0.13874779641628265,
      0.12257830798625946,
      0.10724133253097534,
      0.09181287884712219,
      0.07878703624010086,
      0.06732483208179474,
      0.05793909728527069,
      0.05088690668344498,
      0.04426242411136627,
      0.04228825494647026,
      0.044575098901987076,
      0.0457146018743515,
      0.05039404705166817,
      0.05290430784225464,
      0.053799644112586975,
      0.052984315901994705,
      0.05094502121210098,
      0.047926515340805054,
      0.043419234454631805,
      0.04025673866271973,
      0.03787894546985626,
      0.03783755004405975,
      0.03621208667755127,
      0.038353562355041504,
      0.03801996260881424,
      0.038084469735622406,
      0.03746515512466431,
      0.03803327679634094,
      0.03764047846198082,
      0.03735591098666191,
      0.03770221769809723,
      0.03569851815700531,
      0.0347067154943943,
      0.035798877477645874,
      0.03504633530974388,
      0.03399856016039848,
      0.033249154686927795,
      0.0337398424744606,
      0.03428807109594345,
      0.03383838012814522,
      0.032396864145994186,
      0.03209445998072624,
      0.03222347050905228,
      0.034475769847631454,
      0.0319388248026371,
      0.030563991516828537,
      0.030886445194482803,
      0.030253207311034203,
      0.0308514591306448,
      0.02926718071103096,
      0.02960016019642353,
      0.030750319361686707,
      0.029028408229351044,
      0.02819940447807312,
      0.02846664935350418,
      0.02919730171561241,
      0.02563864178955555,
      0.02728891186416149,
      0.027576809749007225,
      0.028884297236800194,
      0.02604682557284832,
      0.02715861238539219,
      0.025281118229031563,
      0.025433216243982315,
      0.024676010012626648,
      0.027813274413347244,
      0.026517368853092194,
      0.023888230323791504,
      0.024380166083574295,
      0.025116126984357834,
      0.025160368531942368,
      0.023135874420404434,
      0.023295624181628227,
      0.02324150688946247,
      0.024077625945210457,
      0.02307146042585373,
      0.023758644238114357,
      0.02449437603354454,
      0.023992463946342468,
      0.02337542176246643,
      0.023487471044063568,
      0.02073715068399906,
      0.020668575540184975,
      0.02178819850087166,
      0.019030477851629257,
      0.019954143092036247,
      0.021671287715435028,
      0.019275493919849396,
      0.01972240023314953,
      0.021135376766324043,
      0.019943952560424805,
      0.01795087940990925,
      0.02082640677690506,
      0.01911967806518078,
      0.01838606782257557,
      0.01795508712530136,
      0.02203238569200039,
      0.0162352342158556,
      0.01839618571102619,
      0.022406984120607376,
      0.02034790627658367,
      0.019377941265702248,
      0.01791023463010788,
      0.019138863310217857,
      0.01598585583269596,
      0.017352137714624405,
      0.01817895844578743,
      0.019674059003591537,
      0.020255375653505325,
      0.015915386378765106,
      0.01851211115717888,
      0.017986059188842773,
      0.01737387478351593,
      0.017501167953014374,
      0.019858334213495255,
      0.01823299378156662,
      0.016615355387330055,
      0.016732532531023026,
      0.017069455236196518,
      0.019070258364081383,
      0.01692879945039749,
      0.0170982014387846,
      0.016735615208745003,
      0.019102659076452255,
      0.0174334105104208,
      0.017306482419371605,
      0.015167593024671078,
      0.017106015235185623,
      0.014194246381521225,
      0.02020573802292347,
      0.013508375734090805,
      0.015819812193512917,
      0.016926679760217667,
      0.016086602583527565,
      0.019072318449616432,
      0.01554067898541689,
      0.016445254907011986,
      0.014718824997544289,
      0.014246739447116852,
      0.016060074791312218,
      0.01896659843623638,
      0.017185445874929428,
      0.01757700927555561,
      0.015464473515748978,
      0.014156327582895756,
      0.016186507418751717,
      0.01355811208486557,
      0.018309693783521652,
      0.014908815734088421,
      0.016359515488147736,
      0.014863244257867336,
      0.015908503904938698,
      0.017041638493537903,
      0.015355736948549747,
      0.016925586387515068,
      0.016134070232510567,
      0.012523883953690529,
      0.015565912239253521,
      0.014659580774605274,
      0.01371714100241661,
      0.016418399289250374,
      0.015204135328531265,
      0.015385553240776062,
      0.018096057698130608,
      0.01595638319849968,
      0.014262568205595016,
      0.017223849892616272,
      0.015348915010690689,
      0.015352258458733559,
      0.014847173355519772,
      0.016742944717407227,
      0.017267022281885147,
      0.015607168897986412,
      0.013090760447084904,
      0.015197592787444592,
      0.01287413015961647,
      0.015040080063045025,
      0.01418242882937193,
      0.013603264465928078,
      0.015545056201517582,
      0.014180910773575306,
      0.013067816384136677,
      0.014564339071512222,
      0.01306846272200346,
      0.01626407355070114,
      0.014731815084815025,
      0.01790647581219673,
      0.013508751057088375,
      0.014077385887503624,
      0.014949279837310314,
      0.01410175021737814,
      0.01208530180156231,
      0.014799541793763638,
      0.015202556736767292,
      0.01315722893923521,
      0.018914422020316124,
      0.01401106733828783,
      0.014736052602529526,
      0.01344288606196642,
      0.015011674724519253,
      0.015056299977004528,
      0.014441546984016895,
      0.01449596881866455,
      0.016351239755749702,
      0.012412965297698975,
      0.013252251781523228,
      0.011955161578953266,
      0.01233216468244791,
      0.013529081828892231,
      0.0117567740380764,
      0.013395641930401325,
      0.015236170962452888,
      0.012005462311208248,
      0.011330749839544296,
      0.012935059145092964,
      0.012718073092401028,
      0.01048912014812231,
      0.011752338148653507,
      0.012937290593981743,
      0.010435468517243862,
      0.01167385932058096,
      0.011889545246958733,
      0.01448188815265894,
      0.015345740132033825,
      0.012311731465160847,
      0.010035495273768902,
      0.011628585867583752,
      0.009706100448966026,
      0.011435241438448429,
      0.01372552290558815,
      0.01431900355964899,
      0.011777708306908607,
      0.01233480405062437,
      0.010386927053332329,
      0.011397577822208405,
      0.014626005664467812,
      0.009592664428055286,
      0.013230918906629086,
      0.013159150257706642,
      0.012792045250535011,
      0.011392677202820778,
      0.012625645846128464,
      0.010962408035993576,
      0.013140454888343811,
      0.011446899734437466,
      0.010556462220847607,
      0.008442584425210953,
      0.011556550860404968,
      0.012180192396044731,
      0.009432434104382992,
      0.01141438353806734,
      0.009927509352564812,
      0.010257506743073463,
      0.009769491851329803,
      0.00883579347282648,
      0.012766269966959953,
      0.012710925191640854,
      0.010238312184810638,
      0.010984455235302448,
      0.011539628729224205,
      0.009554157964885235,
      0.011461269110441208,
      0.008856811560690403,
      0.0098206652328372,
      0.011602316051721573,
      0.013615752570331097,
      0.011072360910475254,
      0.011739179491996765,
      0.009985052980482578,
      0.009946007281541824,
      0.012143578380346298,
      0.011552798561751842,
      0.010182799771428108,
      0.007856814190745354,
      0.011240235529839993,
      0.009750088676810265,
      0.011493668891489506,
      0.0111537491902709,
