{
   "number_epochs": 500,
   "info_used": "partial info",
   "perc_full_data": 0.04,
   "n_epochs_no_selection": 0,
   "Frequency % cutoff": 0.33,
   "hidden_size": 32,
   "random_state": 7,
   "train_errors": [
      0.3995521366596222,
      0.35078826546669006,
      0.30217650532722473,
      0.2567876875400543,
      0.21729610860347748,
      0.179062619805336,
      0.14362792670726776,
      0.11124152690172195,
      0.08892764896154404,
      0.06857088208198547,
      0.05431486666202545,
      0.04852339252829552,
      0.04583423584699631,
      0.05135451257228851,
      0.057584043592214584,
      0.0666811466217041,
      0.07172839343547821,
      0.0635739415884018,
      0.06310904026031494,
      0.059956230223178864,
      0.05152043700218201,
      0.048029426485300064,
      0.0445014089345932,
      0.04246819019317627,
      0.037536974996328354,
      0.03860760107636452,
      0.036499373614788055,
      0.0389086976647377,
      0.03829013928771019,
      0.03849683329463005,
      0.03961566090583801,
      0.04181664064526558,
      0.04160160943865776,
      0.03802747651934624,
      0.03669130429625511,
      0.03795040026307106,
      0.03351458162069321,
      0.034684762358665466,
      0.032600194215774536,
      0.03622497618198395,
      0.03519577533006668,
      0.03369675576686859,
      0.03172817826271057,
      0.03142360970377922,
      0.0316569022834301,
      0.03328794613480568,
      0.033115454018116,
      0.030761679634451866,
      0.0311812162399292,
      0.029668983072042465,
      0.03152209520339966,
      0.028111277148127556,
      0.028899557888507843,
      0.02857104502618313,
      0.02830684371292591,
      0.02831709384918213,
      0.02975105494260788,
      0.027599966153502464,
      0.026791244745254517,
      0.028494782745838165,
      0.02775222435593605,
      0.027427010238170624,
      0.027806632220745087,
      0.02675086073577404,
      0.025283945724368095,
      0.026511408388614655,
      0.025254549458622932,
      0.025225672870874405,
      0.02617790549993515,
      0.026059599593281746,
      0.024585440754890442,
      0.022035419940948486,
      0.025274207815527916,
      0.024024736136198044,
      0.023820500820875168,
      0.02314760535955429,
      0.020884491503238678,
      0.02345249056816101,
      0.02386992797255516,
      0.022222939878702164,
      0.022053325548768044,
      0.020887203514575958,
      0.021295510232448578,
      0.021357115358114243,
      0.024173572659492493,
      0.021748146042227745,
      0.02277090772986412,
      0.020592892542481422,
      0.02241579256951809,
      0.022355681285262108,
      0.019343916326761246,
      0.020782548934221268,
      0.021931692957878113,
      0.019869759678840637,
      0.022245803847908974,
      0.023544639348983765,
      0.020359231159090996,
      0.019951481372117996,
      0.0226062573492527,
      0.02136816643178463,
      0.019875215366482735,
      0.021177399903535843,
      0.021326836198568344,
      0.018840307369828224,
      0.0164482519030571,
      0.018513265997171402,
      0.01887359656393528,
      0.018789608031511307,
      0.023080404847860336,
      0.023023230955004692,
      0.020268676802515984,
      0.01756776124238968,
      0.01822575554251671,
      0.01872391812503338,
      0.021213077008724213,
      0.018532423302531242,
      0.01831059530377388,
      0.019127847626805305,
      0.018253685906529427,
      0.019293854013085365,
      0.01906978338956833,
      0.01868222840130329,
      0.02219267562031746,
      0.01678859069943428,
      0.017445849254727364,
      0.020525550469756126,
      0.01971672661602497,
      0.019313868135213852,
      0.018251584842801094,
      0.01947268284857273,
      0.017744984477758408,
      0.018687507137656212,
      0.017476007342338562,
      0.02005610428750515,
      0.018759986385703087,
      0.020582331344485283,
      0.01860031858086586,
      0.01911565661430359,
      0.019006608054041862,
      0.02032405324280262,
      0.015650251880288124,
      0.016968853771686554,
      0.019002728164196014,
      0.018038220703601837,
      0.01948929950594902,
      0.02077936939895153,
      0.018873009830713272,
      0.01857110857963562,
      0.018941104412078857,
      0.019713858142495155,
      0.0186312235891819,
      0.021209044381976128,
      0.01542837917804718,
      0.01867779530584812,
      0.01816662959754467,
      0.017639683559536934,
      0.021000197157263756,
      0.01988023892045021,
      0.02023640275001526,
      0.018638871610164642,
      0.017282798886299133,
      0.017156099900603294,
      0.01804763823747635,
      0.01854853518307209,
      0.019149325788021088,
      0.019294416531920433,
      0.020120246335864067,
      0.015877740457654,
      0.018400730565190315,
      0.01665193773806095,
      0.01742364838719368,
      0.01623592898249626,
      0.01869458146393299,
      0.018222318962216377,
      0.018747614696621895,
      0.01935085654258728,
      0.018976110965013504,
      0.015866581350564957,
      0.02082570269703865,
      0.0172882117331028,
      0.019375473260879517,
      0.019209830090403557,
      0.01786419190466404,
      0.01868142932653427,
      0.019172627478837967,
      0.018583616241812706,
      0.017904112115502357,
      0.01980029232800007,
      0.019250666722655296,
      0.017146140336990356,
      0.01871163584291935,
      0.017984045669436455,
      0.017914047464728355,
      0.022107357159256935,
      0.019408095628023148,
      0.017303872853517532,
      0.017146378755569458,
      0.02012619934976101,
      0.01888246275484562,
      0.019690345972776413,
      0.01683688722550869,
      0.017448823899030685,
      0.017207186669111252,
      0.01822858676314354,
      0.01651744171977043,
      0.017786439508199692,
      0.019554801285266876,
      0.01830551028251648,
      0.017941894009709358,
      0.017284084111452103,
      0.019255487248301506,
      0.01422976516187191,
      0.018565772101283073,
      0.0160860326141119,
      0.017323868349194527,
      0.01788800209760666,
      0.01897825486958027,
      0.01601884886622429,
      0.01826302893459797,
      0.017627179622650146,
      0.017273753881454468,
      0.019131653010845184,
      0.017852602526545525,
      0.01701740175485611,
      0.017284339293837547,
      0.016585033386945724,
      0.01770208217203617,
      0.01738104037940502,
      0.01774991862475872,
      0.015018313191831112,
      0.017087893560528755,
      0.017543593421578407,
      0.01914612017571926,
      0.015028663910925388,
      0.017717722803354263,
      0.017427336424589157,
      0.017042312771081924,
      0.018425803631544113,
      0.017842821776866913,
      0.016954366117715836,
      0.021209515631198883,
      0.015621566213667393,
      0.01752585917711258,
      0.015814147889614105,
      0.016437953338027,
      0.016979176551103592,
      0.017381753772497177,
      0.018545983359217644,
      0.01821630448102951,
      0.01785716973245144,
      0.01714949682354927,
      0.017591005191206932,
      0.017283307388424873,
      0.017898978665471077,
      0.018100908026099205,
      0.016261715441942215,
      0.0203389972448349,
      0.015533285215497017,
      0.016845952719449997,
      0.01633480377495289,
      0.015504652634263039,
      0.01738746091723442,
      0.015685636550188065,
      0.017220480367541313,
      0.01790929026901722,
      0.017473774030804634,
      0.017008893191814423,
      0.015311934053897858,
      0.017489688470959663,
      0.017755748704075813,
      0.018394527956843376,
      0.017236728221178055,
      0.015606187283992767,
      0.018075982108712196,
      0.016770513728260994,
      0.01694267801940441,
      0.016126608476042747,
      0.016112931072711945,
      0.020391684025526047,
      0.014812489040195942,
      0.017168715596199036,
      0.014678054489195347,
      0.0185376089066267,
