{
   "number_epochs": 500,
   "info_used": "partial info",
   "perc_full_data": 0.04,
   "n_epochs_no_selection": 0,
   "Frequency % cutoff": 0.33,
   "hidden_size": 32,
   "random_state": 9,
   "train_errors": [
      0.19176019728183746,
      0.16362640261650085,
      0.13383589684963226,
      0.10801983624696732,
      0.08620694279670715,
      0.06785745918750763,
      0.05722963437438011,
      0.046311840415000916,
      0.044157810509204865,
      0.04758116975426674,
      0.05162353441119194,
      0.056875377893447876,
      0.05759337916970253,
      0.05748779699206352,
      0.05390105023980141,
      0.05144510790705681,
      0.04337925463914871,
      0.04299921914935112,
      0.04027731716632843,
      0.039258312433958054,
      0.039884794503450394,
      0.04018186777830124,
      0.0400373674929142,
      0.038556698709726334,
      0.039067044854164124,
      0.03863232955336571,
      0.03966763615608215,
      0.038554903119802475,
      0.036816008388996124,
      0.03555244579911232,
      0.03531346097588539,
      0.0351327508687973,
      0.03408852964639664,
      0.03184128552675247,
      0.031951338052749634,
      0.03175762668251991,
      0.031318679451942444,
      0.030183712020516396,
      0.029574183747172356,
      0.03086286596953869,
      0.029439933598041534,
      0.02989811636507511,
      0.029192497953772545,
      0.028015101328492165,
      0.026509415358304977,
      0.025839267298579216,
      0.02543693594634533,
      0.0239151269197464,
      0.02463618852198124,
      0.024197719991207123,
      0.023758532479405403,
      0.021762525662779808,
      0.020993515849113464,
      0.022384604439139366,
      0.02054966427385807,
      0.017415054142475128,
      0.016230735927820206,
      0.01835613138973713,
      0.020661557093262672,
      0.01703074760735035,
      0.01876727119088173,
      0.017878573387861252,
      0.016199257224798203,
      0.014432125724852085,
      0.016275230795145035,
      0.01806473545730114,
      0.01680760830640793,
      0.018473856151103973,
      0.014982388354837894,
      0.015165328048169613,
      0.013740877620875835,
      0.013380918651819229,
      0.015162309631705284,
      0.017196642234921455,
      0.015296990051865578,
      0.011417031288146973,
      0.013950818218290806,
      0.02046528458595276,
      0.01750224269926548,
      0.014444686472415924,
      0.015351993963122368,
      0.016170911490917206,
      0.014364243485033512,
      0.014301828108727932,
      0.013652591034770012,
      0.010181969963014126,
      0.012545708566904068,
      0.013897858560085297,
      0.012884843163192272,
      0.014314265921711922,
      0.009974836371839046,
      0.014673911035060883,
      0.010518847033381462,
      0.010229002684354782,
      0.011616284027695656,
      0.011806413531303406,
      0.011109164915978909,
      0.013224436901509762,
      0.009215597994625568,
      0.011919110082089901,
      0.012929870747029781,
      0.013720907270908356,
      0.009256115183234215,
      0.011328408494591713,
      0.011070001870393753,
      0.012374309822916985,
      0.011187002994120121,
      0.012320047244429588,
      0.013970181345939636,
      0.010182250291109085,
      0.013338466174900532,
      0.010193929076194763,
      0.008573077619075775,
      0.008720689453184605,
      0.010515021160244942,
      0.008052070625126362,
      0.011125008575618267,
      0.010471880435943604,
      0.009006225503981113,
      0.009525099769234657,
      0.012236449867486954,
      0.008986563421785831,
      0.01286389771848917,
      0.009018654003739357,
      0.007788066286593676,
      0.010973234660923481,
      0.007800102233886719,
      0.008147463202476501,
      0.009839996695518494,
      0.008312171325087547,
      0.010101642459630966,
      0.010877188295125961,
      0.010055407881736755,
      0.0076631405390799046,
      0.010708512738347054,
      0.008117836900055408,
      0.006525808945298195,
      0.007638031616806984,
      0.009273129515349865,
      0.007922440767288208,
      0.007302092853933573,
      0.006522256415337324,
      0.00830063410103321,
      0.007305921986699104,
      0.008508442901074886,
      0.008071299642324448,
      0.014413777738809586,
      0.008126304484903812,
      0.008168024942278862,
      0.00893242284655571,
      0.0071083903312683105,
      0.009625498205423355,
      0.008674290031194687,
      0.008427858352661133,
      0.008706123568117619,
      0.00740706967189908,
      0.007345535792410374,
      0.007004276383668184,
      0.00715031661093235,
      0.009021124802529812,
      0.007755848579108715,
      0.006836287677288055,
      0.008560486137866974,
      0.007434440311044455,
      0.008572423830628395,
      0.008573763072490692,
      0.0073954942636191845,
      0.007657472509890795,
      0.008026381023228168,
      0.00881936401128769,
      0.006869408767670393,
      0.006350274663418531,
      0.007499599829316139,
      0.006837696302682161,
      0.008624585345387459,
      0.007682334631681442,
      0.008129380643367767,
      0.0077873580157756805,
      0.010218155570328236,
      0.008097398094832897,
      0.008380248211324215,
      0.007456299848854542,
      0.007062958553433418,
      0.004977114964276552,
      0.007321423385292292,
      0.010425317101180553,
      0.006351257674396038,
      0.0077934665605425835,
      0.007976445369422436,
      0.0054671610705554485,
      0.0064660594798624516,
      0.007841372862458229,
      0.005740846507251263,
      0.007243919651955366,
      0.007894206792116165,
      0.00843838695436716,
      0.005265926476567984,
      0.006918628700077534,
      0.005068512167781591,
      0.005271061789244413,
      0.00623688381165266,
      0.008684543892741203,
      0.005865623243153095,
      0.006815125700086355,
      0.006495082750916481,
      0.005289929918944836,
      0.007059789728373289,
      0.005889085121452808,
      0.008464906364679337,
      0.0049950964748859406,
      0.005524177569895983,
      0.0068452912382781506,
      0.0055791353806853294,
      0.006324365269392729,
      0.005377687513828278,
      0.005082369316369295,
      0.006405164487659931,
      0.005311825778335333,
      0.0046024988405406475,
      0.004168091807514429,
      0.005269001238048077,
      0.006020778324455023,
      0.005735539365559816,
      0.0046952348202466965,
      0.006046374328434467,
      0.005018938332796097,
      0.006608778610825539,
      0.004651568830013275,
      0.005252361297607422,
      0.004734464921057224,
      0.00448779109865427,
      0.005110567901283503,
      0.0045913588255643845,
      0.00477898633107543,
      0.005641107447445393,
      0.004297762177884579,
      0.004500740673393011,
      0.0047929538413882256,
      0.004514013882726431,
      0.005238513462245464,
      0.005334269721060991,
      0.004989707376807928,
      0.0066887796856462955,
      0.004467679187655449,
      0.005058045964688063,
      0.0038017695769667625,
      0.0057722157798707485,
      0.004310502205044031,
      0.003716470208019018,
      0.004633764270693064,
      0.007119584828615189,
      0.0044995867647230625,
      0.004082650411874056,
      0.004056915175169706,
      0.00546302180737257,
      0.006509223487228155,
      0.003930466715246439,
      0.004405588377267122,
      0.005571700166910887,
      0.004506537690758705,
      0.0058344947174191475,
      0.006183955352753401,
      0.004266515839844942,
      0.005041689146310091,
      0.005886387545615435,
      0.005390949547290802,
      0.0037175691686570644,
      0.003946872428059578,
      0.005741630680859089,
      0.004072657786309719,
      0.004420355893671513,
      0.005211163312196732,
      0.004884605295956135,
      0.0034848295617848635,
      0.0037902549374848604,
      0.0046619451604783535,
      0.0037537445314228535,
      0.005636362824589014,
      0.006069031078368425,
