{
   "number_epochs": 200,
   "info_used": "use hypothesis",
   "perc_full_data": 0.25,
   "n_epochs_no_selection": 0,
   "Frequency % cutoff": 0.25,
   "hidden_size": 32,
   "random_state": 2,
   "train_errors": [
      0.7876319885253906,
      0.7741249203681946,
      0.7617549300193787,
      0.7481245398521423,
      0.7348982095718384,
      0.7218834757804871,
      0.7109911441802979,
      0.7033054828643799,
      0.6987019181251526,
      0.6962740421295166,
      0.6949892640113831,
      0.6943371295928955,
      0.693874180316925,
      0.6936523914337158,
      0.6936306953430176,
      0.6935693621635437,
      0.6934427618980408,
      0.6933954358100891,
      0.6933537125587463,
      0.6934069395065308,
      0.6934045553207397,
      0.6933017373085022,
      0.6933229565620422,
      0.6933214664459229,
      0.6933241486549377,
      0.6932883858680725,
      0.6932607293128967,
      0.6932947635650635,
      0.6932445764541626,
      0.6932517886161804,
      0.6932553648948669,
      0.693263053894043,
      0.6932187080383301,
      0.6932157874107361,
      0.6932311654090881,
      0.6932179927825928,
      0.6932117342948914,
      0.6931977868080139,
      0.6932259202003479,
      0.6931915283203125,
      0.6931948065757751,
      0.6931834816932678,
      0.6932007074356079,
      0.6931753158569336,
      0.6931753158569336,
      0.6931954622268677,
      0.6931514739990234,
      0.6931742429733276,
      0.6931734085083008,
      0.6931735277175903,
      0.6931648850440979,
      0.6931610107421875,
      0.6931701302528381,
      0.6931710839271545,
      0.6931588053703308,
      0.6931647658348083,
      0.6931648850440979,
      0.6931589841842651,
      0.6931715607643127,
      0.6931606531143188,
      0.6931629180908203,
      0.6931721568107605,
      0.6931634545326233,
      0.6931593418121338,
      0.6931605935096741,
      0.6931580901145935,
      0.6931461095809937,
      0.6931616067886353,
      0.6931565999984741,
      0.6931608319282532,
      0.6931552290916443,
      0.6931459307670593,
      0.6931437849998474,
      0.6931428909301758,
      0.6931532025337219,
      0.6931562423706055,
      0.6931557059288025,
      0.693150520324707,
      0.6931459903717041,
      0.6931509971618652,
      0.6931536197662354,
      0.69315105676651,
      0.693153440952301,
      0.6931463479995728,
      0.6931532025337219,
      0.6931512951850891,
      0.6931495070457458,
      0.6931495666503906,
      0.6931461691856384,
      0.6931481957435608,
      0.6931466460227966,
      0.693146824836731,
      0.6931490302085876,
      0.6931474208831787,
      0.6931465864181519,
      0.6931488513946533,
      0.6931506395339966,
      0.6931478381156921,
      0.6931485533714294,
      0.6931474208831787,
      0.6931512951850891,
      0.6931469440460205,
      0.693149745464325,
      0.6931481957435608,
      0.693146824836731,
      0.6931478977203369,
      0.6931473612785339,
      0.6931474208831787,
      0.6931468844413757,
      0.6931474208831787,
      0.6931474804878235,
      0.6931484341621399,
      0.6931466460227966,
      0.6931483745574951,
      0.6931474208831787,
      0.6931474208831787,
      0.6931467056274414,
      0.693147599697113,
      0.6931492686271667,
      0.693147599697113,
      0.6931469440460205,
      0.6931471228599548,
      0.6931478977203369,
      0.6931471228599548,
      0.693148136138916,
      0.693147599697113,
      0.6931469440460205,
      0.6931456923484802,
      0.6931474804878235,
      0.6931474804878235,
      0.6931477189064026,
      0.6931471228599548,
      0.6931474208831787,
      0.6931471228599548,
      0.6931478977203369,
      0.6931470632553101,
      0.6931473612785339,
      0.6931474804878235,
      0.6931491494178772,
      0.693147599697113,
      0.6931473612785339,
      0.6931474804878235,
      0.6931475400924683,
      0.6931473016738892,
      0.6931472420692444,
      0.6931478381156921,
      0.6931478977203369,
      0.6931474208831787,
      0.6931470632553101,
      0.6931481957435608,
      0.6931472420692444,
      0.6931464076042175,
      0.6931477189064026,
      0.6931474208831787,
      0.6931473016738892,
      0.6931474208831787,
      0.6931472420692444,
      0.6931473016738892,
      0.6931468844413757,
      0.6931470632553101,
      0.6931474208831787,
      0.6931473016738892,
      0.6931471824645996,
      0.6931474208831787,
      0.693147599697113,
      0.6931473016738892,
      0.6931474208831787,
      0.6931474804878235,
      0.693147599697113,
      0.6931469440460205,
      0.6931474208831787,
      0.6931474208831787,
      0.6931474208831787,
      0.6931465864181519,
      0.6931469440460205,
      0.6931474804878235,
      0.6931474208831787,
      0.6931473016738892,
      0.6931474208831787,
      0.6931473612785339,
      0.6931469440460205,
      0.6931474208831787,
      0.6931472420692444,
      0.6931473612785339,
      0.6931474804878235,
      0.6931472420692444,
      0.6931473016738892,
      0.6931473016738892,
      0.6931474208831787,
      0.6931477189064026,
      0.6931472420692444,
      0.6931474208831787,
      0.6931470036506653,
      0.6931472420692444,
      0.6931475400924683,
      0.6931473016738892,
      0.693146824836731,
      0.6931471228599548,
      0.6931474208831787,
      0.6931472420692444
   ],
   "valid_errors": [
      0.6799772381782532,
      0.768894374370575,
      1.599926233291626,
      2.1331589221954346,
      2.3292760848999023,
      2.4468021392822266,
      2.5750839710235596,
      2.733771800994873,
      2.892504930496216,
      3.038752555847168,
      3.164560317993164,
      3.275904655456543,
      3.3804032802581787,
      3.4968202114105225,
      3.655750036239624,
      3.834176778793335,
      4.032214164733887,
      4.206548690795898,
      4.387660980224609,
      4.5105180740356445,
      4.610783576965332,
      4.709906101226807,
      4.787921905517578,
      4.852839469909668,
      4.923264980316162,
      4.980932235717773,
      5.0227274894714355,
      5.072957992553711,
      5.140223503112793,
      5.1898345947265625,
      5.247259616851807,
      5.2980637550354,
      5.334342002868652,
      5.372852325439453,
      5.412013053894043,
      5.442155361175537,
      5.477546215057373,
      5.510444164276123,
      5.543941974639893,
      5.580254554748535,
      5.594024658203125
   ],
   "val_epochs": [
      0,
      5,
      10,
      15,
      20,
      25,
      30,
      35,
      40,
      45,
      50,
      55,
      60,
      65,
      70,
      75,
      80,
      85,
      90,
      95,
      100,
      105,
      110,
      115,
      120,
      125,
      130,
      135,
      140,
      145,
      150,
      155,
      160,
      165,
      170,
      175,
      180,
      185,
      190,
      195,
      199
   ],
   "input_data_path": "../data/donated_blood/donated_blood_subsampled_balance.csv",
   "gradwcontext": true,
   "Encompassing Param": 0.1,
   "Normalize Grads & Contx": false,
   "cluster_all_classes": false,
   "imputation method": "",
   "model_dropout": 0.05
}