{
   "number_epochs": 200,
   "info_used": "use hypothesis",
   "perc_full_data": 0.25,
   "n_epochs_no_selection": 0,
   "Frequency % cutoff": 0.25,
   "hidden_size": 32,
   "random_state": 5,
   "train_errors": [
      0.8243793249130249,
      0.8054447770118713,
      0.7845063805580139,
      0.7629508376121521,
      0.743343710899353,
      0.7254457473754883,
      0.7134555578231812,
      0.704880952835083,
      0.7001931667327881,
      0.6975135207176208,
      0.6958572864532471,
      0.6951601505279541,
      0.694720447063446,
      0.6941370368003845,
      0.6940170526504517,
      0.6939657926559448,
      0.6938250064849854,
      0.6936329007148743,
      0.6937119960784912,
      0.6936365962028503,
      0.693608820438385,
      0.693556547164917,
      0.6935537457466125,
      0.693541944026947,
      0.693472683429718,
      0.6934726238250732,
      0.6934892535209656,
      0.6933978796005249,
      0.6933855414390564,
      0.6934381127357483,
      0.6934099793434143,
      0.6934259533882141,
      0.6934341788291931,
      0.6933831572532654,
      0.6933642029762268,
      0.6933646202087402,
      0.6933618187904358,
      0.6933874487876892,
      0.6933212280273438,
      0.6933271288871765,
      0.6933396458625793,
      0.6933221220970154,
      0.6933271288871765,
      0.6932898163795471,
      0.6933251023292542,
      0.6932830810546875,
      0.6932691335678101,
      0.693300187587738,
      0.6932682394981384,
      0.6932992339134216,
      0.6932666897773743,
      0.6932855248451233,
      0.6932889223098755,
      0.6932699680328369,
      0.6932666301727295,
      0.6932708621025085,
      0.6932385563850403,
      0.6932550072669983,
      0.6932291388511658,
      0.6932499408721924,
      0.6932564377784729,
      0.6932342648506165,
      0.6932358145713806,
      0.6932436227798462,
      0.6932445764541626,
      0.6932387948036194,
      0.6932136416435242,
      0.6932010054588318,
      0.6932318210601807,
      0.6932268738746643,
      0.6932105422019958,
      0.6932148933410645,
      0.6932020783424377,
      0.6932080984115601,
      0.6932065486907959,
      0.6932122111320496,
      0.69322270154953,
      0.6932026147842407,
      0.6932010054588318,
      0.693218469619751,
      0.6932128667831421,
      0.693204939365387,
      0.6931965947151184,
      0.6932063698768616,
      0.6932070255279541,
      0.6931926012039185,
      0.6931921243667603,
      0.6931946873664856,
      0.6932003498077393,
      0.693192720413208,
      0.6931931972503662,
      0.6931754946708679,
      0.6932000517845154,
      0.6931873559951782,
      0.6931918859481812,
      0.6931846141815186,
      0.6931785941123962,
      0.6931830048561096,
      0.6931829452514648,
      0.6931755542755127,
      0.6931731104850769,
      0.6931696534156799,
      0.6931562423706055,
      0.6931676268577576,
      0.6931553483009338,
      0.6931557655334473,
      0.6931561827659607,
      0.6931595206260681,
      0.6931566596031189,
      0.6931576728820801,
      0.6931514143943787,
      0.6931509375572205,
      0.6931478977203369,
      0.6931514739990234,
      0.6931530833244324,
      0.69315105676651,
      0.6931506395339966,
      0.6931507587432861,
      0.6931512951850891,
      0.693149983882904,
      0.6931501030921936,
      0.6931508779525757,
      0.6931496262550354,
      0.6931490302085876,
      0.6931490302085876,
      0.693149745464325,
      0.6931504011154175,
      0.6931495666503906,
      0.6931488513946533,
      0.6931501626968384,
      0.6931498050689697,
      0.693149209022522,
      0.6931495070457458,
      0.6931498050689697,
      0.6931502223014832,
      0.6931477189064026,
      0.693149983882904,
      0.6931480765342712,
      0.6931495070457458,
      0.6931477189064026,
      0.6931478977203369,
      0.6931491494178772,
      0.693148136138916,
      0.6931489706039429,
      0.6931495666503906,
      0.6931493282318115,
      0.6931487917900085,
      0.6931485533714294,
      0.6931491494178772,
      0.6931496262550354,
      0.6931488513946533,
      0.6931491494178772,
      0.6931481957435608,
      0.6931471228599548,
      0.6931480765342712,
      0.6931479573249817,
      0.6931477189064026,
      0.6931485533714294,
      0.6931491494178772,
      0.693148136138916,
      0.6931480169296265,
      0.6931482553482056,
      0.6931470036506653,
      0.6931480765342712,
      0.6931478977203369,
      0.6931492686271667,
      0.6931472420692444,
      0.693148136138916,
      0.6931478977203369,
      0.6931478977203369,
      0.6931488513946533,
      0.6931480765342712,
      0.6931484341621399,
      0.6931479573249817,
      0.6931472420692444,
      0.693147599697113,
      0.6931489109992981,
      0.6931484341621399,
      0.6931488513946533,
      0.6931481957435608,
      0.6931480765342712,
      0.6931472420692444,
      0.6931477189064026,
      0.6931476593017578,
      0.6931480765342712,
      0.693148672580719,
      0.6931486129760742,
      0.6931484341621399,
      0.693147599697113,
      0.6931483745574951,
      0.6931475400924683,
      0.6931458711624146,
      0.6931483745574951,
      0.6931475400924683,
      0.6931476593017578,
      0.6931480169296265,
      0.6931473612785339,
      0.6931478977203369,
      0.693148672580719,
      0.6931467056274414
   ],
   "valid_errors": [
      0.6416878700256348,
      0.8047035336494446,
      1.5002912282943726,
      1.8914724588394165,
      2.0500190258026123,
      2.142360210418701,
      2.2144899368286133,
      2.283262014389038,
      2.345947504043579,
      2.403912305831909,
      2.4585304260253906,
      2.511514663696289,
      2.558469772338867,
      2.600891351699829,
      2.6399264335632324,
      2.6749229431152344,
      2.710232973098755,
      2.741414785385132,
      2.768630266189575,
      2.8281338214874268,
      3.062781810760498,
      3.329540967941284,
      3.504859209060669,
      3.6482908725738525,
      3.7623496055603027,
      3.8319091796875,
      3.8998777866363525,
      3.9764602184295654,
      4.013515472412109,
      4.034627914428711,
      4.051511287689209,
      4.079329490661621,
      4.103586673736572,
      4.110214710235596,
      4.119887351989746,
      4.13917875289917,
      4.163990497589111,
      4.187823295593262,
      4.203028678894043,
      4.22033166885376,
      4.2408623695373535
   ],
   "val_epochs": [
      0,
      5,
      10,
      15,
      20,
      25,
      30,
      35,
      40,
      45,
      50,
      55,
      60,
      65,
      70,
      75,
      80,
      85,
      90,
      95,
      100,
      105,
      110,
      115,
      120,
      125,
      130,
      135,
      140,
      145,
      150,
      155,
      160,
      165,
      170,
      175,
      180,
      185,
      190,
      195,
      199
   ],
   "input_data_path": "../data/donated_blood/donated_blood_subsampled_balance.csv",
   "gradwcontext": true,
   "Encompassing Param": 0.1,
   "Normalize Grads & Contx": false,
   "cluster_all_classes": false,
   "imputation method": "",
   "model_dropout": 0.05
}