{
   "number_epochs": 500,
   "info_used": "use imputation",
   "perc_full_data": 0.015,
   "n_epochs_no_selection": 0,
   "Frequency % cutoff": 0.33,
   "hidden_size": 32,
   "random_state": 16,
   "train_errors": [
      0.049617767333984375,
      0.021249037235975266,
      0.009792884811758995,
      0.016189929097890854,
      0.017762938514351845,
      0.015155719593167305,
      0.011143364943563938,
      0.009692249819636345,
      0.009929126128554344,
      0.010874729603528976,
      0.010862494818866253,
      0.010607602074742317,
      0.010189225897192955,
      0.009654315188527107,
      0.009771042503416538,
      0.009379258379340172,
      0.009678591974079609,
      0.009648646228015423,
      0.009417413733899593,
      0.008892725221812725,
      0.00847059115767479,
      0.0085105299949646,
      0.00893649272620678,
      0.008701466023921967,
      0.008193371817469597,
      0.008654615841805935,
      0.008563345298171043,
      0.008313337340950966,
      0.008475493639707565,
      0.00837821327149868,
      0.008245959877967834,
      0.008018706925213337,
      0.0087562445551157,
      0.008674971759319305,
      0.008640500716865063,
      0.008081183768808842,
      0.00835946574807167,
      0.008231683634221554,
      0.008106589317321777,
      0.008139870129525661,
      0.007721384521573782,
      0.0074813165701925755,
      0.008140161633491516,
      0.007777372840791941,
      0.007533229887485504,
      0.007941380143165588,
      0.008193743415176868,
      0.007248605601489544,
      0.008182664401829243,
      0.007911115884780884,
      0.008214550092816353,
      0.00761961517855525,
      0.00795160885900259,
      0.00806281715631485,
      0.007946197874844074,
      0.007288176566362381,
      0.007416988722980022,
      0.007555206306278706,
      0.007460165768861771,
      0.007397432811558247,
      0.007769599091261625,
      0.007588227745145559,
      0.007238619960844517,
      0.007364470511674881,
      0.0075104511342942715,
      0.0076058232225477695,
      0.007155837025493383,
      0.007434729021042585,
      0.007464355789124966,
      0.007022412959486246,
      0.007720650173723698,
      0.007091696839779615,
      0.007475514896214008,
      0.00732254097238183,
      0.006947558373212814,
      0.007549597416073084,
      0.007147364318370819,
      0.006707640830427408,
      0.006823578383773565,
      0.007025009952485561,
      0.00711287185549736,
      0.006683956831693649,
      0.007254345342516899,
      0.006452758796513081,
      0.006771442946046591,
      0.006556910462677479,
      0.007068911101669073,
      0.006696878932416439,
      0.006867834832519293,
      0.006362848449498415,
      0.006265413016080856,
      0.006811321713030338,
      0.0073380726389586926,
      0.0066877915523946285,
      0.0066012246534228325,
      0.006987951695919037,
      0.006630685646086931,
      0.006610129494220018,
      0.006566707976162434,
      0.006408072076737881,
      0.006717754527926445,
      0.005856052041053772,
      0.006169124040752649,
      0.0062336549162864685,
      0.006620787549763918,
      0.006418686825782061,
      0.006267910823225975,
      0.006039741914719343,
      0.006510430946946144,
      0.007147201802581549,
      0.0066587175242602825,
      0.00666706170886755,
      0.006186838261783123,
      0.007030420005321503,
      0.005957342218607664,
      0.0067772939801216125,
      0.006380717270076275,
      0.006246362812817097,
      0.006355800665915012,
      0.006322755012661219,
      0.006102713756263256,
      0.006477567832916975,
      0.005878472235053778,
      0.0059237731620669365,
      0.0055750091560184956,
      0.0071806232444942,
      0.006433357950299978,
      0.006631072610616684,
      0.007011445704847574,
      0.006137882359325886,
      0.005878729745745659,
      0.0060083637945353985,
      0.006396770011633635,
      0.0057524386793375015,
      0.006016706582158804,
      0.005895750131458044,
      0.006275980267673731,
      0.005832777824252844,
      0.0061371540650725365,
      0.005948172416538,
      0.005805026739835739,
      0.005812171846628189,
      0.006154943257570267,
      0.006706353276968002,
      0.005932519678026438,
      0.006116872653365135,
      0.006058156490325928,
      0.006024759728461504,
      0.005540402606129646,
      0.005568759050220251,
      0.005504187662154436,
      0.005836064927279949,
      0.006052117794752121,
      0.006044435780495405,
      0.005890889558941126,
      0.005657197441905737,
      0.006079766899347305,
      0.0058167255483567715,
      0.005564545281231403,
      0.006074233446270227,
      0.0064540947787463665,
      0.006309191230684519,
      0.00613135751336813,
      0.005749277770519257,
      0.005757652223110199,
      0.005760119296610355,
      0.005993208382278681,
      0.0052865976467728615,
      0.007338525261729956,
      0.005897708237171173,
      0.005875428207218647,
      0.006131007801741362,
      0.006155203562229872,
      0.00685720844194293,
      0.006021969951689243,
      0.005960689391940832,
      0.006256038323044777,
      0.005832473281770945,
      0.005886150058358908,
      0.005574397277086973,
      0.005649854429066181,
      0.0057456232607364655,
      0.005527133587747812,
      0.005845524836331606,
      0.005730526056140661,
      0.0054854718036949635,
      0.00557582825422287,
      0.005763782653957605,
      0.005406346172094345,
      0.00550798699259758,
      0.005571357905864716,
      0.005378765985369682,
      0.00627497024834156,
      0.006559690460562706,
      0.005817586090415716,
      0.005869158543646336,
      0.005616086535155773,
      0.0054602851159870625,
      0.00618166197091341,
      0.00532238045707345,
      0.00531327910721302,
      0.005587472114712,
      0.005428468342870474,
      0.005612262059003115,
      0.005372582469135523,
      0.006297779269516468,
      0.005841828882694244,
      0.005568044260144234,
      0.005730241537094116,
      0.0050854492001235485,
      0.00574709614738822,
      0.005483600776642561,
      0.005864669103175402,
      0.005312854424118996,
      0.005551020614802837,
      0.005622105207294226,
      0.006237352732568979,
      0.005324061028659344,
      0.00520084984600544,
      0.005775527097284794,
      0.005249354988336563,
      0.005362923257052898,
      0.0066713448613882065,
      0.005602219607681036,
      0.005346106365323067,
      0.005695406813174486,
      0.005280529614537954,
      0.006470199674367905,
      0.005894049070775509,
      0.005172688513994217,
      0.005416865460574627,
      0.005450774449855089,
      0.006191116292029619,
      0.005742226727306843,
      0.0050500198267400265,
      0.00576202105730772,
      0.00524053443223238,
      0.00503121130168438,
      0.005452580749988556,
      0.005305374972522259,
      0.005157190375030041,
      0.005862256046384573,
      0.005244194529950619,
      0.005164755508303642,
      0.004995062947273254,
      0.005677460227161646,
      0.005113221239298582,
      0.005779412109404802,
      0.006036784965544939,
      0.005079525522887707,
      0.005362392868846655,
      0.005180440843105316,
      0.005736093036830425,
      0.004801356699317694,
      0.004860440734773874,
      0.004945389460772276,
      0.005035249516367912,
      0.005517811514437199,
      0.005067519843578339,
      0.004947511944919825,
      0.005273671355098486,
      0.005121254362165928,
      0.0053571960888803005,
      0.0053128828294575214,
      0.005036129150539637,
      0.004921558778733015,
      0.005387744400650263,
      0.005133914761245251,
      0.004873465746641159,
      0.0049459743313491344,
      0.005522629711776972,
      0.005075803492218256,
      0.004800914786756039,
      0.005384122021496296,
      0.005351831205189228,
      0.0050320858135819435,
      0.00482609448954463,
      0.00451913895085454,
