{
   "number_epochs": 500,
   "info_used": "use imputation",
   "perc_full_data": 0.015,
   "n_epochs_no_selection": 0,
   "Frequency % cutoff": 0.33,
   "hidden_size": 32,
   "random_state": 7,
   "train_errors": [
      0.011769506148993969,
      0.011082637123763561,
      0.012064273469150066,
      0.010642847046256065,
      0.009760500863194466,
      0.010044658556580544,
      0.009978536516427994,
      0.0097489720210433,
      0.009298453107476234,
      0.009234306402504444,
      0.009356141090393066,
      0.009344527497887611,
      0.009146442636847496,
      0.008974549360573292,
      0.009042752906680107,
      0.008795679546892643,
      0.008725819177925587,
      0.008715002797544003,
      0.008781195618212223,
      0.008868981152772903,
      0.008622991852462292,
      0.008662709034979343,
      0.008581902831792831,
      0.00847673136740923,
      0.008376567624509335,
      0.008637131191790104,
      0.008524240925908089,
      0.008451461791992188,
      0.008473433554172516,
      0.00858381949365139,
      0.00842879619449377,
      0.008552882820367813,
      0.008593502454459667,
      0.008232156746089458,
      0.008359979838132858,
      0.008452991023659706,
      0.008295795880258083,
      0.008464264683425426,
      0.008376863785088062,
      0.008348398841917515,
      0.00859052874147892,
      0.007937121205031872,
      0.008305326104164124,
      0.008189870044589043,
      0.007847771979868412,
      0.008352823555469513,
      0.008331243880093098,
      0.007857331074774265,
      0.00825906079262495,
      0.008086849935352802,
      0.008069366216659546,
      0.008177103474736214,
      0.008194735273718834,
      0.008247504010796547,
      0.008136888965964317,
      0.008167657069861889,
      0.007846232503652573,
      0.008033857680857182,
      0.007952680811285973,
      0.007887913845479488,
      0.007862036116421223,
      0.008042996749281883,
      0.008203139528632164,
      0.00752682238817215,
      0.008013853803277016,
      0.007821056060492992,
      0.007878807373344898,
      0.0078739607706666,
      0.008009180426597595,
      0.007695019245147705,
      0.007354043424129486,
      0.007560699246823788,
      0.007885793223977089,
      0.00737195648252964,
      0.007711242884397507,
      0.007748400792479515,
      0.007885761559009552,
      0.0074396077543497086,
      0.007897200994193554,
      0.007348856423050165,
      0.007761245593428612,
      0.0076661198399960995,
      0.007646359968930483,
      0.007202396634966135,
      0.007604154292494059,
      0.007590633817017078,
      0.007485158741474152,
      0.00734686991199851,
      0.0071687898598611355,
      0.007713927421718836,
      0.007567728869616985,
      0.00722819147631526,
      0.007288919296115637,
      0.007091099396348,
      0.007388028781861067,
      0.007073937449604273,
      0.006573388818651438,
      0.00667487783357501,
      0.0070626139640808105,
      0.00661889323964715,
      0.007048516068607569,
      0.0073071010410785675,
      0.006795147899538279,
      0.00624420028179884,
      0.006728919688612223,
      0.006605842616409063,
      0.006503565702587366,
      0.006746110040694475,
      0.006240487564355135,
      0.006072943098843098,
      0.0068247318267822266,
      0.006096992176026106,
      0.006803560070693493,
      0.006309727672487497,
      0.006917160004377365,
      0.006374065764248371,
      0.006221300456672907,
      0.00595289608463645,
      0.006814540363848209,
      0.005762546323239803,
      0.006222022231668234,
      0.006113164126873016,
      0.006280933506786823,
      0.006444499362260103,
      0.006490159779787064,
      0.0060287537053227425,
      0.005557315424084663,
      0.006194877903908491,
      0.0063721598125994205,
      0.005598221905529499,
      0.00576973520219326,
      0.005486073903739452,
      0.005882160738110542,
      0.005556146148592234,
      0.005230962298810482,
      0.005394598934799433,
      0.005265657790005207,
      0.005389438010752201,
      0.005463961977511644,
      0.005161582492291927,
      0.005927234888076782,
      0.005456675309687853,
      0.005301130469888449,
      0.005559391807764769,
      0.0049834419041872025,
      0.005897009279578924,
      0.004393709823489189,
      0.005155821796506643,
      0.005568852182477713,
      0.006308812648057938,
      0.005040758289396763,
      0.004625174682587385,
      0.00529102049767971,
      0.005551855079829693,
      0.00468970974907279,
      0.0054579549469053745,
      0.0054091596975922585,
      0.005102026276290417,
      0.005132841877639294,
      0.005968091543763876,
      0.005407833028584719,
      0.005052722524851561,
      0.004881036467850208,
      0.0044808038510382175,
      0.004782144911587238,
      0.006055903621017933,
      0.004321155603975058,
      0.004817217588424683,
      0.004647045396268368,
      0.004838828928768635,
      0.0043576667085289955,
      0.0042278156615793705,
      0.004798690788447857,
      0.004535145591944456,
      0.006188778672367334,
      0.004528220277279615,
      0.004652853589504957,
      0.004601292312145233,
      0.00509978923946619,
      0.004333455581218004,
      0.004316235892474651,
      0.005805294495075941,
      0.0050964136607944965,
      0.005031590349972248,
      0.005214737728238106,
      0.00404075812548399,
      0.004171153996139765,
      0.004136333707720041,
      0.0049764132127165794,
      0.004789264407008886,
      0.004064898006618023,
      0.005437436047941446,
      0.00456371670588851,
      0.004237636458128691,
      0.004934094380587339,
      0.004190476145595312,
      0.005062506999820471,
      0.005232869181782007,
      0.00444761523976922,
      0.004038411658257246,
      0.004140491597354412,
      0.004319550935178995,
      0.004209903534501791,
      0.005286680534482002,
      0.0045054005458951,
      0.004670972004532814,
      0.0045914179645478725,
      0.00442433450371027,
      0.004109107423573732,
      0.005073369946330786,
      0.003983309026807547,
      0.0037936351727694273,
      0.003820552257820964,
      0.0040581924840807915,
      0.00434615183621645,
      0.0035476733464747667,
      0.004666717257350683,
      0.00410385662689805,
      0.004294362850487232,
      0.003863617777824402,
      0.004533581901341677,
      0.004053408745676279,
      0.0038111722096800804,
      0.0038477315101772547,
      0.004036597907543182,
      0.0053939297795295715,
      0.005576209630817175,
      0.005731930024921894,
      0.0043566301465034485,
      0.0034751417115330696,
      0.00463242968544364,
      0.003662973642349243,
      0.0043833330273628235,
      0.0045991274528205395,
      0.003727260045707226,
      0.0038607516326010227,
      0.004157708492130041,
      0.0036102179437875748,
      0.003431401215493679,
      0.004323320928961039,
      0.005152449477463961,
      0.0033988854847848415,
      0.004307372495532036,
      0.004239277448505163,
      0.0033381576649844646,
      0.0035162391141057014,
      0.003386913100257516,
      0.003935392014682293,
      0.0037471894174814224,
      0.005854680668562651,
      0.0048372503370046616,
      0.0036120559088885784,
      0.0040306043811142445,
      0.003938710317015648,
      0.0041723535396158695,
      0.0035667838528752327,
      0.00403930526226759,
      0.0035907195415347815,
      0.0036994903348386288,
      0.003241708967834711,
      0.003462847089394927,
      0.0032001992221921682,
      0.003385717049241066,
      0.003962964750826359,
      0.004503002855926752,
      0.004864801187068224,
      0.003449041396379471,
      0.004200569819658995,
      0.0033571491949260235,
      0.0038552875630557537,
      0.0038334985729306936,
      0.003607993246987462,
      0.004370776936411858,
      0.0038754295092076063,
      0.004080199636518955,
      0.0036417979281395674,
      0.0029819458723068237,
