{
   "number_epochs": 500,
   "info_used": "use imputation",
   "perc_full_data": 0.02,
   "n_epochs_no_selection": 0,
   "Frequency % cutoff": 0.33,
   "hidden_size": 32,
   "random_state": 6,
   "train_errors": [
      0.10812609642744064,
      0.05492226406931877,
      0.02582375332713127,
      0.01739550568163395,
      0.022083498537540436,
      0.02371242269873619,
      0.020732183009386063,
      0.017591608688235283,
      0.015219314955174923,
      0.015293397009372711,
      0.015755467116832733,
      0.016234809532761574,
      0.015608792193233967,
      0.015170174650847912,
      0.014666736125946045,
      0.014107064343988895,
      0.013853618875145912,
      0.013292958959937096,
      0.013268942944705486,
      0.012572180479764938,
      0.01215597614645958,
      0.01195011381059885,
      0.011453690938651562,
      0.011212227866053581,
      0.011005074717104435,
      0.01081250049173832,
      0.009527409449219704,
      0.009313821792602539,
      0.00908628012984991,
      0.008799162693321705,
      0.008993447758257389,
      0.008807696402072906,
      0.00826238188892603,
      0.008859601803123951,
      0.008512567728757858,
      0.007930651307106018,
      0.008370116353034973,
      0.008739215321838856,
      0.007627959828823805,
      0.007690746337175369,
      0.007568297442048788,
      0.007298498414456844,
      0.00783949252218008,
      0.007619435898959637,
      0.00757809029892087,
      0.008274571970105171,
      0.0068082367070019245,
      0.00803412776440382,
      0.00747233722358942,
      0.0072195385582745075,
      0.0076574902050197124,
      0.006536567583680153,
      0.0069559006951749325,
      0.007471153046935797,
      0.007097919471561909,
      0.007362137082964182,
      0.006692158989608288,
      0.006657841149717569,
      0.007194288074970245,
      0.006707679480314255,
      0.006908067036420107,
      0.0067663248628377914,
      0.00705141294747591,
      0.007304659578949213,
      0.00757172703742981,
      0.006524520460516214,
      0.00668205926194787,
      0.006665298715233803,
      0.006596739403903484,
      0.006481065880507231,
      0.00705838855355978,
      0.006522867362946272,
      0.007024724036455154,
      0.006791038904339075,
      0.006639750208705664,
      0.00657056737691164,
      0.006794425193220377,
      0.00626822654157877,
      0.007042191457003355,
      0.006213624961674213,
      0.006526228506118059,
      0.0065987808629870415,
      0.006393123883754015,
      0.006690340582281351,
      0.0069232117384672165,
      0.006186683662235737,
      0.0062877885065972805,
      0.006581046152859926,
      0.006371569354087114,
      0.00668104225769639,
      0.00668437872081995,
      0.006622252520173788,
      0.0062304106540977955,
      0.006064119748771191,
      0.006242121569812298,
      0.006380919832736254,
      0.00650305300951004,
      0.006729835644364357,
      0.00648979377001524,
      0.006424694322049618,
      0.006241212598979473,
      0.006281295325607061,
      0.006613492500036955,
      0.0060266354121267796,
      0.0063696494325995445,
      0.006447811610996723,
      0.006318190600723028,
      0.0062175351195037365,
      0.006247450597584248,
      0.006121222861111164,
      0.006070162169635296,
      0.006340281572192907,
      0.006165051832795143,
      0.006495003122836351,
      0.0063337236642837524,
      0.005921287462115288,
      0.005960108246654272,
      0.006034106481820345,
      0.006074781995266676,
      0.0063427225686609745,
      0.005682835355401039,
      0.005948709789663553,
      0.006333251483738422,
      0.005963749717921019,
      0.006162702105939388,
      0.0060699149034917355,
      0.0061057754792273045,
      0.0061946711502969265,
      0.006878724787384272,
      0.0059972661547362804,
      0.005838085897266865,
      0.00610417639836669,
      0.006308562587946653,
      0.00579040264710784,
      0.005980801302939653,
      0.005749926902353764,
      0.006036158185452223,
      0.005975003354251385,
      0.006070184055715799,
      0.005923164077103138,
      0.006239183247089386,
      0.006137947551906109,
      0.005734805483371019,
      0.005651610437780619,
      0.006081300787627697,
      0.006187643390148878,
      0.00629024300724268,
      0.005709489341825247,
      0.006257551722228527,
      0.006025855429470539,
      0.006324338726699352,
      0.005797676742076874,
      0.0060558924451470375,
      0.006038932129740715,
      0.005913536064326763,
      0.006184556055814028,
      0.006145772524178028,
      0.005847848951816559,
      0.006158561445772648,
      0.005743280053138733,
      0.005914338864386082,
      0.006266024895012379,
      0.005514184478670359,
      0.005998463835567236,
      0.00654913205653429,
      0.005971485748887062,
      0.006202867720276117,
      0.005863928701728582,
      0.006162241101264954,
      0.006098051555454731,
      0.006103986408561468,
      0.005890408996492624,
      0.00582983810454607,
      0.006019037216901779,
      0.006093919277191162,
      0.006182713899761438,
      0.005732692312449217,
      0.0061426847241818905,
      0.005686542484909296,
      0.005744001362472773,
      0.005946520250290632,
      0.006691453978419304,
      0.005919766612350941,
      0.005863191094249487,
      0.005573845002800226,
      0.006126582156866789,
      0.005846088752150536,
      0.0058093080297112465,
      0.005825354717671871,
      0.005429636221379042,
      0.005874489899724722,
      0.005722151603549719,
      0.0056325821205973625,
      0.006191433873027563,
      0.005565023049712181,
      0.005872426554560661,
      0.005695422179996967,
      0.005789333023130894,
      0.005699097644537687,
      0.005820613820105791,
      0.005632915534079075,
      0.005619201343506575,
      0.0060191028751432896,
      0.005507537163794041,
      0.006160987075418234,
      0.005922181066125631,
      0.006047701463103294,
      0.006022877991199493,
      0.005662619601935148,
      0.006070679519325495,
      0.005644889082759619,
      0.005766068585216999,
      0.005705210845917463,
      0.005793597083538771,
      0.006193215027451515,
      0.006013460922986269,
      0.005781013518571854,
      0.00578319001942873,
      0.00549969682469964,
      0.005681979935616255,
      0.006202523596584797,
      0.005945023614913225,
      0.005583800841122866,
      0.006254304200410843,
      0.005994478240609169,
      0.006320211570709944,
      0.005454023368656635,
      0.006351499352604151,
      0.005956791806966066,
      0.00587684940546751,
      0.005750666372478008,
      0.0055527463555336,
      0.005462214816361666,
      0.005961279850453138,
      0.005830882117152214,
      0.005764468107372522,
      0.005848119966685772,
      0.006387453060597181,
      0.005811045877635479,
      0.006077458616346121,
      0.006019646301865578,
      0.005582081153988838,
      0.005521329585462809,
      0.006119335535913706,
      0.006049526389688253,
      0.0058446056209504604,
      0.0058474307879805565,
      0.005888006649911404,
      0.005691602360457182,
      0.00592490378767252,
      0.005619244184345007,
      0.005650783888995647,
      0.0055401260033249855,
      0.005721776280552149,
      0.005447362083941698,
      0.005452069453895092,
      0.005502133164554834,
      0.005890135187655687,
      0.0055707646533846855,
      0.0057465569116175175,
      0.005734360311180353,
      0.006192382890731096,
      0.005536772310733795,
      0.005964868701994419,
      0.005729821976274252,
      0.005785311106592417,
      0.005870930850505829,
      0.0068428413942456245,
      0.005856655538082123,
      0.006169697269797325,
      0.005760611966252327,
      0.005662372801452875,
      0.005435964558273554,
      0.005203379783779383,
      0.005392147693783045,
      0.005542745813727379,
      0.005731157958507538,
      0.005954615771770477,
