{
   "number_epochs": 500,
   "info_used": "use imputation",
   "perc_full_data": 0.015,
   "n_epochs_no_selection": 0,
   "Frequency % cutoff": 0.33,
   "hidden_size": 32,
   "random_state": 26,
   "train_errors": [
      0.01249900832772255,
      0.0136681217700243,
      0.010583433322608471,
      0.011310089379549026,
      0.010398383252322674,
      0.010077535174787045,
      0.010101968422532082,
      0.010228747501969337,
      0.010277722030878067,
      0.010024727322161198,
      0.009164536371827126,
      0.008896268904209137,
      0.00939749926328659,
      0.008738715201616287,
      0.009036372415721416,
      0.009076208807528019,
      0.00871296226978302,
      0.008972232230007648,
      0.008602950721979141,
      0.009212645702064037,
      0.008738229051232338,
      0.008611413650214672,
      0.008927448652684689,
      0.009156639687716961,
      0.008599658496677876,
      0.008453077636659145,
      0.008322826586663723,
      0.00815360527485609,
      0.008346007205545902,
      0.008405470289289951,
      0.008843482472002506,
      0.008793766610324383,
      0.008909090422093868,
      0.008355531841516495,
      0.007773733697831631,
      0.008413380943238735,
      0.008480826392769814,
      0.008111304603517056,
      0.008423987776041031,
      0.008469692431390285,
      0.008740907534956932,
      0.008440956473350525,
      0.00849567074328661,
      0.00823244173079729,
      0.008269223384559155,
      0.008175835013389587,
      0.0077669620513916016,
      0.008316430263221264,
      0.008593037724494934,
      0.00849379226565361,
      0.008030443452298641,
      0.008044864982366562,
      0.00818124134093523,
      0.008171369321644306,
      0.007712808903306723,
      0.008153758943080902,
      0.008310851640999317,
      0.008453118614852428,
      0.008347418159246445,
      0.008550779893994331,
      0.00827108882367611,
      0.00822827685624361,
      0.00816100649535656,
      0.008012374863028526,
      0.007917271926999092,
      0.007848450914025307,
      0.007793311960995197,
      0.008179882541298866,
      0.007884660735726357,
      0.007881597615778446,
      0.007990201003849506,
      0.007790036965161562,
      0.007852881215512753,
      0.00832930114120245,
      0.007951281033456326,
      0.007830354385077953,
      0.008105561137199402,
      0.007524149026721716,
      0.00755410036072135,
      0.008053931407630444,
      0.007492836099117994,
      0.007804351858794689,
      0.008060936816036701,
      0.007712159771472216,
      0.007422922644764185,
      0.007829328998923302,
      0.007455063052475452,
      0.007627679500728846,
      0.0075029777362942696,
      0.007616100367158651,
      0.007842199876904488,
      0.007478668820112944,
      0.007297102827578783,
      0.007288502063602209,
      0.007109709084033966,
      0.0076453848741948605,
      0.0073509360663592815,
      0.00789839867502451,
      0.0080428346991539,
      0.007282049860805273,
      0.007326831109821796,
      0.007314905058592558,
      0.0075207785703241825,
      0.0076360516250133514,
      0.0073564923368394375,
      0.007811343297362328,
      0.007071596570312977,
      0.007490111980587244,
      0.007597829215228558,
      0.007196189370006323,
      0.00706730829551816,
      0.007388322148472071,
      0.007390746381133795,
      0.007295292802155018,
      0.007689123973250389,
      0.007347928360104561,
      0.007413129322230816,
      0.007415561471134424,
      0.007470034062862396,
      0.0075498479418456554,
      0.00726108206436038,
      0.007300169672816992,
      0.007103185169398785,
      0.00735160568729043,
      0.007323101628571749,
      0.007376083638519049,
      0.007067066617310047,
      0.007691934239119291,
      0.007194097153842449,
      0.007077094633132219,
      0.006860263645648956,
      0.007593399845063686,
      0.007199489511549473,
      0.0073502860032022,
      0.0072481874376535416,
      0.007177357096225023,
      0.007220717612653971,
      0.007423624861985445,
      0.007390887942165136,
      0.007119282614439726,
      0.00706489896401763,
      0.007023252546787262,
      0.006977330893278122,
      0.007421483751386404,
      0.0069139376282691956,
      0.007177240215241909,
      0.007582277990877628,
      0.006744523998349905,
      0.007012874819338322,
      0.007045479957014322,
      0.007390520069748163,
      0.0067723714746534824,
      0.006834815256297588,
      0.0069201975129544735,
      0.007040625438094139,
      0.007175775710493326,
      0.006867112126201391,
      0.007051188498735428,
      0.006773734465241432,
      0.006978072691708803,
      0.007278005126863718,
      0.007298214361071587,
      0.007027732208371162,
      0.00677725812420249,
      0.00711617898195982,
      0.006951420567929745,
      0.0068906801752746105,
      0.006925630383193493,
      0.00724251102656126,
      0.007524251937866211,
      0.006924707442522049,
      0.00652654655277729,
      0.007539544720202684,
      0.006845161784440279,
      0.00716136209666729,
      0.006479357834905386,
      0.00648688105866313,
      0.007617096416652203,
      0.006821159739047289,
      0.00680044200271368,
      0.0065434654243290424,
      0.006778581067919731,
      0.007347016595304012,
      0.0064989253878593445,
      0.006920170038938522,
      0.006493232678622007,
      0.0068158539943397045,
      0.006773889996111393,
      0.006798953749239445,
      0.0066315652802586555,
      0.006775567773729563,
      0.006761198863387108,
      0.006986918393522501,
      0.0068873753771185875,
      0.006570782512426376,
      0.006526069715619087,
      0.006256054621189833,
      0.006397390738129616,
      0.0065780384466052055,
      0.006726339925080538,
      0.006815530825406313,
      0.006469092797487974,
      0.006994940806180239,
      0.006504773627966642,
      0.0071512251161038876,
      0.006231341976672411,
      0.007033470552414656,
      0.006502170115709305,
      0.006559410132467747,
      0.006917959079146385,
      0.00675270427018404,
      0.006806457415223122,
      0.006570568773895502,
      0.006847887299954891,
      0.0068902866914868355,
      0.006951482035219669,
      0.006856095045804977,
      0.006225900258868933,
      0.006413987837731838,
      0.006464727222919464,
      0.006874557118862867,
      0.006389195099473,
      0.006005715578794479,
      0.0060829524882137775,
      0.0067115668207407,
      0.006238796282559633,
      0.006375857628881931,
      0.006517258007079363,
      0.0065309121273458,
      0.006100088823586702,
      0.006172078661620617,
      0.006599752698093653,
      0.005793874152004719,
      0.00637683505192399,
      0.006017710082232952,
      0.006127322092652321,
      0.006168017163872719,
      0.006183897145092487,
      0.0073158456943929195,
      0.005940706469118595,
      0.006044541951268911,
      0.006156640127301216,
      0.006173824425786734,
      0.006064956076443195,
      0.006530316546559334,
      0.0059915632009506226,
      0.0058524468913674355,
      0.0063057527877390385,
      0.007149085868149996,
      0.0059217712841928005,
      0.006130255293101072,
      0.006047224160283804,
      0.005610726773738861,
      0.006031152326613665,
      0.006020550150424242,
      0.0061478568241000175,
      0.006367499474436045,
      0.005999674089252949,
      0.005941997282207012,
      0.0058688269928097725,
      0.005835765972733498,
      0.006064159795641899,
      0.00652271369472146,
      0.00633864663541317,
      0.0056380159221589565,
      0.005462919361889362,
      0.0058218929916620255,
      0.006089228205382824,
      0.005139617249369621,
      0.005532769951969385,
      0.005435763392597437,
      0.0058867959305644035,
      0.0058760931715369225,
      0.005938905756920576,
      0.0056592924520373344,
      0.006052746903151274,
      0.00637695612385869,
      0.007204151712357998,
