{
   "number_epochs": 500,
   "info_used": "use imputation",
   "perc_full_data": 0.015,
   "n_epochs_no_selection": 0,
   "Frequency % cutoff": 0.33,
   "hidden_size": 32,
   "random_state": 36,
   "train_errors": [
      0.13104160130023956,
      0.0951203927397728,
      0.06574948877096176,
      0.04272879287600517,
      0.02631373330950737,
      0.01641365885734558,
      0.016166534274816513,
      0.022076282650232315,
      0.024222617968916893,
      0.020993530750274658,
      0.017503933981060982,
      0.015603186562657356,
      0.014857259579002857,
      0.015205798670649529,
      0.01601402461528778,
      0.016341237351298332,
      0.016085118055343628,
      0.015699904412031174,
      0.015069370158016682,
      0.014258340001106262,
      0.013884281739592552,
      0.013579810038208961,
      0.013712475076317787,
      0.013169193640351295,
      0.012888912111520767,
      0.012825816869735718,
      0.012058993801474571,
      0.01209278404712677,
      0.012060537934303284,
      0.01171882078051567,
      0.01161038689315319,
      0.010748759843409061,
      0.011532505042850971,
      0.01115661021322012,
      0.011012470349669456,
      0.011447667144238949,
      0.010447129607200623,
      0.011406781151890755,
      0.011168872006237507,
      0.010718349367380142,
      0.010758829303085804,
      0.010848498903214931,
      0.010895919986069202,
      0.011059528216719627,
      0.010182526893913746,
      0.011079564690589905,
      0.01043976191431284,
      0.010709722526371479,
      0.010569454170763493,
      0.01038534939289093,
      0.010495553724467754,
      0.010754254646599293,
      0.009663869626820087,
      0.009920180775225163,
      0.009856258518993855,
      0.010149706155061722,
      0.010383453220129013,
      0.010588499717414379,
      0.009821660816669464,
      0.009653640910983086,
      0.009435197338461876,
      0.009696820750832558,
      0.00953499972820282,
      0.009416928514838219,
      0.009065004996955395,
      0.010024232789874077,
      0.008936419151723385,
      0.009261548519134521,
      0.00928750354796648,
      0.009624024853110313,
      0.008259612135589123,
      0.009603423066437244,
      0.009064924903213978,
      0.009099321439862251,
      0.00900636613368988,
      0.00920769851654768,
      0.00871523842215538,
      0.00866557378321886,
      0.009062828496098518,
      0.008901471272110939,
      0.009129298850893974,
      0.007893717847764492,
      0.008498725481331348,
      0.008188591338694096,
      0.008580033667385578,
      0.008762182667851448,
      0.008587412536144257,
      0.00850043073296547,
      0.007408060133457184,
      0.007237694691866636,
      0.008126332424581051,
      0.007539147511124611,
      0.00830655638128519,
      0.008483931422233582,
      0.007753232028335333,
      0.006823717150837183,
      0.008044254034757614,
      0.007223659195005894,
      0.007533658295869827,
      0.008002099581062794,
      0.007904776372015476,
      0.007118830922991037,
      0.007296137511730194,
      0.006057793740183115,
      0.006479735020548105,
      0.006623442284762859,
      0.006397244520485401,
      0.006703296210616827,
      0.006718829274177551,
      0.0063692848198115826,
      0.007157029118388891,
      0.005870942957699299,
      0.006749983876943588,
      0.006049345713108778,
      0.005842495243996382,
      0.006770105101168156,
      0.006009254604578018,
      0.0049362583085894585,
      0.005191140342503786,
      0.0060990178026258945,
      0.005688057281076908,
      0.005405145231634378,
      0.006128035485744476,
      0.005046583712100983,
      0.004665388725697994,
      0.005959914997220039,
      0.005703719332814217,
      0.006539402529597282,
      0.0054846955463290215,
      0.005261196289211512,
      0.004764800891280174,
      0.005251824390143156,
      0.005467589013278484,
      0.004774613305926323,
      0.00507880374789238,
      0.004840188659727573,
      0.004415289964526892,
      0.004177061840891838,
      0.004852995276451111,
      0.0041991970501840115,
      0.004221768584102392,
      0.00440111942589283,
      0.004915949422866106,
      0.00449487054720521,
      0.004177892114967108,
      0.00407734140753746,
      0.005146808922290802,
      0.004165945574641228,
      0.0038951982278376818,
      0.004228014033287764,
      0.004036298021674156,
      0.004079234320670366,
      0.004484893288463354,
      0.003999472130089998,
      0.0037198078352957964,
      0.004889486823230982,
      0.003859918564558029,
      0.004593412857502699,
      0.004411338362842798,
      0.003931458108127117,
      0.004064103122800589,
      0.004088239744305611,
      0.004163338337093592,
      0.003986340947449207,
      0.004031151998788118,
      0.004609246738255024,
      0.004179476294666529,
      0.0037383416201919317,
      0.004003770649433136,
      0.004203650169074535,
      0.004419042728841305,
      0.003976349253207445,
      0.0041131796315312386,
      0.0037878872826695442,
      0.003521537873893976,
      0.0035625603049993515,
      0.0035980641841888428,
      0.0037714005447924137,
      0.004274762235581875,
      0.0035858137998729944,
      0.003920534159988165,
      0.003467086236923933,
      0.0035690495278686285,
      0.003153681056573987,
      0.003572012996301055,
      0.0038226358592510223,
      0.0036018313840031624,
      0.0038325886707752943,
      0.003661968745291233,
      0.0032016881741583347,
      0.0034723379649221897,
      0.004033495672047138,
      0.0036487348843365908,
      0.003708070609718561,
      0.003429929492995143,
      0.0037271638866513968,
      0.003416382474824786,
      0.0034605618566274643,
      0.004025907721370459,
      0.0035882950760424137,
      0.0030416292138397694,
      0.003640631213784218,
      0.0030173356644809246,
      0.00326405162923038,
      0.0036957755219191313,
      0.0036219500470906496,
      0.003515389747917652,
      0.0033103334717452526,
      0.003783201100304723,
      0.003480703104287386,
      0.003351887222379446,
      0.0031798197887837887,
      0.00319348881021142,
      0.0032385459635406733,
      0.003468862734735012,
      0.0030571655370295048,
      0.003297032555565238,
      0.0038410029374063015,
      0.003752130549401045,
      0.003215845674276352,
      0.0030823885463178158,
      0.003328475635498762,
      0.0031446805223822594,
      0.00307479384355247,
      0.0035085452254861593,
      0.0033802103716880083,
      0.0036920015700161457,
      0.0032583060674369335,
      0.003411543555557728,
      0.004059316590428352,
      0.003400374436751008,
      0.0030833715572953224,
      0.0036053427029401064,
      0.0031973037403076887,
      0.003021745942533016,
      0.0031756374519318342,
      0.0035108730662614107,
      0.0029506925493478775,
      0.0034324252046644688,
      0.0031805916223675013,
      0.0032466219272464514,
      0.0031881665345281363,
      0.0032435436733067036,
      0.003274147631600499,
      0.003162940964102745,
      0.002993443049490452,
      0.002723025158047676,
      0.003037739312276244,
      0.002891580108553171,
      0.003437570296227932,
      0.002906564623117447,
      0.0038742825854569674,
      0.003063829382881522,
      0.003210761584341526,
      0.0030534283723682165,
      0.0033534348476678133,
      0.003378773806616664,
      0.0033316088374704123,
      0.0031831334345042706,
      0.002925314474850893,
      0.003054934088140726,
      0.002953249029815197,
      0.0030802555847913027,
      0.003232413437217474,
      0.0029762848280370235,
      0.0035784817300736904,
      0.003459408413618803,
      0.0032752801198512316,
      0.0033560998272150755,
      0.0030799913220107555,
      0.0027920869179069996,
      0.0035977340303361416,
      0.0031927507370710373,
      0.0034628284629434347,
      0.003124075476080179,
      0.00297298445366323,
