{
   "number_epochs": 500,
   "info_used": "use imputation",
   "perc_full_data": 0.015,
   "n_epochs_no_selection": 0,
   "Frequency % cutoff": 0.33,
   "hidden_size": 32,
   "random_state": 5,
   "train_errors": [
      0.1673196256160736,
      0.1012662872672081,
      0.05544598773121834,
      0.0263433288782835,
      0.013423264026641846,
      0.014694927260279655,
      0.021469583734869957,
      0.02632210962474346,
      0.02253313921391964,
      0.018362049013376236,
      0.01420863438397646,
      0.012446770444512367,
      0.011820805259048939,
      0.011624223552644253,
      0.01279599592089653,
      0.012262619100511074,
      0.012177880853414536,
      0.012052253820002079,
      0.01135262381285429,
      0.011256963945925236,
      0.011454262770712376,
      0.011306378059089184,
      0.01142165344208479,
      0.012088005430996418,
      0.012323952279984951,
      0.010739294812083244,
      0.011359630152583122,
      0.01087276078760624,
      0.010842145420610905,
      0.010963808745145798,
      0.010767417959868908,
      0.010205337777733803,
      0.010545930825173855,
      0.01066448725759983,
      0.011117955669760704,
      0.010797371156513691,
      0.010290494188666344,
      0.010800972580909729,
      0.010658111423254013,
      0.010426820255815983,
      0.01047995500266552,
      0.010649507865309715,
      0.010075140744447708,
      0.010486720129847527,
      0.010212216526269913,
      0.010160451754927635,
      0.010152038186788559,
      0.010020202957093716,
      0.010194308124482632,
      0.010781308636069298,
      0.010060159489512444,
      0.009989039972424507,
      0.00982869602739811,
      0.00989299826323986,
      0.00946546345949173,
      0.010091200470924377,
      0.01022085640579462,
      0.009535969235002995,
      0.009632292203605175,
      0.009858955629169941,
      0.009693898260593414,
      0.00941929966211319,
      0.009945354424417019,
      0.00955499242991209,
      0.009793350473046303,
      0.009469125419855118,
      0.009269678965210915,
      0.008831518702208996,
      0.009639302268624306,
      0.009199133142828941,
      0.00950564630329609,
      0.009132720530033112,
      0.009882996790111065,
      0.009401103481650352,
      0.00928970891982317,
      0.009292395785450935,
      0.009812317788600922,
      0.009748511016368866,
      0.009198558516800404,
      0.00864571612328291,
      0.00853224191814661,
      0.008421799167990685,
      0.00889159832149744,
      0.008575242012739182,
      0.008613379672169685,
      0.00886746309697628,
      0.0085646603256464,
      0.00873685721307993,
      0.008107451722025871,
      0.008468114770948887,
      0.008486857637763023,
      0.008983226493000984,
      0.008738824166357517,
      0.008240492083132267,
      0.008284068666398525,
      0.007930287159979343,
      0.008100143633782864,
      0.008531985804438591,
      0.008475222624838352,
      0.008062353357672691,
      0.008384556509554386,
      0.008425838313996792,
      0.0078104217536747456,
      0.0076545728370547295,
      0.007815824821591377,
      0.008695795200765133,
      0.008097922429442406,
      0.007926475256681442,
      0.008556486107409,
      0.007768341805785894,
      0.008745762519538403,
      0.008252407424151897,
      0.008388799615204334,
      0.00772946747019887,
      0.007971638813614845,
      0.007724096067249775,
      0.007158549968153238,
      0.00840043742209673,
      0.007521225605159998,
      0.007418074179440737,
      0.007306779734790325,
      0.007328903302550316,
      0.007296702358871698,
      0.007835115306079388,
      0.008025946095585823,
      0.006759692914783955,
      0.00804246123880148,
      0.007761640474200249,
      0.006894707679748535,
      0.007111559621989727,
      0.006873966660350561,
      0.0072579835541546345,
      0.006940812803804874,
      0.006617986597120762,
      0.0070095425471663475,
      0.00663647148758173,
      0.006656683050096035,
      0.0078252162784338,
      0.00639199698343873,
      0.0063634770922362804,
      0.006515973247587681,
      0.006185079924762249,
      0.006819606758654118,
      0.006306355353444815,
      0.006988233886659145,
      0.006470291409641504,
      0.006657182238996029,
      0.00631529837846756,
      0.006650605704635382,
      0.006121107842773199,
      0.006239104084670544,
      0.005798733793199062,
      0.00638947356492281,
      0.006059129722416401,
      0.006444951519370079,
      0.005770618095993996,
      0.005798917729407549,
      0.005590799264609814,
      0.005272166803479195,
      0.0060635521076619625,
      0.005251278169453144,
      0.005424993112683296,
      0.0056610265746712685,
      0.006198771297931671,
      0.005796042736619711,
      0.005609918385744095,
      0.005467400420457125,
      0.005841224920004606,
      0.00534654688090086,
      0.005512218456715345,
      0.005903275217860937,
      0.005471455864608288,
      0.005103930365294218,
      0.005180001724511385,
      0.005415467079728842,
      0.004667891189455986,
      0.00528971990570426,
      0.00561927817761898,
      0.005667570512741804,
      0.004980477504432201,
      0.005537816323339939,
      0.005181734450161457,
      0.0047179474495351315,
      0.005145682953298092,
      0.005258869845420122,
      0.005611143074929714,
      0.00479657668620348,
      0.0049038357101380825,
      0.004711073823273182,
      0.005117905326187611,
      0.005486888345330954,
      0.0050920601934194565,
      0.004949891474097967,
      0.004994629882276058,
      0.004600628279149532,
      0.00470938254147768,
      0.004661825485527515,
      0.00522617856040597,
      0.004717322066426277,
      0.004945735447108746,
      0.004767495673149824,
      0.004829376935958862,
      0.005440304987132549,
      0.004938213620334864,
      0.0047710794024169445,
      0.004749719053506851,
      0.004517539869993925,
      0.0049413349479436874,
      0.004646485671401024,
      0.004443526268005371,
      0.004555349238216877,
      0.004440522287040949,
      0.004673014860600233,
      0.004687110893428326,
      0.004708561580628157,
      0.004887038841843605,
      0.004345463588833809,
      0.004408194217830896,
      0.005067143123596907,
      0.004381945356726646,
      0.004362265579402447,
      0.004813262261450291,
      0.005781513173133135,
      0.004286335315555334,
      0.004924945533275604,
      0.004966557025909424,
      0.004779162351042032,
      0.004543004557490349,
      0.00409239437431097,
      0.004233428742736578,
      0.004967833403497934,
      0.004567243624478579,
      0.0044187079183757305,
      0.003999535925686359,
      0.004486364312469959,
      0.004704001825302839,
      0.004849608987569809,
      0.004362461157143116,
      0.004490938503295183,
      0.004413875751197338,
      0.0046243625693023205,
      0.004203261341899633,
      0.004385757725685835,
      0.004527203738689423,
      0.004528696648776531,
      0.0044172354973852634,
      0.004456171300262213,
      0.004561991430819035,
      0.004530893173068762,
      0.004594810307025909,
      0.004795400891453028,
      0.004016898572444916,
      0.004259729292243719,
      0.004218761809170246,
      0.004585160408169031,
      0.004059331491589546,
      0.00464795483276248,
      0.00402564974501729,
      0.004571903496980667,
      0.004269199911504984,
      0.00423600384965539,
      0.0038583753630518913,
      0.004259089939296246,
      0.004534159321337938,
      0.00430259807035327,
      0.0041938344947993755,
      0.0044405278749763966,
      0.004088744521141052,
      0.00462612509727478,
      0.004383903928101063,
      0.004070774186402559,
      0.0038453303277492523,
      0.003766775131225586,
      0.004093365743756294,
      0.004241353832185268,
      0.004340120125561953,
      0.004085174296051264,
      0.004003701265901327,
      0.004127481486648321,
