{
   "number_epochs": 500,
   "info_used": "use imputation",
   "perc_full_data": 0.015,
   "n_epochs_no_selection": 0,
   "Frequency % cutoff": 0.33,
   "hidden_size": 32,
   "random_state": 11,
   "train_errors": [
      0.013004082255065441,
      0.012921466492116451,
      0.011283691972494125,
      0.010463891550898552,
      0.010029593482613564,
      0.00934966467320919,
      0.00955308135598898,
      0.008564946241676807,
      0.008200417272746563,
      0.008971252478659153,
      0.007708707358688116,
      0.007635541260242462,
      0.0075965202413499355,
      0.007551006507128477,
      0.007274799048900604,
      0.006903975270688534,
      0.0066793933510780334,
      0.0062303319573402405,
      0.006618546787649393,
      0.006304801907390356,
      0.005926287267357111,
      0.0059078652411699295,
      0.005310612730681896,
      0.005136360414326191,
      0.004929868038743734,
      0.005315029993653297,
      0.004809458740055561,
      0.005120677407830954,
      0.005487798247486353,
      0.004755981732159853,
      0.004700132645666599,
      0.004961805883795023,
      0.004657083190977573,
      0.005508825648576021,
      0.005012966226786375,
      0.004369589500129223,
      0.004312352742999792,
      0.004513741470873356,
      0.004305443726480007,
      0.004486530087888241,
      0.004935409873723984,
      0.004498440306633711,
      0.004293543752282858,
      0.004560657311230898,
      0.004643354564905167,
      0.0044393460266292095,
      0.004293055739253759,
      0.004668593406677246,
      0.004243363626301289,
      0.004762709606438875,
      0.00415068119764328,
      0.0040238723158836365,
      0.004507212433964014,
      0.003984458744525909,
      0.003939902409911156,
      0.00426131347194314,
      0.0040181358344852924,
      0.003810425754636526,
      0.004416065756231546,
      0.0038991847541183233,
      0.0036326562985777855,
      0.003505790140479803,
      0.0037472567055374384,
      0.003373731393367052,
      0.003754660952836275,
      0.0040714796632528305,
      0.0036522254813462496,
      0.0037479230668395758,
      0.0034115142188966274,
      0.00400170823559165,
      0.0034275369253009558,
      0.003216346725821495,
      0.003732589539140463,
      0.004021728411316872,
      0.0036839786916971207,
      0.0036917831748723984,
      0.003483424661681056,
      0.003395157866179943,
      0.003602194134145975,
      0.0034945285879075527,
      0.003214513650164008,
      0.003376307897269726,
      0.003308790735900402,
      0.0033702957443892956,
      0.003954819403588772,
      0.0037451055832207203,
      0.0033164487686008215,
      0.003655711654573679,
      0.003891461528837681,
      0.003435013350099325,
      0.003529498353600502,
      0.0033288069535046816,
      0.0033871796913444996,
      0.003279284806922078,
      0.0032077766954898834,
      0.003209412796422839,
      0.0031407910864800215,
      0.003354536835104227,
      0.0033715306781232357,
      0.0033227168023586273,
      0.003537920769304037,
      0.0038302484899759293,
      0.0033718107733875513,
      0.003334606532007456,
      0.003449920564889908,
      0.003004654310643673,
      0.002885390305891633,
      0.0033313503954559565,
      0.0034178339410573244,
      0.003017247188836336,
      0.003364723175764084,
      0.003286016173660755,
      0.0031506887171417475,
      0.00320634082891047,
      0.0030974361579865217,
      0.003328629769384861,
      0.0030219105537980795,
      0.003117410698905587,
      0.0034155966714024544,
      0.0031817692797631025,
      0.0029689990915358067,
      0.0031391612719744444,
      0.0031519585754722357,
      0.0032049131114035845,
      0.0031457804143428802,
      0.0028818093705922365,
      0.003318020375445485,
      0.0029924693517386913,
      0.003017361741513014,
      0.0030203009955585003,
      0.0029149572364985943,
      0.0029704184271395206,
      0.003401305992156267,
      0.003341612871736288,
      0.0028419748414307833,
      0.002837633714079857,
      0.0029998908285051584,
      0.0030084438621997833,
      0.0032422037329524755,
      0.002918979851529002,
      0.002881114836782217,
      0.0028954017907381058,
      0.0032310327515006065,
      0.0028661496471613646,
      0.0029941746033728123,
      0.0029467602726072073,
      0.0028369976207613945,
      0.002985084895044565,
      0.003188693430274725,
      0.0033334442414343357,
      0.002999804215505719,
      0.0030391188338398933,
      0.0028731266502290964,
      0.0024903840385377407,
      0.0027485881000757217,
      0.002758262911811471,
      0.0030958654824644327,
      0.0028357612900435925,
      0.002916955156251788,
      0.002725900150835514,
      0.0031900384929031134,
      0.0029653303790837526,
      0.0027727584820240736,
      0.002693158108741045,
      0.0027438055258244276,
      0.0029160701669752598,
      0.0029466445557773113,
      0.002836290281265974,
      0.00272198673337698,
      0.0027726034168154,
      0.002737159375101328,
      0.0026093132328242064,
      0.002847363008186221,
      0.0025439439341425896,
      0.0035457417834550142,
      0.0029058444779366255,
      0.002480569062754512,
      0.0026665993500500917,
      0.0025471998378634453,
      0.002488662488758564,
      0.0027181669138371944,
      0.002835293533280492,
      0.0026224576868116856,
      0.0025510324630886316,
      0.0028261570259928703,
      0.0026323674246668816,
      0.002629328053444624,
      0.00317511148750782,
      0.0028599281795322895,
      0.0027584335766732693,
      0.0026151444762945175,
      0.0027816183865070343,
      0.0028963470831513405,
      0.0027216258458793163,
      0.0029895922634750605,
      0.0028078011237084866,
      0.003063150914385915,
      0.00309374975040555,
      0.0028770186472684145,
      0.0026878314092755318,
      0.003195097902789712,
      0.002614493016153574,
      0.002563504735007882,
      0.0027857786044478416,
      0.002512002130970359,
      0.002849034033715725,
      0.0028408668003976345,
      0.002743885852396488,
      0.002429614309221506,
      0.0027702543884515762,
      0.0024505548644810915,
      0.0025251684710383415,
      0.0027707163244485855,
      0.0026147961616516113,
      0.002772551728412509,
      0.0026393928565084934,
      0.002891122130677104,
      0.0022734403610229492,
      0.002563679125159979,
      0.0026877219788730145,
      0.002685531973838806,
      0.002453547902405262,
      0.002976952586323023,
      0.0026612363290041685,
      0.0024337342474609613,
      0.002502789255231619,
      0.0025849773082882166,
      0.002485689241439104,
      0.0026630868669599295,
      0.002566586947068572,
      0.002724515739828348,
      0.0026000384241342545,
      0.0026330368127673864,
      0.0027440644335001707,
      0.0022004442289471626,
      0.00269420281983912,
      0.0029506408609449863,
      0.002397777047008276,
      0.0027643656358122826,
      0.0027407733723521233,
      0.002280985238030553,
      0.0025929920375347137,
      0.0025272779166698456,
      0.0025026295334100723,
      0.0022980128414928913,
      0.002331965370103717,
      0.0025262937415391207,
      0.0024786547292023897,
      0.0023820041678845882,
      0.0024662476498633623,
      0.0026174283120781183,
      0.002387078944593668,
      0.0023308524396270514,
      0.0028334870003163815,
      0.002538900589570403,
      0.002810770645737648,
      0.0027568629011511803,
      0.002563669579103589,
      0.0026598447002470493,
      0.0025681261904537678,
      0.0022786895278841257,
      0.002714051166549325,
      0.002448952989652753,
      0.002480955794453621,
      0.002524531679227948,
      0.00232861191034317,
      0.0022273012436926365,
      0.0023622028529644012,
      0.0024158102460205555,
      0.002412564819678664,
      0.0028049517422914505,
      0.002234275685623288,
      0.002465250436216593,
