{
   "number_epochs": 200,
   "info_used": "full info",
   "perc_full_data": 0.025,
   "n_epochs_no_selection": 0,
   "Frequency % cutoff": 0.25,
   "hidden_size": 32,
   "random_state": 20,
   "train_errors": [
      0.3821313679218292,
      0.34898602962493896,
      0.3174445331096649,
      0.2890636622905731,
      0.2606879472732544,
      0.2339991182088852,
      0.2079470157623291,
      0.18331661820411682,
      0.15515974164009094,
      0.12907332181930542,
      0.1049201712012291,
      0.08010820299386978,
      0.05861721560359001,
      0.042252786457538605,
      0.031764477491378784,
      0.025234529748558998,
      0.02575637958943844,
      0.02637309953570366,
      0.028778592124581337,
      0.027981089428067207,
      0.026682734489440918,
      0.024698330089449883,
      0.02269583009183407,
      0.021619904786348343,
      0.02149680070579052,
      0.020946642383933067,
      0.021836403757333755,
      0.021203549578785896,
      0.020342180505394936,
      0.019704706966876984,
      0.020085325464606285,
      0.019527936354279518,
      0.02005116082727909,
      0.018989719450473785,
      0.018680371344089508,
      0.019446315243840218,
      0.01914951577782631,
      0.018517641350626945,
      0.01913987658917904,
      0.01839965023100376,
      0.01848726160824299,
      0.018626274541020393,
      0.01879979856312275,
      0.018938761204481125,
      0.018703145906329155,
      0.018895437940955162,
      0.018725106492638588,
      0.018587162718176842,
      0.019356850534677505,
      0.019193384796380997,
      0.01785043254494667,
      0.017998594790697098,
      0.0175546333193779,
      0.018887808546423912,
      0.01863611862063408,
      0.01835787482559681,
      0.019030770286917686,
      0.01815021224319935,
      0.018095269799232483,
      0.018019938841462135,
      0.018694821745157242,
      0.01864055171608925,
      0.018624398857355118,
      0.0188114233314991,
      0.01838148944079876,
      0.017976580187678337,
      0.01891888864338398,
      0.018153464421629906,
      0.017618078738451004,
      0.017576374113559723,
      0.01772206835448742,
      0.01822623424232006,
      0.01775534078478813,
      0.017465513199567795,
      0.017593903467059135,
      0.017788471654057503,
      0.017770111560821533,
      0.017954010516405106,
      0.01848742365837097,
      0.018326738849282265,
      0.017270566895604134,
      0.017173707485198975,
      0.01786729134619236,
      0.01744997687637806,
      0.017702624201774597,
      0.017844656482338905,
      0.017682360485196114,
      0.017599966377019882,
      0.01846371963620186,
      0.017850590869784355,
      0.018330415710806847,
      0.01818806864321232,
      0.01748281717300415,
      0.01755630224943161,
      0.017582835629582405,
      0.016703572124242783,
      0.01786132901906967,
      0.017807450145483017,
      0.016968876123428345,
      0.01738843508064747,
      0.01773778721690178,
      0.017401672899723053,
      0.016714390367269516,
      0.01684805192053318,
      0.018497847020626068,
      0.017355529591441154,
      0.017639994621276855,
      0.018012279644608498,
      0.017823899164795876,
      0.0177624449133873,
      0.01773626171052456,
      0.017455486580729485,
      0.017069702968001366,
      0.017972171306610107,
      0.01788787916302681,
      0.017477454617619514,
      0.017218919470906258,
      0.017285844311118126,
      0.016507860273122787,
      0.017083657905459404,
      0.017217708751559258,
      0.017503876239061356,
      0.017057938501238823,
      0.017112363129854202,
      0.016573792323470116,
      0.016410507261753082,
      0.017267098650336266,
      0.016947735100984573,
      0.016917984932661057,
      0.01690773107111454,
      0.016528241336345673,
      0.01725122705101967,
      0.017943013459444046,
      0.017405901104211807,
      0.017025653272867203,
      0.017088666558265686,
      0.017676440998911858,
      0.016934135928750038,
      0.017581073567271233,
      0.017774486914277077,
      0.017423085868358612,
      0.017258381471037865,
      0.016848666593432426,
      0.017169959843158722,
      0.017498690634965897,
      0.01737518049776554,
      0.017610155045986176,
      0.01733127050101757,
      0.01714388281106949,
      0.017276952043175697,
      0.0171896293759346,
      0.01689101941883564,
      0.016233259811997414,
      0.017092296853661537,
      0.0170525461435318,
      0.016728008165955544,
      0.01679270528256893,
      0.017557473853230476,
      0.016422869637608528,
      0.016464903950691223,
      0.017086787149310112,
      0.016921931877732277,
      0.016701331362128258,
      0.017282940447330475,
      0.01738632284104824,
      0.017230400815606117,
      0.016660327091813087,
      0.017404960468411446,
      0.017737800255417824,
      0.017081011086702347,
      0.017155777662992477,
      0.016533279791474342,
      0.01726284809410572,
      0.017389725893735886,
      0.017039457336068153,
      0.01676752418279648,
      0.016979370266199112,
      0.01702464558184147,
      0.01740993931889534,
      0.017119068652391434,
      0.016558369621634483,
      0.01708090677857399,
      0.016367832198739052,
      0.017308909446001053,
      0.017472917214035988,
      0.01675916276872158,
      0.016390103846788406,
      0.017699040472507477,
      0.01662372052669525,
      0.01706288754940033,
      0.017019303515553474,
      0.017181459814310074,
      0.017582586035132408,
      0.017049210146069527,
      0.01619781367480755,
      0.01709926873445511,
      0.017413552850484848,
      0.01671759784221649,
      0.017389697954058647,
      0.016577765345573425
   ],
   "valid_errors": [
      0.3686407804489136,
      0.2240312546491623,
      0.09444732218980789,
      0.025990528985857964,
      0.026883985847234726,
      0.021991824731230736,
      0.020211055874824524,
      0.01944904960691929,
      0.019011134281754494,
      0.018831593915820122,
      0.018733518198132515,
      0.018657609820365906,
      0.01857629045844078,
      0.01851848140358925,
      0.018461989238858223,
      0.018392909318208694,
      0.018335780128836632,
      0.01829332485795021,
      0.018254006281495094,
      0.018229488283395767,
      0.018199296668171883,
      0.018202291801571846,
      0.018207727000117302,
      0.018214602023363113,
      0.018227262422442436,
      0.01822669245302677,
      0.01823016069829464,
      0.01824745163321495,
      0.01824025996029377,
      0.01823679730296135,
      0.018220635131001472,
      0.018229704350233078,
      0.01824036054313183,
      0.018256861716508865,
      0.01828943006694317,
      0.018274005502462387,
      0.01828645169734955,
      0.01831759884953499,
      0.018297340720891953,
      0.018284842371940613,
      0.01829792559146881
   ],
   "val_epochs": [
      0,
      5,
      10,
      15,
      20,
      25,
      30,
      35,
      40,
      45,
      50,
      55,
      60,
      65,
      70,
      75,
      80,
      85,
      90,
      95,
      100,
      105,
      110,
      115,
      120,
      125,
      130,
      135,
      140,
      145,
      150,
      155,
      160,
      165,
      170,
      175,
      180,
      185,
      190,
      195,
      199
   ],
   "input_data_path": "../data/wine/red_wine.csv",
   "gradwcontext": true,
   "Encompassing Param": 0.1,
   "Normalize Grads & Contx": false,
   "cluster_all_classes": false,
   "imputation method": "",
   "model_dropout": 0.05,
   "model_type": "mlp",
   "problem_type": "regression"
}