{
   "number_epochs": 200,
   "info_used": "full info",
   "perc_full_data": 0.025,
   "n_epochs_no_selection": 0,
   "Frequency % cutoff": 0.25,
   "hidden_size": 32,
   "random_state": 49,
   "train_errors": [
      0.36395522952079773,
      0.3308776021003723,
      0.3007124066352844,
      0.2742083966732025,
      0.2489684671163559,
      0.2256832867860794,
      0.20209772884845734,
      0.1783144474029541,
      0.1539301872253418,
      0.13074085116386414,
      0.1076643168926239,
      0.08588047325611115,
      0.06683071702718735,
      0.0506596677005291,
      0.0394749641418457,
      0.03176203370094299,
      0.028372757136821747,
      0.029522143304347992,
      0.032334838062524796,
      0.032924532890319824,
      0.03135127201676369,
      0.03041641227900982,
      0.0285017192363739,
      0.02649904415011406,
      0.025196531787514687,
      0.024212297052145004,
      0.023084742948412895,
      0.023807555437088013,
      0.022490723058581352,
      0.02327398955821991,
      0.020978102460503578,
      0.021426353603601456,
      0.021907521411776543,
      0.02008121833205223,
      0.021386083215475082,
      0.022672628983855247,
      0.020213712006807327,
      0.020128006115555763,
      0.019993584603071213,
      0.019561398774385452,
      0.019143156707286835,
      0.01933795027434826,
      0.020243125036358833,
      0.019081424921751022,
      0.019584504887461662,
      0.01896439492702484,
      0.01877254620194435,
      0.019206561148166656,
      0.018743563443422318,
      0.019587278366088867,
      0.01888473704457283,
      0.01829412207007408,
      0.01945931278169155,
      0.01841392181813717,
      0.017338518053293228,
      0.01891351118683815,
      0.0180857814848423,
      0.017935940995812416,
      0.018674621358513832,
      0.017626667395234108,
      0.01839311607182026,
      0.018362686038017273,
      0.01798870973289013,
      0.017896058037877083,
      0.018638692796230316,
      0.017542021349072456,
      0.018089188262820244,
      0.017054561525583267,
      0.017648393288254738,
      0.017711538821458817,
      0.01805192045867443,
      0.017116202041506767,
      0.017658891156315804,
      0.01801411807537079,
      0.017889466136693954,
      0.018018120899796486,
      0.017069300636649132,
      0.016941575333476067,
      0.016379766166210175,
      0.017496075481176376,
      0.01698979176580906,
      0.01727943867444992,
      0.017205581068992615,
      0.017595432698726654,
      0.017281193286180496,
      0.017512734979391098,
      0.016376139596104622,
      0.01767103374004364,
      0.017387909814715385,
      0.017387637868523598,
      0.017446259036660194,
      0.01743561588227749,
      0.017285803332924843,
      0.016987429931759834,
      0.016520746052265167,
      0.016699975356459618,
      0.016754133626818657,
      0.016915686428546906,
      0.017083916813135147,
      0.01667088456451893,
      0.01739037036895752,
      0.017894167453050613,
      0.01632055453956127,
      0.01663871482014656,
      0.016749786213040352,
      0.01688506454229355,
      0.016597965732216835,
      0.016655435785651207,
      0.01644274778664112,
      0.01690291054546833,
      0.016817903146147728,
      0.016876721754670143,
      0.017007457092404366,
      0.017476722598075867,
      0.01657564751803875,
      0.01685355231165886,
      0.016720231622457504,
      0.017134612426161766,
      0.01610325090587139,
      0.016129015013575554,
      0.017305875197052956,
      0.01659257709980011,
      0.016103725880384445,
      0.016476813703775406,
      0.016682203859090805,
      0.01676803268492222,
      0.016247401013970375,
      0.017026327550411224,
      0.017018210142850876,
      0.016478249803185463,
      0.016677161678671837,
      0.016735270619392395,
      0.016986580565571785,
      0.016157297417521477,
      0.01612597145140171,
      0.017102669924497604,
      0.01648912951350212,
      0.016874272376298904,
      0.01643206737935543,
      0.016835669055581093,
      0.017093636095523834,
      0.016435546800494194,
      0.01659180223941803,
      0.01675730012357235,
      0.016367172822356224,
      0.016779892146587372,
      0.016272231936454773,
      0.01656392775475979,
      0.01619620807468891,
      0.015509563498198986,
      0.016581861302256584,
      0.01637861132621765,
      0.016805952414870262,
      0.01566915400326252,
      0.016510117799043655,
      0.016102759167551994,
      0.0166003555059433,
      0.016043640673160553,
      0.016503548249602318,
      0.01598542183637619,
      0.01610994152724743,
      0.016383539885282516,
      0.01620600000023842,
      0.016408557072281837,
      0.01565295271575451,
      0.016297152265906334,
      0.01715727150440216,
      0.01665233075618744,
      0.015593849122524261,
      0.016056198626756668,
      0.016236627474427223,
      0.015632567927241325,
      0.01585369184613228,
      0.016246221959590912,
      0.016397016122937202,
      0.0159655399620533,
      0.016347261145710945,
      0.016183048486709595,
      0.016921022906899452,
      0.01562438067048788,
      0.015655329450964928,
      0.015953484922647476,
      0.016056068241596222,
      0.016402592882514,
      0.016459427773952484,
      0.015972087159752846,
      0.01633116416633129,
      0.01591217704117298,
      0.016045041382312775,
      0.015924755483865738,
      0.01652606576681137,
      0.016167381778359413,
      0.0156510341912508,
      0.01595119573175907,
      0.016030412167310715,
      0.015874873846769333,
      0.015445753931999207,
      0.016267025843262672,
      0.016107510775327682,
      0.016520405188202858
   ],
   "valid_errors": [
      0.3660731911659241,
      0.22974151372909546,
      0.10710229724645615,
      0.030093982815742493,
      0.028472984209656715,
      0.02339738793671131,
      0.021301817148923874,
      0.020313700661063194,
      0.01978970691561699,
      0.019506502896547318,
      0.019310738891363144,
      0.019147763028740883,
      0.01900140941143036,
      0.018820691853761673,
      0.018759597092866898,
      0.018729891628026962,
      0.018745776265859604,
      0.018717603757977486,
      0.01869216561317444,
      0.01860078051686287,
      0.018567508086562157,
      0.018540725111961365,
      0.018524404615163803,
      0.018501298502087593,
      0.018434105440974236,
      0.01841665431857109,
      0.018436497077345848,
      0.018413951620459557,
      0.018378717824816704,
      0.0183761827647686,
      0.0183515977114439,
      0.018329966813325882,
      0.018279222771525383,
      0.018289299681782722,
      0.018298238515853882,
      0.018287736922502518,
      0.01826563850045204,
      0.01826482079923153,
      0.018257584422826767,
      0.01824040897190571,
      0.018220925703644753
   ],
   "val_epochs": [
      0,
      5,
      10,
      15,
      20,
      25,
      30,
      35,
      40,
      45,
      50,
      55,
      60,
      65,
      70,
      75,
      80,
      85,
      90,
      95,
      100,
      105,
      110,
      115,
      120,
      125,
      130,
      135,
      140,
      145,
      150,
      155,
      160,
      165,
      170,
      175,
      180,
      185,
      190,
      195,
      199
   ],
   "input_data_path": "../data/wine/red_wine.csv",
   "gradwcontext": true,
   "Encompassing Param": 0.1,
   "Normalize Grads & Contx": false,
   "cluster_all_classes": false,
   "imputation method": "",
   "model_dropout": 0.05,
   "model_type": "mlp",
   "problem_type": "regression"
}