{
   "number_epochs": 200,
   "info_used": "full info",
   "perc_full_data": 0.025,
   "n_epochs_no_selection": 0,
   "Frequency % cutoff": 0.25,
   "hidden_size": 32,
   "random_state": 32,
   "train_errors": [
      0.41411280632019043,
      0.3791435658931732,
      0.3442782163619995,
      0.3101993203163147,
      0.27673786878585815,
      0.24304264783859253,
      0.21070924401283264,
      0.17890338599681854,
      0.14857231080532074,
      0.11825821548700333,
      0.09050428867340088,
      0.06616848707199097,
      0.04952915012836456,
      0.04099690914154053,
      0.039394915103912354,
      0.0400053933262825,
      0.043223053216934204,
      0.04290998727083206,
      0.04060012102127075,
      0.03699696809053421,
      0.03518403694033623,
      0.03201552480459213,
      0.03126361221075058,
      0.030421089380979538,
      0.029563969001173973,
      0.028576884418725967,
      0.028554348275065422,
      0.026651594787836075,
      0.026891479268670082,
      0.025376226752996445,
      0.025644801557064056,
      0.026219509541988373,
      0.024749934673309326,
      0.025081776082515717,
      0.024893896654248238,
      0.0234779454767704,
      0.02276856079697609,
      0.023256735876202583,
      0.02273396961390972,
      0.022489184513688087,
      0.02250116877257824,
      0.0225081704556942,
      0.02198409102857113,
      0.022676797583699226,
      0.02220143750309944,
      0.021789662539958954,
      0.021524371579289436,
      0.021958010271191597,
      0.021282343193888664,
      0.021298851817846298,
      0.022149620577692986,
      0.021122705191373825,
      0.0215934906154871,
      0.02121342346072197,
      0.01987830549478531,
      0.02097250521183014,
      0.02201257273554802,
      0.021179307252168655,
      0.020966967567801476,
      0.01981276273727417,
      0.020217105746269226,
      0.01982051692903042,
      0.020824991166591644,
      0.020789723843336105,
      0.020254582166671753,
      0.021150313317775726,
      0.019992537796497345,
      0.020762300118803978,
      0.01985546573996544,
      0.02012333646416664,
      0.021110333502292633,
      0.01939503103494644,
      0.020423058420419693,
      0.020324667915701866,
      0.020201407372951508,
      0.02032671496272087,
      0.020015383139252663,
      0.019700530916452408,
      0.02121705934405327,
      0.01951315812766552,
      0.020165571942925453,
      0.01952466182410717,
      0.01950317993760109,
      0.01980329491198063,
      0.019792502745985985,
      0.019212990999221802,
      0.018877817317843437,
      0.020355205982923508,
      0.020294861868023872,
      0.020000990480184555,
      0.01950516179203987,
      0.019904693588614464,
      0.020152045413851738,
      0.020509159192442894,
      0.0192257110029459,
      0.019071685150265694,
      0.019936256110668182,
      0.019480593502521515,
      0.019195200875401497,
      0.02000119350850582,
      0.02034047059714794,
      0.01945098116993904,
      0.018658572807908058,
      0.02056187205016613,
      0.02016395330429077,
      0.020019585266709328,
      0.020141765475273132,
      0.020079895853996277,
      0.018968887627124786,
      0.02021581307053566,
      0.02012387104332447,
      0.020419951528310776,
      0.019282860681414604,
      0.0199955552816391,
      0.01910492032766342,
      0.01999945007264614,
      0.020591020584106445,
      0.01967242732644081,
      0.019664112478494644,
      0.019987642765045166,
      0.020101886242628098,
      0.020016934722661972,
      0.020303793251514435,
      0.020044701173901558,
      0.020486628636717796,
      0.01976209133863449,
      0.019455561414361,
      0.020309437066316605,
      0.018854064866900444,
      0.019531093537807465,
      0.020225943997502327,
      0.020706187933683395,
      0.019459184259176254,
      0.020084574818611145,
      0.018798725679516792,
      0.019436925649642944,
      0.019558429718017578,
      0.01961827091872692,
      0.019523538649082184,
      0.019290730357170105,
      0.0193738155066967,
      0.019337506964802742,
      0.01986667513847351,
      0.01905697025358677,
      0.019145039841532707,
      0.020553018897771835,
      0.019616656005382538,
      0.01995042897760868,
      0.020036591216921806,
      0.01963680051267147,
      0.019325846806168556,
      0.01873055472970009,
      0.019271120429039,
      0.019746428355574608,
      0.01978611759841442,
      0.019540056586265564,
      0.01936643198132515,
      0.01948929764330387,
      0.01942979171872139,
      0.019286658614873886,
      0.01900240033864975,
      0.019662782549858093,
      0.019959626719355583,
      0.019590912386775017,
      0.019675908610224724,
      0.01886070892214775,
      0.019960686564445496,
      0.018675370141863823,
      0.019115038216114044,
      0.018826069310307503,
      0.01953146979212761,
      0.019239392131567,
      0.019111357629299164,
      0.01939079910516739,
      0.019394448027014732,
      0.019101973623037338,
      0.018922390416264534,
      0.019495869055390358,
      0.019311420619487762,
      0.01952889934182167,
      0.018941542133688927,
      0.018999313935637474,
      0.019747670739889145,
      0.01927839033305645,
      0.018907954916357994,
      0.018639832735061646,
      0.0187858697026968,
      0.0191949512809515,
      0.01963713951408863,
      0.019480261951684952,
      0.01917150802910328,
      0.01961023174226284,
      0.0186630766838789,
      0.0193798765540123,
      0.019329041242599487,
      0.01943645253777504,
      0.01900201477110386,
      0.019087523221969604,
      0.019204558804631233,
      0.01914064958691597
   ],
   "valid_errors": [
      0.38760673999786377,
      0.21909938752651215,
      0.0727275162935257,
      0.03605607897043228,
      0.027537552639842033,
      0.022740541025996208,
      0.0207107812166214,
      0.019027864560484886,
      0.018231229856610298,
      0.01758437417447567,
      0.017172494903206825,
      0.016843799501657486,
      0.016580572351813316,
      0.016359522938728333,
      0.016187863424420357,
      0.016034241765737534,
      0.015907524153590202,
      0.015824278816580772,
      0.01572808437049389,
      0.015673842281103134,
      0.015622871927917004,
      0.01558605581521988,
      0.01553251501172781,
      0.01552307978272438,
      0.01549963653087616,
      0.015482177026569843,
      0.015463261865079403,
      0.01545975636690855,
      0.01546556781977415,
      0.015450222417712212,
      0.015452216379344463,
      0.015457620844244957,
      0.015424872748553753,
      0.015419911593198776,
      0.015420830808579922,
      0.015424106270074844,
      0.01543785072863102,
      0.015420514158904552,
      0.015426904894411564,
      0.015421383082866669,
      0.015421760268509388
   ],
   "val_epochs": [
      0,
      5,
      10,
      15,
      20,
      25,
      30,
      35,
      40,
      45,
      50,
      55,
      60,
      65,
      70,
      75,
      80,
      85,
      90,
      95,
      100,
      105,
      110,
      115,
      120,
      125,
      130,
      135,
      140,
      145,
      150,
      155,
      160,
      165,
      170,
      175,
      180,
      185,
      190,
      195,
      199
   ],
   "input_data_path": "../data/wine/red_wine.csv",
   "gradwcontext": true,
   "Encompassing Param": 0.1,
   "Normalize Grads & Contx": false,
   "cluster_all_classes": false,
   "imputation method": "",
   "model_dropout": 0.05,
   "model_type": "mlp",
   "problem_type": "regression"
}