{
   "number_epochs": 200,
   "info_used": "full info",
   "perc_full_data": 0.025,
   "n_epochs_no_selection": 0,
   "Frequency % cutoff": 0.25,
   "hidden_size": 32,
   "random_state": 0,
   "train_errors": [
      0.18259388208389282,
      0.15818284451961517,
      0.13608241081237793,
      0.11543626338243484,
      0.09669233858585358,
      0.08031338453292847,
      0.06649396568536758,
      0.053168293088674545,
      0.04214535281062126,
      0.03607951104640961,
      0.031832922250032425,
      0.03042481280863285,
      0.02967824414372444,
      0.02997615374624729,
      0.03163290396332741,
      0.028737494722008705,
      0.02946016564965248,
      0.028845977038145065,
      0.027659978717565536,
      0.02827933430671692,
      0.026836927980184555,
      0.02807772532105446,
      0.028320394456386566,
      0.027372373268008232,
      0.02690000645816326,
      0.026480356231331825,
      0.025704065337777138,
      0.02604328654706478,
      0.02525734156370163,
      0.02540959045290947,
      0.024837564677000046,
      0.02398006245493889,
      0.023785300552845,
      0.0234396792948246,
      0.023222187533974648,
      0.022642524912953377,
      0.021700669080018997,
      0.023055456578731537,
      0.021707534790039062,
      0.021595947444438934,
      0.02144699916243553,
      0.021191006526350975,
      0.020831523463129997,
      0.02134869061410427,
      0.020193982869386673,
      0.020618144422769547,
      0.019803030416369438,
      0.021073760464787483,
      0.020497476682066917,
      0.02005736529827118,
      0.02005530521273613,
      0.020397309213876724,
      0.020302213728427887,
      0.02000485733151436,
      0.01947556994855404,
      0.019661668688058853,
      0.02084035985171795,
      0.0199581366032362,
      0.019905654713511467,
      0.019215747714042664,
      0.01973491907119751,
      0.02036246471107006,
      0.020097719505429268,
      0.01873052306473255,
      0.01958688348531723,
      0.02085418999195099,
      0.01940968818962574,
      0.020774120464920998,
      0.019883178174495697,
      0.01985500380396843,
      0.020523834973573685,
      0.01925743743777275,
      0.019054485484957695,
      0.019307410344481468,
      0.02020130306482315,
      0.01974335126578808,
      0.02029384672641754,
      0.019691227003932,
      0.019469033926725388,
      0.019790157675743103,
      0.02031569741666317,
      0.01949043571949005,
      0.01949544996023178,
      0.018911149352788925,
      0.019375210627913475,
      0.020571071654558182,
      0.01944541372358799,
      0.01901252381503582,
      0.019673049449920654,
      0.019882651045918465,
      0.01954086869955063,
      0.019251680001616478,
      0.019351229071617126,
      0.01953323744237423,
      0.018867766484618187,
      0.019172031432390213,
      0.019215520471334457,
      0.019134392961859703,
      0.019620314240455627,
      0.01952565647661686,
      0.01926916092634201,
      0.019206427037715912,
      0.018889902159571648,
      0.019718242809176445,
      0.019348805770277977,
      0.01873764581978321,
      0.01830904930830002,
      0.019471190869808197,
      0.01958811655640602,
      0.019569626078009605,
      0.019012538716197014,
      0.018844949081540108,
      0.01861501857638359,
      0.019267385825514793,
      0.018402595072984695,
      0.019087836146354675,
      0.01918599382042885,
      0.019657263532280922,
      0.018841886892914772,
      0.01859578862786293,
      0.018909888342022896,
      0.01875479146838188,
      0.01905016601085663,
      0.01833675056695938,
      0.019257912412285805,
      0.018805772066116333,
      0.0183727890253067,
      0.019334828481078148,
      0.018848611041903496,
      0.018818380311131477,
      0.018894391134381294,
      0.018816901370882988,
      0.018760113045573235,
      0.018717557191848755,
      0.018781611695885658,
      0.018558451905846596,
      0.018392637372016907,
      0.019249901175498962,
      0.018944742158055305,
      0.019288673996925354,
      0.018793785944581032,
      0.018833810463547707,
      0.01834595762193203,
      0.01846972107887268,
      0.018444238230586052,
      0.01894541084766388,
      0.018602197989821434,
      0.01876196824014187,
      0.01880749687552452,
      0.018261926248669624,
      0.018961872905492783,
      0.01888108253479004,
      0.018340377137064934,
      0.01836465857923031,
      0.01815977320075035,
      0.018553713336586952,
      0.01863795518875122,
      0.018573587760329247,
      0.018178660422563553,
      0.018332589417696,
      0.01821751520037651,
      0.018303241580724716,
      0.01865045167505741,
      0.018198799341917038,
      0.018635105341672897,
      0.01824331097304821,
      0.018371088430285454,
      0.017982153221964836,
      0.018142947927117348,
      0.019245656207203865,
      0.018129155039787292,
      0.018916981294751167,
      0.01858357898890972,
      0.01767696999013424,
      0.01813214085996151,
      0.018078895285725594,
      0.018313542008399963,
      0.018162954598665237,
      0.018146881833672523,
      0.01891825720667839,
      0.018467934802174568,
      0.01795734092593193,
      0.017798373475670815,
      0.01774819940328598,
      0.017965584993362427,
      0.018276643007993698,
      0.017570285126566887,
      0.017593516036868095,
      0.01819462701678276,
      0.018437422811985016,
      0.01833280362188816,
      0.018480047583580017,
      0.01841280423104763,
      0.018296249210834503,
      0.018037116155028343,
      0.018204914405941963,
      0.017709720879793167,
      0.017946884036064148,
      0.01846376433968544,
      0.01838252693414688
   ],
   "valid_errors": [
      0.19101212918758392,
      0.08438215404748917,
      0.031660132110118866,
      0.02747713401913643,
      0.02640724554657936,
      0.025140631943941116,
      0.022678589448332787,
      0.020952992141246796,
      0.019672367721796036,
      0.01895591802895069,
      0.018472924828529358,
      0.01827910542488098,
      0.01806645095348358,
      0.017946414649486542,
      0.01795142889022827,
      0.01788150891661644,
      0.01783340983092785,
      0.017759395763278008,
      0.01792692393064499,
      0.0177318025380373,
      0.01776278018951416,
      0.017840057611465454,
      0.017942821606993675,
      0.017866624519228935,
      0.017922092229127884,
      0.017776593565940857,
      0.017812248319387436,
      0.017898840829730034,
      0.01792655885219574,
      0.017955943942070007,
      0.0179758220911026,
      0.017901917919516563,
      0.017849892377853394,
      0.01780252903699875,
      0.017875773832201958,
      0.017846403643488884,
      0.017983553931117058,
      0.017968660220503807,
      0.017938852310180664,
      0.017905745655298233,
      0.017990324646234512
   ],
   "val_epochs": [
      0,
      5,
      10,
      15,
      20,
      25,
      30,
      35,
      40,
      45,
      50,
      55,
      60,
      65,
      70,
      75,
      80,
      85,
      90,
      95,
      100,
      105,
      110,
      115,
      120,
      125,
      130,
      135,
      140,
      145,
      150,
      155,
      160,
      165,
      170,
      175,
      180,
      185,
      190,
      195,
      199
   ],
   "input_data_path": "../data/wine/red_wine.csv",
   "gradwcontext": true,
   "Encompassing Param": 0.1,
   "Normalize Grads & Contx": false,
   "cluster_all_classes": false,
   "imputation method": "",
   "model_dropout": 0.05,
   "model_type": "mlp",
   "problem_type": "regression"
}