{
   "number_epochs": 300,
   "info_used": "full info",
   "perc_full_data": 0.25,
   "n_epochs_no_selection": 0,
   "Frequency % cutoff": 0.25,
   "hidden_size": 32,
   "random_state": 13,
   "train_errors": [
      0.08594263345003128,
      0.06973008066415787,
      0.05738791450858116,
      0.047061603516340256,
      0.040054477751255035,
      0.03817558288574219,
      0.03696523606777191,
      0.03861940652132034,
      0.03953501954674721,
      0.03783470764756203,
      0.03752734512090683,
      0.03479304537177086,
      0.03304951637983322,
      0.03191440925002098,
      0.03017842024564743,
      0.029285382479429245,
      0.02850676327943802,
      0.02707756869494915,
      0.026424741372466087,
      0.025989508256316185,
      0.02578306570649147,
      0.025007501244544983,
      0.023724602535367012,
      0.022736461833119392,
      0.021898338571190834,
      0.02198949083685875,
      0.022298527881503105,
      0.022453537210822105,
      0.020517129451036453,
      0.02044546976685524,
      0.02136990614235401,
      0.020381655544042587,
      0.020606696605682373,
      0.019327741116285324,
      0.02017289213836193,
      0.020364919677376747,
      0.020104698836803436,
      0.01888635940849781,
      0.01921980269253254,
      0.018929462879896164,
      0.018939612433314323,
      0.01875307783484459,
      0.020166825503110886,
      0.018674366176128387,
      0.019565915688872337,
      0.01904650591313839,
      0.019323496147990227,
      0.01951095275580883,
      0.020192008465528488,
      0.019294289872050285,
      0.01923987828195095,
      0.019802609458565712,
      0.019194163382053375,
      0.019372643902897835,
      0.02006935141980648,
      0.019531309604644775,
      0.018929025158286095,
      0.019952692091464996,
      0.01863187551498413,
      0.020164228975772858,
      0.018855640664696693,
      0.019613953307271004,
      0.01845916174352169,
      0.019305460155010223,
      0.018575292080640793,
      0.018600882962346077,
      0.01907312497496605,
      0.018796546384692192,
      0.019133562222123146,
      0.01904730685055256,
      0.018065601587295532,
      0.01877553015947342,
      0.019557936117053032,
      0.0180000439286232,
      0.017876919358968735,
      0.018767908215522766,
      0.018362704664468765,
      0.01858886145055294,
      0.01867331564426422,
      0.018693728372454643,
      0.018784305080771446,
      0.01885073445737362,
      0.018302222713828087,
      0.018699899315834045,
      0.018942348659038544,
      0.01924992725253105,
      0.01853341795504093,
      0.017696375027298927,
      0.018295451998710632,
      0.017869235947728157,
      0.01761210709810257,
      0.018461119383573532,
      0.018323242664337158,
      0.017840510234236717,
      0.01857968047261238,
      0.017859525978565216,
      0.01785288192331791,
      0.018238473683595657,
      0.01859285682439804,
      0.018346209079027176,
      0.017579112201929092,
      0.018512187525629997,
      0.01803283579647541,
      0.01871032826602459,
      0.018311738967895508,
      0.017735544592142105,
      0.018886370584368706,
      0.018124718219041824,
      0.017781294882297516,
      0.018315307796001434,
      0.018382607027888298,
      0.01848415657877922,
      0.017202936112880707,
      0.01809869334101677,
      0.017119169235229492,
      0.017967352643609047,
      0.018440458923578262,
      0.01803407445549965,
      0.01803852990269661,
      0.018562735989689827,
      0.018129203468561172,
      0.01885874569416046,
      0.017727619037032127,
      0.018015161156654358,
      0.018267003819346428,
      0.019072724506258965,
      0.01731705479323864,
      0.018091777339577675,
      0.018104031682014465,
      0.018535872921347618,
      0.01860935054719448,
      0.018007906153798103,
      0.017529871314764023,
      0.017735660076141357,
      0.0176844522356987,
      0.018144646659493446,
      0.018452182412147522,
      0.017968351021409035,
      0.017684929072856903,
      0.01854577660560608,
      0.017243623733520508,
      0.01717081107199192,
      0.017841139808297157,
      0.017677083611488342,
      0.018002202734351158,
      0.01765665039420128,
      0.017985936254262924,
      0.01772386021912098,
      0.017766032367944717,
      0.017350411042571068,
      0.017989138141274452,
      0.017555946484208107,
      0.017935775220394135,
      0.01726653054356575,
      0.0177400391548872,
      0.0181567519903183,
      0.01857229322195053,
      0.0172530859708786,
      0.01763448864221573,
      0.01721429079771042,
      0.017305806279182434,
      0.018274474889039993,
      0.017353134229779243,
      0.0180536899715662,
      0.01738758198916912,
      0.01774391159415245,
      0.018276775255799294,
      0.018174435943365097,
      0.017617540434002876,
      0.01819951832294464,
      0.01697266660630703,
      0.017343441024422646,
      0.017550509423017502,
      0.017300983890891075,
      0.017564769834280014,
      0.01796913333237171,
      0.01778748258948326,
      0.017740439623594284,
      0.01764334738254547,
      0.01759788952767849,
      0.017921850085258484,
      0.01809566468000412,
      0.017808396369218826,
      0.01762297935783863,
      0.017347192391753197,
      0.017150385305285454,
      0.01818407140672207,
      0.017835304141044617,
      0.017826469615101814,
      0.017650166526436806,
      0.017783569172024727,
      0.0176303181797266,
      0.017717888578772545,
      0.018069813027977943,
      0.017800895497202873,
      0.017237620428204536,
      0.017324965447187424,
      0.017805352807044983,
      0.017582977190613747,
      0.017820987850427628,
      0.01772317849099636,
      0.017045846208930016,
      0.018257299438118935,
      0.01724233292043209,
      0.017448285594582558,
      0.01716977171599865,
      0.017383713275194168,
      0.017014671117067337,
      0.017884185537695885,
      0.018337728455662727,
      0.01719539612531662,
      0.017530014738440514,
      0.017391368746757507,
      0.017512144520878792,
      0.017501989379525185,
      0.018060121685266495,
      0.01727001555263996,
      0.017318913713097572,
      0.017670683562755585,
      0.01791156455874443,
      0.01734144613146782,
      0.017333224415779114,
      0.017189204692840576,
      0.017460856586694717,
      0.01751084253191948,
      0.01768956147134304,
      0.017125269398093224,
      0.017494691535830498,
      0.01725483313202858,
      0.017166096717119217,
      0.01738060638308525,
      0.01776321977376938,
      0.017721327021718025,
      0.01755824126303196,
      0.017611751332879066,
      0.01688602939248085,
      0.017538856714963913,
      0.01758391782641411,
      0.017659343779087067,
      0.017329907044768333,
      0.01763390749692917,
      0.01788228005170822,
      0.017124295234680176,
      0.016976356506347656,
      0.017207158729434013,
      0.01750491000711918,
      0.017887210473418236,
      0.017379023134708405,
      0.01680644415318966,
      0.017307261005043983,
      0.017700670287013054,
      0.017372967675328255,
      0.01717519946396351,
      0.017541207373142242,
      0.017826920375227928,
      0.01760103553533554,
      0.017115283757448196,
      0.01673896424472332,
      0.01699214056134224,
      0.016868891194462776,
      0.017465732991695404,
      0.017339739948511124,
      0.0175735242664814,
      0.017636459320783615,
      0.017744136974215508,
      0.01706845872104168,
      0.017582470551133156,
      0.01753915660083294,
      0.01691425032913685,
      0.017275316640734673,
      0.017097262665629387,
      0.017540456727147102,
      0.017423206940293312,
      0.01721029169857502,
      0.017278943210840225,
      0.01700446754693985,
      0.018001051619648933,
      0.017115822061896324,
      0.01663724146783352,
      0.017010677605867386,
      0.017474645748734474,
      0.01722770743072033,
