{
   "number_epochs": 300,
   "info_used": "full info",
   "perc_full_data": 0.25,
   "n_epochs_no_selection": 0,
   "Frequency % cutoff": 0.25,
   "hidden_size": 32,
   "random_state": 8,
   "train_errors": [
      0.32827627658843994,
      0.2935703992843628,
      0.266742467880249,
      0.232639342546463,
      0.20961132645606995,
      0.18083730340003967,
      0.15999792516231537,
      0.1352328211069107,
      0.11593198776245117,
      0.09660831838846207,
      0.07741407305002213,
      0.06325054168701172,
      0.05041380971670151,
      0.03679284825921059,
      0.03266691416501999,
      0.02886580117046833,
      0.02975154109299183,
      0.030642172321677208,
      0.029399972409009933,
      0.029780257493257523,
      0.026878736913204193,
      0.02904883772134781,
      0.025884926319122314,
      0.025754358619451523,
      0.024781260639429092,
      0.025568075478076935,
      0.02477390505373478,
      0.024361280724406242,
      0.021658487617969513,
      0.02446260116994381,
      0.024755749851465225,
      0.025074124336242676,
      0.023245055228471756,
      0.02262226678431034,
      0.024125443771481514,
      0.022980637848377228,
      0.02199219912290573,
      0.02254132740199566,
      0.021573074162006378,
      0.02146170474588871,
      0.02234281226992607,
      0.020892437547445297,
      0.020716747269034386,
      0.02090410888195038,
      0.02051580138504505,
      0.019522126764059067,
      0.020979052409529686,
      0.020130475983023643,
      0.0191490538418293,
      0.02064686082303524,
      0.020425623282790184,
      0.02031811699271202,
      0.019410081207752228,
      0.019643018022179604,
      0.01912424899637699,
      0.020209847018122673,
      0.020351167768239975,
      0.02043653465807438,
      0.018693022429943085,
      0.019865209236741066,
      0.020085223019123077,
      0.01884317211806774,
      0.01874999701976776,
      0.02029106207191944,
      0.019329259172081947,
      0.01966451294720173,
      0.018877258524298668,
      0.019718147814273834,
      0.018247030675411224,
      0.01965358294546604,
      0.01826598308980465,
      0.019817393273115158,
      0.019697172567248344,
      0.019461827352643013,
      0.0189590435475111,
      0.01839529164135456,
      0.020418275147676468,
      0.018990226089954376,
      0.019918985664844513,
      0.01922585815191269,
      0.01930488459765911,
      0.018386632204055786,
      0.019720694050192833,
      0.020753884688019753,
      0.01870107464492321,
      0.0187358520925045,
      0.01999581977725029,
      0.01978694088757038,
      0.019047390669584274,
      0.018215665593743324,
      0.020045563578605652,
      0.01859894022345543,
      0.017383642494678497,
      0.018923882395029068,
      0.019110532477498055,
      0.01904415152966976,
      0.01799830235540867,
      0.018195152282714844,
      0.018689634278416634,
      0.019209861755371094,
      0.018055105581879616,
      0.019200673326849937,
      0.018106482923030853,
      0.018632348626852036,
      0.018637632951140404,
      0.018702153116464615,
      0.01754825748503208,
      0.018658651039004326,
      0.018212815746665,
      0.018065139651298523,
      0.019031919538974762,
      0.018142525106668472,
      0.018123924732208252,
      0.01816408522427082,
      0.018181171268224716,
      0.018505556508898735,
      0.018704185262322426,
      0.017866307869553566,
      0.01870076358318329,
      0.018022960051894188,
      0.019143493846058846,
      0.018902871757745743,
      0.018667496740818024,
      0.01771889440715313,
      0.0188091229647398,
      0.017736371606588364,
      0.017831433564424515,
      0.01884220726788044,
      0.018191589042544365,
      0.01831177808344364,
      0.018513569608330727,
      0.018336880952119827,
      0.01836542598903179,
      0.018552808091044426,
      0.017005687579512596,
      0.018059825524687767,
      0.018213575705885887,
      0.018034465610980988,
      0.017043236643075943,
      0.0178990438580513,
      0.017698347568511963,
      0.018864868208765984,
      0.01912088133394718,
      0.01765579916536808,
      0.01811869814991951,
      0.017361771315336227,
      0.018306449055671692,
      0.017767028883099556,
      0.018436947837471962,
      0.017983483150601387,
      0.01817701943218708,
      0.017425155267119408,
      0.017692262306809425,
      0.01794521138072014,
      0.01791098155081272,
      0.017466435208916664,
      0.01791979931294918,
      0.017506912350654602,
      0.018083954229950905,
      0.017704444006085396,
      0.017750341445207596,
      0.018237223848700523,
      0.01789366453886032,
      0.017911715433001518,
      0.018583104014396667,
      0.017768576741218567,
      0.018397869542241096,
      0.017304807901382446,
      0.018144091591238976,
      0.01785963773727417,
      0.01777655817568302,
      0.017825882881879807,
      0.01776921935379505,
      0.01733722910284996,
      0.018346823751926422,
      0.01708812452852726,
      0.01778213307261467,
      0.01814229227602482,
      0.017811210826039314,
      0.017850875854492188,
      0.017823748290538788,
      0.017817331477999687,
      0.017731521278619766,
      0.018146390095353127,
      0.01831456646323204,
      0.017611941322684288,
      0.0178859643638134,
      0.017756568267941475,
      0.018265707418322563,
      0.017772376537322998,
      0.017684224992990494,
      0.01795130968093872,
      0.017425645142793655,
      0.018302274867892265,
      0.01825057342648506,
      0.017943866550922394,
      0.017209909856319427,
      0.01693052612245083,
      0.017447812482714653,
      0.018292924389243126,
      0.017622187733650208,
      0.01799730956554413,
      0.018110092729330063,
      0.017506973817944527,
      0.018340246751904488,
      0.01744934543967247,
      0.018017325550317764,
      0.017086753621697426,
      0.017666753381490707,
      0.01711650937795639,
      0.018375465646386147,
      0.01772427000105381,
      0.017937928438186646,
      0.018065912649035454,
      0.0173110980540514,
      0.017626319080591202,
      0.017979200929403305,
      0.017722995951771736,
      0.01737947203218937,
      0.01768684573471546,
      0.017548050731420517,
      0.017678147181868553,
      0.017077045515179634,
      0.017642837017774582,
      0.017928458750247955,
      0.017003163695335388,
      0.017712144181132317,
      0.017656153067946434,
      0.017565825954079628,
      0.017441248521208763,
      0.017674492672085762,
      0.017118873074650764,
      0.017742853611707687,
      0.01720639504492283,
      0.017313381657004356,
      0.017518380656838417,
      0.017534615471959114,
      0.017471492290496826,
      0.017834197729825974,
      0.017226094380021095,
      0.017002305015921593,
      0.017559204250574112,
      0.01696271263062954,
      0.01811261847615242,
      0.017916414886713028,
      0.01766362600028515,
      0.017671331763267517,
      0.016992060467600822,
      0.018690790981054306,
      0.01752651296555996,
      0.017754657194018364,
      0.01693708822131157,
      0.01704658381640911,
      0.01725766807794571,
      0.017262371256947517,
      0.017582543194293976,
      0.017579587176442146,
      0.017674598842859268,
      0.017602792009711266,
      0.017782799899578094,
      0.017536841332912445,
      0.01751662604510784,
      0.017653832212090492,
      0.01698615588247776,
      0.01710590347647667,
      0.017242642119526863,
      0.016977889463305473,
      0.01755344308912754,
      0.017277007922530174,
      0.01712932251393795,
      0.017687197774648666,
      0.017233870923519135,
      0.017666807398200035,
      0.017868295311927795,
      0.017420435324311256,
      0.017711522057652473,
      0.017637846991419792,
      0.017597923055291176,
      0.01777530461549759,
      0.01684390939772129,
      0.01699308305978775,
      0.017718041315674782,
