{
   "number_epochs": 300,
   "info_used": "full info",
   "perc_full_data": 0.25,
   "n_epochs_no_selection": 0,
   "Frequency % cutoff": 0.25,
   "hidden_size": 32,
   "random_state": 11,
   "train_errors": [
      0.33310240507125854,
      0.2997758984565735,
      0.26478633284568787,
      0.23254233598709106,
      0.19818086922168732,
      0.16587209701538086,
      0.13317275047302246,
      0.10147054493427277,
      0.07444021105766296,
      0.05372515693306923,
      0.03708662837743759,
      0.028328627347946167,
      0.0285290889441967,
      0.029873568564653397,
      0.03193643316626549,
      0.03116590529680252,
      0.02844633348286152,
      0.02751798927783966,
      0.024727478623390198,
      0.02428380772471428,
      0.025087520480155945,
      0.024490253999829292,
      0.024390218779444695,
      0.02439522184431553,
      0.02343023009598255,
      0.02352544479072094,
      0.024364031851291656,
      0.023240452632308006,
      0.025374742224812508,
      0.02390064112842083,
      0.02329241670668125,
      0.022869082167744637,
      0.023028040304780006,
      0.022586403414607048,
      0.0217820405960083,
      0.021408064290881157,
      0.021281471475958824,
      0.02170812152326107,
      0.02098681963980198,
      0.022773737087845802,
      0.020743384957313538,
      0.02264222875237465,
      0.021327488124370575,
      0.020941469818353653,
      0.022423654794692993,
      0.02265949547290802,
      0.021512312814593315,
      0.020503155887126923,
      0.022273948416113853,
      0.0212599728256464,
      0.021215498447418213,
      0.021106287837028503,
      0.02115790918469429,
      0.020317498594522476,
      0.020787440240383148,
      0.020303817465901375,
      0.019983291625976562,
      0.019534051418304443,
      0.019673140719532967,
      0.01965481974184513,
      0.02116498537361622,
      0.020566022023558617,
      0.020642684772610664,
      0.0207822285592556,
      0.02062888815999031,
      0.0197619441896677,
      0.019610261544585228,
      0.020420128479599953,
      0.01929520256817341,
      0.020042218267917633,
      0.01927061565220356,
      0.020585419610142708,
      0.01990196295082569,
      0.019691474735736847,
      0.019843466579914093,
      0.019400013610720634,
      0.019651426002383232,
      0.01980866678059101,
      0.020416978746652603,
      0.019316118210554123,
      0.01926804520189762,
      0.020039375871419907,
      0.018742423504590988,
      0.0195524450391531,
      0.0187784805893898,
      0.019147278741002083,
      0.01928902231156826,
      0.017756937071681023,
      0.0196001585572958,
      0.019010286778211594,
      0.019870232790708542,
      0.020354442298412323,
      0.019101757556200027,
      0.020852603018283844,
      0.019748715683817863,
      0.019150808453559875,
      0.01918306015431881,
      0.019004596397280693,
      0.018810419365763664,
      0.018203286454081535,
      0.019020328298211098,
      0.019649682566523552,
      0.018311316147446632,
      0.01852654106914997,
      0.019382553175091743,
      0.019239498302340508,
      0.018935395404696465,
      0.01890888437628746,
      0.01879442296922207,
      0.01782282255589962,
      0.019037680700421333,
      0.018075138330459595,
      0.018107112497091293,
      0.01901341788470745,
      0.017823971807956696,
      0.019356215372681618,
      0.018482893705368042,
      0.019367346540093422,
      0.018545247614383698,
      0.01865113154053688,
      0.018042340874671936,
      0.01825280487537384,
      0.018416402861475945,
      0.019329357892274857,
      0.018489673733711243,
      0.01832595467567444,
      0.018655875697731972,
      0.017674364149570465,
      0.01807696931064129,
      0.019092923030257225,
      0.01866484433412552,
      0.018210114911198616,
      0.018850527703762054,
      0.01740821823477745,
      0.019090496003627777,
      0.017851250246167183,
      0.018834788352251053,
      0.018599046394228935,
      0.0177126657217741,
      0.018144184723496437,
      0.018077265471220016,
      0.01814163103699684,
      0.017741158604621887,
      0.017886441200971603,
      0.01799086481332779,
      0.01773248240351677,
      0.018434764817357063,
      0.018447794020175934,
      0.018576018512248993,
      0.018320823088288307,
      0.01794509030878544,
      0.017391854897141457,
      0.017955416813492775,
      0.01840103231370449,
      0.018087992444634438,
      0.017849087715148926,
      0.01791519857943058,
      0.016978196799755096,
      0.01840333081781864,
      0.01752576045691967,
      0.01802041195333004,
      0.01853122003376484,
      0.01792009361088276,
      0.01796824112534523,
      0.0176339503377676,
      0.018252426758408546,
      0.017884036526083946,
      0.017450258135795593,
      0.01752546988427639,
      0.01806618832051754,
      0.017582347616553307,
      0.01773212105035782,
      0.01787763647735119,
      0.017197808250784874,
      0.017773732542991638,
      0.0175442136824131,
      0.017995711416006088,
      0.017582910135388374,
      0.017471272498369217,
      0.017422664910554886,
      0.018351703882217407,
      0.017605291679501534,
      0.017416322603821754,
      0.017195498570799828,
      0.018339676782488823,
      0.017549527809023857,
      0.017751317471265793,
      0.017734326422214508,
      0.01777477003633976,
      0.017331702634692192,
      0.018540607765316963,
      0.017937881872057915,
      0.017273535951972008,
      0.01816326193511486,
      0.0175220537930727,
      0.01807953603565693,
      0.017163347452878952,
      0.018291277810931206,
      0.017616745084524155,
      0.017001233994960785,
      0.01777956821024418,
      0.017819250002503395,
      0.017581840977072716,
      0.01732121780514717,
      0.01733057014644146,
      0.017900051549077034,
      0.017409607768058777,
      0.017772898077964783,
      0.017380185425281525,
      0.01730337180197239,
      0.018189920112490654,
      0.017917264252901077,
      0.017677048221230507,
      0.017778484150767326,
      0.017598949372768402,
      0.017400769516825676,
      0.017980389297008514,
      0.01733085699379444,
      0.017519647255539894,
      0.017814457416534424,
      0.017607757821679115,
      0.017505651339888573,
      0.017382465302944183,
      0.017500972375273705,
      0.017750371247529984,
      0.01790752075612545,
      0.017932074144482613,
      0.017865462228655815,
      0.017840037122368813,
      0.017670564353466034,
      0.01823270320892334,
      0.017602689564228058,
      0.017627637833356857,
      0.017622526735067368,
      0.01748216710984707,
      0.017383016645908356,
      0.01763194054365158,
      0.017352906987071037,
      0.017443649470806122,
      0.017318813130259514,
      0.017484115436673164,
      0.017216403037309647,
      0.017442069947719574,
      0.017309797927737236,
      0.017313839867711067,
      0.0179540254175663,
      0.017799098044633865,
      0.017298633232712746,
      0.01721714250743389,
      0.01690429262816906,
      0.017594527453184128,
      0.017615310847759247,
      0.01736321672797203,
      0.017360378056764603,
      0.01716308854520321,
      0.017108429223299026,
      0.017897315323352814,
      0.017432071268558502,
      0.016899919137358665,
      0.0176404919475317,
      0.017929237335920334,
      0.017368841916322708,
      0.017879486083984375,
      0.01746179349720478,
      0.017509514465928078,
      0.017597341910004616,
      0.017367517575621605,
      0.01771598868072033,
      0.01725856587290764,
      0.017514878883957863,
      0.01779804192483425,
      0.017370522022247314,
      0.017262069508433342,
      0.017112914472818375,
      0.017187029123306274,
      0.01768624782562256,
      0.017128961160779,
      0.017460335046052933,
      0.017169207334518433,
      0.01714474894106388,
      0.017760852351784706,
      0.017356915399432182,
