{
   "number_epochs": 300,
   "info_used": "full info",
   "perc_full_data": 0.25,
   "n_epochs_no_selection": 0,
   "Frequency % cutoff": 0.25,
   "hidden_size": 32,
   "random_state": 2,
   "train_errors": [
      0.2976389527320862,
      0.2598518431186676,
      0.2230575829744339,
      0.19259144365787506,
      0.16093474626541138,
      0.13250364363193512,
      0.10863696783781052,
      0.0855795368552208,
      0.06821239739656448,
      0.0542077012360096,
      0.04322197288274765,
      0.03613967075943947,
      0.033296968787908554,
      0.034349046647548676,
      0.03374175727367401,
      0.03448696434497833,
      0.03621998429298401,
      0.03572089225053787,
      0.03415445238351822,
      0.03240087255835533,
      0.03223225101828575,
      0.03156125545501709,
      0.030824460089206696,
      0.028421146795153618,
      0.02998477593064308,
      0.02949463576078415,
      0.029385175555944443,
      0.029065879061818123,
      0.02829965576529503,
      0.029671410098671913,
      0.026794593781232834,
      0.027791131287813187,
      0.02744673378765583,
      0.027774503454566002,
      0.02527240663766861,
      0.02814519964158535,
      0.0269230417907238,
      0.026127435266971588,
      0.024594543501734734,
      0.02403346262872219,
      0.023878322914242744,
      0.024542873725295067,
      0.022978711873292923,
      0.024261316284537315,
      0.023351088166236877,
      0.021961254999041557,
      0.022892633453011513,
      0.022334111854434013,
      0.02117275632917881,
      0.021414361894130707,
      0.02192019298672676,
      0.020785599946975708,
      0.02104688249528408,
      0.022194240242242813,
      0.01963363029062748,
      0.020781874656677246,
      0.022494923323392868,
      0.02079887129366398,
      0.0208006389439106,
      0.02078220248222351,
      0.01987609826028347,
      0.01991407945752144,
      0.0216054730117321,
      0.019946405664086342,
      0.019116895273327827,
      0.020306725054979324,
      0.019464023411273956,
      0.019799456000328064,
      0.01908661238849163,
      0.020825166255235672,
      0.019736219197511673,
      0.019796203821897507,
      0.02001204900443554,
      0.020076865330338478,
      0.019193043932318687,
      0.02006501890718937,
      0.01932906173169613,
      0.018675191327929497,
      0.019286293536424637,
      0.018793797120451927,
      0.01893490180373192,
      0.01882741041481495,
      0.018167691305279732,
      0.018786439672112465,
      0.01857488416135311,
      0.02010667510330677,
      0.018076440319418907,
      0.01870240643620491,
      0.018972063437104225,
      0.018091952428221703,
      0.01898830011487007,
      0.018489859998226166,
      0.018090205267071724,
      0.01910167932510376,
      0.01820257306098938,
      0.01780495047569275,
      0.018624620512127876,
      0.019340526312589645,
      0.01929517276585102,
      0.019245631992816925,
      0.01878015138208866,
      0.019024865701794624,
      0.018429948017001152,
      0.018361246213316917,
      0.01960453949868679,
      0.01831039786338806,
      0.018005939200520515,
      0.01855327934026718,
      0.018851101398468018,
      0.018773837015032768,
      0.018334422260522842,
      0.017782151699066162,
      0.01856265217065811,
      0.019349772483110428,
      0.018621526658535004,
      0.018517810851335526,
      0.01862216182053089,
      0.01882384717464447,
      0.01902744174003601,
      0.017971789464354515,
      0.01793072558939457,
      0.018693702295422554,
      0.01796104945242405,
      0.018884429708123207,
      0.018014878034591675,
      0.0175872091203928,
      0.018096663057804108,
      0.017990943044424057,
      0.01809052936732769,
      0.017993483692407608,
      0.01810886338353157,
      0.01842338964343071,
      0.018549727275967598,
      0.018093233928084373,
      0.018310479819774628,
      0.017899947240948677,
      0.01853286288678646,
      0.01841374859213829,
      0.01775718666613102,
      0.016952797770500183,
      0.01861332543194294,
      0.017879875376820564,
      0.017505498602986336,
      0.017630070447921753,
      0.01829770766198635,
      0.01818731427192688,
      0.01755957491695881,
      0.018279600888490677,
      0.018273426219820976,
      0.017836349084973335,
      0.01761014759540558,
      0.018072566017508507,
      0.017652053385972977,
      0.017430465668439865,
      0.017450138926506042,
      0.017434991896152496,
      0.01784563437104225,
      0.0168688353151083,
      0.018559172749519348,
      0.018124546855688095,
      0.0185244083404541,
      0.01757945492863655,
      0.017776701599359512,
      0.01760837994515896,
      0.018815554678440094,
      0.0170309878885746,
      0.017968637868762016,
      0.017867686226963997,
      0.0180154237896204,
      0.01725991815328598,
      0.018300317227840424,
      0.018075162544846535,
      0.017350655049085617,
      0.01769023761153221,
      0.017829494550824165,
      0.017086965963244438,
      0.017788996919989586,
      0.01760881021618843,
      0.018117183819413185,
      0.017753833904862404,
      0.017315519973635674,
      0.01735810935497284,
      0.01751399040222168,
      0.017570368945598602,
      0.01794792152941227,
      0.017702363431453705,
      0.01793108507990837,
      0.01772679015994072,
      0.01783842220902443,
      0.017929688096046448,
      0.018188850954174995,
      0.017824683338403702,
      0.01783660426735878,
      0.01790008880198002,
      0.017822472378611565,
      0.01842944696545601,
      0.01681479997932911,
      0.017468582838773727,
      0.01796458289027214,
      0.017651665955781937,
      0.017587797716259956,
      0.017346268519759178,
      0.018157489597797394,
      0.01767563819885254,
      0.01773097552359104,
      0.017169415950775146,
      0.017605217173695564,
      0.01722467690706253,
      0.01724185049533844,
      0.017886755988001823,
      0.017880039289593697,
      0.016630956903100014,
      0.016762258484959602,
      0.01753240078687668,
      0.01764633320271969,
      0.01689319871366024,
      0.01746181771159172,
      0.017754973843693733,
      0.017443634569644928,
      0.017589876428246498,
      0.017911601811647415,
      0.01709752157330513,
      0.017342520877718925,
      0.01725122518837452,
      0.01816248707473278,
      0.017491821199655533,
      0.01759505271911621,
      0.017776869237422943,
      0.01733771525323391,
      0.01798347570002079,
      0.01785104349255562,
      0.017811888828873634,
      0.016937319189310074,
      0.017824985086917877,
      0.01740572787821293,
      0.017236249521374702,
      0.01715853251516819,
      0.01736273802816868,
      0.017544154077768326,
      0.017012832686305046,
      0.01734437234699726,
      0.016916045919060707,
      0.017630789428949356,
      0.01693587936460972,
      0.016995899379253387,
      0.017078176140785217,
      0.017264120280742645,
      0.01717766374349594,
      0.016887705773115158,
      0.01775462180376053,
      0.01734091155230999,
      0.017406808212399483,
      0.01717195473611355,
      0.017302706837654114,
      0.01722397655248642,
      0.017032548785209656,
      0.017150158062577248,
      0.01692543551325798,
      0.01724248006939888,
      0.017167625948786736,
      0.017097078263759613,
      0.01708189956843853,
      0.017782893031835556,
      0.017535487189888954,
      0.01695965975522995,
      0.016737304627895355,
      0.017249390482902527,
      0.017179813235998154,
      0.01688520796597004,
      0.01711108162999153,
      0.01718825101852417,
      0.017240727320313454,
      0.016886476427316666,
      0.01706361025571823,
      0.016721300780773163,
      0.01750589907169342,
      0.017351293936371803,
      0.017478186637163162,
      0.016398418694734573,
      0.017200471833348274,
      0.016816115006804466,
      0.01745709590613842,
      0.0176482442766428,
