{
   "number_epochs": 500,
   "info_used": "full info",
   "perc_full_data": 0.8,
   "n_epochs_no_selection": 0,
   "Frequency % cutoff": 0.25,
   "hidden_size": 32,
   "random_state": 8,
   "train_errors": [
      0.7105684280395508,
      0.7052859663963318,
      0.6990576386451721,
      0.6940919756889343,
      0.6885247826576233,
      0.6848679184913635,
      0.6815710067749023,
      0.6780859231948853,
      0.6749807596206665,
      0.6732887625694275,
      0.6685882210731506,
      0.6664758920669556,
      0.6662300229072571,
      0.6656363010406494,
      0.6634941101074219,
      0.6654504537582397,
      0.6656432747840881,
      0.6614658832550049,
      0.6630183458328247,
      0.6602630615234375,
      0.6599264144897461,
      0.6611759066581726,
      0.6586614847183228,
      0.656726598739624,
      0.6554285287857056,
      0.6566208004951477,
      0.6542763113975525,
      0.6531325578689575,
      0.6518672108650208,
      0.6517971754074097,
      0.6503956913948059,
      0.6486101150512695,
      0.6449571251869202,
      0.6458906531333923,
      0.6436634659767151,
      0.6416217684745789,
      0.6384263634681702,
      0.6389552354812622,
      0.6369991898536682,
      0.6356339454650879,
      0.6316995620727539,
      0.6292622685432434,
      0.6298568248748779,
      0.6277053356170654,
      0.6215032339096069,
      0.6198463439941406,
      0.6185131669044495,
      0.6154608130455017,
      0.614783525466919,
      0.6127417683601379,
      0.6125656962394714,
      0.6031891107559204,
      0.6019079089164734,
      0.5974205136299133,
      0.599361777305603,
      0.592231810092926,
      0.5921501517295837,
      0.5947457551956177,
      0.5933628678321838,
      0.5833126306533813,
      0.5874016284942627,
      0.5837292075157166,
      0.5855593085289001,
      0.5861520767211914,
      0.578228771686554,
      0.5934777855873108,
      0.5875609517097473,
      0.5838845372200012,
      0.5817972421646118,
      0.5859666466712952,
      0.5777392983436584,
      0.5839144587516785,
      0.5895169377326965,
      0.5823113322257996,
      0.5920233130455017,
      0.583281934261322,
      0.5880239009857178,
      0.5798112154006958,
      0.5861071944236755,
      0.5825742483139038,
      0.5841838717460632,
      0.585915207862854,
      0.576852560043335,
      0.5783923864364624,
      0.5848732590675354,
      0.5844166874885559,
      0.5744985938072205,
      0.5870764255523682,
      0.572044312953949,
      0.5734584927558899,
      0.5720147490501404,
      0.578701376914978,
      0.5790167450904846,
      0.5723336338996887,
      0.5745715498924255,
      0.5761893391609192,
      0.5770783424377441,
      0.5769701600074768,
      0.579704225063324,
      0.574061930179596,
      0.5812274813652039,
      0.5790094137191772,
      0.5791701674461365,
      0.580141544342041,
      0.578057587146759,
      0.574200451374054,
      0.5763250589370728,
      0.5753563046455383,
      0.5701131820678711,
      0.5738112330436707,
      0.5699661374092102,
      0.5742157101631165,
      0.5714073777198792,
      0.5713761448860168,
      0.5705990195274353,
      0.5711190700531006,
      0.5744149684906006,
      0.570833683013916,
      0.5714514255523682,
      0.5698941946029663,
      0.5736382007598877,
      0.5776777267456055,
      0.5749281048774719,
      0.5681034922599792,
      0.5757970809936523,
      0.573600172996521,
      0.5744236707687378,
      0.5744995474815369,
      0.5758130550384521,
      0.5660688281059265,
      0.5707574486732483,
      0.5672807693481445,
      0.5746372938156128,
      0.5705966353416443,
      0.5686420798301697,
      0.5678210258483887,
      0.5765621066093445,
      0.5731867551803589,
      0.575697124004364,
      0.5694290995597839,
      0.5792432427406311,
      0.5737380385398865,
      0.5685288310050964,
      0.5643351078033447,
      0.572029709815979,
      0.5670435428619385,
      0.5724164247512817,
      0.5665498971939087,
      0.5668339133262634,
      0.5681779384613037,
      0.5790821313858032,
      0.5666617751121521,
      0.5727231502532959,
      0.5655555725097656,
      0.5654736161231995,
      0.5658136606216431,
      0.5632182955741882,
      0.5733105540275574,
      0.5760373473167419,
      0.573861300945282,
      0.5660318732261658,
      0.5655443668365479,
      0.5716133713722229,
      0.5691326856613159,
      0.5715038180351257,
      0.5659700632095337,
      0.5636023879051208,
      0.5673756003379822,
      0.5699373483657837,
      0.5714902877807617,
      0.5719095468521118,
      0.5705799460411072,
      0.5677680969238281,
      0.5657950639724731,
      0.5653074383735657,
      0.5724106431007385,
      0.5632039308547974,
      0.5629891157150269,
      0.5662046670913696,
      0.5712303519248962,
      0.5681299567222595,
      0.5604895353317261,
      0.5680049657821655,
      0.5638275146484375,
      0.5729483366012573,
      0.5760707259178162,
      0.5643578767776489,
      0.5645981431007385,
      0.5707181096076965,
      0.566676914691925,
      0.5699824690818787,
      0.5615171194076538,
      0.5629221796989441,
      0.568751335144043,
      0.5629407167434692,
      0.5625102519989014,
      0.5637703537940979,
      0.560829758644104,
      0.5665047764778137,
      0.5693636536598206,
      0.5640667080879211,
      0.5677056908607483,
      0.5630760788917542,
      0.5657862424850464,
      0.5648658275604248,
      0.5579444766044617,
      0.5704687237739563,
      0.5721392035484314,
      0.5618124008178711,
      0.5630031228065491,
      0.5622179508209229,
      0.5607535243034363,
      0.5663350820541382,
      0.5679721236228943,
      0.5680709481239319,
      0.5648748278617859,
      0.5684405565261841,
      0.5638701915740967,
      0.5659627914428711,
      0.564764142036438,
      0.5677804946899414,
      0.5596390962600708,
      0.5590344071388245,
      0.5635940432548523,
      0.5629274249076843,
      0.5636336207389832,
      0.5579358339309692,
      0.569130539894104,
      0.5614979267120361,
      0.5633856058120728,
      0.5625618696212769,
      0.5615618228912354,
      0.5663467645645142,
      0.565970242023468,
      0.5614954233169556,
      0.5583985447883606,
      0.5617964267730713,
      0.5655561685562134,
      0.5648090839385986,
      0.5586042404174805,
      0.561703622341156,
      0.5654469132423401,
      0.5616013407707214,
      0.5606710910797119,
      0.5556185841560364,
      0.5705771446228027,
      0.5619031190872192,
      0.5580576658248901,
      0.5664240717887878,
      0.5670809149742126,
      0.5670276284217834,
      0.5703228116035461,
      0.5587464570999146,
      0.5631789565086365,
      0.562021791934967,
      0.5556797385215759,
      0.5630260705947876,
      0.5620536804199219,
      0.560249924659729,
      0.5583240389823914,
      0.5560387969017029,
      0.5624725818634033,
      0.5611205697059631,
      0.561511754989624,
      0.5548158288002014,
      0.5632124543190002,
      0.5588540434837341,
      0.5651034116744995,
      0.5617234706878662,
      0.5529365539550781,
      0.5536208748817444,
      0.5568611025810242,
      0.5618517398834229,
      0.5582895874977112,
      0.5632825493812561,
      0.5563672184944153,
      0.5561675429344177,
      0.5525927543640137,
      0.5565547347068787,
      0.563227653503418,
      0.5594077110290527,
      0.5609520077705383,
      0.5571276545524597,
      0.5608891844749451,
      0.5520991086959839,
      0.5494270324707031,
      0.5575073957443237,
      0.5572895407676697,
      0.5517488718032837,
      0.5552634000778198,
      0.553747296333313,
      0.5555290579795837,
      0.5586651563644409,
      0.5566964149475098,
      0.5514705777168274,
      0.5651125907897949,
      0.5519080758094788,
      0.5519395470619202,
      0.5536645650863647,
      0.5524371266365051,
