{
   "number_epochs": 500,
   "info_used": "use hypothesis",
   "perc_full_data": 0.8,
   "n_epochs_no_selection": 0,
   "Frequency % cutoff": 0.25,
   "hidden_size": 32,
   "random_state": 11,
   "train_errors": [
      0.7786943912506104,
      0.7665008902549744,
      0.7535839676856995,
      0.7388913631439209,
      0.7263197302818298,
      0.711608350276947,
      0.7029938101768494,
      0.6975396871566772,
      0.6954588890075684,
      0.6945595145225525,
      0.693834662437439,
      0.6935148239135742,
      0.6934362053871155,
      0.6933093667030334,
      0.6932482123374939,
      0.6932694911956787,
      0.6933186054229736,
      0.6932439208030701,
      0.6931905150413513,
      0.6932646036148071,
      0.6932864785194397,
      0.6932170391082764,
      0.6932194828987122,
      0.6932199597358704,
      0.6932220458984375,
      0.6932302713394165,
      0.6932163834571838,
      0.6931906342506409,
      0.6931746006011963,
      0.6932023763656616,
      0.6931955814361572,
      0.6932017207145691,
      0.6931779384613037,
      0.6931753754615784,
      0.6931803226470947,
      0.6931943297386169,
      0.6931558847427368,
      0.69319748878479,
      0.6931732296943665,
      0.6931694746017456,
      0.6931631565093994,
      0.6931942105293274,
      0.6931902170181274,
      0.6931819915771484,
      0.6931596994400024,
      0.6931653618812561,
      0.6931719183921814,
      0.6931711435317993,
      0.6931814551353455,
      0.693170428276062,
      0.6931591629981995,
      0.6931706070899963,
      0.6931639909744263,
      0.6931779980659485,
      0.6931638717651367,
      0.6931800246238708,
      0.6931714415550232,
      0.6931703090667725,
      0.6931743025779724,
      0.693157970905304,
      0.6931580305099487,
      0.693177342414856,
      0.6931719183921814,
      0.6931608319282532,
      0.6931701302528381,
      0.6931629180908203,
      0.6931669116020203,
      0.6931654214859009,
      0.6931480169296265,
      0.6931615471839905,
      0.693160891532898,
      0.6931617259979248,
      0.6931464672088623,
      0.6931657195091248,
      0.6931725740432739,
      0.6931660175323486,
      0.6931555867195129,
      0.6931658983230591,
      0.6931590437889099,
      0.6931655406951904,
      0.693159818649292,
      0.6931615471839905,
      0.6931605935096741,
      0.6931495070457458,
      0.6931505799293518,
      0.6931557059288025,
      0.6931601166725159,
      0.6931514143943787,
      0.6931585073471069,
      0.6931521892547607,
      0.693149983882904,
      0.69315105676651,
      0.6931543946266174,
      0.6931691765785217,
      0.6931616067886353,
      0.6931610703468323,
      0.6931557655334473,
      0.6931568384170532,
      0.6931576728820801,
      0.6931623816490173,
      0.6931561827659607,
      0.693156361579895,
      0.6931562423706055,
      0.6931644082069397,
      0.6931551098823547,
      0.6931551694869995,
      0.6931411623954773,
      0.6931512355804443,
      0.6931517124176025,
      0.6931524872779846,
      0.6931552290916443,
      0.6931540966033936,
      0.6931536793708801,
      0.6931591629981995,
      0.6931517124176025,
      0.693152666091919,
      0.6931536793708801,
      0.6931552290916443,
      0.6931511759757996,
      0.6931599378585815,
      0.6931472420692444,
      0.6931553483009338,
      0.6931480765342712,
      0.6931565403938293,
      0.6931518316268921,
      0.6931567192077637,
      0.6931529641151428,
      0.693149983882904,
      0.6931521892547607,
      0.6931537389755249,
      0.6931536793708801,
      0.693149983882904,
      0.6931484937667847,
      0.6931553483009338,
      0.6931524872779846,
      0.6931530237197876,
      0.693153440952301,
      0.6931514143943787,
      0.6931529641151428,
      0.6931513547897339,
      0.6931537389755249,
      0.6931551098823547,
      0.6931535601615906,
      0.693147599697113,
      0.6931551098823547,
      0.6931503415107727,
      0.6931513547897339,
      0.6931504607200623,
      0.6931483149528503,
      0.693152904510498,
      0.6931453347206116,
      0.693153440952301,
      0.6931528449058533,
      0.6931459307670593,
      0.6931516528129578,
      0.6931516528129578,
      0.6931509375572205,
      0.6931541562080383,
      0.6931495070457458,
      0.6931453347206116,
      0.6931440234184265,
      0.6931502819061279,
      0.693153440952301,
      0.6931512355804443,
      0.6931434869766235,
      0.6931467652320862,
      0.693149745464325,
      0.6931518912315369,
      0.6931467652320862,
      0.6931498646736145,
      0.6931509375572205,
      0.6931506991386414,
      0.6931505799293518,
      0.6931480169296265,
      0.6931469440460205,
      0.6931480765342712,
      0.6931478977203369,
      0.6931472420692444,
      0.6931474208831787,
      0.6931473016738892,
      0.6931471228599548,
      0.6931472420692444,
      0.6931474804878235,
      0.6931472420692444,
      0.6931471824645996,
      0.6931472420692444,
      0.6931472420692444,
      0.6931471228599548,
      0.6931471824645996,
      0.6931471228599548,
      0.6931472420692444,
      0.6931472420692444,
      0.6931472420692444,
      0.6931471228599548,
      0.6931471824645996,
      0.6931471228599548,
      0.6931472420692444,
      0.6931471228599548,
      0.6931472420692444,
      0.6931472420692444,
      0.6931472420692444,
      0.6931471228599548,
      0.6931471228599548,
      0.6931471228599548,
      0.6931471228599548,
      0.6931471824645996,
      0.6931471824645996,
      0.6931472420692444,
      0.6931471228599548,
      0.6931471228599548,
      0.6931471824645996,
      0.6931471824645996,
      0.6931471824645996,
      0.6931471824645996,
      0.6931472420692444,
      0.6931471824645996,
      0.6931472420692444,
      0.6931472420692444,
      0.6931471228599548,
      0.6931471824645996,
      0.6931471824645996,
      0.6931471824645996,
      0.6931471824645996,
      0.6931471824645996,
      0.6931471824645996,
      0.6931471824645996,
      0.6931471228599548,
      0.6931471824645996,
      0.6931471228599548,
      0.6931471824645996,
      0.6931471824645996,
      0.6931471228599548,
      0.6931471824645996,
      0.6931471824645996,
      0.6931471824645996,
      0.6931471824645996,
      0.6931471824645996,
      0.6931471824645996,
      0.6931471824645996,
      0.6931472420692444,
      0.6931472420692444,
      0.6931471824645996,
      0.6931472420692444,
      0.6931471824645996,
      0.6931472420692444,
      0.6931471228599548,
      0.6931472420692444,
      0.6931471824645996,
      0.6931471824645996,
      0.6931471824645996,
      0.6931471824645996,
      0.6931471824645996,
      0.6931471824645996,
      0.6931471228599548,
      0.6931471824645996,
      0.6931471228599548,
      0.6931472420692444,
      0.6931471824645996,
      0.6931471824645996,
      0.6931471824645996,
      0.6931471824645996,
      0.6931471228599548,
      0.6931472420692444,
      0.6931472420692444,
      0.6931471824645996,
      0.6931471824645996,
      0.6931471824645996,
      0.6931471824645996,
      0.6931471824645996,
      0.6931471824645996,
      0.6931471824645996,
      0.6931471824645996,
      0.6931471824645996,
      0.6931471824645996,
      0.6931471824645996,
      0.6931471824645996,
      0.6931471824645996,
      0.6931471824645996,
      0.6931471824645996,
      0.6931471824645996,
      0.6931471824645996,
      0.6931471824645996,
      0.6931471824645996,
      0.6931471824645996,
      0.6931471824645996,
      0.6931471824645996,
      0.6931471824645996,
      0.6931471228599548,
      0.6931471824645996,
      0.6931472420692444,
      0.6931471824645996,
      0.6931471824645996,
      0.6931471824645996,
      0.6931471824645996,
      0.6931471824645996,
      0.6931471824645996,
      0.6931471824645996,
      0.6931471824645996,
      0.6931471824645996,
      0.6931471824645996,
