{
   "number_epochs": 500,
   "info_used": "use known only",
   "perc_full_data": 0.8,
   "n_epochs_no_selection": 0,
   "Frequency % cutoff": 0.25,
   "hidden_size": 32,
   "random_state": 9,
   "train_errors": [
      0.7039045095443726,
      0.6954405307769775,
      0.6889292597770691,
      0.6823872327804565,
      0.6770029067993164,
      0.6713787913322449,
      0.6660833358764648,
      0.6627056002616882,
      0.6591650247573853,
      0.6538828015327454,
      0.6531322598457336,
      0.650123119354248,
      0.6499838829040527,
      0.6497352123260498,
      0.6479682326316833,
      0.6478836536407471,
      0.6494663953781128,
      0.6493676900863647,
      0.6495030522346497,
      0.6489816308021545,
      0.6510587930679321,
      0.6478673219680786,
      0.6485725045204163,
      0.6448242664337158,
      0.6423171758651733,
      0.6423078775405884,
      0.6394831538200378,
      0.6440935134887695,
      0.639503538608551,
      0.6402453780174255,
      0.6369652152061462,
      0.6388559341430664,
      0.6365247964859009,
      0.6330073475837708,
      0.6337307095527649,
      0.6338306069374084,
      0.6340668201446533,
      0.6330121755599976,
      0.6317867636680603,
      0.629203736782074,
      0.6275402307510376,
      0.6259596347808838,
      0.6224170327186584,
      0.6224175095558167,
      0.6231865286827087,
      0.6176111102104187,
      0.6191927790641785,
      0.61673504114151,
      0.6153960824012756,
      0.6131986379623413,
      0.608562707901001,
      0.6092273592948914,
      0.6050079464912415,
      0.6084039211273193,
      0.609539270401001,
      0.6067954897880554,
      0.6037294864654541,
      0.6028351783752441,
      0.601797878742218,
      0.5976017117500305,
      0.5977193713188171,
      0.593219518661499,
      0.5897697806358337,
      0.5882653594017029,
      0.5889337062835693,
      0.587225615978241,
      0.5862476825714111,
      0.5830588340759277,
      0.5879533290863037,
      0.583154559135437,
      0.5797931551933289,
      0.581913948059082,
      0.5774625539779663,
      0.580065906047821,
      0.5768471360206604,
      0.5792467594146729,
      0.5768396854400635,
      0.5732375979423523,
      0.5753930807113647,
      0.5700592398643494,
      0.5687477588653564,
      0.5726280808448792,
      0.5668741464614868,
      0.5745002627372742,
      0.5718932151794434,
      0.5757833123207092,
      0.5688105225563049,
      0.5705769658088684,
      0.5747190117835999,
      0.5717535018920898,
      0.5649453997612,
      0.576468288898468,
      0.5742660164833069,
      0.5690304040908813,
      0.5688056349754333,
      0.5595601797103882,
      0.5692389607429504,
      0.5713019967079163,
      0.5676119327545166,
      0.5754958987236023,
      0.5661620497703552,
      0.56492018699646,
      0.5680123567581177,
      0.574648380279541,
      0.5675628185272217,
      0.5633811354637146,
      0.5688450932502747,
      0.5697683095932007,
      0.5642068386077881,
      0.5697455406188965,
      0.5673073530197144,
      0.5661659836769104,
      0.5638790726661682,
      0.5697100162506104,
      0.5721588134765625,
      0.5653530955314636,
      0.5649808049201965,
      0.571398138999939,
      0.565691351890564,
      0.5704351663589478,
      0.5746479630470276,
      0.5669534802436829,
      0.56659334897995,
      0.5559322237968445,
      0.5695023536682129,
      0.5723167061805725,
      0.5708033442497253,
      0.570001482963562,
      0.5684184432029724,
      0.5699657201766968,
      0.5714145302772522,
      0.5705127120018005,
      0.5699777603149414,
      0.569325864315033,
      0.5678754448890686,
      0.559954047203064,
      0.574393093585968,
      0.5632615089416504,
      0.5725870132446289,
      0.5720341205596924,
      0.570425271987915,
      0.5679292678833008,
      0.5703368186950684,
      0.5672494769096375,
      0.5706591010093689,
      0.561732292175293,
      0.5680902004241943,
      0.5701548457145691,
      0.5665582418441772,
      0.5651266574859619,
      0.5643631815910339,
      0.5697998404502869,
      0.5667794346809387,
      0.5726754665374756,
      0.5660973191261292,
      0.5635907053947449,
      0.5689409971237183,
      0.567116916179657,
      0.5698590874671936,
      0.5662519931793213,
      0.5644315481185913,
      0.5624075531959534,
      0.5663663744926453,
      0.5715559124946594,
      0.5684176683425903,
      0.5638548135757446,
      0.5625410079956055,
      0.5686754584312439,
      0.5637347102165222,
      0.5645333528518677,
      0.567082405090332,
      0.5647033452987671,
      0.5673646926879883,
      0.5670039653778076,
      0.5624618530273438,
      0.5725043416023254,
      0.5683233737945557,
      0.5637684464454651,
      0.5647582411766052,
      0.5656707882881165,
      0.5674636960029602,
      0.5647867918014526,
      0.5682575702667236,
      0.5609096884727478,
      0.563310444355011,
      0.5623750686645508,
      0.5671108365058899,
      0.5680417418479919,
      0.5630864500999451,
      0.569985032081604,
      0.5707244277000427,
      0.5689029097557068,
      0.5662765502929688,
      0.5624150037765503,
      0.5631704330444336,
      0.5715166926383972,
      0.56299889087677,
      0.566655695438385,
      0.5625472664833069,
      0.5686615705490112,
      0.5633649230003357,
      0.5642033219337463,
      0.5695370435714722,
      0.5682051181793213,
      0.5602867603302002,
      0.5661474466323853,
      0.5656947493553162,
      0.5648552179336548,
      0.564632773399353,
      0.5681726932525635,
      0.5631193518638611,
      0.5682189464569092,
      0.5697422623634338,
      0.5716824531555176,
      0.5639254450798035,
      0.5632835030555725,
      0.5651979446411133,
      0.5640045404434204,
      0.5620206594467163,
      0.5664306282997131,
      0.5610446333885193,
      0.5632891654968262,
      0.5640677213668823,
      0.5602843761444092,
      0.5668773651123047,
      0.5672374367713928,
      0.5709076523780823,
      0.563957154750824,
      0.5633901357650757,
      0.5678521990776062,
      0.5673227906227112,
      0.5668124556541443,
      0.5609731674194336,
      0.5616717338562012,
      0.5698021054267883,
      0.5676687359809875,
      0.5633325576782227,
      0.5661987662315369,
      0.5636826753616333,
      0.5696236491203308,
      0.5638646483421326,
      0.5689502358436584,
      0.5677992105484009,
      0.5666294693946838,
      0.5568621158599854,
      0.5647469162940979,
      0.565913736820221,
      0.56124347448349,
      0.5596478581428528,
      0.5635965466499329,
      0.5621158480644226,
      0.5653205513954163,
      0.5615840554237366,
      0.5599424242973328,
      0.566397488117218,
      0.5642306208610535,
      0.5647467374801636,
      0.5659523606300354,
      0.5666200518608093,
      0.5690128207206726,
      0.5634405016899109,
      0.5720915794372559,
      0.5671098232269287,
      0.5699987411499023,
      0.5665726661682129,
      0.5630436539649963,
      0.5639907717704773,
      0.5680097341537476,
      0.5622486472129822,
      0.570067286491394,
      0.5651282668113708,
      0.5652157664299011,
      0.5580152273178101,
      0.5637468099594116,
      0.563330888748169,
      0.5638397932052612,
      0.550758957862854,
      0.5662693977355957,
      0.5613466501235962,
      0.5618631839752197,
      0.5674672722816467,
      0.5610972046852112,
      0.5628365874290466,
      0.566810667514801,
      0.5671243667602539,
      0.5692402124404907,
      0.5623893737792969,
      0.566072404384613,
      0.5684142112731934,
      0.5620807409286499,
      0.5620225667953491,
      0.5693935751914978,
      0.5657059550285339,
      0.5665318369865417,
      0.5627707242965698,
      0.5703172087669373,
      0.5647687911987305,
      0.5623103976249695,
      0.5714263319969177,
      0.5672822594642639,
      0.5631284713745117,
