{
   "number_epochs": 500,
   "info_used": "use known only",
   "perc_full_data": 0.3,
   "n_epochs_no_selection": 0,
   "Frequency % cutoff": 0.25,
   "hidden_size": 32,
   "random_state": 5,
   "train_errors": [
      0.6946203708648682,
      0.6905003190040588,
      0.6880651116371155,
      0.6842617988586426,
      0.6814369559288025,
      0.6784183382987976,
      0.6766327023506165,
      0.673626720905304,
      0.6721193790435791,
      0.6698992848396301,
      0.6679853796958923,
      0.6683717370033264,
      0.6690541505813599,
      0.6684362888336182,
      0.6681422591209412,
      0.6671769022941589,
      0.6672013998031616,
      0.6670875549316406,
      0.6641400456428528,
      0.6645763516426086,
      0.6638829112052917,
      0.6625841856002808,
      0.6617087721824646,
      0.6612157821655273,
      0.6603246331214905,
      0.658883810043335,
      0.6574558615684509,
      0.6561126112937927,
      0.657460629940033,
      0.6538261771202087,
      0.6556295156478882,
      0.6554244756698608,
      0.6548041701316833,
      0.6543397307395935,
      0.6496778726577759,
      0.6472640633583069,
      0.6456732749938965,
      0.6496143937110901,
      0.6463928818702698,
      0.6452106833457947,
      0.6426253318786621,
      0.6391482949256897,
      0.639873743057251,
      0.6419718265533447,
      0.6436612606048584,
      0.6375946402549744,
      0.6295956373214722,
      0.6365185976028442,
      0.6296953558921814,
      0.6308076977729797,
      0.6286342740058899,
      0.6265203356742859,
      0.6250606179237366,
      0.6225963234901428,
      0.6234210729598999,
      0.6215108633041382,
      0.624672532081604,
      0.6161467432975769,
      0.626073956489563,
      0.6117483377456665,
      0.6194318532943726,
      0.6260907053947449,
      0.6142039895057678,
      0.6162710189819336,
      0.6130595803260803,
      0.618044376373291,
      0.6152776479721069,
      0.6170770525932312,
      0.614629328250885,
      0.6154910326004028,
      0.6092959046363831,
      0.607536256313324,
      0.619051992893219,
      0.6086698770523071,
      0.6058985590934753,
      0.624731183052063,
      0.6111912131309509,
      0.6061339974403381,
      0.6072668433189392,
      0.6112145781517029,
      0.6098343729972839,
      0.6111018657684326,
      0.612129271030426,
      0.6082844734191895,
      0.6022413372993469,
      0.605840265750885,
      0.6137659549713135,
      0.5989954471588135,
      0.6101953983306885,
      0.6125493049621582,
      0.6149141788482666,
      0.6098087430000305,
      0.6116695404052734,
      0.6084114909172058,
      0.6064141392707825,
      0.6088041663169861,
      0.6068227887153625,
      0.607718288898468,
      0.6079105734825134,
      0.6094136238098145,
      0.5997254252433777,
      0.599801242351532,
      0.602550745010376,
      0.6061696410179138,
      0.6071531772613525,
      0.613025426864624,
      0.6061308979988098,
      0.609062135219574,
      0.6027231216430664,
      0.60220867395401,
      0.6002733707427979,
      0.6057019829750061,
      0.5995325446128845,
      0.6025432348251343,
      0.607079803943634,
      0.5978526473045349,
      0.6013930439949036,
      0.5978118181228638,
      0.5997855067253113,
      0.5999279022216797,
      0.6012585163116455,
      0.5976256132125854,
      0.6031582951545715,
      0.6044472455978394,
      0.6003158092498779,
      0.5958348512649536,
      0.602726936340332,
      0.6004388332366943,
      0.5999589562416077,
      0.5930162668228149,
      0.5984331369400024,
      0.5948024392127991,
      0.5984726548194885,
      0.6010669469833374,
      0.5975073575973511,
      0.5964981913566589,
      0.5996814966201782,
      0.5955178141593933,
      0.600824236869812,
      0.5915417671203613,
      0.5933613181114197,
      0.5979478359222412,
      0.5914405584335327,
      0.5966751575469971,
      0.6013085842132568,
      0.6033664345741272,
      0.6061723828315735,
      0.5886949896812439,
      0.5973758101463318,
      0.6020758748054504,
      0.5928258895874023,
      0.596736490726471,
      0.5928144454956055,
      0.5988216400146484,
      0.5967021584510803,
      0.5965133309364319,
      0.5966062545776367,
      0.6026744246482849,
      0.5979316830635071,
      0.5948989987373352,
      0.5889022946357727,
      0.6001185774803162,
      0.587308943271637,
      0.5958068370819092,
      0.5903075337409973,
      0.5928931832313538,
      0.5923944115638733,
      0.5951372981071472,
      0.5925204157829285,
      0.589972198009491,
      0.5851471424102783,
      0.591637372970581,
      0.58891361951828,
      0.5807107090950012,
      0.587623655796051,
      0.5933411717414856,
      0.5901013016700745,
      0.5880745053291321,
      0.5997859239578247,
      0.5908445119857788,
      0.5918947458267212,
      0.5946702361106873,
      0.5939463973045349,
      0.5866788029670715,
      0.5932994484901428,
      0.5903894901275635,
      0.5823640823364258,
      0.5821115374565125,
      0.5889169573783875,
      0.5820892453193665,
      0.5916526913642883,
      0.5862205624580383,
      0.5846109390258789,
      0.58682781457901,
      0.589709460735321,
      0.5860750675201416,
      0.5825918912887573,
      0.5873778462409973,
      0.5895280241966248,
      0.5819857716560364,
      0.5842759609222412,
      0.5846733450889587,
      0.5885816216468811,
      0.5825150609016418,
      0.5872092247009277,
      0.5854158401489258,
      0.5816991329193115,
      0.5891796350479126,
      0.5833143591880798,
      0.5831934213638306,
      0.586000919342041,
      0.5866376161575317,
      0.5924784541130066,
      0.588753342628479,
      0.5825688242912292,
      0.580893337726593,
      0.5852870345115662,
      0.576600968837738,
      0.5771539211273193,
      0.5836969614028931,
      0.5785595774650574,
      0.57773756980896,
      0.5829166769981384,
      0.5818007588386536,
      0.5826059579849243,
      0.5816408395767212,
      0.581752598285675,
      0.5782185196876526,
      0.5870490670204163,
      0.5786092877388,
      0.5849649906158447,
      0.5820832848548889,
      0.57386314868927,
      0.5891011357307434,
      0.5717102885246277,
      0.5823509693145752,
      0.5797297954559326,
      0.580255389213562,
      0.5795432329177856,
      0.5817888379096985,
      0.5805552005767822,
      0.5738248825073242,
      0.5844441056251526,
      0.5853193402290344,
      0.5801399350166321,
      0.5796819925308228,
      0.5778502821922302,
      0.5774002075195312,
      0.5753616690635681,
      0.5694237351417542,
      0.5785249471664429,
      0.5814490914344788,
      0.5786252617835999,
      0.580014169216156,
      0.5789917707443237,
      0.5792901515960693,
      0.5824105739593506,
      0.5750841498374939,
      0.5790130496025085,
      0.5813150405883789,
      0.5908812880516052,
      0.5824160575866699,
      0.5830567479133606,
      0.5768713355064392,
      0.5767892599105835,
      0.5849676132202148,
      0.5845440030097961,
      0.5776166915893555,
      0.5761383175849915,
      0.5843392014503479,
      0.5772350430488586,
      0.5785727500915527,
      0.5740405321121216,
      0.5783235430717468,
      0.5831188559532166,
      0.582204282283783,
      0.5847718119621277,
      0.5756164193153381,
      0.5815560817718506,
      0.5774457454681396,
      0.5816326141357422,
      0.576045036315918,
      0.57480388879776,
      0.5761028528213501,
      0.5793522000312805,
      0.5785654783248901,
      0.5803102254867554,
      0.5814023017883301,
      0.5777353644371033,
      0.5818928480148315,
      0.5802316665649414,
      0.5774193406105042,
      0.5794216394424438,
      0.5691812038421631,
      0.5800669193267822,
      0.5756630897521973,
      0.5740777254104614,
      0.5785514712333679,
      0.5849232077598572,
      0.5776017904281616,
      0.5722350478172302,
