{
   "number_epochs": 500,
   "info_used": "use known only",
   "perc_full_data": 0.1,
   "n_epochs_no_selection": 0,
   "Frequency % cutoff": 0.25,
   "hidden_size": 32,
   "random_state": 16,
   "train_errors": [
      0.6839752793312073,
      0.6799419522285461,
      0.6760745644569397,
      0.6717615127563477,
      0.6671140193939209,
      0.663449227809906,
      0.6588568091392517,
      0.6561761498451233,
      0.6541376113891602,
      0.6501680612564087,
      0.6499889492988586,
      0.6490827798843384,
      0.650113046169281,
      0.649429202079773,
      0.6489408016204834,
      0.6475975513458252,
      0.6495875716209412,
      0.6468911170959473,
      0.6463116407394409,
      0.6465469002723694,
      0.6448844075202942,
      0.6418527364730835,
      0.6409459114074707,
      0.6405028104782104,
      0.6386829018592834,
      0.6358191967010498,
      0.6364216208457947,
      0.6369163393974304,
      0.634587287902832,
      0.6339370012283325,
      0.6325061917304993,
      0.6324166655540466,
      0.6290495991706848,
      0.6277967691421509,
      0.6238130331039429,
      0.6254980564117432,
      0.6219583749771118,
      0.6226126551628113,
      0.6199130415916443,
      0.6184220910072327,
      0.6152381896972656,
      0.6143591403961182,
      0.6144523024559021,
      0.6106057167053223,
      0.6106217503547668,
      0.6097659468650818,
      0.6094198822975159,
      0.6096565127372742,
      0.6081348061561584,
      0.5999767184257507,
      0.6023793816566467,
      0.600755512714386,
      0.6020824313163757,
      0.591755747795105,
      0.5938941836357117,
      0.5966651439666748,
      0.594291090965271,
      0.5939429402351379,
      0.5897195935249329,
      0.5903059244155884,
      0.5893467664718628,
      0.5957774519920349,
      0.5924021601676941,
      0.5957347750663757,
      0.5843443274497986,
      0.5895302295684814,
      0.5898112654685974,
      0.5927925705909729,
      0.5917167067527771,
      0.5964056253433228,
      0.5993002653121948,
      0.5904178023338318,
      0.5879325270652771,
      0.5930050611495972,
      0.6000097990036011,
      0.59236741065979,
      0.5938571095466614,
      0.5904476046562195,
      0.5894694924354553,
      0.5870397090911865,
      0.5944976806640625,
      0.5913388729095459,
      0.5900049209594727,
      0.5839310884475708,
      0.5917485952377319,
      0.5941689014434814,
      0.5897281169891357,
      0.5896690487861633,
      0.5930634140968323,
      0.5929113030433655,
      0.5934774875640869,
      0.5905175805091858,
      0.5901776552200317,
      0.5860874056816101,
      0.5891827344894409,
      0.5889089107513428,
      0.5913246273994446,
      0.5871165990829468,
      0.5885889530181885,
      0.5949634909629822,
      0.5894507169723511,
      0.5870200991630554,
      0.5908796787261963,
      0.5900012850761414,
      0.5883276462554932,
      0.587000846862793,
      0.589776337146759,
      0.593562126159668,
      0.5867307186126709,
      0.5870914459228516,
      0.5855653882026672,
      0.588906466960907,
      0.5892409682273865,
      0.5904881954193115,
      0.5891433954238892,
      0.5927726030349731,
      0.5905899405479431,
      0.5901543498039246,
      0.5927914381027222,
      0.5903714895248413,
      0.5921463966369629,
      0.592552125453949,
      0.5838789939880371,
      0.5861527919769287,
      0.5885056257247925,
      0.5860891938209534,
      0.5899509191513062,
      0.5867660641670227,
      0.5914250612258911,
      0.5864352583885193,
      0.5871846675872803,
      0.590177595615387,
      0.5833627581596375,
      0.5847268104553223,
      0.5858438611030579,
      0.5862104296684265,
      0.5892151594161987,
      0.5864785313606262,
      0.5789275169372559,
      0.5858356356620789,
      0.582089900970459,
      0.5878716111183167,
      0.584414541721344,
      0.5845264196395874,
      0.5817025899887085,
      0.5847007632255554,
      0.5852002501487732,
      0.5881948471069336,
      0.5870735049247742,
      0.5867469906806946,
      0.5875099301338196,
      0.5853067636489868,
      0.587530255317688,
      0.5839733481407166,
      0.5862358212471008,
      0.5873139500617981,
      0.5919693112373352,
      0.5902780294418335,
      0.5855818390846252,
      0.5885019898414612,
      0.5891898274421692,
      0.5873069763183594,
      0.5855041146278381,
      0.5877708792686462,
      0.5854369401931763,
      0.5870712399482727,
      0.5842403769493103,
      0.5849806070327759,
      0.5858139395713806,
      0.5873073935508728,
      0.5838220715522766,
      0.5837332010269165,
      0.5875912308692932,
      0.5836484432220459,
      0.5925292372703552,
      0.5850904583930969,
      0.5885105729103088,
      0.5852023959159851,
      0.5947573781013489,
      0.5898717641830444,
      0.5820255875587463,
      0.5907123684883118,
      0.5829316973686218,
      0.5855326652526855,
      0.5827642679214478,
      0.5834991931915283,
      0.586921751499176,
      0.5834515690803528,
      0.5878730416297913,
      0.5840893387794495,
      0.5825954675674438,
      0.5808858871459961,
      0.5842721462249756,
      0.583281397819519,
      0.5844955444335938,
      0.5853891372680664,
      0.5847527980804443,
      0.5821516513824463,
      0.5800833702087402,
      0.5879095196723938,
      0.5913422107696533,
      0.5898081064224243,
      0.5831833481788635,
      0.5791385769844055,
      0.5805515050888062,
      0.5881898403167725,
      0.5860211849212646,
      0.586253821849823,
      0.5821362137794495,
      0.5829498171806335,
      0.5784612894058228,
      0.5846678018569946,
      0.5860185027122498,
      0.5878716707229614,
      0.5817052125930786,
      0.5818057060241699,
      0.5762669444084167,
      0.581597089767456,
      0.5801525712013245,
      0.5845308303833008,
      0.5821681618690491,
      0.5870816111564636,
      0.5882515907287598,
      0.5860682725906372,
      0.5896252989768982,
      0.5843471884727478,
      0.582346498966217,
      0.5798946022987366,
      0.5828350782394409,
      0.59102463722229,
      0.581767201423645,
      0.5868402719497681,
      0.5818983316421509,
      0.5813626050949097,
      0.5815003514289856,
      0.5829024314880371,
      0.5842363238334656,
      0.5823152661323547,
      0.5798149704933167,
      0.5811738967895508,
      0.5853246450424194,
      0.5865144729614258,
      0.5808000564575195,
      0.5785680413246155,
      0.582650363445282,
      0.5859511494636536,
      0.5823372006416321,
      0.5832364559173584,
      0.5861274600028992,
      0.5827576518058777,
      0.5879185795783997,
      0.5861784219741821,
      0.5837615132331848,
      0.5804262161254883,
      0.5824432373046875,
      0.5832540988922119,
      0.5823612213134766,
      0.5849544405937195,
      0.5797643661499023,
      0.5816276669502258,
      0.5803642868995667,
      0.5820041298866272,
      0.5799993276596069,
      0.5786441564559937,
      0.586608350276947,
      0.5805825591087341,
      0.5856456160545349,
      0.5806764364242554,
      0.5825957655906677,
      0.5845199227333069,
      0.5832276344299316,
      0.5843120217323303,
      0.5728870630264282,
      0.5830770134925842,
      0.5838322043418884,
      0.5854988694190979,
      0.580296516418457,
      0.5833581686019897,
      0.5818014144897461,
      0.580633819103241,
      0.5898463129997253,
      0.5789747834205627,
      0.5872043371200562,
      0.5813287496566772,
      0.5749958157539368,
      0.5813543796539307,
      0.5825346112251282,
      0.5791561007499695,
      0.5844600796699524,
      0.5821827054023743,
      0.5761505961418152,
      0.5813174843788147,
      0.5822020769119263,
      0.5813224911689758,
      0.5830516219139099,
      0.5819299221038818,
      0.5794658660888672,
      0.5807851552963257,
      0.5809736251831055,
      0.5805211067199707,
