{
   "number_epochs": 500,
   "info_used": "use known only",
   "perc_full_data": 0.3,
   "n_epochs_no_selection": 0,
   "Frequency % cutoff": 0.25,
   "hidden_size": 32,
   "random_state": 23,
   "train_errors": [
      0.6758376359939575,
      0.6684214472770691,
      0.6633079648017883,
      0.6581137180328369,
      0.6524982452392578,
      0.6495345234870911,
      0.646855890750885,
      0.6453462839126587,
      0.64346843957901,
      0.6430662274360657,
      0.6436797976493835,
      0.6423487663269043,
      0.6426764726638794,
      0.643923282623291,
      0.6446026563644409,
      0.643149197101593,
      0.6440198421478271,
      0.6410527229309082,
      0.6420518159866333,
      0.6413986086845398,
      0.6405612826347351,
      0.6395973563194275,
      0.6391223073005676,
      0.6387948989868164,
      0.638517439365387,
      0.638043224811554,
      0.6369344592094421,
      0.6366007328033447,
      0.6369208693504333,
      0.6357533931732178,
      0.6358463168144226,
      0.6355796456336975,
      0.6337807774543762,
      0.6341367959976196,
      0.6332821249961853,
      0.6317039132118225,
      0.6311216950416565,
      0.6299123764038086,
      0.6275302767753601,
      0.6273126006126404,
      0.628709614276886,
      0.6256999969482422,
      0.6258570551872253,
      0.6228165030479431,
      0.6231721043586731,
      0.6223063468933105,
      0.6196401119232178,
      0.6216757297515869,
      0.6222479343414307,
      0.6174051761627197,
      0.6152564883232117,
      0.6129971146583557,
      0.6136797666549683,
      0.6118903756141663,
      0.6064085364341736,
      0.6049082279205322,
      0.6061311960220337,
      0.6021263003349304,
      0.6011744141578674,
      0.5977216958999634,
      0.601768434047699,
      0.6002573370933533,
      0.5965554714202881,
      0.5964801907539368,
      0.5873645544052124,
      0.5840044021606445,
      0.5862681865692139,
      0.585951030254364,
      0.5868406891822815,
      0.589271605014801,
      0.5743559002876282,
      0.5829496383666992,
      0.5762525200843811,
      0.5785366892814636,
      0.5801405906677246,
      0.5752919316291809,
      0.577239453792572,
      0.581983208656311,
      0.5787012577056885,
      0.5752087235450745,
      0.5682033896446228,
      0.5794680118560791,
      0.5722878575325012,
      0.5673776865005493,
      0.5723786950111389,
      0.5812368988990784,
      0.5883691906929016,
      0.5683116316795349,
      0.5704329013824463,
      0.5704301595687866,
      0.569405734539032,
      0.5782345533370972,
      0.568827211856842,
      0.5819057822227478,
      0.5696744918823242,
      0.5731726288795471,
      0.5752754807472229,
      0.5810487866401672,
      0.5706666707992554,
      0.5801566243171692,
      0.5697869062423706,
      0.5707351565361023,
      0.5752891898155212,
      0.5646688938140869,
      0.5721018314361572,
      0.5740752220153809,
      0.572955310344696,
      0.5675313472747803,
      0.5691747665405273,
      0.5706318020820618,
      0.5615052580833435,
      0.570670485496521,
      0.5690774917602539,
      0.5739316940307617,
      0.5648599863052368,
      0.5729862451553345,
      0.5684983134269714,
      0.5643712282180786,
      0.5670721530914307,
      0.5711960196495056,
      0.5648499131202698,
      0.5683260560035706,
      0.5693024396896362,
      0.5621092915534973,
      0.5652246475219727,
      0.5639318823814392,
      0.5697245597839355,
      0.5716591477394104,
      0.5669320821762085,
      0.5611776113510132,
      0.5655386447906494,
      0.5639439821243286,
      0.5667124390602112,
      0.5569207668304443,
      0.5669552087783813,
      0.5607208609580994,
      0.5656669735908508,
      0.5619259476661682,
      0.5650776028633118,
      0.5648225545883179,
      0.5592548847198486,
      0.5566226243972778,
      0.5545425415039062,
      0.5575008988380432,
      0.5571015477180481,
      0.5594475865364075,
      0.5599679350852966,
      0.5568614602088928,
      0.5568839907646179,
      0.5631141066551208,
      0.5652744770050049,
      0.5588353276252747,
      0.5595991611480713,
      0.5654036998748779,
      0.5475984811782837,
      0.552632749080658,
      0.5683354139328003,
      0.5640608072280884,
      0.5624797940254211,
      0.5556356906890869,
      0.559287428855896,
      0.5591529607772827,
      0.5563213229179382,
      0.5601653456687927,
      0.5548810958862305,
      0.5567581653594971,
      0.5554083585739136,
      0.5602157115936279,
      0.5538473129272461,
      0.5558990836143494,
      0.5605514645576477,
      0.553953230381012,
      0.5484567284584045,
      0.5563744306564331,
      0.5523984432220459,
      0.5597668290138245,
      0.5585054159164429,
      0.5621151328086853,
      0.5631124973297119,
      0.5603072643280029,
      0.5598289370536804,
      0.558637797832489,
      0.5528901815414429,
      0.5511260628700256,
      0.5542203187942505,
      0.5524883270263672,
      0.5518953204154968,
      0.5528842806816101,
      0.5534661412239075,
      0.5551552176475525,
      0.5546393990516663,
      0.5609351992607117,
      0.5489420890808105,
      0.5556348562240601,
      0.5571150779724121,
      0.5572656393051147,
      0.5582030415534973,
      0.5508522987365723,
      0.5633460283279419,
      0.5599992275238037,
      0.551972508430481,
      0.5561723709106445,
      0.5567217469215393,
      0.5561836957931519,
      0.5512406229972839,
      0.5561460256576538,
      0.5522587895393372,
      0.5505601167678833,
      0.5576046705245972,
      0.5542262196540833,
      0.5564591288566589,
      0.5646560788154602,
      0.5537381172180176,
      0.5505251884460449,
      0.5513196587562561,
      0.5530826449394226,
      0.5449429154396057,
      0.5519872903823853,
      0.5527336001396179,
      0.5522887706756592,
      0.5460254549980164,
      0.5560489892959595,
      0.5510420799255371,
      0.553379476070404,
      0.5582062602043152,
      0.5520228743553162,
      0.5551958084106445,
      0.5543171167373657,
      0.5513426065444946,
      0.5498184561729431,
      0.5543525815010071,
      0.5540739893913269,
      0.5507699847221375,
      0.5519890785217285,
      0.5505651235580444,
      0.5516541600227356,
      0.5503036379814148,
      0.5517585277557373,
      0.5537518858909607,
      0.5569165349006653,
      0.5483939051628113,
      0.5499415993690491,
      0.5548513531684875,
      0.5521594285964966,
      0.553752601146698,
      0.5548281669616699,
      0.5531277060508728,
      0.5529933571815491,
      0.5473480820655823,
      0.5571044087409973,
      0.54840487241745,
      0.551452100276947,
      0.5484732985496521,
      0.5498299598693848,
      0.5524665713310242,
      0.5450496077537537,
      0.5526023507118225,
      0.5546749234199524,
      0.5491319894790649,
      0.5517969727516174,
      0.5521990656852722,
      0.5480667352676392,
      0.5515862703323364,
      0.549365758895874,
      0.5516044497489929,
      0.5493147373199463,
      0.5514399409294128,
      0.5456714034080505,
      0.5550891757011414,
      0.5458565950393677,
      0.5530986189842224,
      0.5550840497016907,
      0.5466113686561584,
      0.550553560256958,
      0.550016462802887,
      0.5540456771850586,
      0.5503581762313843,
      0.5521755218505859,
      0.5538268685340881,
      0.5484602451324463,
      0.5516883730888367,
      0.5446747541427612,
      0.5389694571495056,
      0.5494582653045654,
      0.5484347939491272,
      0.5387678146362305,
      0.5538120865821838,
      0.5529024004936218,
      0.5566989779472351,
      0.5402379631996155,
      0.5476475954055786,
      0.5518478155136108,
      0.5480600595474243,
      0.5479919910430908,
      0.5485270619392395,
      0.5538361072540283,
      0.5564087629318237,
      0.5497345924377441,
      0.5492702126502991,
      0.5533856749534607,
