{
   "number_epochs": 300,
   "info_used": "use imputation",
   "perc_full_data": 0.1,
   "n_epochs_no_selection": 0,
   "Frequency % cutoff": 0.3,
   "hidden_size": 32,
   "random_state": 4,
   "train_errors": [
      0.054172124713659286,
      0.05010730028152466,
      0.04835449159145355,
      0.04844270274043083,
      0.04779066517949104,
      0.04731721803545952,
      0.04592103511095047,
      0.04521460458636284,
      0.04430128261446953,
      0.043118663132190704,
      0.04271731898188591,
      0.04072890803217888,
      0.03927019238471985,
      0.0381166972219944,
      0.03675128519535065,
      0.03504418954253197,
      0.0337098203599453,
      0.031922321766614914,
      0.030269652605056763,
      0.029453760012984276,
      0.02882663533091545,
      0.026391610503196716,
      0.025084219872951508,
      0.02364586666226387,
      0.023780275136232376,
      0.021995920687913895,
      0.021196207031607628,
      0.020701957866549492,
      0.019360894337296486,
      0.01910504326224327,
      0.018008166924118996,
      0.018368028104305267,
      0.017443189397454262,
      0.01735677383840084,
      0.017195260152220726,
      0.01605626754462719,
      0.016399292275309563,
      0.015583421103656292,
      0.01547364704310894,
      0.015496638603508472,
      0.01489315927028656,
      0.015124828554689884,
      0.014458629302680492,
      0.013981873169541359,
      0.015457065775990486,
      0.013644256629049778,
      0.013787530362606049,
      0.013687453232705593,
      0.014237082563340664,
      0.013856932520866394,
      0.013106543570756912,
      0.012699718587100506,
      0.013412781059741974,
      0.013348175212740898,
      0.01304508838802576,
      0.012242920696735382,
      0.013383231125772,
      0.01217533927410841,
      0.013225821778178215,
      0.012278354726731777,
      0.01276425551623106,
      0.012693173252046108,
      0.011600269004702568,
      0.012879670597612858,
      0.012534821406006813,
      0.01168961450457573,
      0.01205961313098669,
      0.012683277018368244,
      0.011917603202164173,
      0.011320209130644798,
      0.01173747144639492,
      0.012715701945126057,
      0.011051219888031483,
      0.011289802379906178,
      0.012090256437659264,
      0.01121941115707159,
      0.011276558972895145,
      0.01158189494162798,
      0.011177795007824898,
      0.010640552267432213,
      0.011457648128271103,
      0.011700062081217766,
      0.011192604899406433,
      0.010814536362886429,
      0.01099145133048296,
      0.01132972352206707,
      0.0107882646843791,
      0.010501913726329803,
      0.010895859450101852,
      0.010923468507826328,
      0.010818707756698132,
      0.011255783960223198,
      0.010423252359032631,
      0.010776580311357975,
      0.010108244605362415,
      0.011580166406929493,
      0.010533559136092663,
      0.010828097350895405,
      0.010973199270665646,
      0.010376707650721073,
      0.010745175182819366,
      0.010355804115533829,
      0.011052151210606098,
      0.010196567513048649,
      0.010223672725260258,
      0.009839099831879139,
      0.010775795206427574,
      0.009680965915322304,
      0.010997413657605648,
      0.010294354520738125,
      0.01057206280529499,
      0.010541125200688839,
      0.010181709192693233,
      0.010250041261315346,
      0.009249484166502953,
      0.010230494663119316,
      0.010349421761929989,
      0.009736952371895313,
      0.010571167804300785,
      0.010312458500266075,
      0.008904471062123775,
      0.00999645795673132,
      0.010646731592714787,
      0.011102364398539066,
      0.010264601558446884,
      0.010183812119066715,
      0.009270128794014454,
      0.009416280314326286,
      0.009401311166584492,
      0.00960797630250454,
      0.009541654959321022,
      0.01041658315807581,
      0.009487605653703213,
      0.009684962220489979,
      0.009667078033089638,
      0.009332625195384026,
      0.00978904776275158,
      0.009323492646217346,
      0.009520173072814941,
      0.009867522865533829,
      0.009520770981907845,
      0.009467328898608685,
      0.009777050465345383,
      0.009586618281900883,
      0.008837630972266197,
      0.010081594809889793,
      0.008664057590067387,
      0.010479369200766087,
      0.00912684015929699,
      0.009404719807207584,
      0.009447748772799969,
      0.00931752473115921,
      0.00973006896674633,
      0.009424792602658272,
      0.0091411042958498,
      0.008802191354334354,
      0.009286741726100445,
      0.009751451201736927,
      0.00968796107918024,
      0.008985907770693302,
      0.009735080413520336,
      0.009174537844955921,
      0.00984328892081976,
      0.01003376953303814,
      0.009120574221014977,
      0.009697691537439823,
      0.00875082053244114,
      0.008587883785367012,
      0.009470697492361069,
      0.008749263361096382,
      0.009286866523325443,
      0.008887390606105328,
      0.008424818515777588,
      0.009202993474900723,
      0.008965575136244297,
      0.009042629972100258,
      0.009307295083999634,
      0.008800167590379715,
      0.009886885061860085,
      0.009601077064871788,
      0.009834221564233303,
      0.008875178173184395,
      0.00991394929587841,
      0.008442341350018978,
      0.009063048288226128,
      0.009332285262644291,
      0.009492925368249416,
      0.009180504828691483,
      0.009206973947584629,
      0.00954775232821703,
      0.009704645723104477,
      0.008962806314229965,
      0.009373285807669163,
      0.008406068198382854,
      0.008385642431676388,
      0.009049388580024242,
      0.008252996020019054,
      0.00892383698374033,
      0.008909148164093494,
      0.008850395679473877,
      0.009082464501261711,
      0.008363457396626472,
      0.00831784587353468,
      0.008786900900304317,
      0.008753886446356773,
      0.009001544676721096,
      0.008594640530645847,
      0.008942808024585247,
      0.008750330656766891,
      0.009187210351228714,
      0.009042616933584213,
      0.00976838544011116,
      0.008882446214556694,
      0.00895444955676794,
      0.008056506514549255,
      0.009172871708869934,
      0.009096181020140648,
      0.009927605278789997,
      0.008613103069365025,
      0.008862713351845741,
      0.00859002210199833,
      0.008610610850155354,
      0.008237502537667751,
      0.007969910278916359,
      0.009291003458201885,
      0.00944977905601263,
      0.008574794977903366,
      0.008538088761270046,
      0.008989376947283745,
      0.009355046786367893,
      0.008866289630532265,
      0.008157996460795403,
      0.00938121322542429,
      0.00953076221048832,
      0.009412629529833794,
      0.008654875680804253,
      0.009180037304759026,
      0.008927569724619389,
      0.008098040707409382,
      0.00925294030457735,
      0.007950820028781891,
      0.008834954351186752,
      0.008596936240792274,
      0.009092070162296295,
      0.009065755642950535,
      0.009529221802949905,
      0.008520768024027348,
      0.008587732911109924,
      0.008008671924471855,
      0.008793333545327187,
      0.00868859514594078,
      0.008242450654506683,
      0.008592133410274982,
      0.008446436375379562,
      0.00954313762485981,
      0.00874912180006504,
      0.008775542490184307,
      0.008259324356913567,
      0.009167101234197617,
      0.008439782075583935,
      0.009140143170952797,
      0.00919698178768158,
      0.008723929524421692,
      0.008794900961220264,
      0.010239623486995697,
      0.009162274189293385,
      0.008086711168289185,
      0.008745118975639343,
      0.008426946587860584,
      0.009561200626194477,
      0.009777707047760487,
      0.008563000708818436,
      0.008559070527553558,
      0.007948443293571472,
      0.008537232875823975,
      0.008713962510228157,
      0.008434997871518135,
      0.008510173298418522,
      0.008476682007312775,
      0.008451788686215878,
