{
   "number_epochs": 300,
   "info_used": "use imputation",
   "perc_full_data": 0.1,
   "n_epochs_no_selection": 0,
   "Frequency % cutoff": 0.3,
   "hidden_size": 32,
   "random_state": 0,
   "train_errors": [
      0.05842679366469383,
      0.0554334856569767,
      0.053164638578891754,
      0.052162352949380875,
      0.04983384162187576,
      0.048305071890354156,
      0.046614985913038254,
      0.044230103492736816,
      0.04262317344546318,
      0.04134311154484749,
      0.03939150646328926,
      0.03706708550453186,
      0.036292050033807755,
      0.03403262421488762,
      0.032233696430921555,
      0.03036731667816639,
      0.028903523460030556,
      0.027929410338401794,
      0.02596578188240528,
      0.024701375514268875,
      0.024194154888391495,
      0.021834425628185272,
      0.02057228982448578,
      0.020147809758782387,
      0.01822771690785885,
      0.017912568524479866,
      0.018347779288887978,
      0.016816219314932823,
      0.017184564843773842,
      0.015819143503904343,
      0.016921013593673706,
      0.015504585579037666,
      0.015603038482367992,
      0.01585080660879612,
      0.014534557238221169,
      0.014520839788019657,
      0.015329109504818916,
      0.01424326654523611,
      0.014039033092558384,
      0.013395563699305058,
      0.014078967273235321,
      0.013973052613437176,
      0.013135308399796486,
      0.012778835371136665,
      0.01304197683930397,
      0.013148361817002296,
      0.012244697660207748,
      0.01241613645106554,
      0.01241534948348999,
      0.011679034680128098,
      0.012304370291531086,
      0.011764872819185257,
      0.01218107994645834,
      0.011372871696949005,
      0.01188371330499649,
      0.011495980434119701,
      0.011719675734639168,
      0.01117921806871891,
      0.01180892065167427,
      0.01157465297728777,
      0.011530864052474499,
      0.010234382003545761,
      0.011148393154144287,
      0.010103987529873848,
      0.010156277567148209,
      0.010724348947405815,
      0.009616374038159847,
      0.010736068710684776,
      0.010517503134906292,
      0.009993286803364754,
      0.009872525930404663,
      0.010098569095134735,
      0.010118840262293816,
      0.010627847164869308,
      0.010344753041863441,
      0.009437281638383865,
      0.010117290541529655,
      0.009514812380075455,
      0.010089238174259663,
      0.009423297829926014,
      0.00863440241664648,
      0.008668558672070503,
      0.008501009084284306,
      0.009484951384365559,
      0.008955438621342182,
      0.009515856392681599,
      0.009590874426066875,
      0.009215124882757664,
      0.008733493275940418,
      0.00874890573322773,
      0.008903810754418373,
      0.008272936567664146,
      0.009251807816326618,
      0.008917548693716526,
      0.008866705931723118,
      0.00829215906560421,
      0.008541225455701351,
      0.008644221350550652,
      0.008785645477473736,
      0.00896456465125084,
      0.008684729225933552,
      0.008240973576903343,
      0.008853226900100708,
      0.009594699367880821,
      0.009081553667783737,
      0.00832875445485115,
      0.009059874340891838,
      0.00999541487544775,
      0.00851838942617178,
      0.009415945969522,
      0.008150886744260788,
      0.008753537200391293,
      0.007874449715018272,
      0.008590389974415302,
      0.008022804744541645,
      0.008824887685477734,
      0.00945225078612566,
      0.009107569232583046,
      0.0077982270158827305,
      0.00800990965217352,
      0.008086194284260273,
      0.008513866923749447,
      0.008407446555793285,
      0.008952910080552101,
      0.008441632613539696,
      0.00857597030699253,
      0.00851702131330967,
      0.00824960321187973,
      0.007653255946934223,
      0.008465048857033253,
      0.007845824584364891,
      0.00803875457495451,
      0.007997588254511356,
      0.007641267497092485,
      0.008074992336332798,
      0.007835909724235535,
      0.007289872970432043,
      0.007725683506578207,
      0.008426377549767494,
      0.008626168593764305,
      0.008227776736021042,
      0.009367561899125576,
      0.008069314062595367,
      0.008232943713665009,
      0.008230443112552166,
      0.008486436679959297,
      0.00816885381937027,
      0.0074799819849431515,
      0.00827661994844675,
      0.008488860912621021,
      0.00814006943255663,
      0.008565171621739864,
      0.007920527830719948,
      0.008803894743323326,
      0.008617970161139965,
      0.008236497640609741,
      0.008653192780911922,
      0.008764557540416718,
      0.008365199901163578,
      0.007771354168653488,
      0.008132269605994225,
      0.007774746511131525,
      0.008069352246820927,
      0.00781483855098486,
      0.007891292683780193,
      0.00865931622684002,
      0.008241215720772743,
      0.00808765459805727,
      0.007574358489364386,
      0.00872497633099556,
      0.007125320844352245,
      0.007565702311694622,
      0.007734485901892185,
      0.007355538662523031,
      0.0078064557164907455,
      0.007798484992235899,
      0.00781334936618805,
      0.008274921216070652,
      0.007858210243284702,
      0.007817876525223255,
      0.00796017050743103,
      0.008455337025225163,
      0.00877116434276104,
      0.008000551722943783,
      0.007664923090487719,
      0.0073977806605398655,
      0.006819477304816246,
      0.007162987254559994,
      0.00816530641168356,
      0.008379778824746609,
      0.007873497903347015,
      0.007785353343933821,
      0.00864802859723568,
      0.007631475571542978,
      0.00768393324688077,
      0.007396503817290068,
      0.007603190839290619,
      0.008298437111079693,
      0.0071016885340213776,
      0.007121389731764793,
      0.00797693245112896,
      0.007647180929780006,
      0.00814073160290718,
      0.008237590081989765,
      0.007543600630015135,
      0.007642584387212992,
      0.00821465440094471,
      0.007507577538490295,
      0.006764069199562073,
      0.00836664903908968,
      0.00818984117358923,
      0.007265735883265734,
      0.007289852015674114,
      0.006865325849503279,
      0.008200366981327534,
      0.007401186507195234,
      0.007387397810816765,
      0.007931717671453953,
      0.006850196979939938,
      0.007358097471296787,
      0.006997608579695225,
      0.006689589004963636,
      0.006854222621768713,
      0.006582313682883978,
      0.007142249494791031,
      0.0069845980033278465,
      0.00781848095357418,
      0.007233566604554653,
      0.007489792536944151,
      0.007090582046657801,
      0.006472400389611721,
      0.007756084203720093,
      0.006879762280732393,
      0.007004205137491226,
      0.0073622590862214565,
      0.007697191089391708,
      0.007616451941430569,
      0.008344105444848537,
      0.007527822162955999,
      0.0074972412548959255,
      0.00717838853597641,
      0.007318459916859865,
      0.006677067372947931,
      0.007172999903559685,
      0.007455336861312389,
      0.007357410155236721,
      0.0066634006798267365,
      0.007325237616896629,
      0.007279959972947836,
      0.007302858401089907,
      0.007564749103039503,
      0.0073418403044342995,
      0.007430337369441986,
      0.006638156250119209,
      0.007839392870664597,
      0.007380900904536247,
      0.006887439172714949,
      0.007504684384912252,
      0.007022338453680277,
      0.007963137701153755,
      0.007281554862856865,
      0.007693680468946695,
      0.007333423942327499,
      0.007541265804320574,
      0.007671745494008064,
      0.007038786541670561,
      0.0068974001333117485,
      0.006800300907343626,
      0.008438944816589355,
      0.007602544967085123,
      0.007713275495916605,
      0.007530192844569683,
      0.006942842621356249,
      0.007595091126859188,
      0.007154542952775955,
      0.006630063988268375,
      0.006413129158318043,
      0.00786418467760086,
      0.007242914289236069,
