{
   "number_epochs": 300,
   "info_used": "use imputation",
   "perc_full_data": 0.1,
   "n_epochs_no_selection": 0,
   "Frequency % cutoff": 0.3,
   "hidden_size": 32,
   "random_state": 10,
   "train_errors": [
      0.04319409281015396,
      0.04185537248849869,
      0.04139033704996109,
      0.04044855386018753,
      0.03965406492352486,
      0.03887353464961052,
      0.03825187310576439,
      0.037192367017269135,
      0.035891342908144,
      0.0344867929816246,
      0.0328298918902874,
      0.032493021339178085,
      0.030785078182816505,
      0.030221696943044662,
      0.02817879617214203,
      0.027137666940689087,
      0.026814980432391167,
      0.025385592132806778,
      0.025602465495467186,
      0.023867256939411163,
      0.023620542138814926,
      0.024069136008620262,
      0.022879570722579956,
      0.021875504404306412,
      0.022372838109731674,
      0.021139081567525864,
      0.02092375047504902,
      0.019973058253526688,
      0.020269552245736122,
      0.020076436921954155,
      0.01864093728363514,
      0.018936214968562126,
      0.018021464347839355,
      0.019325515255331993,
      0.018521267920732498,
      0.01854606531560421,
      0.017824573442339897,
      0.018387025222182274,
      0.017307570204138756,
      0.018031347543001175,
      0.016322003677487373,
      0.01660536415874958,
      0.01638193242251873,
      0.01612943969666958,
      0.016134602949023247,
      0.015791110694408417,
      0.016415825113654137,
      0.01578797772526741,
      0.01542950700968504,
      0.014938808977603912,
      0.015926020219922066,
      0.014292492531239986,
      0.01482250727713108,
      0.01550375297665596,
      0.01473322045058012,
      0.014697959646582603,
      0.014082996174693108,
      0.014852067455649376,
      0.014138397760689259,
      0.013077480718493462,
      0.013834355399012566,
      0.014443484134972095,
      0.014060191810131073,
      0.012815472669899464,
      0.013104015961289406,
      0.012706981040537357,
      0.013710379600524902,
      0.01297034788876772,
      0.013278765603899956,
      0.013254563324153423,
      0.013764046132564545,
      0.013074307702481747,
      0.01296211313456297,
      0.013433574698865414,
      0.013425067067146301,
      0.01279354002326727,
      0.012698543258011341,
      0.012790236622095108,
      0.013807833194732666,
      0.012263824231922626,
      0.013276202604174614,
      0.014164086431264877,
      0.012917747721076012,
      0.012601249851286411,
      0.013012893497943878,
      0.013129530474543571,
      0.013294745236635208,
      0.011499264277517796,
      0.012687296606600285,
      0.01259850338101387,
      0.011909902095794678,
      0.011919797398149967,
      0.012717517092823982,
      0.012489521875977516,
      0.011889548972249031,
      0.011519724503159523,
      0.011980400420725346,
      0.012384896166622639,
      0.013178928755223751,
      0.012480884790420532,
      0.012318095192313194,
      0.011483782902359962,
      0.01200752891600132,
      0.012717582285404205,
      0.011470331810414791,
      0.012081482447683811,
      0.011054116301238537,
      0.01202272716909647,
      0.011126448400318623,
      0.011686676181852818,
      0.011423232965171337,
      0.011614302173256874,
      0.012333596125245094,
      0.01177772507071495,
      0.011941002681851387,
      0.011156412772834301,
      0.011532223783433437,
      0.01172521524131298,
      0.011971904896199703,
      0.01083430740982294,
      0.01122914906591177,
      0.011444964446127415,
      0.011601914651691914,
      0.011558358557522297,
      0.012205761857330799,
      0.0119103929027915,
      0.011598327197134495,
      0.010228139348328114,
      0.011363174766302109,
      0.010722657665610313,
      0.01084346417337656,
      0.011015373282134533,
      0.010783184319734573,
      0.011815441772341728,
      0.010270394384860992,
      0.011594542302191257,
      0.01074113417416811,
      0.010747951455414295,
      0.010602946393191814,
      0.010242173448204994,
      0.01097457017749548,
      0.01146316435188055,
      0.011476242914795876,
      0.010720145888626575,
      0.011026396416127682,
      0.010519640520215034,
      0.010747535154223442,
      0.010657932609319687,
      0.010588077828288078,
      0.010952224023640156,
      0.010746651329100132,
      0.010140875354409218,
      0.01068552304059267,
      0.011646286584436893,
      0.011010482907295227,
      0.01161844190210104,
      0.011055507697165012,
      0.011056334711611271,
      0.01087191328406334,
      0.010751754976809025,
      0.01080650370568037,
      0.010049163363873959,
      0.010144772939383984,
      0.011044572107493877,
      0.010472357273101807,
      0.011281272396445274,
      0.010327867232263088,
      0.010280399583280087,
      0.011737902648746967,
      0.010638411156833172,
      0.010283775627613068,
      0.009951772168278694,
      0.010299090296030045,
      0.010730204172432423,
      0.010261711664497852,
      0.010318850167095661,
      0.011149386875331402,
      0.010984053835272789,
      0.011270878836512566,
      0.009559156373143196,
      0.010223728604614735,
      0.011111848056316376,
      0.010386092588305473,
      0.009997524321079254,
      0.009639855474233627,
      0.01154243852943182,
      0.01002559531480074,
      0.010762442834675312,
      0.00925999041646719,
      0.011433449573814869,
      0.011478299275040627,
      0.009847519919276237,
      0.011487799696624279,
      0.010076227597892284,
      0.010122410953044891,
      0.010493719950318336,
      0.008569763973355293,
      0.010842659510672092,
      0.010002503171563148,
      0.009998105466365814,
      0.010132853873074055,
      0.010285340249538422,
      0.01028724666684866,
      0.009568332694470882,
      0.009950436651706696,
      0.009933039546012878,
      0.010583409108221531,
      0.010059790685772896,
      0.01030997559428215,
      0.00935437809675932,
      0.009506093338131905,
      0.008884944021701813,
      0.01033304538577795,
      0.010388737544417381,
      0.009679690934717655,
      0.009243820793926716,
      0.009321167133748531,
      0.0097882729023695,
      0.01069255918264389,
      0.00968373753130436,
      0.010530802421271801,
      0.009713397361338139,
      0.01010167971253395,
      0.009286357089877129,
      0.009950758889317513,
      0.00983167253434658,
      0.009948302060365677,
      0.009997406974434853,
      0.010036993771791458,
      0.009113102219998837,
      0.010141146369278431,
      0.00930738728493452,
      0.010156462900340557,
      0.009482234716415405,
      0.009694211184978485,
      0.009745663963258266,
      0.009011169895529747,
      0.0102895712479949,
      0.009133046492934227,
      0.009794570505619049,
      0.010271559469401836,
      0.008838968351483345,
      0.009968658909201622,
      0.009823273867368698,
      0.010618542321026325,
      0.009647069498896599,
      0.010265571065247059,
      0.009168026968836784,
      0.010220232419669628,
      0.010659955441951752,
      0.008301430381834507,
      0.009815187193453312,
      0.009194029495120049,
      0.009953311644494534,
      0.01004917174577713,
      0.009334569796919823,
      0.009394131600856781,
      0.009144877083599567,
      0.0091572729870677,
      0.008694816380739212,
      0.009056258015334606,
      0.00875073205679655,
      0.0093822767958045,
      0.009028401225805283,
      0.00933602824807167,
      0.009548441506922245,
      0.009490352123975754,
      0.008897967636585236,
      0.009464296512305737,
      0.00911622028797865,
      0.009638434275984764,
      0.010848773643374443,
      0.009414266794919968,
      0.009262491017580032,
      0.009642856195569038,
      0.008876343257725239,
      0.00969767477363348,
      0.009257405996322632,
      0.009168070740997791,
      0.008962508291006088,
