{
   "number_epochs": 20,
   "info_used": "use imputation",
   "perc_full_data": 0.08,
   "n_epochs_no_selection": 0,
   "Frequency % cutoff": 0.33,
   "hidden_size": 32,
   "random_state": 10,
   "train_errors": [
      0.29118120670318604,
      0.18470381200313568,
      0.10188194364309311,
      0.05555880069732666,
      0.046213600784540176,
      0.06198905035853386,
      0.06797126680612564,
      0.0561247393488884,
      0.045011814683675766,
      0.03899649530649185,
      0.03766970708966255,
      0.040315113961696625,
      0.04184253513813019,
      0.04173620417714119,
      0.039796460419893265,
      0.03821057826280594,
      0.03467663377523422,
      0.03279881179332733,
      0.03233128413558006,
      0.032354582101106644
   ],
   "valid_errors": [
      0.2305765300989151,
      0.05943702161312103,
      0.03877464309334755,
      0.03603203594684601,
      0.029969820752739906
   ],
   "val_epochs": [
      0,
      5,
      10,
      15,
      19
   ],
   "input_data_path": "../data/airfoil_self_noise/data.csv",
   "gradwcontext": true,
   "Encompassing Param": 0.1,
   "Normalize Grads & Contx": false,
   "cluster_all_classes": false,
   "imputation method": "Deep Regressor",
   "model_dropout": 0.05,
   "model_type": "mlp",
   "problem_type": "regression"
}