{
   "number_epochs": 20,
   "info_used": "use imputation",
   "perc_full_data": 0.08,
   "n_epochs_no_selection": 0,
   "Frequency % cutoff": 0.33,
   "hidden_size": 32,
   "random_state": 5,
   "train_errors": [
      0.44826674461364746,
      0.3736094832420349,
      0.30551183223724365,
      0.24329359829425812,
      0.18154604732990265,
      0.12790949642658234,
      0.08317282795906067,
      0.055075403302907944,
      0.0417192205786705,
      0.05011333152651787,
      0.0660099908709526,
      0.06925927102565765,
      0.06241714581847191,
      0.05295895040035248,
      0.044216644018888474,
      0.040308933705091476,
      0.037943609058856964,
      0.040822066366672516,
      0.03898688405752182,
      0.03987443074584007
   ],
   "valid_errors": [
      0.40664273500442505,
      0.10409536212682724,
      0.06446954607963562,
      0.03727440536022186,
      0.036962445825338364
   ],
   "val_epochs": [
      0,
      5,
      10,
      15,
      19
   ],
   "input_data_path": "../data/airfoil_self_noise/data.csv",
   "gradwcontext": true,
   "Encompassing Param": 0.1,
   "Normalize Grads & Contx": false,
   "cluster_all_classes": false,
   "imputation method": "Deep Regressor",
   "model_dropout": 0.05,
   "model_type": "mlp",
   "problem_type": "regression"
}