{
   "number_epochs": 400,
   "info_used": "use imputation",
   "perc_full_data": 0.08,
   "n_epochs_no_selection": 0,
   "Frequency % cutoff": 0.33,
   "hidden_size": 32,
   "random_state": 10,
   "train_errors": [
      0.29037541151046753,
      0.18449299037456512,
      0.10295791178941727,
      0.05460742861032486,
      0.04575427994132042,
      0.06097830832004547,
      0.0673898234963417,
      0.054641854017972946,
      0.04355446249246597,
      0.039585553109645844,
      0.038674045354127884,
      0.039874326437711716,
      0.041780080646276474,
      0.04148043692111969,
      0.039741452783346176,
      0.03686809167265892,
      0.035356540232896805,
      0.0336555577814579,
      0.0326029509305954,
      0.03283208608627319,
      0.03217601403594017,
      0.03213401511311531,
      0.030523058027029037,
      0.030356639996170998,
      0.029378898441791534,
      0.029002737253904343,
      0.028935151174664497,
      0.029015999287366867,
      0.028035232797265053,
      0.028236519545316696,
      0.02719484642148018,
      0.02764778584241867,
      0.02698233351111412,
      0.02664526179432869,
      0.02679627574980259,
      0.026741309091448784,
      0.02682656981050968,
      0.027233820408582687,
      0.026807883754372597,
      0.026272568851709366,
      0.026619646698236465,
      0.02627062238752842,
      0.026123208925127983,
      0.026177534833550453,
      0.026042386889457703,
      0.02614939957857132,
      0.02558993734419346,
      0.025881636887788773,
      0.026350876316428185,
      0.025785405188798904,
      0.025568781420588493,
      0.02559591270983219,
      0.02634783647954464,
      0.026039378717541695,
      0.0259016714990139,
      0.025774406269192696,
      0.026241645216941833,
      0.024790437892079353,
      0.025857700034976006,
      0.026135262101888657,
      0.025668058544397354,
      0.025234654545783997,
      0.02641802281141281,
      0.025846334174275398,
      0.025050858035683632,
      0.024723755195736885,
      0.025016285479068756,
      0.024577829986810684,
      0.0251847542822361,
      0.02492537349462509,
      0.025155266746878624,
      0.025110730901360512,
      0.024838175624608994,
      0.024278486147522926,
      0.02456233650445938,
      0.025080038234591484,
      0.02533920854330063,
      0.02525385469198227,
      0.02450702339410782,
      0.02490655891597271,
      0.024835526943206787,
      0.024343816563487053,
      0.02489711157977581,
      0.024863919243216515,
      0.024331001564860344,
      0.02480330318212509,
      0.02454107068479061,
      0.024476487189531326,
      0.023835638538002968,
      0.02405012585222721,
      0.023984789848327637,
      0.024041039869189262,
      0.02445175126194954,
      0.024006908759474754,
      0.023852964863181114,
      0.02390976808965206,
      0.023747989907860756,
      0.023914463818073273,
      0.024041207507252693,
      0.02391812764108181,
      0.023579753935337067,
      0.023541459813714027,
      0.023497099056839943,
      0.024321330711245537,
      0.023371504619717598,
      0.02381831966340542,
      0.023357344791293144,
      0.023469017818570137,
      0.023137999698519707,
      0.023447681218385696,
      0.02300533466041088,
      0.023879123851656914,
      0.023413972929120064,
      0.023368682712316513,
      0.022991079837083817,
      0.022520696744322777,
      0.023104965686798096,
      0.02325628325343132,
      0.02320791408419609,
      0.023538505658507347,
      0.022988181561231613,
      0.023295292630791664,
      0.02405812032520771,
      0.022813038900494576,
      0.023137038573622704,
      0.023187607526779175,
      0.022761013358831406,
      0.02264723926782608,
      0.02312334068119526,
      0.02150481380522251,
      0.022928312420845032,
      0.022976918146014214,
      0.02212420105934143,
      0.022050706669688225,
      0.023407936096191406,
      0.021950392052531242,
      0.022085096687078476,
      0.022396830841898918,
      0.022278307005763054,
      0.02179051749408245,
      0.02244149148464203,
      0.021451376378536224,
      0.02259509265422821,
      0.02172946371138096,
      0.022112935781478882,
      0.021733785048127174,
      0.022851591929793358,
      0.021840529516339302,
      0.021524453535676003,
      0.021106351166963577,
      0.021645547822117805,
      0.021716078743338585,
      0.022095419466495514,
      0.020964540541172028,
      0.022299041971564293,
      0.021222751587629318,
      0.020986342802643776,
      0.021598706021904945,
      0.021044738590717316,
      0.021587032824754715,
      0.021513324230909348,
      0.021235505118966103,
      0.020932776853442192,
      0.021120762452483177,
      0.020917892456054688,
      0.02087891846895218,
      0.020526660606265068,
      0.02069789171218872,
      0.020766396075487137,
      0.019963687285780907,
      0.020800592377781868,
      0.020820340141654015,
      0.020169740542769432,
      0.020215284079313278,
      0.020321322605013847,
      0.02011565864086151,
      0.020733220502734184,
      0.020060986280441284,
      0.01970263011753559,
      0.019672086462378502,
      0.01913638412952423,
      0.018866732716560364,
      0.01965205930173397,
      0.019508227705955505,
      0.020131004974246025,
      0.01928606443107128,
      0.01996229775249958,
      0.019050108268857002,
      0.019339365884661674,
      0.02005617693066597,
      0.018927138298749924,
      0.018593957647681236,
      0.01903517358005047,
      0.01830333285033703,
      0.018399519845843315,
      0.01805499568581581,
      0.017811506986618042,
      0.017891056835651398,
      0.017947746440768242,
      0.018590383231639862,
      0.018228569999337196,
      0.018162371590733528,
      0.017126120626926422,
      0.016508379951119423,
      0.016743281856179237,
      0.016381345689296722,
      0.017391886562108994,
      0.016896307468414307,
      0.016589419916272163,
      0.016801105812191963,
      0.016496818512678146,
      0.01681235432624817,
      0.016217239201068878,
      0.01564233936369419,
      0.016485190019011497,
      0.016496039927005768,
      0.01635967567563057,
      0.015808915719389915,
      0.015961352735757828,
      0.015701783820986748,
      0.015566880814731121,
      0.015290961600840092,
      0.015521794557571411,
      0.015472703613340855,
      0.015324356965720654,
      0.015730565413832664,
      0.015601005405187607,
      0.015779970213770866,
      0.014942744746804237,
      0.015529442578554153,
      0.014160546474158764,
      0.014710788615047932,
      0.01464763842523098,
      0.01483616791665554,
      0.015242340043187141,
      0.014580994844436646,
      0.014648618176579475,
      0.014043787494301796,
      0.014483957551419735,
      0.013455762527883053,
      0.014642016030848026,
      0.013062439858913422,
      0.014065693132579327,
      0.013505575247108936,
      0.013657597824931145,
      0.013330008834600449,
      0.013903234153985977,
      0.012919403612613678,
      0.013446581549942493,
      0.012999754399061203,
      0.01357163768261671,
      0.013425911776721478,
      0.01358488854020834,
      0.014006489887833595,
      0.013683253899216652,
      0.013193223625421524,
      0.012998678721487522,
      0.013061592355370522,
      0.012678628787398338,
      0.013336353935301304,
      0.01285558007657528,
      0.012174136005342007,
      0.012387665919959545,
      0.012903891503810883,
      0.013126449659466743,
      0.012612990103662014,
      0.012681646272540092,
      0.012652518227696419,
      0.012242262251675129,
      0.01293379906564951,
      0.012873231433331966,
      0.012483768165111542,
      0.012791330926120281,
      0.013176423497498035,
      0.012131743133068085,
      0.012728999368846416,
      0.012352882884442806,
      0.012434123083949089,
      0.012526473961770535,
      0.012897598557174206,
