{
   "number_epochs": 400,
   "info_used": "use imputation",
   "perc_full_data": 0.08,
   "n_epochs_no_selection": 0,
   "Frequency % cutoff": 0.33,
   "hidden_size": 32,
   "random_state": 9,
   "train_errors": [
      0.178324893116951,
      0.11927232146263123,
      0.07259644567966461,
      0.0439123660326004,
      0.03881226107478142,
      0.05053943395614624,
      0.05587274581193924,
      0.04909829795360565,
      0.040177494287490845,
      0.035043518990278244,
      0.03477361798286438,
      0.03560032695531845,
      0.03663768619298935,
      0.03626931086182594,
      0.03557209298014641,
      0.033199261873960495,
      0.032304324209690094,
      0.031997766345739365,
      0.03200090304017067,
      0.032159656286239624,
      0.032226670533418655,
      0.03092280589044094,
      0.030255291610956192,
      0.029008161276578903,
      0.02839796058833599,
      0.028004325926303864,
      0.027904100716114044,
      0.027303850278258324,
      0.0265596155077219,
      0.026148775592446327,
      0.02549082785844803,
      0.025535400956869125,
      0.024555787444114685,
      0.023722179234027863,
      0.024046828970313072,
      0.02294456586241722,
      0.023311587050557137,
      0.022461997345089912,
      0.022868743166327477,
      0.022169053554534912,
      0.023047858849167824,
      0.023050107061862946,
      0.021964021027088165,
      0.021301083266735077,
      0.022290056571364403,
      0.021228516474366188,
      0.02192499116063118,
      0.021558888256549835,
      0.02204163186252117,
      0.02111540548503399,
      0.021561849862337112,
      0.022624792531132698,
      0.021284352988004684,
      0.02193734049797058,
      0.021050477400422096,
      0.021173061802983284,
      0.02146824821829796,
      0.02102181501686573,
      0.020885396748781204,
      0.021030114963650703,
      0.021136105060577393,
      0.020460138097405434,
      0.020861206576228142,
      0.020693892613053322,
      0.02152334526181221,
      0.0205177403986454,
      0.019927846267819405,
      0.019959917291998863,
      0.02044135145843029,
      0.020047372207045555,
      0.020273134112358093,
      0.021084828302264214,
      0.019833169877529144,
      0.019736384972929955,
      0.019938999786973,
      0.020498234778642654,
      0.020394667983055115,
      0.020310644060373306,
      0.02047106996178627,
      0.019696583971381187,
      0.020081251859664917,
      0.019885612651705742,
      0.02034801058471203,
      0.019754359498620033,
      0.019535483792424202,
      0.019701436161994934,
      0.02007601410150528,
      0.019940370693802834,
      0.01971256546676159,
      0.0200653038918972,
      0.019619423896074295,
      0.019656112417578697,
      0.01914818212389946,
      0.019647076725959778,
      0.02064802311360836,
      0.020083090290427208,
      0.019322797656059265,
      0.020036354660987854,
      0.02001083828508854,
      0.01975863240659237,
      0.0190435703843832,
      0.019712064415216446,
      0.018991615623235703,
      0.019426945596933365,
      0.019733259454369545,
      0.019111666828393936,
      0.018590157851576805,
      0.01905076578259468,
      0.019396819174289703,
      0.01944682002067566,
      0.020076263695955276,
      0.01930941268801689,
      0.019447389990091324,
      0.018771562725305557,
      0.01958092860877514,
      0.01911219395697117,
      0.019675422459840775,
      0.01908811926841736,
      0.01917201839387417,
      0.018895627930760384,
      0.01950445957481861,
      0.019803103059530258,
      0.0189712792634964,
      0.018869291990995407,
      0.018730631098151207,
      0.019366348162293434,
      0.01923879235982895,
      0.01872342638671398,
      0.01835130900144577,
      0.018834110349416733,
      0.01930127665400505,
      0.01897566393017769,
      0.01867983303964138,
      0.018789174035191536,
      0.018939029425382614,
      0.019154731184244156,
      0.018771639093756676,
      0.018863456323742867,
      0.019802486523985863,
      0.019514162093400955,
      0.018557026982307434,
      0.018885767087340355,
      0.018598059192299843,
      0.01815538853406906,
      0.01939035952091217,
      0.018543198704719543,
      0.019528934732079506,
      0.01795298419892788,
      0.018684636801481247,
      0.01827307604253292,
      0.018642785027623177,
      0.018576717004179955,
      0.018251383677124977,
      0.018316224217414856,
      0.018695902079343796,
      0.018563657999038696,
      0.01821669563651085,
      0.01843251846730709,
      0.01852010376751423,
      0.018474364653229713,
      0.01863393560051918,
      0.018511757254600525,
      0.019049210473895073,
      0.018318312242627144,
      0.018869124352931976,
      0.018579764291644096,
      0.018428048118948936,
      0.01830679178237915,
      0.018370037898421288,
      0.018651733174920082,
      0.01900351606309414,
      0.01801496371626854,
      0.018247179687023163,
      0.017985874786973,
      0.017623739317059517,
      0.018081504851579666,
      0.017421571537852287,
      0.018525682389736176,
      0.018455438315868378,
      0.019089138135313988,
      0.018462423235177994,
      0.017532190307974815,
      0.018211010843515396,
      0.017209211364388466,
      0.018046485260128975,
      0.018325386568903923,
      0.018435301259160042,
      0.018370486795902252,
      0.018171975389122963,
      0.018186885863542557,
      0.01782606728374958,
      0.01820663921535015,
      0.017972735688090324,
      0.01848735101521015,
      0.017874866724014282,
      0.01735062152147293,
      0.018592633306980133,
      0.018713200464844704,
      0.018247393891215324,
      0.018154365941882133,
      0.018033750355243683,
      0.018091633915901184,
      0.017983272671699524,
      0.018517371267080307,
      0.01789485290646553,
      0.018216608092188835,
      0.0175170861184597,
      0.01806536130607128,
      0.017951004207134247,
      0.017797619104385376,
      0.01767970249056816,
      0.017589112743735313,
      0.01755058392882347,
      0.018149426206946373,
      0.01738009788095951,
      0.017857642844319344,
      0.018209828063845634,
      0.018002070486545563,
      0.018103744834661484,
      0.017428817227482796,
      0.018157146871089935,
      0.017674807459115982,
      0.01793682388961315,
      0.01725982502102852,
      0.017480459064245224,
      0.017598960548639297,
      0.018926193937659264,
      0.01756393536925316,
      0.017564287409186363,
      0.018066229298710823,
      0.017653727903962135,
      0.01781567744910717,
      0.01746741123497486,
      0.017788486555218697,
      0.017459221184253693,
      0.017620684579014778,
      0.017491724342107773,
      0.018199533224105835,
      0.01734047383069992,
      0.018101973459124565,
      0.018096501007676125,
      0.017526671290397644,
      0.017924383282661438,
      0.0182357057929039,
      0.01805128902196884,
      0.017334556207060814,
      0.017777802422642708,
      0.017815042287111282,
      0.018489548936486244,
      0.017559446394443512,
      0.017700912430882454,
      0.016619326546788216,
      0.017789704725146294,
      0.017385102808475494,
      0.016565853729844093,
      0.017122438177466393,
      0.0170433446764946,
      0.017163831740617752,
      0.016951486468315125,
      0.017311200499534607,
      0.016635127365589142,
      0.016458069905638695,
      0.017438404262065887,
      0.01673543080687523,
      0.01774994470179081,
      0.016620418056845665,
      0.017315099015831947,
      0.01719549112021923,
      0.01692955568432808,
      0.017031442373991013,
      0.016836287453770638,
      0.016649970784783363,
      0.016525404527783394,
      0.01688341237604618,
      0.01665337383747101,
      0.01678488589823246,
      0.01657816953957081,
      0.016728870570659637,
      0.016965573653578758,
      0.01641065999865532,
      0.016830360516905785,
