{
   "number_epochs": 300,
   "info_used": "partial info",
   "perc_full_data": 0.1,
   "n_epochs_no_selection": 0,
   "Frequency % cutoff": 0.3,
   "hidden_size": 32,
   "random_state": 44,
   "train_errors": [
      0.1064629852771759,
      0.09942407160997391,
      0.09236249327659607,
      0.08960236608982086,
      0.08647123724222183,
      0.07969309389591217,
      0.0761670395731926,
      0.07205174118280411,
      0.07204855978488922,
      0.06723406910896301,
      0.06536194682121277,
      0.06167973577976227,
      0.06092052161693573,
      0.059705596417188644,
      0.06124281510710716,
      0.057640522718429565,
      0.058214861899614334,
      0.059214428067207336,
      0.055955205112695694,
      0.05661558732390404,
      0.055993739515542984,
      0.056258801370859146,
      0.054957661777734756,
      0.05510668456554413,
      0.05430072546005249,
      0.05270511284470558,
      0.05184556543827057,
      0.05255962908267975,
      0.05026450753211975,
      0.05135143920779228,
      0.04903368279337883,
      0.04880738630890846,
      0.04903730750083923,
      0.04765878617763519,
      0.04690207540988922,
      0.04873136803507805,
      0.0446220226585865,
      0.04776356741786003,
      0.0441332682967186,
      0.04491329565644264,
      0.044638387858867645,
      0.04530254378914833,
      0.042405322194099426,
      0.04242372140288353,
      0.0417313389480114,
      0.041533976793289185,
      0.04042137786746025,
      0.04255744814872742,
      0.04136878252029419,
      0.04101377725601196,
      0.04069120064377785,
      0.04136781021952629,
      0.04112044721841812,
      0.03953684866428375,
      0.03796155005693436,
      0.03914709389209747,
      0.040982943028211594,
      0.03653080761432648,
      0.036126509308815,
      0.03507741913199425,
      0.03609521687030792,
      0.0358959324657917,
      0.03604361042380333,
      0.034104201942682266,
      0.03517765924334526,
      0.03502758592367172,
      0.0355868898332119,
      0.030986854806542397,
      0.03427387773990631,
      0.03292923420667648,
      0.03019293025135994,
      0.03148379549384117,
      0.029229989275336266,
      0.029559513553977013,
      0.029520275071263313,
      0.026353536173701286,
      0.029598934575915337,
      0.02537185698747635,
      0.02749364823102951,
      0.02657974511384964,
      0.024495767429471016,
      0.026926172897219658,
      0.02573816105723381,
      0.022723175585269928,
      0.021101089194417,
      0.025179795920848846,
      0.02302117645740509,
      0.019259953871369362,
      0.02088356204330921,
      0.02251707762479782,
      0.020902562886476517,
      0.019733896479010582,
      0.020958712324500084,
      0.020102575421333313,
      0.018477970734238625,
      0.019663281738758087,
      0.022353604435920715,
      0.01952560432255268,
      0.018665742129087448,
      0.015656419098377228,
      0.01778009533882141,
      0.016869748011231422,
      0.018162446096539497,
      0.01601707935333252,
      0.01536466833204031,
      0.015309146605432034,
      0.015036496333777905,
      0.014531145803630352,
      0.01579146832227707,
      0.012702831998467445,
      0.013346436433494091,
      0.015100710093975067,
      0.012527404353022575,
      0.014582137577235699,
      0.014103882946074009,
      0.012925825081765652,
      0.013532989658415318,
      0.012754610739648342,
      0.015728525817394257,
      0.015241996385157108,
      0.013585271313786507,
      0.012119038961827755,
      0.011595222167670727,
      0.011664741672575474,
      0.011560059152543545,
      0.015466059558093548,
      0.007905440405011177,
      0.009958081878721714,
      0.01018520537763834,
      0.010660962201654911,
      0.009400831535458565,
      0.009019337594509125,
      0.010414822958409786,
      0.011127552017569542,
      0.0079860370606184,
      0.009738337248563766,
      0.008432450704276562,
      0.00960991159081459,
      0.009969362989068031,
      0.012188603170216084,
      0.008033684454858303,
      0.008623622357845306,
      0.007256829179823399,
      0.009908024221658707,
      0.008082636632025242,
      0.008815979585051537,
      0.006290313322097063,
      0.006466231308877468,
      0.005080497823655605,
      0.007539509795606136,
      0.00833030603826046,
      0.008243117481470108,
      0.007125915493816137,
      0.0064647141844034195,
      0.006241722963750362,
      0.007201265078037977,
      0.005246644839644432,
      0.006896952632814646,
      0.005755531135946512,
      0.0053134034387767315,
      0.005598466377705336,
      0.004166960716247559,
      0.00798873696476221,
      0.006012807600200176,
      0.006585223600268364,
      0.0048128822818398476,
      0.006742952857166529,
      0.007434796541929245,
      0.0067223780788481236,
      0.006156574003398418,
      0.0064097242429852486,
      0.00645633926615119,
      0.005416461266577244,
      0.004639526829123497,
      0.005025255493819714,
      0.0053091193549335,
      0.003334964159876108,
      0.0037753547076135874,
      0.003346581244841218,
      0.00725066801533103,
      0.005583516322076321,
      0.005004037171602249,
      0.0052553508430719376,
      0.004737209063023329,
      0.0045500402338802814,
      0.004058636724948883,
      0.005440284963697195,
      0.005171735771000385,
      0.005699760280549526,
      0.005018580239266157,
      0.004279567394405603,
      0.0032297291327267885,
      0.005593317095190287,
      0.0033778799697756767,
      0.005771205760538578,
      0.004813467618077993,
      0.0039006811566650867,
      0.004608220420777798,
      0.0043339659459888935,
      0.004615274723619223,
      0.0043201143853366375,
      0.004282158799469471,
      0.004092265386134386,
      0.0037885571364313364,
      0.00500019546598196,
      0.002913296688348055,
      0.0025058756582438946,
      0.0032472170423716307,
      0.005261619575321674,
      0.0034059174358844757,
      0.005130475852638483,
      0.0041776858270168304,
      0.003076672786846757,
      0.0032371750567108393,
      0.0029328481759876013,
      0.0034443961922079325,
      0.003159354208037257,
      0.0037658358924090862,
      0.003496193792670965,
      0.0034905322827398777,
      0.003300562733784318,
      0.0027614980936050415,
      0.00590740330517292,
      0.0026876090560108423,
      0.003494498785585165,
      0.003399407956749201,
      0.005308973602950573,
      0.004156953655183315,
      0.0019054715521633625,
      0.00291198561899364,
      0.0019130544969812036,
      0.0037176667246967554,
      0.003252157010138035,
      0.0036713893059641123,
      0.0024410297628492117,
      0.0031923772767186165,
      0.003499660175293684,
      0.0029957029037177563,
      0.001992644742131233,
      0.0031740206759423018,
      0.002831103513017297,
      0.004058338701725006,
      0.0021322162356227636,
      0.0022079574409872293,
      0.003574756672605872,
      0.003675171174108982,
      0.00192122848238796,
      0.0028651198372244835,
      0.004420156590640545,
      0.002355139469727874,
      0.0021991555113345385,
      0.002886420814320445,
      0.0027813136111944914,
      0.0033810383174568415,
      0.0017262372421100736,
      0.00225354777649045,
      0.005512730218470097,
      0.0019696413073688745,
      0.0032494778279215097,
      0.002817878732457757,
      0.0032971955370157957,
      0.002388822613283992,
      0.002278776839375496,
      0.0020062499679625034,
      0.0021987594664096832,
      0.0024405557196587324,
      0.004239482339471579,
      0.00201610941439867,
      0.001995272235944867,
      0.002811628160998225,
      0.0028184072580188513,
      0.002762562595307827,
      0.0025386156048625708,
      0.0020257411524653435,
      0.0028989582788199186,
      0.002537297084927559,
      0.0017274502897635102,
      0.00193951022811234,
      0.002878638217225671,
