{
   "number_epochs": 300,
   "info_used": "partial info",
   "perc_full_data": 0.1,
   "n_epochs_no_selection": 0,
   "Frequency % cutoff": 0.3,
   "hidden_size": 32,
   "random_state": 10,
   "train_errors": [
      0.031032485887408257,
      0.030964897945523262,
      0.02996394783258438,
      0.029973803088068962,
      0.0293336920440197,
      0.02929694950580597,
      0.02870532125234604,
      0.02924841083586216,
      0.028194375336170197,
      0.02727634459733963,
      0.028063712641596794,
      0.02674698270857334,
      0.02650287002325058,
      0.02681601606309414,
      0.026533255353569984,
      0.026440400630235672,
      0.025830300524830818,
      0.025601234287023544,
      0.02569538541138172,
      0.024851277470588684,
      0.024232523515820503,
      0.02361256629228592,
      0.02385074831545353,
      0.023146765306591988,
      0.02278575673699379,
      0.023058665916323662,
      0.022299306467175484,
      0.02118583582341671,
      0.02133319154381752,
      0.02056722529232502,
      0.02093936875462532,
      0.019351156428456306,
      0.018932251259684563,
      0.01926453970372677,
      0.01878238283097744,
      0.018050679937005043,
      0.01668398827314377,
      0.016888698562979698,
      0.0171794630587101,
      0.016817940399050713,
      0.01584845781326294,
      0.015157057903707027,
      0.01500839926302433,
      0.014713812619447708,
      0.014082100242376328,
      0.012899293564260006,
      0.013036097399890423,
      0.012957784347236156,
      0.012818379327654839,
      0.01336160209029913,
      0.012567581608891487,
      0.011010105721652508,
      0.010623225942254066,
      0.011524260975420475,
      0.011373801156878471,
      0.011799425818026066,
      0.011379810981452465,
      0.010282899253070354,
      0.01119951531291008,
      0.010167824104428291,
      0.0097712567076087,
      0.009247684851288795,
      0.009354411624372005,
      0.008562281727790833,
      0.008571677841246128,
      0.008470050990581512,
      0.008175626397132874,
      0.008659069426357746,
      0.007269672583788633,
      0.007647884543985128,
      0.007779145147651434,
      0.007043230812996626,
      0.006283874157816172,
      0.00749340420588851,
      0.006660809274762869,
      0.006624317262321711,
      0.008365711197257042,
      0.007963963784277439,
      0.005493823438882828,
      0.005487100686877966,
      0.00570862228050828,
      0.0050671156495809555,
      0.006238966714590788,
      0.006467819679528475,
      0.005206550471484661,
      0.00542427645996213,
      0.004647571127861738,
      0.0046494086273014545,
      0.005601558368653059,
      0.005032831337302923,
      0.004336988087743521,
      0.005354583263397217,
      0.0056150807067751884,
      0.0047396388836205006,
      0.00553421163931489,
      0.004161946475505829,
      0.004313585814088583,
      0.0038527564611285925,
      0.0037576837930828333,
      0.004742747638374567,
      0.0036639177706092596,
      0.00398992421105504,
      0.0050285751931369305,
      0.0034962270874530077,
      0.0030253883451223373,
      0.0041227806359529495,
      0.002957963151857257,
      0.0037951827980577946,
      0.0027534987311810255,
      0.0036655401345342398,
      0.003064739517867565,
      0.003552976530045271,
      0.0033313585445284843,
      0.0028384889010339975,
      0.0033297648187726736,
      0.0031824845355004072,
      0.0026702655013650656,
      0.0037879215087741613,
      0.003085725475102663,
      0.0028601300437003374,
      0.0026407253462821245,
      0.002239277120679617,
      0.0029300961177796125,
      0.0035036206245422363,
      0.003379186149686575,
      0.0031544289086014032,
      0.0024868405889719725,
      0.003558306023478508,
      0.0029164361767470837,
      0.0019357484998181462,
      0.002526177791878581,
      0.0024725310504436493,
      0.0029141877312213182,
      0.002211314393207431,
      0.00179437012411654,
      0.0019000766333192587,
      0.0019670892506837845,
      0.0018646797398105264,
      0.0019656545482575893,
      0.0022012353874742985,
      0.002086496213451028,
      0.0024451653007417917,
      0.003479373175650835,
      0.003543855855241418,
      0.002095486270263791,
      0.001346876728348434,
      0.0020352560095489025,
      0.0019970443099737167,
      0.0014989885967224836,
      0.001710280543193221,
      0.0023217150010168552,
      0.002405955921858549,
      0.0012278942158445716,
      0.001874596462585032,
      0.002012551063671708,
      0.001392781618051231,
      0.0018971101380884647,
      0.0024993051774799824,
      0.001626475714147091,
      0.001228442182764411,
      0.0013059666380286217,
      0.0012833296786993742,
      0.0015063402242958546,
      0.0013034989824518561,
      0.0016909813275560737,
      0.001187530579045415,
      0.0018084583571180701,
      0.002022211905568838,
      0.0011899780947715044,
      0.0012939032167196274,
      0.0014047743752598763,
      0.0013637515949085355,
      0.0010090990690514445,
      0.0013159646186977625,
      0.0009798104874789715,
      0.0017809643177315593,
      0.0023237252607941628,
      0.0018040877766907215,
      0.0015644042287021875,
      0.0020046273712068796,
      0.001258542062714696,
      0.0018599167233332992,
      0.0015237133484333754,
      0.001430050004273653,
      0.0010760942241176963,
      0.0013689117040485144,
      0.0014974145451560616,
      0.0017074797069653869,
      0.0008572541992180049,
      0.0008693122654221952,
      0.001015729969367385,
      0.0012336919317021966,
      0.001223987783305347,
      0.001662901253439486,
      0.0014146491885185242,
      0.0011907856678590178,
      0.0012392186326906085,
      0.0024309142027050257,
      0.0018997830338776112,
      0.0011185762705281377,
      0.0011369974818080664,
      0.0007899870397523046,
      0.0013308500638231635,
      0.0012807522434741259,
      0.001190677867271006,
      0.00106911757029593,
      0.0014360938221216202,
      0.0008296621963381767,
      0.0009284309344366193,
      0.0011318466858938336,
      0.0009326001163572073,
      0.0016503767110407352,
      0.001208131667226553,
      0.0012878610286861658,
      0.0014492552727460861,
      0.001493558520451188,
      0.0010647728340700269,
      0.0006964029162190855,
      0.0006737950025126338,
      0.0017303776694461703,
      0.0008762872312217951,
      0.0010779022704809904,
      0.001576345064677298,
      0.0010383842745795846,
      0.001547849620692432,
      0.0020712297409772873,
      0.0012181622441858053,
      0.0011838944628834724,
      0.000832307618111372,
      0.0010143134277313948,
      0.0016482434002682567,
      0.0009433603845536709,
      0.0008740336634218693,
      0.0007533025927841663,
      0.00116619816981256,
      0.0010352012468501925,
      0.0013543871464207768,
      0.0016812537796795368,
      0.0007845713407732546,
      0.0008472089539282024,
      0.0007216284284368157,
      0.000662581471260637,
      0.0008947471505962312,
      0.0008348716655746102,
      0.0009164104121737182,
      0.0008388050482608378,
      0.0013305572792887688,
      0.001532789203338325,
      0.0010790457017719746,
      0.0011081923730671406,
      0.0012051529483869672,
      0.0008068830939009786,
      0.0011710140388458967,
      0.0008729964029043913,
      0.0009709107107482851,
      0.0007104018004611135,
      0.0009334141504950821,
      0.0012440223945304751,
      0.0026171489153057337,
      0.0009498866857029498,
      0.0011860857484862208,
      0.001066570053808391,
      0.0010397967416793108,
      0.0011136780958622694,
      0.0009825497400015593,
      0.0009256905759684741,
      0.0008430702146142721,
      0.0010045820381492376,
      0.0005202429019846022,
      0.0005883390549570322,
      0.0007433569990098476,
      0.0011896906653419137,
      0.001037863316014409,
      0.0009110021637752652,
