{
   "number_epochs": 300,
   "info_used": "partial info",
   "perc_full_data": 0.1,
   "n_epochs_no_selection": 0,
   "Frequency % cutoff": 0.3,
   "hidden_size": 32,
   "random_state": 8,
   "train_errors": [
      0.0926518589258194,
      0.0896257758140564,
      0.08617766201496124,
      0.08256924897432327,
      0.08019975572824478,
      0.07817991822957993,
      0.07481956481933594,
      0.0733196958899498,
      0.07138441503047943,
      0.068729929625988,
      0.06728745996952057,
      0.06589996069669724,
      0.06570735573768616,
      0.06294279545545578,
      0.06159304082393646,
      0.059963952749967575,
      0.059713687747716904,
      0.057879094034433365,
      0.056641288101673126,
      0.05691679194569588,
      0.054399095475673676,
      0.05279107019305229,
      0.05234651267528534,
      0.05174246057868004,
      0.049897678196430206,
      0.0502311997115612,
      0.04900061711668968,
      0.04759940132498741,
      0.046303268522024155,
      0.04590994864702225,
      0.0456429086625576,
      0.04390154778957367,
      0.04405597969889641,
      0.044302668422460556,
      0.043563950806856155,
      0.04268713667988777,
      0.04269766807556152,
      0.04162753000855446,
      0.041320834308862686,
      0.04020003601908684,
      0.03998945280909538,
      0.04079585149884224,
      0.03729730099439621,
      0.039056889712810516,
      0.03865360468626022,
      0.039087049663066864,
      0.03844156861305237,
      0.03638661280274391,
      0.036073971539735794,
      0.034214913845062256,
      0.03341595456004143,
      0.03413160890340805,
      0.032066136598587036,
      0.03238383308053017,
      0.03182114660739899,
      0.03296229615807533,
      0.030774449929594994,
      0.029611025005578995,
      0.030175909399986267,
      0.029525112360715866,
      0.027653440833091736,
      0.02775207906961441,
      0.026844780892133713,
      0.02595488168299198,
      0.0264798142015934,
      0.025281181558966637,
      0.025717807933688164,
      0.026226332411170006,
      0.022226639091968536,
      0.024901418015360832,
      0.022502658888697624,
      0.02145426720380783,
      0.020814592018723488,
      0.02175881899893284,
      0.021762771531939507,
      0.020049577578902245,
      0.019304608926177025,
      0.019013457000255585,
      0.01829199492931366,
      0.018582753837108612,
      0.017767829820513725,
      0.01787085086107254,
      0.016933618113398552,
      0.018176626414060593,
      0.016904709860682487,
      0.01625538058578968,
      0.014837399125099182,
      0.015298115089535713,
      0.014776535332202911,
      0.013910877518355846,
      0.0166701078414917,
      0.016581861302256584,
      0.01335180550813675,
      0.013815393671393394,
      0.013127699494361877,
      0.013007503002882004,
      0.01263448130339384,
      0.013463334180414677,
      0.013323417864739895,
      0.010472931899130344,
      0.01236874982714653,
      0.009828014299273491,
      0.009765329770743847,
      0.010443412698805332,
      0.011085666716098785,
      0.011062724515795708,
      0.008769298903644085,
      0.009760408662259579,
      0.008421103470027447,
      0.008339743129909039,
      0.007854113355278969,
      0.007338551338762045,
      0.00959261879324913,
      0.008412386290729046,
      0.0070923324674367905,
      0.007846955209970474,
      0.008401128463447094,
      0.006857756059616804,
      0.006830072496086359,
      0.007056682836264372,
      0.0072128986939787865,
      0.006620706059038639,
      0.006395192351192236,
      0.005521176382899284,
      0.008163060061633587,
      0.0055048344656825066,
      0.006115674506872892,
      0.0058885556645691395,
      0.006461422424763441,
      0.006576273590326309,
      0.005576390773057938,
      0.0063268281519412994,
      0.004107039887458086,
      0.00586959533393383,
      0.005450088530778885,
      0.004403029568493366,
      0.005111523903906345,
      0.005434295162558556,
      0.003966574557125568,
      0.0048302337527275085,
      0.004152522888034582,
      0.004091330338269472,
      0.0046782526187598705,
      0.004156305454671383,
      0.005231075920164585,
      0.0038873935118317604,
      0.005258208140730858,
      0.004791960585862398,
      0.0041687823832035065,
      0.004355365876108408,
      0.003723942441865802,
      0.003693924518302083,
      0.004319704137742519,
      0.0030756210908293724,
      0.004226962104439735,
      0.004248001147061586,
      0.00538771552965045,
      0.0030972021631896496,
      0.0036045049782842398,
      0.003685437608510256,
      0.0028836140409111977,
      0.003516154130920768,
      0.0027411167975515127,
      0.003531838534399867,
      0.003364406991750002,
      0.0028560615610331297,
      0.002829082077369094,
      0.0028417357243597507,
      0.0033625210635364056,
      0.003432029625400901,
      0.002626853995025158,
      0.0032314902637153864,
      0.002771639032289386,
      0.003033631481230259,
      0.0031043607741594315,
      0.0028626464772969484,
      0.0027597069274634123,
      0.002341539366170764,
      0.003071204526349902,
      0.0037096578162163496,
      0.0032978372182697058,
      0.003121092449873686,
      0.0020888063590973616,
      0.002127890009433031,
      0.001669234363362193,
      0.0022205193527042866,
      0.0019401070894673467,
      0.002629372524097562,
      0.001966133713722229,
      0.002878868719562888,
      0.002021505730226636,
      0.001997792860493064,
      0.0017964764265343547,
      0.0018795052310451865,
      0.003213154152035713,
      0.002841547830030322,
      0.0024705054238438606,
      0.002506193472072482,
      0.0018999680178239942,
      0.0013802978210151196,
      0.0027195781003683805,
      0.0029802394565194845,
      0.0025687816087156534,
      0.0020579311531037092,
      0.002782403491437435,
      0.0018437841208651662,
      0.002050211885944009,
      0.0018087417120113969,
      0.0016541959485039115,
      0.001601619180291891,
      0.0017547066090628505,
      0.0015613788273185492,
      0.0016096353065222502,
      0.0013094082241877913,
      0.0023190390784293413,
      0.0014029263984411955,
      0.0016232399502769113,
      0.002027657348662615,
      0.0021871449425816536,
      0.001563746016472578,
      0.0017068898305296898,
      0.0025161856319755316,
      0.0012935488484799862,
      0.002252045553177595,
      0.0012870148057118058,
      0.0013489597477018833,
      0.002012079581618309,
      0.0018671411089599133,
      0.0019205346470698714,
      0.0015817712992429733,
      0.001580535899847746,
      0.0018976446008309722,
      0.0018860673299059272,
      0.0011254434939473867,
      0.0024775806814432144,
      0.0013494740705937147,
      0.002095375210046768,
      0.0010271274950355291,
      0.001150780008174479,
      0.0020826472900807858,
      0.0016308871563524008,
      0.001214577816426754,
      0.0014673912664875388,
      0.0014659420121461153,
      0.000989692285656929,
      0.0010810118401423097,
      0.00230279634706676,
      0.0013764179311692715,
      0.001604509074240923,
      0.001696819206699729,
      0.001409591524861753,
      0.001245580380782485,
      0.0009793557692319155,
      0.0009838581318035722,
      0.002172325737774372,
      0.0016660403925925493,
      0.00169075233861804,
      0.0014597558183595538,
      0.0010944700334221125,
      0.0010788055369630456,
      0.0011741573689505458,
      0.001136866514571011,
      0.0016334452666342258,
      0.0009290302405133843,
      0.0012675683246925473,
      0.0013662144774571061,
      0.0009782322449609637,
      0.0013047768734395504,
      0.0012269187718629837,
      0.0013886599335819483,
      0.0012425390304997563,
      0.0014129052869975567,
      0.0015224041417241096,
      0.0016923119546845555,
      0.0019142383243888617,
      0.001482735387980938,
      0.0021754165645688772,
