{
   "number_epochs": 300,
   "info_used": "partial info",
   "perc_full_data": 0.1,
   "n_epochs_no_selection": 0,
   "Frequency % cutoff": 0.3,
   "hidden_size": 32,
   "random_state": 14,
   "train_errors": [
      0.06053502857685089,
      0.05941841006278992,
      0.05755201354622841,
      0.05796579271554947,
      0.05728208273649216,
      0.05734686180949211,
      0.056364934891462326,
      0.05590672418475151,
      0.055415648967027664,
      0.0552835576236248,
      0.05474388971924782,
      0.053901307284832,
      0.05286683142185211,
      0.0526488721370697,
      0.0528230182826519,
      0.05199740454554558,
      0.05175426974892616,
      0.05151123180985451,
      0.051050715148448944,
      0.05103772506117821,
      0.049073413014411926,
      0.04857533797621727,
      0.048895642161369324,
      0.047249987721443176,
      0.046829789876937866,
      0.04716206341981888,
      0.04689636826515198,
      0.04575700685381889,
      0.04510253667831421,
      0.04388688877224922,
      0.04445210099220276,
      0.041659947484731674,
      0.041362516582012177,
      0.04105406999588013,
      0.04141959175467491,
      0.0395301952958107,
      0.03891420364379883,
      0.03781062737107277,
      0.03681834787130356,
      0.03663698956370354,
      0.03486568108201027,
      0.0357377789914608,
      0.03502378612756729,
      0.03271450474858284,
      0.03147789090871811,
      0.03012092411518097,
      0.03291722387075424,
      0.029999129474163055,
      0.029680177569389343,
      0.027565838769078255,
      0.026875339448451996,
      0.027420518919825554,
      0.02713601663708687,
      0.02524321712553501,
      0.02474479377269745,
      0.024993661791086197,
      0.025413356721401215,
      0.023754969239234924,
      0.024221161380410194,
      0.022181782871484756,
      0.020562579855322838,
      0.021027525886893272,
      0.020656194537878036,
      0.01937566138803959,
      0.01997915841639042,
      0.018496256321668625,
      0.018076015636324883,
      0.019556881859898567,
      0.01778974011540413,
      0.016877612099051476,
      0.016420705243945122,
      0.016744833439588547,
      0.0160015020519495,
      0.016224652528762817,
      0.015963679179549217,
      0.015292331576347351,
      0.013487366959452629,
      0.016143936663866043,
      0.014097999781370163,
      0.01576286181807518,
      0.013529585674405098,
      0.015531453303992748,
      0.014232894405722618,
      0.013988369144499302,
      0.01340572815388441,
      0.013753939419984818,
      0.012061057612299919,
      0.010365652851760387,
      0.011059037409722805,
      0.011730142869055271,
      0.01262382511049509,
      0.011750860139727592,
      0.010517200455069542,
      0.012062608264386654,
      0.011221539229154587,
      0.010605145245790482,
      0.009774835780262947,
      0.00959252379834652,
      0.010068830102682114,
      0.008854595012962818,
      0.01024248544126749,
      0.00821619387716055,
      0.009134162217378616,
      0.009669078513979912,
      0.008763940073549747,
      0.008711326867341995,
      0.007981722243130207,
      0.00851026363670826,
      0.009398723021149635,
      0.007745739538222551,
      0.006781274452805519,
      0.009088793769478798,
      0.006855729501694441,
      0.006247187498956919,
      0.0064296904020011425,
      0.006470274180173874,
      0.005677219480276108,
      0.005511359311640263,
      0.008823911659419537,
      0.005479896441102028,
      0.005385232158005238,
      0.0062376875430345535,
      0.006119641941040754,
      0.006458413787186146,
      0.0044846306554973125,
      0.005624381825327873,
      0.005977185908704996,
      0.005158140789717436,
      0.004736300092190504,
      0.005857998039573431,
      0.003719679079949856,
      0.0042428383603692055,
      0.0047167204320430756,
      0.005055674351751804,
      0.003208306385204196,
      0.004571305587887764,
      0.00340916495770216,
      0.005104429554194212,
      0.003540029749274254,
      0.004331405274569988,
      0.003764387220144272,
      0.0035605800803750753,
      0.003138982690870762,
      0.0032094724010676146,
      0.002628645161166787,
      0.005044371355324984,
      0.0037571245338767767,
      0.0041669150814414024,
      0.004166336264461279,
      0.0023745319340378046,
      0.00279829534702003,
      0.0028527367394417524,
      0.0030945325270295143,
      0.0039212461560964584,
      0.003630474442616105,
      0.0029508760198950768,
      0.0035424046218395233,
      0.0033259564079344273,
      0.002656979253515601,
      0.003042260417714715,
      0.0030803100671619177,
      0.0022090792190283537,
      0.0027544209733605385,
      0.0026287806686013937,
      0.0026019583456218243,
      0.002125540981069207,
      0.002592046745121479,
      0.0022076009772717953,
      0.002182876691222191,
      0.003335071261972189,
      0.003265127306804061,
      0.0022714680526405573,
      0.0018656187457963824,
      0.002224109834060073,
      0.0020233842078596354,
      0.0013988642022013664,
      0.0017025669803842902,
      0.0030333446338772774,
      0.0017877054633572698,
      0.0024050064384937286,
      0.0027354536578059196,
      0.0029646512120962143,
      0.0018808933673426509,
      0.0017352279974147677,
      0.0019495447631925344,
      0.002885902300477028,
      0.0017971296329051256,
      0.0019371811067685485,
      0.003422305453568697,
      0.002171424450352788,
      0.0019196262583136559,
      0.0021505875047296286,
      0.001734649995341897,
      0.0020022967364639044,
      0.002662617014721036,
      0.0020285991486161947,
      0.0024766302667558193,
      0.0027229173574596643,
      0.0021123969927430153,
      0.0015408073086291552,
      0.0023108802270144224,
      0.002086374443024397,
      0.0018081747693940997,
      0.0016076555475592613,
      0.0025232185143977404,
      0.0013145296834409237,
      0.001882615382783115,
      0.0013926163082942367,
      0.0012957887956872582,
      0.0014136359095573425,
      0.0016332551604136825,
      0.0013947781408205628,
      0.0020857304334640503,
      0.0015392751665785909,
      0.0031365074682980776,
      0.0016411405522376299,
      0.0020861891098320484,
      0.002274448052048683,
      0.0018325085984542966,
      0.0016663207206875086,
      0.0015806372975930572,
      0.002147149061784148,
      0.0019263031426817179,
      0.0014846635749563575,
      0.001332831452600658,
      0.0013959149364382029,
      0.0015369978500530124,
      0.0019581513479351997,
      0.0019425938371568918,
      0.0020573739893734455,
      0.0014616789994761348,
      0.0015394444344565272,
      0.001343413139693439,
      0.0011622232850641012,
      0.0019229915924370289,
      0.001229159184731543,
      0.0017580175772309303,
      0.0014739410253241658,
      0.0011668604565784335,
      0.0015459025744348764,
      0.001962138107046485,
      0.0013696332462131977,
      0.0013100301148369908,
      0.0015497332205995917,
      0.0013574897311627865,
      0.001068782526999712,
      0.0011034716153517365,
      0.0015144277131184936,
      0.0020753645803779364,
      0.0015303477412089705,
      0.0012991399271413684,
      0.0015580073231831193,
      0.0006711038295179605,
      0.0019211045000702143,
      0.0018734721234068274,
      0.0016587591962888837,
      0.0012811330379918218,
      0.0012439378770068288,
      0.0019700778648257256,
      0.0009223188390024006,
      0.0010643679415807128,
      0.0013862878549844027,
      0.0010275322711095214,
      0.0009242826490662992,
      0.001011266140267253,
      0.00146225665230304,
      0.0014895611675456166,
      0.0016420804895460606,
      0.0014222841709852219,
      0.0013812982942909002,
      0.0014411741867661476,
      0.001030651736073196,
      0.0013134405016899109,
      0.0013375085545703769,
      0.001191427931189537,
      0.0010344043839722872,
