{
   "number_epochs": 300,
   "info_used": "partial info",
   "perc_full_data": 0.1,
   "n_epochs_no_selection": 0,
   "Frequency % cutoff": 0.3,
   "hidden_size": 32,
   "random_state": 0,
   "train_errors": [
      0.05845249816775322,
      0.055827509611845016,
      0.05434158444404602,
      0.05252832919359207,
      0.051437586545944214,
      0.05020981281995773,
      0.049346666783094406,
      0.048911385238170624,
      0.04852859675884247,
      0.047707147896289825,
      0.046995293349027634,
      0.04706403985619545,
      0.046530816704034805,
      0.04602378234267235,
      0.045278362929821014,
      0.04459927976131439,
      0.043670203536748886,
      0.042813740670681,
      0.04239168018102646,
      0.042609021067619324,
      0.041672494262456894,
      0.04095771908760071,
      0.041330158710479736,
      0.03946521878242493,
      0.040137019008398056,
      0.03844871744513512,
      0.03853783383965492,
      0.0385688953101635,
      0.03711182251572609,
      0.0374290905892849,
      0.035869017243385315,
      0.035438694059848785,
      0.034595828503370285,
      0.03422495350241661,
      0.03391661122441292,
      0.03445560112595558,
      0.03220844268798828,
      0.03145640343427658,
      0.0319514125585556,
      0.03161407262086868,
      0.030529431998729706,
      0.02958359569311142,
      0.028795043006539345,
      0.028814993798732758,
      0.026622973382472992,
      0.028152352198958397,
      0.02661321870982647,
      0.025468023493885994,
      0.0233787689357996,
      0.023063238710165024,
      0.021959947422146797,
      0.02256469614803791,
      0.02151990309357643,
      0.021314220502972603,
      0.020956959575414658,
      0.020043812692165375,
      0.017743196338415146,
      0.0186109971255064,
      0.017621871083974838,
      0.017615051940083504,
      0.016580922529101372,
      0.01715194433927536,
      0.015780411660671234,
      0.01391321886330843,
      0.015314347110688686,
      0.014521253295242786,
      0.011767081916332245,
      0.011645028367638588,
      0.013365695253014565,
      0.013039270415902138,
      0.01398660708218813,
      0.011105857789516449,
      0.011848131194710732,
      0.011709368787705898,
      0.009500430896878242,
      0.008954916149377823,
      0.009193558245897293,
      0.00908905640244484,
      0.007573355920612812,
      0.010051406919956207,
      0.007341647520661354,
      0.007086284924298525,
      0.007471009623259306,
      0.007101645693182945,
      0.006238212343305349,
      0.008426466956734657,
      0.007297361735254526,
      0.006526063196361065,
      0.006444219034165144,
      0.006594697013497353,
      0.0063139633275568485,
      0.005679129622876644,
      0.005404267925769091,
      0.005678003653883934,
      0.004978465847671032,
      0.005348613020032644,
      0.005755052901804447,
      0.0035457133781164885,
      0.0049441540613770485,
      0.005299906712025404,
      0.004495482426136732,
      0.0044088829308748245,
      0.0035307176876813173,
      0.0054021175019443035,
      0.003525426844134927,
      0.004342092666774988,
      0.0033610330428928137,
      0.004391657188534737,
      0.0034001118037849665,
      0.004705711733549833,
      0.003036939073354006,
      0.003557004500180483,
      0.0037270321045070887,
      0.0031874675769358873,
      0.0057480353862047195,
      0.00405999505892396,
      0.0029189835768193007,
      0.00341869262047112,
      0.0033634910359978676,
      0.0026157114189118147,
      0.002885768422856927,
      0.002857414772734046,
      0.002228144323453307,
      0.0028194847982376814,
      0.0030440124683082104,
      0.0020576766692101955,
      0.0024861744605004787,
      0.001973980339244008,
      0.002795587759464979,
      0.0018510970985516906,
      0.0029869445133954287,
      0.0024816489312797785,
      0.0019081963691860437,
      0.0019468311220407486,
      0.002315608551725745,
      0.001812949893064797,
      0.0020930219907313585,
      0.0015824149595573545,
      0.0033647892996668816,
      0.0022974053863435984,
      0.0019121626392006874,
      0.0020508086308836937,
      0.001703149639070034,
      0.001484249485656619,
      0.001662631519138813,
      0.0024529399815946817,
      0.001269132480956614,
      0.0019515051972121,
      0.001675217761658132,
      0.002413518261164427,
      0.0020517236553132534,
      0.0016286121681332588,
      0.0019302505534142256,
      0.0011985977180302143,
      0.002315687946975231,
      0.0013976168120279908,
      0.0017189537174999714,
      0.0013823644258081913,
      0.0009507787181064487,
      0.0014494841452687979,
      0.0014173341915011406,
      0.0020457927603274584,
      0.0017886945279315114,
      0.0014464654959738255,
      0.0012868940830230713,
      0.0012492224341258407,
      0.0014751197304576635,
      0.0012584114447236061,
      0.002328137867152691,
      0.0013609438901767135,
      0.0012064299080520868,
      0.001452264143154025,
      0.0012491067172959447,
      0.0013295308453962207,
      0.0014966337475925684,
      0.0015211773570626974,
      0.0013497578911483288,
      0.0009002229198813438,
      0.0013176730135455728,
      0.0012775621144101024,
      0.0011904598213732243,
      0.001046562334522605,
      0.0015435103559866548,
      0.001724586240015924,
      0.0010395442368462682,
      0.0011436652857810259,
      0.0013166548451408744,
      0.001332115731202066,
      0.0008044595015235245,
      0.0012769257882609963,
      0.001092655467800796,
      0.0010665151057764888,
      0.0010597051586955786,
      0.0011472669430077076,
      0.0021954281255602837,
      0.0008326909155584872,
      0.0012158170575276017,
      0.0010161369573324919,
      0.0013157188659533858,
      0.000900879327673465,
      0.0008022190304473042,
      0.0015090188244357705,
      0.0012620387133210897,
      0.00097676832228899,
      0.0013248949544504285,
      0.0016539765056222677,
      0.000792016857303679,
      0.0009847061010077596,
      0.0008310925913974643,
      0.0010593989863991737,
      0.001126970280893147,
      0.0010496407048776746,
      0.0022035876754671335,
      0.001082470640540123,
      0.0010003062197938561,
      0.002068581525236368,
      0.0007287512999027967,
      0.0005299416370689869,
      0.0013261010171845555,
      0.0012205347884446383,
      0.0004860601620748639,
      0.0006035188562236726,
      0.0007722104783169925,
      0.0011719302274286747,
      0.0007770339725539088,
      0.0009740641107782722,
      0.0007557905046269298,
      0.0009789932519197464,
      0.0016461053164675832,
      0.0009479130967520177,
      0.0014490856556221843,
      0.0010529832215979695,
      0.0006186781683936715,
      0.0009138011955656111,
      0.0012077873107045889,
      0.0007474207668565214,
      0.0009112104307860136,
      0.0006336115766316652,
      0.0006931948009878397,
      0.0010057678446173668,
      0.0007687025354243815,
      0.0007565927808173001,
      0.0008056392543949187,
      0.0012643649242818356,
      0.0008190808584913611,
      0.0010651261545717716,
      0.0007741667795926332,
      0.0006779448594897985,
      0.0004602645931299776,
      0.0008266638615168631,
      0.0006821544375270605,
      0.0008028351585380733,
      0.0007713634986430407,
      0.0023601169232279062,
      0.0010644608410075307,
      0.0009000399149954319,
      0.0006956176366657019,
      0.0008092609932646155,
      0.0008899907697923481,
      0.0009085642523132265,
      0.0005512451753020287,
      0.0003806228924077004,
      0.0007697440451011062,
      0.0012535506393760443,
      0.0007940009236335754,
      0.0006946270004846156,
      0.0005499101825989783,
      0.0006943961489014328,
      0.0006582682835869491,
      0.0006200979114510119,
      0.0006123557686805725,
      0.0009122706833295524,
      0.0010975258192047477,
      0.0012275829212740064,
