{
   "number_epochs": 300,
   "info_used": "partial info",
   "perc_full_data": 0.3,
   "n_epochs_no_selection": 0,
   "Frequency % cutoff": 0.3,
   "hidden_size": 32,
   "random_state": 50,
   "train_errors": [
      0.09528312087059021,
      0.09128761291503906,
      0.08735019713640213,
      0.08308567106723785,
      0.07958771288394928,
      0.07569407671689987,
      0.07369742542505264,
      0.07009775936603546,
      0.06886273622512817,
      0.06520450860261917,
      0.06371662765741348,
      0.06112011894583702,
      0.06034807115793228,
      0.058713629841804504,
      0.05702047049999237,
      0.05568882077932358,
      0.054662544280290604,
      0.05423581600189209,
      0.05295374244451523,
      0.052455514669418335,
      0.051690515130758286,
      0.051044635474681854,
      0.05035203695297241,
      0.05019113048911095,
      0.0495903342962265,
      0.04964333400130272,
      0.049598366022109985,
      0.048682864755392075,
      0.048659443855285645,
      0.04739489033818245,
      0.047423090785741806,
      0.04830305650830269,
      0.046905264258384705,
      0.046897754073143005,
      0.04607001319527626,
      0.04549887403845787,
      0.04494021087884903,
      0.04552111402153969,
      0.04492109268903732,
      0.044415440410375595,
      0.04431788995862007,
      0.04343032091856003,
      0.04328637570142746,
      0.04285178706049919,
      0.042696092277765274,
      0.04160027951002121,
      0.04206857830286026,
      0.04204091429710388,
      0.04169872775673866,
      0.041448548436164856,
      0.041906293481588364,
      0.041173551231622696,
      0.04023006930947304,
      0.04008353501558304,
      0.041082702577114105,
      0.03911292925477028,
      0.039909493178129196,
      0.03892603889107704,
      0.03847949951887131,
      0.038654934614896774,
      0.03701053932309151,
      0.03838854655623436,
      0.036623530089855194,
      0.036376532167196274,
      0.03595444932579994,
      0.03632168471813202,
      0.035180266946554184,
      0.03566903620958328,
      0.034716345369815826,
      0.034850478172302246,
      0.034550782293081284,
      0.03409801796078682,
      0.033489540219306946,
      0.033938515931367874,
      0.03344177082180977,
      0.0326872393488884,
      0.032124362885951996,
      0.03158718720078468,
      0.03151902183890343,
      0.03212869167327881,
      0.03175738826394081,
      0.030474528670310974,
      0.03096308559179306,
      0.029049046337604523,
      0.029062064364552498,
      0.028927985578775406,
      0.029181841760873795,
      0.02901286818087101,
      0.027245819568634033,
      0.02732824720442295,
      0.027655882760882378,
      0.02709626406431198,
      0.02461596578359604,
      0.026397107169032097,
      0.02643480710685253,
      0.026077473536133766,
      0.025729423388838768,
      0.02647058665752411,
      0.02476850338280201,
      0.02376476116478443,
      0.02377924695611,
      0.022487657144665718,
      0.023418836295604706,
      0.024342317134141922,
      0.022938882932066917,
      0.022234678268432617,
      0.02162924036383629,
      0.02134416252374649,
      0.023890702053904533,
      0.02300146222114563,
      0.02235831506550312,
      0.021005017682909966,
      0.02235167659819126,
      0.02011428214609623,
      0.02088937908411026,
      0.02133539505302906,
      0.02059895731508732,
      0.02047159895300865,
      0.020066438242793083,
      0.019162753596901894,
      0.01877628266811371,
      0.019275829195976257,
      0.02060815505683422,
      0.021001432090997696,
      0.017836609855294228,
      0.01786823756992817,
      0.018104074522852898,
      0.01963108405470848,
      0.019363177940249443,
      0.019360819831490517,
      0.017554447054862976,
      0.01814357005059719,
      0.018869725987315178,
      0.017085297033190727,
      0.017258064821362495,
      0.018468543887138367,
      0.01801319234073162,
      0.01819000393152237,
      0.017653683200478554,
      0.01811189204454422,
      0.016271675005555153,
      0.017587073147296906,
      0.016321366652846336,
      0.017197243869304657,
      0.01565024070441723,
      0.016429463401436806,
      0.014997964724898338,
      0.013996721245348454,
      0.016578434035182,
      0.016348155215382576,
      0.016150183975696564,
      0.016580021008849144,
      0.015035072341561317,
      0.01633782684803009,
      0.013627964071929455,
      0.013536160811781883,
      0.01549773570150137,
      0.016067693009972572,
      0.014928304590284824,
      0.015372627414762974,
      0.013524303212761879,
      0.013942865654826164,
      0.014611555263400078,
      0.014360238797962666,
      0.014954655431210995,
      0.015401430428028107,
      0.01386292465031147,
      0.0160053763538599,
      0.013146749697625637,
      0.01425394881516695,
      0.01364804431796074,
      0.016501624137163162,
      0.013031354174017906,
      0.012810408137738705,
      0.014566086232662201,
      0.013683129101991653,
      0.013959268108010292,
      0.012509826570749283,
      0.011542128399014473,
      0.012829652056097984,
      0.013706286437809467,
      0.01235120464116335,
      0.012526479549705982,
      0.01307927630841732,
      0.013099581934511662,
      0.012069004587829113,
      0.013244492001831532,
      0.012463687919080257,
      0.012405041605234146,
      0.012954730540513992,
      0.01212908886373043,
      0.012765605933964252,
      0.012317009270191193,
      0.012869767844676971,
      0.01179519109427929,
      0.010896865278482437,
      0.01168813556432724,
      0.010840700939297676,
      0.010023931972682476,
      0.01083424687385559,
      0.01131114549934864,
      0.011530310846865177,
      0.011775367893278599,
      0.0107512716203928,
      0.011274270713329315,
      0.011289180256426334,
      0.010305800475180149,
      0.011046988889575005,
      0.01278596930205822,
      0.01238092128187418,
      0.010909282602369785,
      0.011357891373336315,
      0.011401711963117123,
      0.011832719668745995,
      0.010246194899082184,
      0.010930651798844337,
      0.010074415244162083,
      0.01046568714082241,
      0.009893618524074554,
      0.01037716493010521,
      0.010016332380473614,
      0.010100242681801319,
      0.010653051547706127,
      0.010006173513829708,
      0.008901845663785934,
      0.009753678925335407,
      0.010100842453539371,
      0.008152985014021397,
      0.007925578393042088,
      0.009965299628674984,
      0.008538130670785904,
      0.009985747747123241,
      0.00986836850643158,
      0.008816486224532127,
      0.008964980952441692,
      0.010091309435665607,
      0.0111656179651618,
      0.00919386651366949,
      0.009118880145251751,
      0.008801287040114403,
      0.00999986007809639,
      0.008871071971952915,
      0.007975763641297817,
      0.008479244075715542,
      0.010221120901405811,
      0.008817647583782673,
      0.00867902860045433,
      0.010029841214418411,
      0.008622463792562485,
      0.009760693646967411,
      0.007934332825243473,
      0.00894521176815033,
      0.008955469354987144,
      0.00996510498225689,
      0.009049082174897194,
      0.007438968401402235,
      0.008837477304041386,
      0.00837587472051382,
      0.006970290560275316,
      0.009226515889167786,
      0.006799530237913132,
      0.009023960679769516,
      0.00679855328053236,
      0.008761998265981674,
      0.008307491429150105,
      0.009637819603085518,
      0.007465951144695282,
      0.006972459144890308,
      0.007785477675497532,
      0.008934744633734226,
      0.009331430308520794,
      0.008304661139845848,
      0.007667679339647293,
      0.007289482746273279,
      0.00704039353877306,
      0.007575802505016327,
      0.0075089409947395325,
      0.006491855252534151,
      0.007269442081451416,
      0.007025330327451229,
      0.007972754538059235,
      0.007939549162983894,
