{
   "number_epochs": 300,
   "info_used": "partial info",
   "perc_full_data": 0.1,
   "n_epochs_no_selection": 0,
   "Frequency % cutoff": 0.3,
   "hidden_size": 32,
   "random_state": 50,
   "train_errors": [
      0.09222289174795151,
      0.08766559511423111,
      0.08348141610622406,
      0.08074629306793213,
      0.07701070606708527,
      0.07424813508987427,
      0.07146374881267548,
      0.06760507076978683,
      0.06629207730293274,
      0.06424973160028458,
      0.06173093616962433,
      0.058906812220811844,
      0.05752846598625183,
      0.05618932843208313,
      0.05382946878671646,
      0.05320833623409271,
      0.051090046763420105,
      0.050818633288145065,
      0.050988901406526566,
      0.0491424985229969,
      0.04890645667910576,
      0.04771055653691292,
      0.04679718613624573,
      0.046836886554956436,
      0.04788120463490486,
      0.044073887169361115,
      0.04380400478839874,
      0.04390474781394005,
      0.04317186400294304,
      0.0431312657892704,
      0.042389269918203354,
      0.041672032326459885,
      0.040650490671396255,
      0.040019989013671875,
      0.040207769721746445,
      0.03953734040260315,
      0.03727883845567703,
      0.03788632154464722,
      0.03865765407681465,
      0.036917127668857574,
      0.03650674968957901,
      0.03695688396692276,
      0.03735261410474777,
      0.034944936633110046,
      0.03624582290649414,
      0.03518868610262871,
      0.03309212997555733,
      0.03275670111179352,
      0.03268938511610031,
      0.033940695226192474,
      0.033849045634269714,
      0.03146692365407944,
      0.03181158006191254,
      0.032140497118234634,
      0.03154808655381203,
      0.031957950443029404,
      0.030402138829231262,
      0.02983728237450123,
      0.02825145795941353,
      0.028745966032147408,
      0.028922000899910927,
      0.0285435002297163,
      0.02993042953312397,
      0.028915204107761383,
      0.028797246515750885,
      0.026860199868679047,
      0.02633269503712654,
      0.025233395397663116,
      0.024088149890303612,
      0.02696966752409935,
      0.027468739077448845,
      0.02377764694392681,
      0.023486535996198654,
      0.02524443343281746,
      0.023305729031562805,
      0.022236784920096397,
      0.022039979696273804,
      0.02081744559109211,
      0.02235592156648636,
      0.021775903180241585,
      0.020655332133173943,
      0.02249046228826046,
      0.023004261776804924,
      0.018604665994644165,
      0.019426440820097923,
      0.019723214209079742,
      0.017881952226161957,
      0.018303103744983673,
      0.017502959817647934,
      0.01924501359462738,
      0.01735270954668522,
      0.020288653671741486,
      0.01874806359410286,
      0.01710035651922226,
      0.017508672550320625,
      0.016625041142106056,
      0.01840631477534771,
      0.01886145770549774,
      0.014868389815092087,
      0.016575941815972328,
      0.016230395063757896,
      0.015485267154872417,
      0.017748862504959106,
      0.015395629219710827,
      0.01731129176914692,
      0.014594463631510735,
      0.013643539510667324,
      0.014200559817254543,
      0.013645644299685955,
      0.013703186996281147,
      0.013556686230003834,
      0.014819909818470478,
      0.014321248047053814,
      0.012870400212705135,
      0.01325998455286026,
      0.012849020771682262,
      0.012087920680642128,
      0.011805237270891666,
      0.012311459518969059,
      0.014055030420422554,
      0.011470816098153591,
      0.012502424418926239,
      0.011810816824436188,
      0.011186215095221996,
      0.012176820077002048,
      0.011402436532080173,
      0.011472954414784908,
      0.00990379136055708,
      0.010530694387853146,
      0.008889286778867245,
      0.011045408435165882,
      0.013190777972340584,
      0.009662579745054245,
      0.011416666209697723,
      0.010044057853519917,
      0.008785368874669075,
      0.00993124209344387,
      0.01015425194054842,
      0.0102707389742136,
      0.010052875615656376,
      0.010027885437011719,
      0.008597416803240776,
      0.008232052437961102,
      0.009437539614737034,
      0.0114256851375103,
      0.009693345986306667,
      0.009475590661168098,
      0.0087386230006814,
      0.010508020408451557,
      0.008292905986309052,
      0.00872084777802229,
      0.00757033983245492,
      0.008568028919398785,
      0.009557526558637619,
      0.007923959754407406,
      0.008402732200920582,
      0.009974215179681778,
      0.008517536334693432,
      0.007998473942279816,
      0.0069764177314937115,
      0.008020422421395779,
      0.00762800220400095,
      0.007775465026497841,
      0.007976719178259373,
      0.008832115679979324,
      0.006813963409513235,
      0.0072073922492563725,
      0.008966943249106407,
      0.009061969816684723,
      0.007038718555122614,
      0.006227357313036919,
      0.0064202407374978065,
      0.006319870240986347,
      0.008241172879934311,
      0.007578657940030098,
      0.006896137725561857,
      0.007753912825137377,
      0.00753187108784914,
      0.007349471561610699,
      0.006647248286753893,
      0.006664828397333622,
      0.009791635908186436,
      0.0073447260074317455,
      0.008126192726194859,
      0.006477986928075552,
      0.009035108610987663,
      0.006331729702651501,
      0.006539751309901476,
      0.007386290468275547,
      0.006685657426714897,
      0.00547915231436491,
      0.0062061152420938015,
      0.0062400358729064465,
      0.005282221827656031,
      0.006891273893415928,
      0.006211831234395504,
      0.006995195057243109,
      0.006862151902168989,
      0.007348456420004368,
      0.00624136533588171,
      0.004609658848494291,
      0.005956502631306648,
      0.007032652851194143,
      0.007324971258640289,
      0.005855953320860863,
      0.007668172009289265,
      0.0059981499798595905,
      0.007004857528954744,
      0.006004892755299807,
      0.005862118676304817,
      0.005578877869993448,
      0.005110881291329861,
      0.005375965032726526,
      0.006266805808991194,
      0.005924981087446213,
      0.005431587342172861,
      0.005090317688882351,
      0.005204795394092798,
      0.005094563588500023,
      0.004715720657259226,
      0.008375696837902069,
      0.006145416293293238,
      0.005788731854408979,
      0.005290692206472158,
      0.006099754013121128,
      0.005341093521565199,
      0.0058479406870901585,
      0.0040634190663695335,
      0.004699435085058212,
      0.005261988844722509,
      0.004591537639498711,
      0.004920136649161577,
      0.005487337242811918,
      0.0043199751526117325,
      0.0054402281530201435,
      0.005092071369290352,
      0.005253384821116924,
      0.005018542055040598,
      0.005575966089963913,
      0.006261263974010944,
      0.005087187048047781,
      0.00431900005787611,
      0.0053769624792039394,
      0.004112562630325556,
      0.004974703770130873,
      0.0054826196283102036,
      0.00550070870667696,
      0.005191084463149309,
      0.005709218792617321,
      0.004671203438192606,
      0.005006134510040283,
      0.0061847371980547905,
      0.005629194900393486,
      0.004020546097308397,
      0.004688825458288193,
      0.004330548923462629,
      0.0048369248397648335,
      0.004121129401028156,
      0.006230395287275314,
      0.004846217576414347,
      0.0036677021998912096,
      0.004665253683924675,
      0.0043723927810788155,
      0.005321463104337454,
      0.0032582711428403854,
      0.003535821568220854,
      0.006020898465067148,
      0.003932998050004244,
      0.004090707283467054,
      0.004485688172280788,
      0.005085792392492294,
      0.00367433181963861,
      0.003665143856778741,
      0.00354268541559577,
      0.0046759056858718395,
      0.004205816891044378,
      0.005266203079372644,
      0.004387866239994764,
      0.004983372520655394,
      0.005832354538142681,
