{
   "number_epochs": 300,
   "info_used": "partial info",
   "perc_full_data": 0.1,
   "n_epochs_no_selection": 0,
   "Frequency % cutoff": 0.3,
   "hidden_size": 32,
   "random_state": 11,
   "train_errors": [
      0.053950920701026917,
      0.05356241762638092,
      0.053389422595500946,
      0.05247419700026512,
      0.05164165049791336,
      0.05135343596339226,
      0.051337096840143204,
      0.050961971282958984,
      0.049888480454683304,
      0.04989864304661751,
      0.0487002432346344,
      0.05004936084151268,
      0.048331376165151596,
      0.04730868339538574,
      0.047315046191215515,
      0.04712747037410736,
      0.04752829670906067,
      0.04602104797959328,
      0.046449411660432816,
      0.04501814767718315,
      0.04370872303843498,
      0.04508737102150917,
      0.04353593662381172,
      0.043445464223623276,
      0.04252404719591141,
      0.041638895869255066,
      0.04122495278716087,
      0.041587915271520615,
      0.04081779718399048,
      0.03930731862783432,
      0.038109809160232544,
      0.0381869412958622,
      0.03697298467159271,
      0.036960724741220474,
      0.0361102856695652,
      0.03397834673523903,
      0.034551333636045456,
      0.033444005995988846,
      0.032277658581733704,
      0.031423550099134445,
      0.032457105815410614,
      0.030612416565418243,
      0.02915884554386139,
      0.02907438762485981,
      0.02728395350277424,
      0.026526184752583504,
      0.028805041685700417,
      0.025447282940149307,
      0.026120327413082123,
      0.02389872819185257,
      0.023813914507627487,
      0.022789902985095978,
      0.020828843116760254,
      0.022815361618995667,
      0.021256020292639732,
      0.020201779901981354,
      0.018507033586502075,
      0.0182285588234663,
      0.019998542964458466,
      0.017648963257670403,
      0.016876114532351494,
      0.01671210117638111,
      0.016668984666466713,
      0.01879797875881195,
      0.014348559081554413,
      0.016397623345255852,
      0.01467257272452116,
      0.01400571409612894,
      0.012710492126643658,
      0.014670261181890965,
      0.01233314536511898,
      0.012955497950315475,
      0.012611026875674725,
      0.012701108120381832,
      0.01261857245117426,
      0.011663646437227726,
      0.011089924722909927,
      0.011556454002857208,
      0.011466161347925663,
      0.011055602692067623,
      0.011108173988759518,
      0.010043536312878132,
      0.010786683298647404,
      0.009799012914299965,
      0.009783362969756126,
      0.010046233423054218,
      0.008368204347789288,
      0.008819938637316227,
      0.00938947033137083,
      0.00790371187031269,
      0.009454513899981976,
      0.009776814840734005,
      0.007477270904928446,
      0.008164574392139912,
      0.010258599184453487,
      0.010533473454415798,
      0.007520447485148907,
      0.007956083863973618,
      0.008785129524767399,
      0.007348186802119017,
      0.005886597093194723,
      0.006397719960659742,
      0.006157999858260155,
      0.005492140538990498,
      0.006656492128968239,
      0.005998154636472464,
      0.005414289887994528,
      0.005613279994577169,
      0.005855320952832699,
      0.00452451640740037,
      0.005421394016593695,
      0.005694907624274492,
      0.006449111271649599,
      0.006014878861606121,
      0.005220349412411451,
      0.0047532375901937485,
      0.005347615573555231,
      0.005168999545276165,
      0.005245207343250513,
      0.005236824508756399,
      0.004472948610782623,
      0.0040837801061570644,
      0.004558968357741833,
      0.004221213981509209,
      0.00408958038315177,
      0.0038318955339491367,
      0.003825680585578084,
      0.005690459627658129,
      0.004059690050780773,
      0.003244098275899887,
      0.00355615490116179,
      0.005418556742370129,
      0.004794000182300806,
      0.0031205536797642708,
      0.004523005802184343,
      0.003461975371465087,
      0.0035301977768540382,
      0.006257952656596899,
      0.004106359090656042,
      0.0035686837509274483,
      0.004265442956238985,
      0.0032278208527714014,
      0.003345998702570796,
      0.0029894125182181597,
      0.002791808219626546,
      0.004823298193514347,
      0.004672158043831587,
      0.002527394564822316,
      0.005152941681444645,
      0.0033199803438037634,
      0.0033411860931664705,
      0.0024725531693547964,
      0.002213665284216404,
      0.0029395378660410643,
      0.0027878445107489824,
      0.002295409794896841,
      0.0035199117846786976,
      0.00558061059564352,
      0.0038151738699525595,
      0.001745909103192389,
      0.002185559133067727,
      0.004007680807262659,
      0.002291065640747547,
      0.002019998850300908,
      0.0024374602362513542,
      0.0029413169249892235,
      0.002765083219856024,
      0.0035632082726806402,
      0.002946681110188365,
      0.002591249067336321,
      0.002581721404567361,
      0.0020034662447869778,
      0.001852298271842301,
      0.0027565399650484324,
      0.0017376671312376857,
      0.0023351586423814297,
      0.0024967126082628965,
      0.0035337512381374836,
      0.0018550310051068664,
      0.0021075101103633642,
      0.001639867783524096,
      0.002041699131950736,
      0.002824361901730299,
      0.0024399394169449806,
      0.002413730137050152,
      0.0025806103367358446,
      0.0023088371381163597,
      0.0019418200245127082,
      0.0019197138026356697,
      0.0017981603741645813,
      0.002303446177393198,
      0.001756691955961287,
      0.0022621634416282177,
      0.00562448613345623,
      0.00210965471342206,
      0.002307217800989747,
      0.003210538299754262,
      0.001394028658978641,
      0.0015078672440722585,
      0.0021886411122977734,
      0.0015477591659873724,
      0.002343889093026519,
      0.001998546998947859,
      0.0017316153971478343,
      0.002542098518460989,
      0.0016605809796601534,
      0.0025657557416707277,
      0.0014522385317832232,
      0.0027036492247134447,
      0.0018191406270489097,
      0.001425103866495192,
      0.0011900004465132952,
      0.0016956105828285217,
      0.0036766896955668926,
      0.0020914264023303986,
      0.003361959010362625,
      0.0014439007500186563,
      0.0021820487454533577,
      0.00225325720384717,
      0.0017859629588201642,
      0.003414032282307744,
      0.0018643478397279978,
      0.0023655910044908524,
      0.0015103141777217388,
      0.001564839156344533,
      0.0018861012067645788,
      0.001497143181040883,
      0.0017683734185993671,
      0.0014291885308921337,
      0.001450034906156361,
      0.002084695501253009,
      0.0014282470801845193,
      0.002843358088284731,
      0.0016416615108028054,
      0.002016122452914715,
      0.002090444089844823,
      0.0017777954926714301,
      0.0018356761429458857,
      0.0018174367723986506,
      0.0014942254638299346,
      0.003234624397009611,
      0.0020274159032851458,
      0.0017506638541817665,
      0.002230618381872773,
      0.0014843516983091831,
      0.0010558959329500794,
      0.001909557031467557,
      0.002123859478160739,
      0.001196162891574204,
      0.0015593055868521333,
      0.0012423618463799357,
      0.0011983753647655249,
      0.0028758931439369917,
      0.0013493250589817762,
      0.003125726943835616,
      0.002873577643185854,
      0.001345811178907752,
      0.0015137303853407502,
      0.0011970222694799304,
      0.0018105258932337165,
      0.0012134927092120051,
      0.0023071784526109695,
      0.0010714204981923103,
      0.0022974887397140265,
      0.0014628999633714557,
      0.0011794696329161525,
      0.0012414692901074886,
      0.001199456979520619,
      0.0017956305528059602,
      0.0019578691571950912,
      0.0012833088403567672,
      0.0011025207350030541,
      0.001841796562075615,
      0.0011776674073189497,
      0.002027002861723304,
      0.002269675023853779,
