{
   "number_epochs": 300,
   "info_used": "partial info",
   "perc_full_data": 0.3,
   "n_epochs_no_selection": 0,
   "Frequency % cutoff": 0.3,
   "hidden_size": 32,
   "random_state": 56,
   "train_errors": [
      0.08186698704957962,
      0.07782401144504547,
      0.07379407435655594,
      0.07154513150453568,
      0.06737878173589706,
      0.06387784332036972,
      0.062323302030563354,
      0.0607680045068264,
      0.05915425345301628,
      0.058118462562561035,
      0.056842055171728134,
      0.055118657648563385,
      0.05435052514076233,
      0.054128631949424744,
      0.05314895510673523,
      0.0529666393995285,
      0.05327267944812775,
      0.05222340300679207,
      0.05233493447303772,
      0.0522335022687912,
      0.05179675668478012,
      0.05165068060159683,
      0.050846196711063385,
      0.05057382211089134,
      0.0499642975628376,
      0.05035092309117317,
      0.04921887442469597,
      0.04913686215877533,
      0.04878054931759834,
      0.04771202430129051,
      0.04793044924736023,
      0.04724939912557602,
      0.04749387130141258,
      0.046792350709438324,
      0.046878207474946976,
      0.04556693881750107,
      0.04675258696079254,
      0.045196548104286194,
      0.04510794207453728,
      0.044904131442308426,
      0.04419633746147156,
      0.044917188584804535,
      0.04336106777191162,
      0.042634058743715286,
      0.042796630412340164,
      0.04217590391635895,
      0.04252520203590393,
      0.0418379083275795,
      0.04051605239510536,
      0.04035438597202301,
      0.039732370525598526,
      0.03958022594451904,
      0.03906725347042084,
      0.03840714693069458,
      0.03769989311695099,
      0.037769660353660583,
      0.03773980215191841,
      0.037207603454589844,
      0.03561142459511757,
      0.036394085735082626,
      0.03512806445360184,
      0.034636080265045166,
      0.034768566489219666,
      0.03343738242983818,
      0.033073000609874725,
      0.03290938213467598,
      0.03368423879146576,
      0.032168008387088776,
      0.03090055100619793,
      0.0319673977792263,
      0.03085748851299286,
      0.028713271021842957,
      0.030206900089979172,
      0.03029538318514824,
      0.02810308150947094,
      0.027225103229284286,
      0.028332533314824104,
      0.028353380039334297,
      0.024531669914722443,
      0.02573745884001255,
      0.02468043752014637,
      0.025792500004172325,
      0.023900873959064484,
      0.02455994486808777,
      0.02492940053343773,
      0.023326659575104713,
      0.02350844442844391,
      0.024547884240746498,
      0.02281774766743183,
      0.02101287432014942,
      0.020513711497187614,
      0.020554551854729652,
      0.021556692197918892,
      0.019886797294020653,
      0.01833258382976055,
      0.019624100998044014,
      0.019562918692827225,
      0.01941482350230217,
      0.01826368272304535,
      0.0187520869076252,
      0.01830868422985077,
      0.01848713494837284,
      0.01847347430884838,
      0.01679619774222374,
      0.01823863759636879,
      0.019239263609051704,
      0.015535103157162666,
      0.015685012564063072,
      0.017518682405352592,
      0.016509635373950005,
      0.015908844769001007,
      0.015382868237793446,
      0.01681969314813614,
      0.015409656800329685,
      0.016367483884096146,
      0.014224778860807419,
      0.014091433957219124,
      0.01480681449174881,
      0.015146173536777496,
      0.014766243286430836,
      0.015518303960561752,
      0.013682523742318153,
      0.014025232754647732,
      0.014313790015876293,
      0.01365590002387762,
      0.013779089786112309,
      0.013461069203913212,
      0.015745138749480247,
      0.012689939700067043,
      0.01286843791604042,
      0.012806995771825314,
      0.012547459453344345,
      0.013179391622543335,
      0.013096963055431843,
      0.012498806230723858,
      0.012721751816570759,
      0.011874697171151638,
      0.012205890379846096,
      0.013359623961150646,
      0.012387875467538834,
      0.012688311748206615,
      0.011636532843112946,
      0.011377597227692604,
      0.011260667815804482,
      0.011448935605585575,
      0.011791904456913471,
      0.010150247253477573,
      0.011585055850446224,
      0.010625120252370834,
      0.010738096199929714,
      0.010621444322168827,
      0.010557388886809349,
      0.010919881984591484,
      0.00997118279337883,
      0.009838271886110306,
      0.01045815460383892,
      0.008959914557635784,
      0.01086962316185236,
      0.010604304261505604,
      0.009749891236424446,
      0.009924845770001411,
      0.01049442682415247,
      0.00867253728210926,
      0.008869541808962822,
      0.01009737141430378,
      0.010161220096051693,
      0.00992140918970108,
      0.009298477321863174,
      0.009402358904480934,
      0.008532561361789703,
      0.00864765327423811,
      0.007809162139892578,
      0.008282572031021118,
      0.010057445615530014,
      0.008847278542816639,
      0.008471034467220306,
      0.00856957957148552,
      0.008226089179515839,
      0.008039158768951893,
      0.007861836813390255,
      0.008034165017306805,
      0.007728089112788439,
      0.008782762102782726,
      0.008573184721171856,
      0.00850545521825552,
      0.008680225349962711,
      0.007846186868846416,
      0.009032879024744034,
      0.007889283820986748,
      0.0065032318234443665,
      0.00871780514717102,
      0.009233101271092892,
      0.008534010499715805,
      0.007903708145022392,
      0.006782591342926025,
      0.007971048355102539,
      0.0076796673238277435,
      0.007647989317774773,
      0.006133794318884611,
      0.0076470281928777695,
      0.006011257879436016,
      0.007265069521963596,
      0.007079938892275095,
      0.0068561844527721405,
      0.008156931027770042,
      0.00782108586281538,
      0.006647342815995216,
      0.006767469923943281,
      0.00654179323464632,
      0.006454478949308395,
      0.006166226230561733,
      0.006068729795515537,
      0.00634442875161767,
      0.0069531966000795364,
      0.007378670386970043,
      0.006570366211235523,
      0.007005428429692984,
      0.007179437670856714,
      0.006370658054947853,
      0.006577622145414352,
      0.0061977761797606945,
      0.007218263577669859,
      0.006396180018782616,
      0.006290209945291281,
      0.005768285598605871,
      0.007220804691314697,
      0.0059418692253530025,
      0.005996823310852051,
      0.007159859407693148,
      0.006031562574207783,
      0.006501233205199242,
      0.006912165321409702,
      0.006658243481069803,
      0.006380040198564529,
      0.006058000959455967,
      0.0059623271226882935,
      0.006298132240772247,
      0.007082017138600349,
      0.006510612554848194,
      0.005698526743799448,
      0.006175471004098654,
      0.005969638004899025,
      0.006337219383567572,
      0.0062166196294128895,
      0.0066535258665680885,
      0.0066638607531785965,
      0.005558774806559086,
      0.005787258967757225,
      0.005862124729901552,
      0.0055069453082978725,
      0.00509905070066452,
      0.0059832255356013775,
      0.0055166506208479404,
      0.0063019441440701485,
      0.005600426346063614,
      0.004895882215350866,
      0.004358862992376089,
      0.005513025913387537,
      0.005279459524899721,
      0.005553152412176132,
      0.006362405605614185,
      0.00526818260550499,
      0.00442730775102973,
      0.005433565005660057,
      0.005178107880055904,
      0.005249017383903265,
      0.005168682895600796,
      0.005826535634696484,
      0.005025514867156744,
      0.005454567261040211,
      0.00539443688467145,
      0.005132989026606083,
      0.006159526761621237,
      0.004749839194118977,
      0.0051164631731808186,
      0.004800037480890751,
      0.00490474421530962,
      0.004654087591916323,
      0.004632004536688328,
      0.004802890587598085,
      0.004928835667669773,
