{
   "number_epochs": 300,
   "info_used": "partial info",
   "perc_full_data": 0.3,
   "n_epochs_no_selection": 0,
   "Frequency % cutoff": 0.3,
   "hidden_size": 32,
   "random_state": 42,
   "train_errors": [
      0.0944308191537857,
      0.09105215221643448,
      0.08690983057022095,
      0.08454681932926178,
      0.0817277804017067,
      0.07862746715545654,
      0.0759769082069397,
      0.07359136641025543,
      0.07159589976072311,
      0.0699838325381279,
      0.06839995086193085,
      0.0664779469370842,
      0.06568455696105957,
      0.06411506235599518,
      0.06319773942232132,
      0.06247889623045921,
      0.06143324077129364,
      0.06188905984163284,
      0.06164240464568138,
      0.06069549173116684,
      0.06113654002547264,
      0.060768164694309235,
      0.060355037450790405,
      0.059473756700754166,
      0.05978909134864807,
      0.0581962876021862,
      0.05837871879339218,
      0.05853579565882683,
      0.058140166103839874,
      0.056934598833322525,
      0.05596984550356865,
      0.05557814612984657,
      0.05566297844052315,
      0.05493905395269394,
      0.05328482761979103,
      0.053213514387607574,
      0.053122926503419876,
      0.05315354838967323,
      0.052634164690971375,
      0.05270807445049286,
      0.05152859911322594,
      0.049558114260435104,
      0.05041169002652168,
      0.05005482956767082,
      0.0497286356985569,
      0.048128336668014526,
      0.04771917685866356,
      0.047367218881845474,
      0.04593368619680405,
      0.045225732028484344,
      0.045379456132650375,
      0.04521913826465607,
      0.04460258036851883,
      0.04408269375562668,
      0.04433145746588707,
      0.0429253913462162,
      0.04119563102722168,
      0.04048963263630867,
      0.03923819586634636,
      0.03876710310578346,
      0.037944428622722626,
      0.038857243955135345,
      0.03769976645708084,
      0.03658793121576309,
      0.036102741956710815,
      0.035008568316698074,
      0.033558811992406845,
      0.03349049761891365,
      0.03052736073732376,
      0.03272201120853424,
      0.03145480528473854,
      0.028819946572184563,
      0.029890641570091248,
      0.02776503749191761,
      0.030983231961727142,
      0.025534721091389656,
      0.027006346732378006,
      0.026653705164790154,
      0.027508217841386795,
      0.026562396436929703,
      0.026555605232715607,
      0.023535674437880516,
      0.02438664436340332,
      0.02180817723274231,
      0.022776152938604355,
      0.022289661690592766,
      0.022934673354029655,
      0.021001912653446198,
      0.02098013646900654,
      0.019844643771648407,
      0.01929347589612007,
      0.019597552716732025,
      0.019413115456700325,
      0.02066732943058014,
      0.019064078107476234,
      0.019195232540369034,
      0.017914749681949615,
      0.01752747781574726,
      0.017033087089657784,
      0.016570065170526505,
      0.017283273860812187,
      0.015645071864128113,
      0.01764705404639244,
      0.015341478399932384,
      0.015024777501821518,
      0.01509018987417221,
      0.0142479557543993,
      0.015488394536077976,
      0.01373344473540783,
      0.01625368744134903,
      0.01539789978414774,
      0.014997366815805435,
      0.014827501028776169,
      0.014667157083749771,
      0.01385403797030449,
      0.01325389463454485,
      0.013436810113489628,
      0.013310784474015236,
      0.012624920345842838,
      0.011388596147298813,
      0.01318423356860876,
      0.011975407600402832,
      0.01177343912422657,
      0.012644670903682709,
      0.013013106770813465,
      0.01206586230546236,
      0.011853114701807499,
      0.012960309162735939,
      0.012157614342868328,
      0.011099726893007755,
      0.010281248949468136,
      0.011870626360177994,
      0.010561867617070675,
      0.01130701880902052,
      0.01120411604642868,
      0.010507537052035332,
      0.010401069186627865,
      0.010864784009754658,
      0.010892674326896667,
      0.010393118485808372,
      0.010675388388335705,
      0.010932368226349354,
      0.009003584273159504,
      0.010425628162920475,
      0.011404589749872684,
      0.010973363183438778,
      0.009651544503867626,
      0.009871559217572212,
      0.010356523096561432,
      0.009970341809093952,
      0.010548804886639118,
      0.009514948353171349,
      0.008899521082639694,
      0.009844060055911541,
      0.008671185001730919,
      0.008377817459404469,
      0.00818616058677435,
      0.009409325197339058,
      0.008844930678606033,
      0.007947241887450218,
      0.009206388145685196,
      0.009214315563440323,
      0.009097055532038212,
      0.00948319211602211,
      0.008224967867136002,
      0.008447774685919285,
      0.009822670370340347,
      0.009483816102147102,
      0.008128237910568714,
      0.0078124236315488815,
      0.00794066209346056,
      0.008720563724637032,
      0.008445880375802517,
      0.007639666553586721,
      0.0071713970974087715,
      0.008777269162237644,
      0.007764727808535099,
      0.00825402420014143,
      0.007560582831501961,
      0.007076318841427565,
      0.007828360423445702,
      0.007879042066633701,
      0.008200661279261112,
      0.008087687194347382,
      0.008209023624658585,
      0.00750027596950531,
      0.0076876175589859486,
      0.007481254171580076,
      0.007718570996075869,
      0.007071261294186115,
      0.007942572236061096,
      0.006778486538678408,
      0.006889368873089552,
      0.008924668654799461,
      0.006707916036248207,
      0.007363698910921812,
      0.006757246796041727,
      0.00662575475871563,
      0.00728054391220212,
      0.008226233534514904,
      0.008532596752047539,
      0.007104578427970409,
      0.0074337199330329895,
      0.007093444932252169,
      0.006200718227773905,
      0.006369029637426138,
      0.006200025789439678,
      0.006960122846066952,
      0.00758118974044919,
      0.007218134589493275,
      0.0065603191033005714,
      0.00638081319630146,
      0.006486297119408846,
      0.006874949671328068,
      0.006356848869472742,
      0.00613104272633791,
      0.007482937071472406,
      0.007039547432214022,
      0.007041789125651121,
      0.006746911443769932,
      0.006146149709820747,
      0.005755122285336256,
      0.0070577338337898254,
      0.0061033135280013084,
      0.006170019507408142,
      0.006700940430164337,
      0.006466848775744438,
      0.006444061174988747,
      0.006421856116503477,
      0.0066395895555615425,
      0.006539757829159498,
      0.00791990477591753,
      0.005167161114513874,
      0.00622040219604969,
      0.006755836773663759,
      0.005411979742348194,
      0.00559921795502305,
      0.007033212576061487,
      0.006684358697384596,
      0.006708831060677767,
      0.005790567025542259,
      0.005696348380297422,
      0.007093880791217089,
      0.0058683170937001705,
      0.0058801607228815556,
      0.005656234920024872,
      0.007287603337317705,
      0.005309407599270344,
      0.005372269544750452,
      0.005581581965088844,
      0.0064113144762814045,
      0.006131825037300587,
      0.005972004495561123,
      0.0054426915012300014,
      0.0058731879107654095,
      0.006519240792840719,
      0.005353234242647886,
      0.006560504902154207,
      0.005258764605969191,
      0.006258691195398569,
      0.005076505709439516,
      0.0059311119839549065,
      0.0054182144813239574,
      0.006317463703453541,
      0.005457653664052486,
      0.0055309743620455265,
      0.005994958803057671,
      0.006104395724833012,
      0.006846671923995018,
      0.005008643493056297,
      0.0062675876542925835,
      0.005459349602460861,
      0.006383619736880064,
      0.006364913657307625,
      0.0045236460864543915,
      0.006013571750372648,
      0.005427538882941008,
      0.006125333718955517,
      0.005205261521041393,
      0.005594813730567694,
