{
   "number_epochs": 300,
   "info_used": "partial info",
   "perc_full_data": 0.3,
   "n_epochs_no_selection": 0,
   "Frequency % cutoff": 0.3,
   "hidden_size": 32,
   "random_state": 43,
   "train_errors": [
      0.053301651030778885,
      0.05078110471367836,
      0.05059397220611572,
      0.04870017245411873,
      0.04752762243151665,
      0.04695885255932808,
      0.04649254307150841,
      0.04561203345656395,
      0.045950789004564285,
      0.045529648661613464,
      0.04605868086218834,
      0.045826975256204605,
      0.04544912651181221,
      0.044880446046590805,
      0.044716544449329376,
      0.044031016528606415,
      0.043913453817367554,
      0.043105825781822205,
      0.04302354156970978,
      0.042477112263441086,
      0.04222792759537697,
      0.041525132954120636,
      0.04099464789032936,
      0.04080035910010338,
      0.04105750098824501,
      0.039844393730163574,
      0.03937331587076187,
      0.0393422469496727,
      0.03939395397901535,
      0.0381195954978466,
      0.03766443580389023,
      0.03667948767542839,
      0.03722337260842323,
      0.03588283061981201,
      0.03552369400858879,
      0.03521353006362915,
      0.03539462387561798,
      0.03501187637448311,
      0.033924564719200134,
      0.032970182597637177,
      0.0328742191195488,
      0.03194790333509445,
      0.03171389922499657,
      0.03136635571718216,
      0.030043233186006546,
      0.02998955361545086,
      0.028952226042747498,
      0.028162945061922073,
      0.028106095269322395,
      0.026813948526978493,
      0.02688201703131199,
      0.0253547765314579,
      0.02593124285340309,
      0.02527742087841034,
      0.023874055594205856,
      0.02326185256242752,
      0.023428447544574738,
      0.023257853463292122,
      0.02257482334971428,
      0.022365571931004524,
      0.021996984258294106,
      0.021591579541563988,
      0.02033379301428795,
      0.019703557714819908,
      0.019931472837924957,
      0.019948121160268784,
      0.02086709626019001,
      0.020377416163682938,
      0.018620943650603294,
      0.01813388615846634,
      0.017479967325925827,
      0.019134527072310448,
      0.0180366151034832,
      0.01766543835401535,
      0.016961347311735153,
      0.016903704032301903,
      0.01726604253053665,
      0.015650007873773575,
      0.015344185754656792,
      0.016716906800866127,
      0.015477495267987251,
      0.015582093968987465,
      0.016006749123334885,
      0.016266237944364548,
      0.014454065822064877,
      0.01513728965073824,
      0.014052281156182289,
      0.013674357905983925,
      0.013741671107709408,
      0.012707549147307873,
      0.013009385205805302,
      0.013392073102295399,
      0.01455414667725563,
      0.011892847716808319,
      0.01414136029779911,
      0.01231925655156374,
      0.014014873653650284,
      0.011848511174321175,
      0.012969826348125935,
      0.01235868688672781,
      0.011565529741346836,
      0.011578881181776524,
      0.01250031590461731,
      0.01190861128270626,
      0.010417846031486988,
      0.01134052686393261,
      0.011270626448094845,
      0.010443247854709625,
      0.01095595397055149,
      0.010793584398925304,
      0.010561970062553883,
      0.011378408409655094,
      0.011347908526659012,
      0.010270752012729645,
      0.009660590440034866,
      0.010351549834012985,
      0.009105679579079151,
      0.009392873384058475,
      0.009582879953086376,
      0.008878410793840885,
      0.009480639360845089,
      0.008709074929356575,
      0.00879646185785532,
      0.008746746927499771,
      0.00869378075003624,
      0.009079769253730774,
      0.009403475560247898,
      0.008272599428892136,
      0.009224493987858295,
      0.009304767474532127,
      0.0068323612213134766,
      0.009081872180104256,
      0.008700084872543812,
      0.008219600655138493,
      0.009614096023142338,
      0.00818408839404583,
      0.007513081654906273,
      0.0075453813187778,
      0.00808838102966547,
      0.007585510611534119,
      0.009817356243729591,
      0.008014936000108719,
      0.006709526292979717,
      0.007425572257488966,
      0.0074710785411298275,
      0.006531754042953253,
      0.0069901118986308575,
      0.007407985161989927,
      0.006543891970068216,
      0.007766404654830694,
      0.006277137435972691,
      0.007179637905210257,
      0.007229804992675781,
      0.006986859254539013,
      0.006290482822805643,
      0.00628912728279829,
      0.006484377197921276,
      0.007270283997058868,
      0.007437198422849178,
      0.006021029315888882,
      0.006485044490545988,
      0.005624014418572187,
      0.006704513914883137,
      0.006163673475384712,
      0.007342514116317034,
      0.007602178491652012,
      0.006230587139725685,
      0.006758237723261118,
      0.0068747540935873985,
      0.006520191673189402,
      0.00719894003123045,
      0.005706076510250568,
      0.007794450037181377,
      0.006284591741859913,
      0.005499113351106644,
      0.006190178915858269,
      0.006138434633612633,
      0.006509503815323114,
      0.006169365253299475,
      0.0062318663112819195,
      0.0058368295431137085,
      0.006269144359976053,
      0.005955236032605171,
      0.005355992820113897,
      0.006383822299540043,
      0.00598508445546031,
      0.00591524550691247,
      0.005362215451896191,
      0.005252250004559755,
      0.004745110869407654,
      0.0048300726339221,
      0.0050226738676428795,
      0.0050504328683018684,
      0.005535901058465242,
      0.004953533411026001,
      0.005487988702952862,
      0.004993312060832977,
      0.006177717354148626,
      0.004834819119423628,
      0.004913692362606525,
      0.00519415782764554,
      0.006139382719993591,
      0.005836821161210537,
      0.005845897831022739,
      0.005480080842971802,
      0.005083233583718538,
      0.005118145607411861,
      0.004389913287013769,
      0.006011009216308594,
      0.005322898272424936,
      0.006351267918944359,
      0.005072788335382938,
      0.005268752109259367,
      0.005645940080285072,
      0.004604977555572987,
      0.0046258349902927876,
      0.005731571931391954,
      0.004047405440360308,
      0.005259180441498756,
      0.005194585770368576,
      0.004796297755092382,
      0.004982830490916967,
      0.004129919223487377,
      0.006308211944997311,
      0.004248034209012985,
      0.004890303127467632,
      0.005896416492760181,
      0.005160389468073845,
      0.005013349931687117,
      0.005440238397568464,
      0.004776681307703257,
      0.0056927986443042755,
      0.005417569074779749,
      0.004776524845510721,
      0.004960694815963507,
      0.00463849725201726,
      0.00431927852332592,
      0.0042774733155965805,
      0.003953632898628712,
      0.004693338647484779,
      0.0041741118766367435,
      0.003774503944441676,
      0.004797733388841152,
      0.004861316177994013,
      0.004155441652983427,
      0.004438725300133228,
      0.004939609207212925,
      0.0034419354051351547,
      0.0035358467139303684,
      0.004179254174232483,
      0.0044251009821891785,
      0.004655090160667896,
      0.004023268818855286,
      0.004148346371948719,
      0.004102698061615229,
      0.003505100728943944,
      0.00455218181014061,
      0.004529075231403112,
      0.004284655209630728,
      0.00443566869944334,
      0.004489952698349953,
      0.0038399100303649902,
      0.0036929601337760687,
      0.004487496335059404,
      0.004662093706429005,
      0.0036122433375567198,
      0.0040657552890479565,
      0.004423523787409067,
      0.004097756464034319,
      0.004239064175635576,
      0.004197884351015091,
      0.004380206577479839,
      0.0038971819449216127,
      0.004611578769981861,
      0.004232076462358236,
      0.004003242123872042,
      0.0038746451027691364,
      0.004095737356692553,
      0.003577057970687747,
      0.0035340425092726946,
