{
   "number_epochs": 300,
   "info_used": "partial info",
   "perc_full_data": 0.1,
   "n_epochs_no_selection": 0,
   "Frequency % cutoff": 0.3,
   "hidden_size": 32,
   "random_state": 54,
   "train_errors": [
      0.1446998417377472,
      0.13462282717227936,
      0.1268245279788971,
      0.12033618241548538,
      0.1139095351099968,
      0.10758302360773087,
      0.10138901323080063,
      0.09461159259080887,
      0.0893949344754219,
      0.0838710144162178,
      0.08200579881668091,
      0.07836181670427322,
      0.0740249752998352,
      0.06910630315542221,
      0.06629110872745514,
      0.06282118707895279,
      0.0635087639093399,
      0.06293308734893799,
      0.05912035331130028,
      0.0595705509185791,
      0.058361638337373734,
      0.058373477309942245,
      0.05392340570688248,
      0.05312524735927582,
      0.054582901298999786,
      0.05364568531513214,
      0.05238869786262512,
      0.05432651564478874,
      0.05088362470269203,
      0.051032040268182755,
      0.05067586526274681,
      0.05002564191818237,
      0.04999799281358719,
      0.050035569816827774,
      0.050057802349328995,
      0.05045086517930031,
      0.04666206240653992,
      0.04638942703604698,
      0.04674151539802551,
      0.04656518995761871,
      0.044197697192430496,
      0.04546486213803291,
      0.04106584191322327,
      0.04314856976270676,
      0.04021050035953522,
      0.04373406618833542,
      0.04120655357837677,
      0.04093105345964432,
      0.039779506623744965,
      0.043128564953804016,
      0.03966135159134865,
      0.038030579686164856,
      0.03907604515552521,
      0.03796575963497162,
      0.038662198930978775,
      0.03645610436797142,
      0.03761516511440277,
      0.03899179771542549,
      0.03622598946094513,
      0.03767017647624016,
      0.03564654290676117,
      0.03773424029350281,
      0.03449780121445656,
      0.03300578147172928,
      0.034150198101997375,
      0.035449691116809845,
      0.0349639467895031,
      0.03217457979917526,
      0.03313961997628212,
      0.03009922243654728,
      0.030233802273869514,
      0.03042447566986084,
      0.03276172652840614,
      0.029460228979587555,
      0.028890714049339294,
      0.029230397194623947,
      0.027898363769054413,
      0.028729621320962906,
      0.02643498405814171,
      0.026550356298685074,
      0.02695304900407791,
      0.024373099207878113,
      0.023496922105550766,
      0.026378126814961433,
      0.02501358464360237,
      0.026985283941030502,
      0.025837209075689316,
      0.02167155034840107,
      0.023047156631946564,
      0.02396967262029648,
      0.02168535627424717,
      0.02130504511296749,
      0.02051304467022419,
      0.02156577818095684,
      0.019873853772878647,
      0.019249577075242996,
      0.01944173127412796,
      0.020276591181755066,
      0.018065592274069786,
      0.020800890401005745,
      0.019265133887529373,
      0.01957939751446247,
      0.017732098698616028,
      0.01642458885908127,
      0.017364686354994774,
      0.018915850669145584,
      0.017895961180329323,
      0.017539121210575104,
      0.016467608511447906,
      0.019180042669177055,
      0.016380930319428444,
      0.018888715654611588,
      0.014130082912743092,
      0.016675788909196854,
      0.014219253323972225,
      0.012517654336988926,
      0.014709989540278912,
      0.01739252358675003,
      0.01212484110146761,
      0.012749629095196724,
      0.011813025921583176,
      0.01254179049283266,
      0.012044225819408894,
      0.011691962368786335,
      0.01564827747642994,
      0.013606894761323929,
      0.011451885104179382,
      0.009850355796515942,
      0.014990974217653275,
      0.01262910570949316,
      0.010823183692991734,
      0.009876213036477566,
      0.009845887310802937,
      0.009060479700565338,
      0.009136532433331013,
      0.010783566161990166,
      0.01065266877412796,
      0.01005120761692524,
      0.010291031561791897,
      0.008345221169292927,
      0.00907780323177576,
      0.008553423918783665,
      0.008605321869254112,
      0.010026492178440094,
      0.008341450244188309,
      0.008738812990486622,
      0.007621713448315859,
      0.010853994637727737,
      0.007851743139326572,
      0.00899852067232132,
      0.00815661996603012,
      0.0062246304005384445,
      0.005492485594004393,
      0.0074311476200819016,
      0.009551591239869595,
      0.0069623361341655254,
      0.005268597509711981,
      0.0076704383827745914,
      0.00847670342773199,
      0.006866617128252983,
      0.005668640602380037,
      0.006666972301900387,
      0.00511536980047822,
      0.005414516665041447,
      0.005111973267048597,
      0.00429802481085062,
      0.007335750386118889,
      0.007566829212009907,
      0.003959433175623417,
      0.005243874620646238,
      0.004072295036166906,
      0.006011045537889004,
      0.0055268737487494946,
      0.0061445338651537895,
      0.005840178579092026,
      0.005038517061620951,
      0.004692672751843929,
      0.005837578792124987,
      0.006100095342844725,
      0.004445596598088741,
      0.004428843501955271,
      0.006243739277124405,
      0.004932425916194916,
      0.004985393024981022,
      0.004439219366759062,
      0.0055701895616948605,
      0.004971537739038467,
      0.005748968105763197,
      0.0038995922077447176,
      0.003375396365299821,
      0.004876600578427315,
      0.005590677261352539,
      0.0038973663467913866,
      0.00568544864654541,
      0.0029630293138325214,
      0.004127916414290667,
      0.004261116962879896,
      0.0049855089746415615,
      0.003751217620447278,
      0.004460267256945372,
      0.0034901134204119444,
      0.003653342369943857,
      0.003054158529266715,
      0.0032751073595136404,
      0.00426838593557477,
      0.005785683635622263,
      0.004735169466584921,
      0.003113239072263241,
      0.0036230264231562614,
      0.00337776867672801,
      0.0030133570544421673,
      0.004276690538972616,
      0.0027544936165213585,
      0.0036977569106966257,
      0.0043964143842458725,
      0.003549245186150074,
      0.0042586978524923325,
      0.003066994482651353,
      0.0034578200429677963,
      0.002298022387549281,
      0.0035322983749210835,
      0.0034787182230502367,
      0.005533798597753048,
      0.003188757924363017,
      0.0024302848614752293,
      0.003466937690973282,
      0.002519996603950858,
      0.003959770314395428,
      0.0027146590873599052,
      0.0022322465665638447,
      0.003312751417979598,
      0.0030338228680193424,
      0.0021219097543507814,
      0.0035014189779758453,
      0.0023395975586026907,
      0.002769139362499118,
      0.003496175864711404,
      0.0045390198938548565,
      0.005206909496337175,
      0.0025545668322592974,
      0.0026526388246566057,
      0.003273304086178541,
      0.003393300576135516,
      0.00448300875723362,
      0.003174621146172285,
      0.0036341233644634485,
      0.0030082734301686287,
      0.0021919896826148033,
      0.0025549549609422684,
      0.004698515869677067,
      0.0023386157117784023,
      0.002434608992189169,
      0.0020396856125444174,
      0.002653642324730754,
      0.003165454836562276,
      0.002086913911625743,
      0.0019416508730500937,
      0.0020328101236373186,
      0.002622099593281746,
      0.002240241738036275,
      0.002711494453251362,
      0.0033133768010884523,
      0.0027950862422585487,
      0.0025222685653716326,
      0.0016609365120530128,
      0.0012044538743793964,
      0.0014517615782096982,
      0.002834338927641511,
      0.0027096832636743784,
      0.0021064316388219595,
      0.0019104387611150742,
      0.002619753358885646,
      0.0036397844087332487,
      0.0029096556827425957,
      0.001999853877350688,
      0.002711802488192916,
      0.002341089304536581,
      0.002438035560771823,
      0.0017749278340488672,
