{
   "number_epochs": 300,
   "info_used": "partial info",
   "perc_full_data": 0.1,
   "n_epochs_no_selection": 0,
   "Frequency % cutoff": 0.3,
   "hidden_size": 32,
   "random_state": 7,
   "train_errors": [
      0.06382220983505249,
      0.06016199290752411,
      0.05786052346229553,
      0.055483970791101456,
      0.05374160781502724,
      0.051295045763254166,
      0.049579571932554245,
      0.04782279208302498,
      0.047100380063056946,
      0.04529644548892975,
      0.04546117037534714,
      0.043964240700006485,
      0.04414650425314903,
      0.04206991195678711,
      0.04149910435080528,
      0.040483541786670685,
      0.0402168445289135,
      0.038393110036849976,
      0.03797278180718422,
      0.0379902720451355,
      0.03710256889462471,
      0.03624991327524185,
      0.03480653092265129,
      0.034882232546806335,
      0.03390523046255112,
      0.03385663405060768,
      0.03362349793314934,
      0.032819170504808426,
      0.032653164118528366,
      0.03131207823753357,
      0.033014681190252304,
      0.03174646571278572,
      0.02994280308485031,
      0.029784144833683968,
      0.03003988042473793,
      0.029577651992440224,
      0.02836623229086399,
      0.02889876998960972,
      0.027881810441613197,
      0.027266353368759155,
      0.027245301753282547,
      0.025136632844805717,
      0.02497093193233013,
      0.02585000917315483,
      0.02380291372537613,
      0.026293084025382996,
      0.024225406348705292,
      0.02320151776075363,
      0.02293889783322811,
      0.022901421412825584,
      0.02011922374367714,
      0.020453674718737602,
      0.021613139659166336,
      0.0215284563601017,
      0.020014328882098198,
      0.018943507224321365,
      0.01859462819993496,
      0.017563579604029655,
      0.016790928319096565,
      0.017243461683392525,
      0.01749572530388832,
      0.01615489274263382,
      0.015249328687787056,
      0.017195630818605423,
      0.0159298125654459,
      0.013609791174530983,
      0.01334307063370943,
      0.0152121651917696,
      0.012155688367784023,
      0.013983966782689095,
      0.012141228653490543,
      0.012584337033331394,
      0.011309281922876835,
      0.013185301795601845,
      0.012563792057335377,
      0.011626415885984898,
      0.010585407726466656,
      0.011267217807471752,
      0.010752961970865726,
      0.011841322295367718,
      0.009766866452991962,
      0.012104811146855354,
      0.010009718127548695,
      0.008337704464793205,
      0.00839071162045002,
      0.009945460595190525,
      0.007936391048133373,
      0.00909633282572031,
      0.008566164411604404,
      0.0075481063686311245,
      0.007872832007706165,
      0.0073091983795166016,
      0.008555755950510502,
      0.0097777945920825,
      0.007318397518247366,
      0.007199413608759642,
      0.006607644725590944,
      0.007294683717191219,
      0.006313972175121307,
      0.007142847869545221,
      0.006038167048245668,
      0.005679838825017214,
      0.006289914716035128,
      0.006975546944886446,
      0.005344922188669443,
      0.007547012995928526,
      0.0057251229882240295,
      0.004950002301484346,
      0.005352287087589502,
      0.005293290130794048,
      0.005640615709125996,
      0.005155848804861307,
      0.005439986474812031,
      0.00522937998175621,
      0.006241787690669298,
      0.004890951793640852,
      0.004498384427279234,
      0.004915335215628147,
      0.004459237214177847,
      0.004544232971966267,
      0.005201772321015596,
      0.00491461344063282,
      0.004846039693802595,
      0.004171896260231733,
      0.004559813532978296,
      0.005071828607469797,
      0.0051723625510931015,
      0.0034665209241211414,
      0.0035380907356739044,
      0.003927108831703663,
      0.003974374383687973,
      0.004336188547313213,
      0.004035761579871178,
      0.004181715194135904,
      0.003495887154713273,
      0.004020690452307463,
      0.0037669509183615446,
      0.004048855043947697,
      0.003933205734938383,
      0.0034041800536215305,
      0.002585726324468851,
      0.00305581814609468,
      0.0030568717047572136,
      0.003469838760793209,
      0.0026597161777317524,
      0.0034293700009584427,
      0.003449023002758622,
      0.0030696955509483814,
      0.0027133366093039513,
      0.0027966646011918783,
      0.002971623558551073,
      0.0035185248125344515,
      0.0028624313417822123,
      0.0027003197465091944,
      0.0022642596159130335,
      0.0019982573576271534,
      0.004099431447684765,
      0.0023241830058395863,
      0.0029234192334115505,
      0.0027212295681238174,
      0.0033442259300500154,
      0.00261013419367373,
      0.003345323260873556,
      0.002268398879095912,
      0.002726514358073473,
      0.002327036578208208,
      0.0017669781809672713,
      0.001979062333703041,
      0.0019049508264288306,
      0.0026704929769039154,
      0.0023487480357289314,
      0.0022309650667011738,
      0.0023566302843391895,
      0.0016900331247597933,
      0.00268776947632432,
      0.0023814786691218615,
      0.002306198002770543,
      0.0020354909356683493,
      0.0030949318315833807,
      0.0018591791158542037,
      0.0018536229617893696,
      0.00284389010630548,
      0.0018053363310173154,
      0.0015679168282076716,
      0.0013284740271046758,
      0.001639446709305048,
      0.002294421661645174,
      0.0026114427018910646,
      0.0023436248302459717,
      0.002239253604784608,
      0.0016470488626509905,
      0.0015200987691059709,
      0.002852392615750432,
      0.0023948426824063063,
      0.0015883640153333545,
      0.0025574201717972755,
      0.0025333676021546125,
      0.002555061364546418,
      0.001544077880680561,
      0.001894105109386146,
      0.0019699835684150457,
      0.0014549267943948507,
      0.0019740089774131775,
      0.0026165437884628773,
      0.002872817451134324,
      0.0018134922720491886,
      0.00190599518828094,
      0.0016669945325702429,
      0.0017786412499845028,
      0.0014288498787209392,
      0.001652852282859385,
      0.0008891078759916127,
      0.0015513132093474269,
      0.0019378154538571835,
      0.0008122663130052388,
      0.0017150479834526777,
      0.0013802767498418689,
      0.0010775350965559483,
      0.001915530301630497,
      0.0012637840118259192,
      0.0018682978115975857,
      0.001608212129212916,
      0.0012697193305939436,
      0.0009747972944751382,
      0.0017311651026830077,
      0.0015106600476428866,
      0.001131658093072474,
      0.0019788348581641912,
      0.0014231924433261156,
      0.001624933909624815,
      0.001510892529040575,
      0.0017669375520199537,
      0.0014397331979125738,
      0.0012910485966131091,
      0.0015740757808089256,
      0.0021591754630208015,
      0.0017375266179442406,
      0.001120054512284696,
      0.0017698301235213876,
      0.0014737073797732592,
      0.001318567432463169,
      0.001373732229694724,
      0.0010282313451170921,
      0.0007806900539435446,
      0.001419036416336894,
      0.0009851038921624422,
      0.00209858943708241,
      0.0010340242879465222,
      0.0021982125472277403,
      0.0017335673328489065,
      0.0012697557685896754,
      0.0012451710645109415,
      0.0007342012249864638,
      0.0013484439114108682,
      0.0011089135659858584,
      0.0014504685532301664,
      0.0012388278264552355,
      0.0010693426011130214,
      0.0010397483129054308,
      0.0010865991935133934,
      0.001535743591375649,
      0.0008315801969729364,
      0.0015302704414352775,
      0.0015457260888069868,
      0.0011934918584302068,
      0.001383372233249247,
      0.0017051233444362879,
      0.0008087476016953588,
      0.002239173511043191,
      0.0014676335267722607,
      0.000676760624628514,
      0.0012303378898650408,
      0.0010999308433383703,
      0.0013506371760740876,
      0.0011715373257175088,
      0.001347858109511435,
