{
   "number_epochs": 500,
   "info_used": "use known only",
   "perc_full_data": 0.25,
   "n_epochs_no_selection": 0,
   "Frequency % cutoff": 0.25,
   "hidden_size": 32,
   "random_state": 10,
   "train_errors": [
      0.6889821290969849,
      0.6831147074699402,
      0.6762968301773071,
      0.6703972220420837,
      0.665524423122406,
      0.662325918674469,
      0.6580328345298767,
      0.6577258706092834,
      0.6582173705101013,
      0.6593095064163208,
      0.6611916422843933,
      0.6616008281707764,
      0.6606321334838867,
      0.6601703763008118,
      0.6610357165336609,
      0.6582412719726562,
      0.6552062034606934,
      0.6570300459861755,
      0.6558222770690918,
      0.6538437008857727,
      0.6526777148246765,
      0.6523164510726929,
      0.652783989906311,
      0.6509024500846863,
      0.6527784466743469,
      0.6507005095481873,
      0.6519690752029419,
      0.6493087410926819,
      0.6500239968299866,
      0.648889422416687,
      0.649469792842865,
      0.6485773324966431,
      0.6461372971534729,
      0.6468454003334045,
      0.6470627188682556,
      0.6433115005493164,
      0.6454877853393555,
      0.6447838544845581,
      0.6406164169311523,
      0.6417065858840942,
      0.6406739950180054,
      0.6395909786224365,
      0.638965368270874,
      0.6354857087135315,
      0.6353160738945007,
      0.6358119249343872,
      0.6339352130889893,
      0.6336162090301514,
      0.6305953860282898,
      0.6281353831291199,
      0.6303538680076599,
      0.6289210915565491,
      0.6269408464431763,
      0.621658444404602,
      0.6176929473876953,
      0.6174936294555664,
      0.6151089668273926,
      0.6190706491470337,
      0.60965496301651,
      0.6150504946708679,
      0.6083952188491821,
      0.604137659072876,
      0.6039018034934998,
      0.6024521589279175,
      0.6014072299003601,
      0.5953050851821899,
      0.595534086227417,
      0.5998116135597229,
      0.5948081016540527,
      0.5959659814834595,
      0.5921630263328552,
      0.5949917435646057,
      0.5859304070472717,
      0.5912157297134399,
      0.5873796939849854,
      0.58478182554245,
      0.5893090963363647,
      0.5887963771820068,
      0.5781018733978271,
      0.582398533821106,
      0.5879056453704834,
      0.581852376461029,
      0.5835084915161133,
      0.5861841440200806,
      0.5780606269836426,
      0.5884372591972351,
      0.5867683291435242,
      0.579106330871582,
      0.5898023843765259,
      0.5818145871162415,
      0.5825984477996826,
      0.5689781308174133,
      0.5829805731773376,
      0.5850191116333008,
      0.5892773866653442,
      0.5836793184280396,
      0.5877285599708557,
      0.5722623467445374,
      0.5829582810401917,
      0.582165539264679,
      0.5753136873245239,
      0.5845718383789062,
      0.5835494995117188,
      0.5863181948661804,
      0.5854038596153259,
      0.5821447372436523,
      0.5818806290626526,
      0.5762753486633301,
      0.5864062905311584,
      0.5927823781967163,
      0.5739444494247437,
      0.5779963135719299,
      0.5894046425819397,
      0.5737010836601257,
      0.5789419412612915,
      0.5886253714561462,
      0.5804870128631592,
      0.5760162472724915,
      0.5735862255096436,
      0.5807714462280273,
      0.5834606885910034,
      0.5771393775939941,
      0.5832518935203552,
      0.5781459212303162,
      0.5821118354797363,
      0.5841546654701233,
      0.5730379223823547,
      0.5811142325401306,
      0.5864853262901306,
      0.5825594663619995,
      0.5767561197280884,
      0.5834311246871948,
      0.5765964388847351,
      0.5825982093811035,
      0.5837981104850769,
      0.5713390111923218,
      0.5799365639686584,
      0.578835666179657,
      0.577286422252655,
      0.5661928653717041,
      0.57790207862854,
      0.5838426351547241,
      0.5842662453651428,
      0.58821702003479,
      0.5784834027290344,
      0.5742156505584717,
      0.5779438018798828,
      0.5816462635993958,
      0.5870918035507202,
      0.5783447623252869,
      0.584227442741394,
      0.5807912349700928,
      0.5789699554443359,
      0.5787457823753357,
      0.5809736251831055,
      0.5794845223426819,
      0.5821409821510315,
      0.5782346725463867,
      0.5778092741966248,
      0.5768340229988098,
      0.575325071811676,
      0.5769201517105103,
      0.5813909769058228,
      0.576324462890625,
      0.5810102820396423,
      0.5784167647361755,
      0.5750561952590942,
      0.5834219455718994,
      0.5822267532348633,
      0.5773149728775024,
      0.5792856812477112,
      0.5779397487640381,
      0.578798234462738,
      0.58382648229599,
      0.5756592154502869,
      0.5738998055458069,
      0.5783994197845459,
      0.5786442160606384,
      0.580496072769165,
      0.5769737362861633,
      0.5806460976600647,
      0.5801244974136353,
      0.5758612155914307,
      0.5766130685806274,
      0.580145537853241,
      0.5790557265281677,
      0.5773919820785522,
      0.5813366770744324,
      0.5798215866088867,
      0.5757154822349548,
      0.5808777213096619,
      0.5826547145843506,
      0.5816466212272644,
      0.5779189467430115,
      0.5787389278411865,
      0.5736013650894165,
      0.577963650226593,
      0.583629846572876,
      0.5777765512466431,
      0.579933762550354,
      0.5847568511962891,
      0.5773334503173828,
      0.5825355648994446,
      0.5824214816093445,
      0.5799664855003357,
      0.5804404616355896,
      0.5766177773475647,
      0.5746095180511475,
      0.5782398581504822,
      0.5752452611923218,
      0.576862096786499,
      0.5866869688034058,
      0.5777686238288879,
      0.5799328088760376,
      0.5800563097000122,
      0.5759252309799194,
      0.5802546143531799,
      0.580011785030365,
      0.5747931599617004,
      0.5815760493278503,
      0.5726308822631836,
      0.5817471742630005,
      0.5753257870674133,
      0.5760692954063416,
      0.5754104256629944,
      0.5759069919586182,
      0.5753369927406311,
      0.5864172577857971,
      0.5727994441986084,
      0.584752082824707,
      0.5748960375785828,
      0.5745885372161865,
      0.5794410109519958,
      0.5758964419364929,
      0.5771522521972656,
      0.5777925848960876,
      0.583500862121582,
      0.577899694442749,
      0.5754229426383972,
      0.5792412161827087,
      0.579131543636322,
      0.583591639995575,
      0.5784852504730225,
      0.5777761936187744,
      0.5779938101768494,
      0.5776435732841492,
      0.5798162221908569,
      0.5788307785987854,
      0.5792667269706726,
      0.5765112042427063,
      0.5801780819892883,
      0.5812132358551025,
      0.5742189884185791,
      0.5775759220123291,
      0.5800634622573853,
      0.581177294254303,
      0.5756106972694397,
      0.5754001140594482,
      0.5760173201560974,
      0.5801146626472473,
      0.5823792219161987,
      0.5823442339897156,
      0.5769890546798706,
      0.5754509568214417,
      0.5782296657562256,
      0.5806263089179993,
      0.5800687074661255,
      0.5789287090301514,
      0.5706747174263,
      0.5738374590873718,
      0.5720953345298767,
      0.5785567164421082,
      0.57817143201828,
      0.5745399594306946,
      0.5811812281608582,
      0.5782713890075684,
      0.5806485414505005,
      0.5738061666488647,
      0.5795328617095947,
      0.5774161219596863,
      0.5827717185020447,
      0.5731773376464844,
      0.5808738470077515,
      0.5764308571815491,
      0.5797874331474304,
      0.5797651410102844,
      0.5811248421669006,
      0.576611340045929,
      0.5784512162208557,
      0.5688818693161011,
      0.5805212259292603,
      0.5804311037063599,
      0.573844313621521,
      0.5763102173805237,
      0.5749903917312622,
      0.5838084816932678,
      0.5761541128158569,
      0.5773952603340149,
      0.5718502402305603,
      0.5756129622459412,
      0.5810571312904358,
