{
   "number_epochs": 75,
   "info_used": "use known only",
   "perc_full_data": 0.1,
   "n_epochs_no_selection": 0,
   "Frequency % cutoff": 0.25,
   "hidden_size": 32,
   "random_state": 0,
   "train_errors": [
      0.6733343601226807,
      0.6651747226715088,
      0.6593727469444275,
      0.6525295972824097,
      0.6480376720428467,
      0.6458853483200073,
      0.6451677680015564,
      0.6446235775947571,
      0.6445416212081909,
      0.6516357660293579,
      0.6460211277008057,
      0.6463381052017212,
      0.6446518898010254,
      0.6441681981086731,
      0.643246054649353,
      0.6406596899032593,
      0.6424664855003357,
      0.6429861187934875,
      0.6456931233406067,
      0.6421270370483398,
      0.6413167119026184,
      0.6448094844818115,
      0.6410439014434814,
      0.6419130563735962,
      0.6411881446838379,
      0.6434705853462219,
      0.6420425772666931,
      0.6419278383255005,
      0.6439718008041382,
      0.6427643299102783,
      0.6401220560073853,
      0.6464644074440002,
      0.6382477879524231,
      0.6406800746917725,
      0.6405400633811951,
      0.6421334147453308,
      0.6431676149368286,
      0.6407411098480225,
      0.6381006240844727,
      0.6411508917808533,
      0.6400688290596008,
      0.6413922905921936,
      0.6375816464424133,
      0.6427029967308044,
      0.6407620906829834,
      0.6394062042236328,
      0.644184410572052,
      0.6372761130332947,
      0.6368220448493958,
      0.6385033130645752,
      0.637596607208252,
      0.640842854976654,
      0.6391717791557312,
      0.6424210071563721,
      0.6393048763275146,
      0.6367072463035583,
      0.6469274163246155,
      0.640831708908081,
      0.6393952369689941,
      0.6451568007469177,
      0.6426788568496704,
      0.6391580700874329,
      0.6388693451881409,
      0.6389805674552917,
      0.6432874202728271,
      0.6399454474449158,
      0.6379442811012268,
      0.6429645419120789,
      0.6421639323234558,
      0.6423049569129944,
      0.6443679332733154,
      0.6431339979171753,
      0.6426349878311157,
      0.6406895518302917,
      0.6419416666030884
   ],
   "valid_errors": [
      0.6840642690658569,
      0.6967143416404724,
      0.7138409614562988,
      0.7032891511917114,
      0.6953920722007751,
      0.6950693726539612,
      0.7004868984222412,
      0.7032430768013,
      0.7007121443748474,
      0.6996819972991943,
      0.7007190585136414,
      0.7021718621253967,
      0.6991000771522522,
      0.69844651222229,
      0.7003440856933594,
      0.7002524733543396
   ],
   "val_epochs": [
      0,
      5,
      10,
      15,
      20,
      25,
      30,
      35,
      40,
      45,
      50,
      55,
      60,
      65,
      70,
      74
   ],
   "input_data_path": "../data/donated_blood/donated_blood_subsampled_balance.csv",
   "gradwcontext": false,
   "Encompassing Param": 0.1,
   "Normalize Grads & Contx": false,
   "cluster_all_classes": false,
   "imputation method": "",
   "model_dropout": 0.15
}