{
   "number_epochs": 75,
   "info_used": "use known only",
   "perc_full_data": 0.1,
   "n_epochs_no_selection": 0,
   "Frequency % cutoff": 0.25,
   "hidden_size": 32,
   "random_state": 9,
   "train_errors": [
      0.7058048248291016,
      0.6940744519233704,
      0.6843448877334595,
      0.674643337726593,
      0.6697566509246826,
      0.6611495018005371,
      0.6602411866188049,
      0.6574567556381226,
      0.6556457281112671,
      0.6534733772277832,
      0.6572546362876892,
      0.660538375377655,
      0.6618143916130066,
      0.6597506999969482,
      0.6574788689613342,
      0.6589701175689697,
      0.6595330834388733,
      0.653931200504303,
      0.6543973684310913,
      0.6554253697395325,
      0.6549568772315979,
      0.6558505296707153,
      0.6574693918228149,
      0.6598004698753357,
      0.6567499041557312,
      0.6555867195129395,
      0.6521284580230713,
      0.6565291285514832,
      0.6567754149436951,
      0.6539306640625,
      0.6584093570709229,
      0.655471682548523,
      0.6562635898590088,
      0.6531577706336975,
      0.6541248559951782,
      0.6563147306442261,
      0.6568364500999451,
      0.65549236536026,
      0.6495166420936584,
      0.6555660963058472,
      0.6546396613121033,
      0.6547162532806396,
      0.6523573398590088,
      0.6523073315620422,
      0.6546029448509216,
      0.6537961363792419,
      0.6545671224594116,
      0.6550226807594299,
      0.6565367579460144,
      0.6575643420219421,
      0.6524405479431152,
      0.6558020710945129,
      0.65376216173172,
      0.6541087031364441,
      0.6512088179588318,
      0.6552857160568237,
      0.6532508730888367,
      0.6543064713478088,
      0.655691921710968,
      0.6531184315681458,
      0.6578059792518616,
      0.6548166275024414,
      0.6540216207504272,
      0.6523064374923706,
      0.6524602770805359,
      0.6531156301498413,
      0.6560156345367432,
      0.6548792719841003,
      0.6556892991065979,
      0.6522082686424255,
      0.6534690856933594,
      0.650468111038208,
      0.6490376591682434,
      0.6508357524871826,
      0.6535123586654663
   ],
   "valid_errors": [
      0.6936544179916382,
      0.6583161950111389,
      0.6593073606491089,
      0.6554585695266724,
      0.6543654203414917,
      0.6537612080574036,
      0.6529485583305359,
      0.6533745527267456,
      0.6527531743049622,
      0.6526569128036499,
      0.6525986194610596,
      0.6526437997817993,
      0.6526781916618347,
      0.6526422500610352,
      0.6526972055435181,
      0.6527481079101562
   ],
   "val_epochs": [
      0,
      5,
      10,
      15,
      20,
      25,
      30,
      35,
      40,
      45,
      50,
      55,
      60,
      65,
      70,
      74
   ],
   "input_data_path": "../data/donated_blood/donated_blood_subsampled_balance.csv",
   "gradwcontext": false,
   "Encompassing Param": 0.1,
   "Normalize Grads & Contx": false,
   "cluster_all_classes": false,
   "imputation method": "",
   "model_dropout": 0.15
}