{
   "number_epochs": 75,
   "info_used": "use known only",
   "perc_full_data": 0.1,
   "n_epochs_no_selection": 0,
   "Frequency % cutoff": 0.25,
   "hidden_size": 32,
   "random_state": 6,
   "train_errors": [
      0.7052309513092041,
      0.6886377930641174,
      0.6789405941963196,
      0.6651362776756287,
      0.6673913598060608,
      0.6610777378082275,
      0.6537544131278992,
      0.6625253558158875,
      0.6588380932807922,
      0.657440185546875,
      0.6598307490348816,
      0.6596630215644836,
      0.6668974161148071,
      0.6603173613548279,
      0.6536416411399841,
      0.6551236510276794,
      0.6553749442100525,
      0.6554145812988281,
      0.6564186215400696,
      0.6520975828170776,
      0.6542683839797974,
      0.6561935544013977,
      0.6546056270599365,
      0.6574488878250122,
      0.6602471470832825,
      0.6572290062904358,
      0.6553886532783508,
      0.6569179892539978,
      0.6551685333251953,
      0.6555079817771912,
      0.6535782217979431,
      0.6531153917312622,
      0.6529151797294617,
      0.6563124656677246,
      0.6555163860321045,
      0.6526296138763428,
      0.6553851962089539,
      0.6561406254768372,
      0.6629025340080261,
      0.6569724678993225,
      0.6513729691505432,
      0.6539015769958496,
      0.6509938836097717,
      0.6525184512138367,
      0.6564742922782898,
      0.653375506401062,
      0.6533186435699463,
      0.6557984352111816,
      0.6553975343704224,
      0.6528215408325195,
      0.6531158089637756,
      0.6563478708267212,
      0.6538785696029663,
      0.6593838930130005,
      0.654229998588562,
      0.6517013311386108,
      0.6545863747596741,
      0.6512254476547241,
      0.654793918132782,
      0.6533015370368958,
      0.6567714810371399,
      0.654658317565918,
      0.6531667113304138,
      0.6511069536209106,
      0.6550794243812561,
      0.6537026762962341,
      0.653316855430603,
      0.6566442847251892,
      0.6542056202888489,
      0.6554132103919983,
      0.6508673429489136,
      0.6500476002693176,
      0.651531457901001,
      0.6523330211639404,
      0.6509679555892944
   ],
   "valid_errors": [
      0.6907293796539307,
      0.6610819101333618,
      0.6678481101989746,
      0.66246497631073,
      0.6620803475379944,
      0.6627122163772583,
      0.6625345945358276,
      0.6632384657859802,
      0.6635596752166748,
      0.6638880968093872,
      0.6642035841941833,
      0.6643181443214417,
      0.6643573641777039,
      0.6644174456596375,
      0.6645210385322571,
      0.6647380590438843
   ],
   "val_epochs": [
      0,
      5,
      10,
      15,
      20,
      25,
      30,
      35,
      40,
      45,
      50,
      55,
      60,
      65,
      70,
      74
   ],
   "input_data_path": "../data/donated_blood/donated_blood_subsampled_balance.csv",
   "gradwcontext": false,
   "Encompassing Param": 0.1,
   "Normalize Grads & Contx": false,
   "cluster_all_classes": false,
   "imputation method": "",
   "model_dropout": 0.15
}