{
   "number_epochs": 30,
   "info_used": "use imputation",
   "perc_full_data": 0.03,
   "n_epochs_no_selection": 0,
   "Frequency % cutoff": 0.33,
   "hidden_size": 32,
   "random_state": 0,
   "train_errors": [
      0.03706548362970352,
      0.017842601984739304,
      0.01533488929271698,
      0.018208345398306847,
      0.01755378022789955,
      0.015403900295495987,
      0.013333738781511784,
      0.013170751743018627,
      0.01304001733660698,
      0.013155544176697731,
      0.012967987917363644,
      0.012620527297258377,
      0.012086823582649231,
      0.011622339487075806,
      0.011668525636196136,
      0.01159314438700676,
      0.0117235342040658,
      0.011579787358641624,
      0.01144837774336338,
      0.011189401149749756,
      0.011016858741641045,
      0.011287344619631767,
      0.01119034644216299,
      0.010997571051120758,
      0.010765422135591507,
      0.011078240349888802,
      0.011271307244896889,
      0.010973060503602028,
      0.010512767359614372,
      0.011148499324917793
   ],
   "valid_errors": [
      0.028629174456000328,
      0.014454525895416737,
      0.01325543224811554,
      0.011375391855835915,
      0.010859309695661068,
      0.010018234141170979,
      0.009934390895068645
   ],
   "val_epochs": [
      0,
      5,
      10,
      15,
      20,
      25,
      29
   ],
   "input_data_path": "../data/dataset_photo_pce10/data.csv",
   "gradwcontext": true,
   "Encompassing Param": 0.1,
   "Normalize Grads & Contx": false,
   "cluster_all_classes": false,
   "imputation method": "Soft Impute",
   "model_dropout": 0.05
}