{
   "number_epochs": 500,
   "info_used": "use imputation",
   "perc_full_data": 0.015,
   "n_epochs_no_selection": 0,
   "Frequency % cutoff": 0.33,
   "hidden_size": 32,
   "random_state": 16,
   "train_errors": [
      0.04454091563820839,
      0.017543040215969086,
      0.009749413467943668,
      0.017216596752405167,
      0.017236219719052315,
      0.014281166717410088,
      0.01084255613386631,
      0.009701508097350597,
      0.01011713407933712,
      0.011021417565643787,
      0.011013173498213291,
      0.010555370710790157,
      0.010165007784962654,
      0.00963317696005106,
      0.009922067634761333,
      0.009671726264059544,
      0.009967830963432789,
      0.009825176559388638,
      0.009640743024647236,
      0.009155800566077232,
      0.008825625292956829,
      0.008921508677303791,
      0.0092613585293293,
      0.009031799621880054,
      0.008475990034639835,
      0.009099421091377735,
      0.008845280855894089,
      0.008614307269454002,
      0.008698085322976112,
      0.008797325193881989,
      0.008678503334522247,
      0.00838547945022583,
      0.009255020879209042,
      0.009062263183295727,
      0.00895694363862276,
      0.008527636528015137,
      0.00885707326233387,
      0.008788377977907658,
      0.008692601695656776,
      0.008737687952816486,
      0.00823899544775486,
      0.008303627371788025,
      0.008705445565283298,
      0.008604006841778755,
      0.008249971084296703,
      0.00866292230784893,
      0.008646953850984573,
      0.008119234815239906,
      0.008862564340233803,
      0.008706745691597462,
      0.009227397851645947,
      0.008571136742830276,
      0.008766709826886654,
      0.009005657397210598,
      0.008677015081048012,
      0.008288748562335968,
      0.008385502733290195,
      0.008568733930587769,
      0.00833945907652378,
      0.008460558950901031,
      0.00870142038911581,
      0.008560791611671448,
      0.0082846162840724,
      0.008495834656059742,
      0.00863693654537201,
      0.008628460578620434,
      0.008268472738564014,
      0.008587763644754887,
      0.008605852723121643,
      0.008356253616511822,
      0.008975240401923656,
      0.008565436117351055,
      0.008567708544433117,
      0.008424854837357998,
      0.008394095115363598,
      0.008893020451068878,
      0.008592483587563038,
      0.008450869470834732,
      0.008457937277853489,
      0.00838344357907772,
      0.008767015300691128,
      0.008037871681153774,
      0.00876868050545454,
      0.008252098225057125,
      0.008665087632834911,
      0.008549646474421024,
      0.00840139202773571,
      0.008098411373794079,
      0.008400475606322289,
      0.008219686336815357,
      0.008367173373699188,
      0.008612033911049366,
      0.009067152626812458,
      0.008600064553320408,
      0.008496270515024662,
      0.00862564891576767,
      0.00854164082556963,
      0.008746497333049774,
      0.008784768171608448,
      0.008450101129710674,
      0.008731919340789318,
      0.008490877225995064,
      0.008262849412858486,
      0.00804995372891426,
      0.008480366319417953,
      0.00835901778191328,
      0.008536431938409805,
      0.008367997594177723,
      0.008383330889046192,
      0.008749792352318764,
      0.008500797674059868,
      0.008268961682915688,
      0.008388389833271503,
      0.008366327732801437,
      0.008257661014795303,
      0.00842189695686102,
      0.008491052314639091,
      0.008665378205478191,
      0.008300389163196087,
      0.008541129529476166,
      0.008327006362378597,
      0.008429722860455513,
      0.008653943426907063,
      0.008338932879269123,
      0.008266176097095013,
      0.008687403053045273,
      0.00864432193338871,
      0.00839628279209137,
      0.008579379878938198,
      0.008436012081801891,
      0.008629992604255676,
      0.008269173093140125,
      0.008436746895313263,
      0.00829305313527584,
      0.008477547205984592,
      0.008411011658608913,
      0.008419322781264782,
      0.008337496779859066,
      0.00848651584237814,
      0.008418996818363667,
      0.008474549278616905,
      0.008528091944754124,
      0.008270403370261192,
      0.008321069180965424,
      0.008695319294929504,
      0.008461232297122478,
      0.008488891646265984,
      0.00846871454268694,
      0.008271750994026661,
      0.008195852860808372,
      0.008164451457560062,
      0.008452626876533031,
      0.00823461264371872,
      0.00840151309967041,
      0.008397920988500118,
      0.00844269897788763,
      0.008559080772101879,
      0.008196249604225159,
      0.008290632627904415,
      0.008405896835029125,
      0.00861627608537674,
      0.008308691903948784,
      0.008167223073542118,
      0.008220670744776726,
      0.00817929022014141,
      0.008500509895384312,
      0.008598939515650272,
      0.008202513679862022,
      0.008490079082548618,
      0.008372223936021328,
      0.008298090659081936,
      0.008600076660513878,
      0.008360877633094788,
      0.008710994385182858,
      0.008235742338001728,
      0.008451767265796661,
      0.008431842550635338,
      0.008465869352221489,
      0.008428993634879589,
      0.008224978111684322,
      0.008338849991559982,
      0.008282710798084736,
      0.008240904659032822,
      0.008492565713822842,
      0.008688364177942276,
      0.008182472549378872,
      0.008241565898060799,
      0.008519161492586136,
      0.008359839208424091,
      0.008327490650117397,
      0.00840526632964611,
      0.008270636200904846,
      0.008138420060276985,
      0.00821568351238966,
      0.008509553037583828,
      0.008507058024406433,
      0.008240530267357826,
      0.008581248112022877,
      0.008213925175368786,
      0.008497769013047218,
      0.008206203579902649,
      0.00843654666095972,
      0.008132373914122581,
      0.008030151948332787,
      0.008434719406068325,
      0.008514207787811756,
      0.008546566590666771,
      0.008361724205315113,
      0.008453194983303547,
      0.008188365027308464,
      0.008219785988330841,
      0.008121941238641739,
      0.008533909916877747,
      0.008394809439778328,
      0.00828648917376995,
      0.008257851004600525,
      0.008304760791361332,
      0.00820725504308939,
      0.008240540511906147,
      0.008341689594089985,
      0.008303162641823292,
      0.008453181013464928,
      0.008573713712394238,
      0.008185449987649918,
      0.008318886160850525,
      0.008354399353265762,
      0.008271153084933758,
      0.008161154575645924,
      0.00823089201003313,
      0.008122537285089493,
      0.008295314386487007,
      0.008197748102247715,
      0.008168403059244156,
      0.008307909592986107,
      0.008397302590310574,
      0.008507020771503448,
      0.008262739516794682,
      0.00820348970592022,
      0.008091038092970848,
      0.008386995643377304,
      0.008297953754663467,
      0.008181199431419373,
      0.008289942517876625,
      0.008188550360500813,
      0.00826097372919321,
      0.008126286789774895,
      0.00821392796933651,
      0.008087990805506706,
      0.00828532874584198,
      0.00855343323200941,
      0.008385720662772655,
      0.008392265066504478,
      0.008287853561341763,
      0.008105632849037647,
      0.008197823539376259,
      0.008246754296123981,
      0.008127694949507713,
      0.008372900076210499,
      0.008170610293745995,
      0.008531615138053894,
      0.008168602362275124,
      0.008066239766776562,
      0.008514363318681717,
      0.008359262719750404,
      0.008309814147651196,
      0.008544785901904106,
      0.008065450936555862,
      0.008095825091004372,
      0.008298540487885475,
      0.008336705155670643,
      0.008192087523639202,
      0.00815736036747694,
      0.008237594738602638,
      0.008030971512198448,
      0.008469123393297195,
      0.0080992067232728,
      0.008157766424119473,
      0.008237229660153389,
      0.008101549930870533,
