{
   "number_epochs": 500,
   "info_used": "use imputation",
   "perc_full_data": 0.03,
   "n_epochs_no_selection": 0,
   "Frequency % cutoff": 0.33,
   "hidden_size": 32,
   "random_state": 2,
   "train_errors": [
      0.011158326640725136,
      0.01204359345138073,
      0.011836919002234936,
      0.009882164187729359,
      0.00997195579111576,
      0.009549761191010475,
      0.008897511288523674,
      0.008390585891902447,
      0.008874327875673771,
      0.008271733298897743,
      0.008022702299058437,
      0.007674696389585733,
      0.00831676833331585,
      0.008069831877946854,
      0.007625887636095285,
      0.007911264896392822,
      0.008441492915153503,
      0.007494629826396704,
      0.008345261216163635,
      0.007612669840455055,
      0.0074137672781944275,
      0.007725488394498825,
      0.007808019407093525,
      0.007460517808794975,
      0.007595332805067301,
      0.0076624187640845776,
      0.0071465028449893,
      0.007159036584198475,
      0.0072576869279146194,
      0.007378268055617809,
      0.007308725733309984,
      0.007321903016418219,
      0.0071578249335289,
      0.007715490180999041,
      0.007270796690136194,
      0.007335270754992962,
      0.007034406531602144,
      0.007304314058274031,
      0.00727935740724206,
      0.00713957566767931,
      0.006699673365801573,
      0.007275993004441261,
      0.006721788085997105,
      0.006615847814828157,
      0.0069998460821807384,
      0.006840111222118139,
      0.007356287445873022,
      0.00668737618252635,
      0.006600893102586269,
      0.006726977881044149,
      0.006793821230530739,
      0.006760156713426113,
      0.006818537600338459,
      0.006760378368198872,
      0.006973623298108578,
      0.006606383714824915,
      0.006599144544452429,
      0.006737847812473774,
      0.006748783867806196,
      0.007430823054164648,
      0.006929546594619751,
      0.006662753876298666,
      0.007023614831268787,
      0.006874105427414179,
      0.006682347506284714,
      0.007040323223918676,
      0.0066475635394454,
      0.0064475745894014835,
      0.007170246448367834,
      0.006299618631601334,
      0.006719890050590038,
      0.006879111286252737,
      0.006907455623149872,
      0.006471708882600069,
      0.006866036914288998,
      0.006551033817231655,
      0.0064998953603208065,
      0.006868653930723667,
      0.006365892477333546,
      0.006702622398734093,
      0.006541966460645199,
      0.006381668616086245,
      0.006642637308686972,
      0.006255295593291521,
      0.006530997809022665,
      0.006312159821391106,
      0.005982418544590473,
      0.006457101553678513,
      0.0064184777438640594,
      0.0063810222782194614,
      0.006234292406588793,
      0.0060483901761472225,
      0.005660710856318474,
      0.006007055751979351,
      0.006502203643321991,
      0.0056299734860658646,
      0.005575473885983229,
      0.005872557405382395,
      0.005629615392535925,
      0.00526304729282856,
      0.005796805489808321,
      0.005134892649948597,
      0.005548521876335144,
      0.005550297908484936,
      0.005253490526229143,
      0.005248154979199171,
      0.005306463688611984,
      0.004503847565501928,
      0.004824441857635975,
      0.004582537338137627,
      0.005065068136900663,
      0.0043860976584255695,
      0.004527166951447725,
      0.003787696361541748,
      0.004627233371138573,
      0.0031205983832478523,
      0.0034999377094209194,
      0.003460284788161516,
      0.0033797654323279858,
      0.0032100293319672346,
      0.0026143535505980253,
      0.0025326558388769627,
      0.0027938170824199915,
      0.002698285272344947,
      0.003067418932914734,
      0.0023783091455698013,
      0.002866347786039114,
      0.0020521192345768213,
      0.0022094331216067076,
      0.002482036128640175,
      0.0023783554788678885,
      0.002122955396771431,
      0.002309803618118167,
      0.0016036191955208778,
      0.002808842808008194,
      0.0013659123796969652,
      0.0018730437150225043,
      0.0015605621738359332,
      0.0014472807524725795,
      0.0015866681933403015,
      0.0016045585507526994,
      0.0015226493123918772,
      0.0017753897700458765,
      0.0015232220757752657,
      0.0020688779186457396,
      0.0014311589766293764,
      0.001501555205322802,
      0.0011041180696338415,
      0.0017796042375266552,
      0.0016948818229138851,
      0.0008504578145220876,
      0.0012045834446325898,
      0.0008147140615619719,
      0.0017706528306007385,
      0.0011835532495751977,
      0.0013293786905705929,
      0.0014477542135864496,
      0.0010888369288295507,
      0.0012550057144835591,
      0.0009947996586561203,
      0.0013159194495528936,
      0.0012660636566579342,
      0.0012952776160091162,
      0.0014550978085026145,
      0.001649681944400072,
      0.0008112063515000045,
      0.001095922663807869,
      0.0017726217629387975,
      0.0010248849866911769,
      0.0009171049459837377,
      0.0009060355951078236,
      0.0008528250618837774,
      0.000908218149561435,
      0.0010800864547491074,
      0.0010784710757434368,
      0.0009977915324270725,
      0.0008769366540946066,
      0.001087342039681971,
      0.0018027877667918801,
      0.0010904482332989573,
      0.00118988286703825,
      0.0008051736513152719,
      0.0016076044412329793,
      0.0010252862703055143,
      0.0012304158881306648,
      0.0011363532394170761,
      0.0012414682423695922,
      0.000966494670137763,
      0.0010880022309720516,
      0.0010125968838110566,
      0.0014564601005986333,
      0.0013823810731992126,
      0.0008279375033453107,
      0.0007711835787631571,
      0.0007021988276392221,
      0.0007686192984692752,
      0.0008911675540730357,
      0.0010230870684608817,
      0.0012091378448531032,
      0.0006718896329402924,
      0.0009292565518990159,
      0.0006820590933784842,
      0.0007159843225963414,
      0.0009971361141651869,
      0.0006715550553053617,
      0.000958431395702064,
      0.0007506730034947395,
      0.0005525829619728029,
      0.0009022332960739732,
      0.0008333483710885048,
      0.0008279344183392823,
      0.0009197278413921595,
      0.0006430840003304183,
      0.0009597587049938738,
      0.0007794644334353507,
      0.0009863526793196797,
      0.0008212214452214539,
      0.001060736016370356,
      0.0015434090746566653,
      0.0010041063651442528,
      0.001096860389225185,
      0.0007085759425535798,
      0.0006676793564110994,
      0.0009451376390643418,
      0.0010300209978595376,
      0.0010359106818214059,
      0.0009858368430286646,
      0.0007757394341751933,
      0.0009020657744258642,
      0.0009670904837548733,
      0.0007207919261418283,
      0.000758080743253231,
      0.0007338859722949564,
      0.0007640647818334401,
      0.0010676570236682892,
      0.000765936856623739,
      0.0007697789696976542,
      0.0009660166106186807,
      0.0004705424653366208,
      0.0006797780515626073,
      0.001106383977457881,
      0.0008642818429507315,
      0.0006787567981518805,
      0.0009123563067987561,
      0.0008089542970992625,
      0.0008425947744399309,
      0.0007563855033367872,
      0.0014162750449031591,
      0.000971900240983814,
      0.0008991606300696731,
      0.0006604405352845788,
      0.0006588164251297712,
      0.0006898299907334149,
      0.0008406724082306027,
      0.0006270750309340656,
      0.0006997695309109986,
      0.0007172233308665454,
      0.0005612995009869337,
      0.0007927914848551154,
      0.0004840556066483259,
      0.0008323215297423303,
      0.0005664925556629896,
      0.0006109457463026047,
      0.0005752230063080788,
      0.0006930439849384129,
      0.0006404977757483721,
      0.00042279576882719994,
      0.0008271880797110498,
      0.0007206359878182411,
      0.00113381608389318,
      0.0007156904903240502,
      0.000721010088454932,
      0.0005159187712706625,
