{
   "number_epochs": 500,
   "info_used": "use imputation",
   "perc_full_data": 0.015,
   "n_epochs_no_selection": 0,
   "Frequency % cutoff": 0.33,
   "hidden_size": 32,
   "random_state": 7,
   "train_errors": [
      0.011656956747174263,
      0.010996474884450436,
      0.012094107456505299,
      0.010697362013161182,
      0.009619535878300667,
      0.009779627434909344,
      0.009666871279478073,
      0.009350201115012169,
      0.009041910991072655,
      0.009092941880226135,
      0.009164427407085896,
      0.008999103680253029,
      0.008964660577476025,
      0.008859634399414062,
      0.008840152993798256,
      0.008617037907242775,
      0.008633570745587349,
      0.008612093515694141,
      0.008558109402656555,
      0.008807354606688023,
      0.008528675884008408,
      0.00854966975748539,
      0.008470394648611546,
      0.008463078178465366,
      0.008305922150611877,
      0.008679893799126148,
      0.008564859628677368,
      0.008334574289619923,
      0.008608072064816952,
      0.00856800191104412,
      0.008406567387282848,
      0.00853752251714468,
      0.008434460498392582,
      0.008306249976158142,
      0.008451343514025211,
      0.008560995571315289,
      0.008523473516106606,
      0.008434507064521313,
      0.008262624964118004,
      0.008449858985841274,
      0.008602455258369446,
      0.008267910219728947,
      0.008231217041611671,
      0.008351695723831654,
      0.008298560045659542,
      0.008484977297484875,
      0.008233202621340752,
      0.008179513737559319,
      0.008262398652732372,
      0.00819715391844511,
      0.008177162148058414,
      0.008186439983546734,
      0.00827337708324194,
      0.008416082710027695,
      0.008392306976020336,
      0.008323858492076397,
      0.008123884908854961,
      0.008252542465925217,
      0.008129513822495937,
      0.00813191756606102,
      0.00827866978943348,
      0.008229611441493034,
      0.008546607568860054,
      0.008044282905757427,
      0.008363127708435059,
      0.00824808981269598,
      0.00831256341189146,
      0.008259021677076817,
      0.00826667994260788,
      0.008284988813102245,
      0.00801912136375904,
      0.008273671381175518,
      0.00822894275188446,
      0.008356926031410694,
      0.008312729187309742,
      0.008272678591310978,
      0.008202948607504368,
      0.00791203510016203,
      0.008498946204781532,
      0.008104168809950352,
      0.008180995471775532,
      0.008163651451468468,
      0.008150769397616386,
      0.008153989911079407,
      0.008412078022956848,
      0.008307111449539661,
      0.008266955614089966,
      0.008239129558205605,
      0.008236467838287354,
      0.008313693106174469,
      0.008177247829735279,
      0.008190515451133251,
      0.008301479741930962,
      0.00831618346273899,
      0.008083615452051163,
      0.008094371296465397,
      0.007956257089972496,
      0.00810105912387371,
      0.00822386797517538,
      0.008141926489770412,
      0.008222050033509731,
      0.008220061659812927,
      0.008191375061869621,
      0.008004053495824337,
      0.008022071793675423,
      0.008024679496884346,
      0.007969806902110577,
      0.008326622657477856,
      0.008185462094843388,
      0.008085538633167744,
      0.007938853465020657,
      0.007939642295241356,
      0.008337720297276974,
      0.008335920982062817,
      0.00825558789074421,
      0.008283707313239574,
      0.008232319727540016,
      0.008129932917654514,
      0.008303304202854633,
      0.008419903926551342,
      0.008006351999938488,
      0.008211144246160984,
      0.008116600103676319,
      0.00819681491702795,
      0.008146891370415688,
      0.00803353637456894,
      0.007958691567182541,
      0.007786252070218325,
      0.00818847306072712,
      0.007845936343073845,
      0.00803672056645155,
      0.00805673561990261,
      0.008093461394309998,
      0.008048305287957191,
      0.008114594966173172,
      0.008059998042881489,
      0.007835493423044682,
      0.00781321246176958,
      0.008017612621188164,
      0.00786597654223442,
      0.008171803317964077,
      0.008007492870092392,
      0.008020363748073578,
      0.007942265830934048,
      0.00806649774312973,
      0.00801374576985836,
      0.008418426848948002,
      0.008041584864258766,
      0.007766079157590866,
      0.008069711737334728,
      0.008243328891694546,
      0.008048699237406254,
      0.008006038144230843,
      0.007890251465141773,
      0.007850898429751396,
      0.00792368408292532,
      0.007984128780663013,
      0.00818843673914671,
      0.008026158437132835,
      0.007904869504272938,
      0.008002244867384434,
      0.008037677966058254,
      0.007927431724965572,
      0.007874488830566406,
      0.008028028532862663,
      0.007891323417425156,
      0.008028092794120312,
      0.007912804372608662,
      0.00789176020771265,
      0.007767064962536097,
      0.008197125047445297,
      0.007883462123572826,
      0.007981506176292896,
      0.008022052235901356,
      0.008108848705887794,
      0.007894466631114483,
      0.007977120578289032,
      0.007862081751227379,
      0.008165339007973671,
      0.008097803220152855,
      0.008001843467354774,
      0.00807168148458004,
      0.00800275057554245,
      0.007908388040959835,
      0.007833299227058887,
      0.007958631031215191,
      0.00792825035750866,
      0.007842177525162697,
      0.007947554811835289,
      0.007925954647362232,
      0.007933685556054115,
      0.007858354598283768,
      0.007770751137286425,
      0.007748009171336889,
      0.007860759273171425,
      0.00796680711209774,
      0.007910201326012611,
      0.007810476701706648,
      0.007799601182341576,
      0.007918712683022022,
      0.007736471947282553,
      0.007616078481078148,
      0.007687347941100597,
      0.008109161630272865,
      0.008074590936303139,
      0.007751695346087217,
      0.007951462641358376,
      0.0077077546156942844,
      0.007817680947482586,
      0.007891601882874966,
      0.007711637765169144,
      0.0079488605260849,
      0.007868347689509392,
      0.007755932863801718,
      0.007802753709256649,
      0.007773426827043295,
      0.007748031988739967,
      0.007906436920166016,
      0.007904055528342724,
      0.007782499305903912,
      0.0076299705542624,
      0.007594195660203695,
      0.008129778318107128,
      0.007634840440005064,
      0.00775549840182066,
      0.007775895297527313,
      0.007846316322684288,
      0.007686637341976166,
      0.007846498861908913,
      0.007813100703060627,
      0.007704631891101599,
      0.007744531147181988,
      0.007711966522037983,
      0.007859916426241398,
      0.007637313101440668,
      0.008222470059990883,
      0.007557433098554611,
      0.007971931248903275,
      0.0075848288834095,
      0.007760587614029646,
      0.007423154544085264,
      0.007650378625839949,
      0.008044450543820858,
      0.007853217422962189,
      0.007549192290753126,
      0.007763884961605072,
      0.007556986063718796,
      0.007840820588171482,
      0.0076921479776501656,
      0.007764892652630806,
      0.007183257024735212,
      0.007553081028163433,
      0.0074337855912745,
      0.00742246164008975,
      0.0076830340549349785,
      0.007458831183612347,
      0.007523707579821348,
      0.007448652293533087,
      0.007404144387692213,
      0.007688586600124836,
      0.007649015635251999,
      0.007864313200116158,
      0.00734048942103982,
      0.007277745753526688,
      0.0074447151273489,
      0.00723341666162014,
      0.006909921299666166,
      0.007210669573396444,
      0.007176239043474197,
      0.0075013237074017525,
      0.007437178399413824,
      0.007356502581387758,
      0.007621436379849911,
      0.007112742867320776,
      0.007589956279844046,
      0.007250385358929634,
      0.006994474679231644,
      0.007635374553501606,
      0.007348562590777874,
