{
   "number_epochs": 500,
   "info_used": "use imputation",
   "perc_full_data": 0.02,
   "n_epochs_no_selection": 0,
   "Frequency % cutoff": 0.33,
   "hidden_size": 32,
   "random_state": 5,
   "train_errors": [
      0.14140935242176056,
      0.0902176946401596,
      0.05339621379971504,
      0.02760927379131317,
      0.014360244385898113,
      0.013328579254448414,
      0.019367050379514694,
      0.023913344368338585,
      0.021119315177202225,
      0.018179278820753098,
      0.014166353270411491,
      0.012062715366482735,
      0.011381943710148335,
      0.011309630237519741,
      0.012207718566060066,
      0.011909625492990017,
      0.011817936785519123,
      0.011489681899547577,
      0.011006154119968414,
      0.010937577113509178,
      0.01102385949343443,
      0.011057979427278042,
      0.011024710722267628,
      0.011652637273073196,
      0.011541562154889107,
      0.010503347031772137,
      0.01082935556769371,
      0.010444574058055878,
      0.01034550741314888,
      0.010368664748966694,
      0.010371302254498005,
      0.009914003312587738,
      0.010175761766731739,
      0.010102680884301662,
      0.01071921456605196,
      0.010394906625151634,
      0.009928566403687,
      0.010114372707903385,
      0.010211482644081116,
      0.009839532896876335,
      0.010225777514278889,
      0.010352951474487782,
      0.009881720878183842,
      0.010089082643389702,
      0.009882733225822449,
      0.009857949800789356,
      0.009815281257033348,
      0.009651567786931992,
      0.009846360422670841,
      0.010358339175581932,
      0.009867293760180473,
      0.009633946232497692,
      0.00965949147939682,
      0.009526907466351986,
      0.009568654000759125,
      0.009778335690498352,
      0.00988267082720995,
      0.0095680495724082,
      0.00933877658098936,
      0.009994450025260448,
      0.009668671526014805,
      0.009609799832105637,
      0.010109941475093365,
      0.009351365268230438,
      0.009923730045557022,
      0.009506132453680038,
      0.00973500870168209,
      0.009053383022546768,
      0.00987218040972948,
      0.009625976905226707,
      0.00968459527939558,
      0.009281978011131287,
      0.009857825003564358,
      0.009305882267653942,
      0.009457360953092575,
      0.00963632483035326,
      0.010390209034085274,
      0.010304979979991913,
      0.009890478104352951,
      0.009222950786352158,
      0.00919375754892826,
      0.009316287003457546,
      0.009568881243467331,
      0.009517368860542774,
      0.009114675223827362,
      0.009229084476828575,
      0.009410340338945389,
      0.009460913948714733,
      0.00871278252452612,
      0.0091124027967453,
      0.009056088514626026,
      0.009619918651878834,
      0.009510556235909462,
      0.009025141596794128,
      0.00899092573672533,
      0.009173482656478882,
      0.009074630215764046,
      0.0094336848706007,
      0.009488211013376713,
      0.009634842164814472,
      0.009467249736189842,
      0.00960628129541874,
      0.009079491719603539,
      0.008658090606331825,
      0.00899642612785101,
      0.009159796871244907,
      0.009121631272137165,
      0.009035160765051842,
      0.00934788677841425,
      0.008849403820931911,
      0.009761246852576733,
      0.009207889437675476,
      0.00906093418598175,
      0.008964014239609241,
      0.00927707925438881,
      0.008748870342969894,
      0.008304471150040627,
      0.009050525724887848,
      0.008749913424253464,
      0.009005465544760227,
      0.008621619082987309,
      0.008696958422660828,
      0.009139025583863258,
      0.009059857577085495,
      0.009364522062242031,
      0.008749515749514103,
      0.009179359301924706,
      0.00904171634465456,
      0.00867109652608633,
      0.00870304275304079,
      0.008664973080158234,
      0.008351320400834084,
      0.008721661753952503,
      0.00831597764045,
      0.00785019714385271,
      0.008256137371063232,
      0.008550385944545269,
      0.008837533183395863,
      0.008606186136603355,
      0.008167430758476257,
      0.00809786468744278,
      0.00812774058431387,
      0.008784295059740543,
      0.00797851663082838,
      0.009259769693017006,
      0.008740561082959175,
      0.008121385239064693,
      0.007931403815746307,
      0.00838787853717804,
      0.008336702361702919,
      0.008085139095783234,
      0.007878008298575878,
      0.008443096652626991,
      0.007771210744976997,
      0.00802647415548563,
      0.008118566125631332,
      0.0082742590457201,
      0.0073025040328502655,
      0.007679589558392763,
      0.007856832817196846,
      0.007955600507557392,
      0.008061522617936134,
      0.007506267633289099,
      0.007738860789686441,
      0.007577612530440092,
      0.007481663022190332,
      0.006434953771531582,
      0.00785822793841362,
      0.006997206714004278,
      0.007622905075550079,
      0.0073340279050171375,
      0.00672973832115531,
      0.007615081965923309,
      0.0066482871770858765,
      0.006708196830004454,
      0.006974733434617519,
      0.007336239330470562,
      0.006921219639480114,
      0.0069904206320643425,
      0.0068650743924081326,
      0.006381507031619549,
      0.006533961743116379,
      0.006396546494215727,
      0.006295409519225359,
      0.006141371093690395,
      0.006975062657147646,
      0.006196397822350264,
      0.00585415493696928,
      0.005668460391461849,
      0.005757853388786316,
      0.005997156724333763,
      0.005967841949313879,
      0.005435538943856955,
      0.005656830035150051,
      0.005154001526534557,
      0.0052825286984443665,
      0.005250801797956228,
      0.004747624509036541,
      0.004045239184051752,
      0.004458142910152674,
      0.0050237164832651615,
      0.0048748040571808815,
      0.004488893784582615,
      0.004592371638864279,
      0.004694855771958828,
      0.0043322499841451645,
      0.00456555699929595,
      0.004069687332957983,
      0.0037449896335601807,
      0.00419337023049593,
      0.0036436242517083883,
      0.0031866144854575396,
      0.003521705511957407,
      0.003459883388131857,
      0.0034720890689641237,
      0.0033328852150589228,
      0.003408571006730199,
      0.002949018031358719,
      0.0032787881791591644,
      0.003308082465082407,
      0.0035263195168226957,
      0.003387926844879985,
      0.002720637945458293,
      0.0028943156357854605,
      0.002525658579543233,
      0.00305718882009387,
      0.0022182324901223183,
      0.002510606776922941,
      0.0023315702565014362,
      0.002449954394251108,
      0.0031491059344261885,
      0.0021512294188141823,
      0.0019324985332787037,
      0.0018872185610234737,
      0.002348978305235505,
      0.0021707029081881046,
      0.0021089480724185705,
      0.0016363976756110787,
      0.001960498746484518,
      0.0017061559483408928,
      0.0018299203366041183,
      0.0017246868228539824,
      0.001509401947259903,
      0.0018337618093937635,
      0.0015473831444978714,
      0.0016698617255315185,
      0.001613431260921061,
      0.0008236303110606968,
      0.0014089111937209964,
      0.0013703522272408009,
      0.0017161685973405838,
      0.001634799293242395,
      0.0008723517530597746,
      0.0011333146831020713,
      0.0013528912095353007,
      0.0010709038469940424,
      0.0009054690599441528,
      0.0011579885613173246,
      0.0010074967285618186,
      0.0012464311439543962,
      0.001281250617466867,
      0.0011579770362004638,
      0.0013230647891759872,
      0.001230657915584743,
      0.001265180530026555,
      0.0010529723949730396,
      0.0009831401985138655,
      0.0010979658691212535,
      0.000851979129947722,
      0.0008472611079923809,
      0.0009425074094906449,
      0.0006335134385153651,
      0.0007545931730419397,
      0.0009283307590521872,
      0.0010087622795253992,
      0.0007471570861525834,
      0.0009075766429305077,
