{
   "number_epochs": 500,
   "info_used": "use imputation",
   "perc_full_data": 0.015,
   "n_epochs_no_selection": 0,
   "Frequency % cutoff": 0.33,
   "hidden_size": 32,
   "random_state": 5,
   "train_errors": [
      0.14141729474067688,
      0.09022067487239838,
      0.05339609459042549,
      0.02760840766131878,
      0.014359935186803341,
      0.013329786248505116,
      0.0193687304854393,
      0.023912949487566948,
      0.021117491647601128,
      0.01817629300057888,
      0.014164811931550503,
      0.01206221804022789,
      0.01138241682201624,
      0.011310478672385216,
      0.012208263389766216,
      0.011910252273082733,
      0.011818514205515385,
      0.01149079855531454,
      0.01100747287273407,
      0.010939951986074448,
      0.011026820167899132,
      0.011059104464948177,
      0.011023742146790028,
      0.011651930399239063,
      0.011540381237864494,
      0.010504443198442459,
      0.01083103846758604,
      0.010447380132973194,
      0.010348165407776833,
      0.010370464995503426,
      0.010372921824455261,
      0.009915390983223915,
      0.010177161544561386,
      0.010103968903422356,
      0.010720618069171906,
      0.01039609219878912,
      0.009929751046001911,
      0.010115256533026695,
      0.010212660767138004,
      0.009840727783739567,
      0.010227188467979431,
      0.010354261845350266,
      0.009883074089884758,
      0.01009040605276823,
      0.009884091094136238,
      0.009859254583716393,
      0.00981677882373333,
      0.009653228335082531,
      0.009847978129982948,
      0.010360045358538628,
      0.009868958033621311,
      0.009635590016841888,
      0.009661310352385044,
      0.009528492577373981,
      0.009570249356329441,
      0.009779831394553185,
      0.00988423265516758,
      0.009570039808750153,
      0.009340515360236168,
      0.009996226988732815,
      0.009670654311776161,
      0.009611760266125202,
      0.010111892595887184,
      0.009353266097605228,
      0.009925496764481068,
      0.009508147835731506,
      0.009737030602991581,
      0.009055380709469318,
      0.009874057024717331,
      0.009628034196794033,
      0.009686688892543316,
      0.009283226914703846,
      0.009858901612460613,
      0.009306743741035461,
      0.00945848785340786,
      0.009638295508921146,
      0.010393147356808186,
      0.010307356715202332,
      0.009893563576042652,
      0.009226144291460514,
      0.009195453487336636,
      0.009318285621702671,
      0.009570946916937828,
      0.009519611485302448,
      0.009116950444877148,
      0.009231509640812874,
      0.009413016960024834,
      0.009463259018957615,
      0.00871536135673523,
      0.00911509059369564,
      0.009058709256350994,
      0.009622223675251007,
      0.009512987919151783,
      0.009027895517647266,
      0.008993643335998058,
      0.009176420979201794,
      0.009077966213226318,
      0.009436550550162792,
      0.009491488337516785,
      0.009637889452278614,
      0.009469983167946339,
      0.009609314613044262,
      0.009083001874387264,
      0.008661389350891113,
      0.008999110199511051,
      0.009162172675132751,
      0.009124241769313812,
      0.009038713760674,
      0.00935114175081253,
      0.008852837607264519,
      0.009764578193426132,
      0.009210646152496338,
      0.009064828976988792,
      0.008967867121100426,
      0.00928068533539772,
      0.008752403780817986,
      0.008307945914566517,
      0.009053382091224194,
      0.008753308095037937,
      0.009009548462927341,
      0.008627232164144516,
      0.008702289313077927,
      0.009143977425992489,
      0.009065907448530197,
      0.009367839433252811,
      0.008754265494644642,
      0.00918454397469759,
      0.009045744314789772,
      0.008675334975123405,
      0.00870482623577118,
      0.008667255751788616,
      0.00835335347801447,
      0.008723894134163857,
      0.008318779058754444,
      0.007855287753045559,
      0.008259325288236141,
      0.00854962132871151,
      0.008836965076625347,
      0.00860485341399908,
      0.00817013531923294,
      0.008106553927063942,
      0.008134439587593079,
      0.008792205713689327,
      0.007984044030308723,
      0.009264414198696613,
      0.008743248879909515,
      0.008122531697154045,
      0.007933743298053741,
      0.008392345160245895,
      0.008343774825334549,
      0.008091036230325699,
      0.007883680053055286,
      0.008447783999145031,
      0.007774578407406807,
      0.00802399031817913,
      0.008113432675600052,
      0.008274924010038376,
      0.007306455168873072,
      0.007685565389692783,
      0.007867959327995777,
      0.007967140525579453,
      0.008074931800365448,
      0.007513305637985468,
      0.007744211703538895,
      0.007581609301269054,
      0.007482639979571104,
      0.006438512820750475,
      0.007861984893679619,
      0.007002736441791058,
      0.007658970542252064,
      0.0073379650712013245,
      0.006717201322317123,
      0.007618419826030731,
      0.006649840623140335,
      0.006704228930175304,
      0.006968942936509848,
      0.0073487176559865475,
      0.006943375803530216,
      0.007011622190475464,
      0.006881709676235914,
      0.00639699213206768,
      0.006539560854434967,
      0.006405899301171303,
      0.006304826587438583,
      0.006137480027973652,
      0.006965674459934235,
      0.00619128905236721,
      0.005835272371768951,
      0.005645300727337599,
      0.0057432339526712894,
      0.005987845361232758,
      0.00595858134329319,
      0.0054297964088618755,
      0.005646463017910719,
      0.005144405644387007,
      0.005259180441498756,
      0.005251772701740265,
      0.0047492338344454765,
      0.004042396321892738,
      0.004441819619387388,
      0.005018507596105337,
      0.004867503419518471,
      0.004474548622965813,
      0.0045752921141684055,
      0.004681152291595936,
      0.004310570191591978,
      0.004574696999043226,
      0.004048955626785755,
      0.003725518938153982,
      0.004171046894043684,
      0.0036372090689837933,
      0.003180466126650572,
      0.003507796209305525,
      0.003450315212830901,
      0.0034688960295170546,
      0.003328490536659956,
      0.0034069910179823637,
      0.0029460079967975616,
      0.003278970718383789,
      0.0033080654684454203,
      0.003531127469614148,
      0.0033934132661670446,
      0.0027263390365988016,
      0.0028901498299092054,
      0.002523122588172555,
      0.003035397967323661,
      0.00221553654409945,
      0.0024944704491645098,
      0.002285265363752842,
      0.0024733496829867363,
      0.0031395242549479008,
      0.002150157233700156,
      0.001903317286632955,
      0.001905434881336987,
      0.002325969049707055,
      0.002158293966203928,
      0.0020933211781084538,
      0.0016052077990025282,
      0.0020515774376690388,
      0.0016878669848665595,
      0.0018120979657396674,
      0.0016499529592692852,
      0.0015182492788881063,
      0.0018295670161023736,
      0.0015629020053893328,
      0.001645546522922814,
      0.001623320858925581,
      0.0008497199160046875,
      0.0014008652651682496,
      0.001394157181493938,
      0.0017056470969691873,
      0.0016035942826420069,
      0.0008868738077580929,
      0.001213979092426598,
      0.0013568740105256438,
      0.0010679576080292463,
      0.000935926625970751,
      0.0011557777179405093,
      0.0009737273794598877,
      0.0012142000487074256,
      0.0012573875719681382,
      0.0011729064863175154,
      0.0012764285784214735,
      0.0011682339245453477,
      0.0011858884245157242,
      0.0009642081568017602,
      0.0009389413171447814,
      0.0010434763971716166,
      0.000925301224924624,
      0.0008344175294041634,
      0.0008918328676372766,
      0.0006163723883219063,
      0.0008029583841562271,
      0.000943417486269027,
      0.0009878907585516572,
      0.0007331715314649045,
      0.0009307496948167682,
