{
   "number_epochs": 500,
   "info_used": "use imputation",
   "perc_full_data": 0.02,
   "n_epochs_no_selection": 0,
   "Frequency % cutoff": 0.33,
   "hidden_size": 32,
   "random_state": 16,
   "train_errors": [
      0.044556885957717896,
      0.01756335236132145,
      0.009790330193936825,
      0.01727442443370819,
      0.01728755608201027,
      0.014320378191769123,
      0.010871073231101036,
      0.009736030362546444,
      0.0101469149813056,
      0.011049655266106129,
      0.01103266328573227,
      0.010575748048722744,
      0.010182419791817665,
      0.009653805755078793,
      0.009942087344825268,
      0.009686985984444618,
      0.009983756579458714,
      0.0098402826115489,
      0.009645954705774784,
      0.00914293248206377,
      0.008773121982812881,
      0.008824408054351807,
      0.009170427918434143,
      0.008988134562969208,
      0.008436188101768494,
      0.009087386541068554,
      0.00879268255084753,
      0.008537521585822105,
      0.00862078182399273,
      0.008793679066002369,
      0.00863736029714346,
      0.00838281400501728,
      0.009233355522155762,
      0.009090364910662174,
      0.008980588987469673,
      0.008502763696014881,
      0.00886466819792986,
      0.008761035278439522,
      0.00873048696666956,
      0.00874505378305912,
      0.0082729896530509,
      0.008302459493279457,
      0.00866053719073534,
      0.008487557992339134,
      0.008221594616770744,
      0.0085938461124897,
      0.008625304326415062,
      0.008128424175083637,
      0.008844579569995403,
      0.008627337403595448,
      0.009138363413512707,
      0.008517935872077942,
      0.00871414877474308,
      0.008972523733973503,
      0.008604385890066624,
      0.008235076442360878,
      0.00832774955779314,
      0.008509466424584389,
      0.008305198512971401,
      0.00837432686239481,
      0.00862604659050703,
      0.008480841293931007,
      0.008210108615458012,
      0.008447244763374329,
      0.008600985631346703,
      0.008571966551244259,
      0.008207269012928009,
      0.008546785451471806,
      0.008487195707857609,
      0.00829513929784298,
      0.008912471123039722,
      0.008495278656482697,
      0.008488332852721214,
      0.008336268365383148,
      0.008330832235515118,
      0.008841208182275295,
      0.008533291518688202,
      0.008347472175955772,
      0.008368643000721931,
      0.008274181745946407,
      0.008767673745751381,
      0.008017136715352535,
      0.008678225800395012,
      0.008202273398637772,
      0.008481794968247414,
      0.00850110873579979,
      0.00823876354843378,
      0.007981893606483936,
      0.008277610875666142,
      0.008122730068862438,
      0.008300887420773506,
      0.008474904112517834,
      0.008915290236473083,
      0.008470533415675163,
      0.008486589416861534,
      0.008455375209450722,
      0.00848696380853653,
      0.00855830404907465,
      0.008737620897591114,
      0.008398416452109814,
      0.0085923345759511,
      0.008348669856786728,
      0.008086396381258965,
      0.00794219970703125,
      0.008355127647519112,
      0.008227802813053131,
      0.008403971791267395,
      0.008264129050076008,
      0.008209365420043468,
      0.008591837249696255,
      0.008398514240980148,
      0.008118128404021263,
      0.008246448822319508,
      0.00818492192775011,
      0.00795191340148449,
      0.008176995441317558,
      0.008166647516191006,
      0.008333197794854641,
      0.007913568988442421,
      0.00821596384048462,
      0.007983800955116749,
      0.008089962415397167,
      0.008161526173353195,
      0.007867186330258846,
      0.007857326418161392,
      0.00820696447044611,
      0.008262446150183678,
      0.007939464412629604,
      0.0082364771515131,
      0.007884918712079525,
      0.008003287948668003,
      0.007726537995040417,
      0.007664572447538376,
      0.007643234916031361,
      0.007674843072891235,
      0.007435147650539875,
      0.00747037073597312,
      0.007479323539882898,
      0.007548794616013765,
      0.0075514777563512325,
      0.007539308629930019,
      0.007422795053571463,
      0.007298843935132027,
      0.007074110209941864,
      0.007487078662961721,
      0.007065087556838989,
      0.007116964552551508,
      0.006958870682865381,
      0.006750942207872868,
      0.00679371552541852,
      0.006752651650458574,
      0.007069687359035015,
      0.006419461686164141,
      0.006692089606076479,
      0.006895935162901878,
      0.00671165669336915,
      0.006604851223528385,
      0.005966071970760822,
      0.006119611207395792,
      0.00625134352594614,
      0.006239499896764755,
      0.006330147385597229,
      0.005616872105747461,
      0.00579811679199338,
      0.0052715870551764965,
      0.005731362849473953,
      0.006394988391548395,
      0.005832775495946407,
      0.005571191199123859,
      0.005349547602236271,
      0.00561144482344389,
      0.005506285931915045,
      0.005327211692929268,
      0.005286315456032753,
      0.004864682909101248,
      0.005820186343044043,
      0.004951886832714081,
      0.005990423262119293,
      0.004795925226062536,
      0.004841899964958429,
      0.005062841344624758,
      0.005044461227953434,
      0.004786764271557331,
      0.004668801091611385,
      0.0050061834044754505,
      0.0046063074842095375,
      0.004266629461199045,
      0.0052855359390378,
      0.004102130886167288,
      0.004299589432775974,
      0.00458359532058239,
      0.004877137020230293,
      0.00392167130485177,
      0.0036046975292265415,
      0.0038842177018523216,
      0.003552747657522559,
      0.003555267583578825,
      0.004081629682332277,
      0.00333212548866868,
      0.0033594034612178802,
      0.0032877889461815357,
      0.003361971816048026,
      0.0032271360978484154,
      0.0030395188368856907,
      0.0033502536825835705,
      0.0033617536537349224,
      0.003338512033224106,
      0.0037316984962671995,
      0.0030672140419483185,
      0.004208852536976337,
      0.003888436360284686,
      0.0034872957039624453,
      0.0027349540032446384,
      0.0030036040116101503,
      0.0024302576202899218,
      0.0029915606137365103,
      0.004017405677586794,
      0.0041158623062074184,
      0.002068144967779517,
      0.0023820383939892054,
      0.00253707985393703,
      0.0020804554224014282,
      0.002778261201456189,
      0.0026430359575897455,
      0.002656984608620405,
      0.002174984198063612,
      0.002738348441198468,
      0.0025474377907812595,
      0.002330676419660449,
      0.002534665400162339,
      0.0017694999696686864,
      0.0018451448995620012,
      0.0025758675765246153,
      0.001429565018042922,
      0.0029841403011232615,
      0.00325029413215816,
      0.002171641681343317,
      0.0018861889839172363,
      0.0021348383743315935,
      0.0033399632666260004,
      0.0022910411935299635,
      0.002144766505807638,
      0.0021275810431689024,
      0.0033103995956480503,
      0.0036017082165926695,
      0.0019067827379330993,
      0.002372775925323367,
      0.001468091388233006,
      0.0018415495287626982,
      0.0019950903952121735,
      0.002231339691206813,
      0.0018378134118393064,
      0.0014181340811774135,
      0.0017649451037868857,
      0.0014845470432192087,
      0.0014998014084994793,
      0.001591370557434857,
      0.002777822082862258,
      0.0016409044619649649,
      0.002916380064561963,
      0.002292182995006442,
      0.001632245141081512,
      0.003403159324079752,
      0.0015738944057375193,
      0.001286705955862999,
      0.0013514747843146324,
      0.0018257421907037497,
      0.0012772452319040895,
      0.0012060264125466347,
      0.0023143149446696043,
      0.0038226444739848375,
      0.0014526741579174995,
      0.001701275585219264,
      0.0018335594795644283,
      0.0016287598991766572,
      0.0013547769049182534,
      0.0017709347885102034,
