{
   "number_epochs": 500,
   "info_used": "use imputation",
   "perc_full_data": 0.015,
   "n_epochs_no_selection": 0,
   "Frequency % cutoff": 0.33,
   "hidden_size": 32,
   "random_state": 19,
   "train_errors": [
      0.02357594296336174,
      0.010194079019129276,
      0.017183221876621246,
      0.0198799017816782,
      0.01592569425702095,
      0.010764612816274166,
      0.009832528419792652,
      0.010777845047414303,
      0.010551536455750465,
      0.010286600328981876,
      0.009642203338444233,
      0.009604302234947681,
      0.009900772012770176,
      0.010481223464012146,
      0.010655570775270462,
      0.010105399414896965,
      0.009881820529699326,
      0.009708080440759659,
      0.009543048217892647,
      0.00933818519115448,
      0.009029814042150974,
      0.00951204914599657,
      0.009920977987349033,
      0.009697568602859974,
      0.009881465695798397,
      0.009527966380119324,
      0.009515353478491306,
      0.009612120687961578,
      0.008998265489935875,
      0.009322998113930225,
      0.009526727721095085,
      0.00943030510097742,
      0.009334970265626907,
      0.00980270467698574,
      0.009134928695857525,
      0.009633024223148823,
      0.009162249974906445,
      0.009092329069972038,
      0.009164158254861832,
      0.009395694360136986,
      0.009327882900834084,
      0.009205219335854053,
      0.009503927081823349,
      0.009693398140370846,
      0.009060310199856758,
      0.009110475890338421,
      0.009290399961173534,
      0.009513122029602528,
      0.00902992021292448,
      0.008913089521229267,
      0.009033821523189545,
      0.009152773767709732,
      0.009313554503023624,
      0.009178275242447853,
      0.008697514422237873,
      0.009653625078499317,
      0.009209511801600456,
      0.008847891353070736,
      0.009064820595085621,
      0.0092014716938138,
      0.009095020592212677,
      0.009238633327186108,
      0.0090596042573452,
      0.008922826498746872,
      0.00901705864816904,
      0.009178947657346725,
      0.008450916036963463,
      0.009036819450557232,
      0.009093726985156536,
      0.009142936207354069,
      0.00901065394282341,
      0.009464303031563759,
      0.008881369605660439,
      0.008689370937645435,
      0.009014829061925411,
      0.008882841095328331,
      0.00919003039598465,
      0.00909644365310669,
      0.008703911677002907,
      0.00903338473290205,
      0.009341160766780376,
      0.008964440785348415,
      0.009043155238032341,
      0.008984675630927086,
      0.008961175568401814,
      0.009128761477768421,
      0.008741767145693302,
      0.00908705871552229,
      0.009138480760157108,
      0.009072739630937576,
      0.009066984057426453,
      0.009099986404180527,
      0.008928202092647552,
      0.008759375661611557,
      0.008947828784584999,
      0.008616111241281033,
      0.009073794819414616,
      0.009030083194375038,
      0.008802683092653751,
      0.008865865878760815,
      0.008943217806518078,
      0.00892933551222086,
      0.008688630536198616,
      0.008989723399281502,
      0.008721171878278255,
      0.0087167052552104,
      0.008775640279054642,
      0.00854357797652483,
      0.00906588975340128,
      0.009189000353217125,
      0.008618297055363655,
      0.008946648798882961,
      0.008993388153612614,
      0.009074805304408073,
      0.008618047460913658,
      0.008631447330117226,
      0.008803091011941433,
      0.008557724766433239,
      0.00889566820114851,
      0.008693215437233448,
      0.008992621675133705,
      0.009076293557882309,
      0.008859626017510891,
      0.008647131733596325,
      0.008661637082695961,
      0.008559818379580975,
      0.0082788011059165,
      0.008660522289574146,
      0.008199475705623627,
      0.008806371130049229,
      0.008552906103432178,
      0.008762846700847149,
      0.008716167882084846,
      0.00852058082818985,
      0.008728924207389355,
      0.00862396601587534,
      0.008430997841060162,
      0.008316230028867722,
      0.008523911237716675,
      0.008696042001247406,
      0.008871271274983883,
      0.008092311210930347,
      0.008262133225798607,
      0.008870809338986874,
      0.008584240451455116,
      0.00828617438673973,
      0.008441521786153316,
      0.008857790380716324,
      0.008572881110012531,
      0.009383365511894226,
      0.00859043374657631,
      0.008746383711695671,
      0.008239920251071453,
      0.008305277675390244,
      0.007966659963130951,
      0.008698549121618271,
      0.008253649808466434,
      0.008371390402317047,
      0.008093222044408321,
      0.008433239534497261,
      0.008377333171665668,
      0.008182378485798836,
      0.008236944675445557,
      0.007767413277179003,
      0.00802108459174633,
      0.00840673130005598,
      0.008364257402718067,
      0.008265122771263123,
      0.007861968129873276,
      0.008211666718125343,
      0.008806445635855198,
      0.008830360136926174,
      0.007763095665723085,
      0.0077606309205293655,
      0.008546234108507633,
      0.008192767389118671,
      0.007635967340320349,
      0.00786389410495758,
      0.008659533224999905,
      0.008031031116843224,
      0.008096149191260338,
      0.00795071106404066,
      0.008464735001325607,
      0.008231502026319504,
      0.007829501293599606,
      0.008042322471737862,
      0.00800407212227583,
      0.007966896519064903,
      0.007893936708569527,
      0.0075339386239647865,
      0.0077020348981022835,
      0.007834059186279774,
      0.0070129320956766605,
      0.0085741663351655,
      0.007855258882045746,
      0.0074107954278588295,
      0.007141596637666225,
      0.00863239262253046,
      0.007568265311419964,
      0.007429847959429026,
      0.007778446190059185,
      0.007952945306897163,
      0.007191329263150692,
      0.0074202981777489185,
      0.007321463897824287,
      0.006780876312404871,
      0.007537296507507563,
      0.007147009484469891,
      0.006646139547228813,
      0.006909816060215235,
      0.007433881517499685,
      0.0065676369704306126,
      0.0071064564399421215,
      0.007043428719043732,
      0.007438590284436941,
      0.0066591063514351845,
      0.006628035567700863,
      0.006250225007534027,
      0.007467908784747124,
      0.006544025149196386,
      0.007207530550658703,
      0.0064061908051371574,
      0.005491596646606922,
      0.0071027204394340515,
      0.007081803400069475,
      0.007101213559508324,
      0.006485701538622379,
      0.006085872184485197,
      0.006163452286273241,
      0.006153755355626345,
      0.007084529846906662,
      0.005848912056535482,
      0.006040936801582575,
      0.005950085818767548,
      0.005445604678243399,
      0.00530779967084527,
      0.006371146067976952,
      0.005132250487804413,
      0.0055640144273638725,
      0.005477823317050934,
      0.005819372367113829,
      0.005425744224339724,
      0.005192045588046312,
      0.006301200948655605,
      0.004660913720726967,
      0.005552099552005529,
      0.005296279676258564,
      0.0047476403415203094,
      0.004490585532039404,
      0.005766873247921467,
      0.004462449345737696,
      0.004125304985791445,
      0.004582376219332218,
      0.003877391340211034,
      0.004187501966953278,
      0.004487618803977966,
      0.004025650210678577,
      0.004265569616109133,
      0.003853576723486185,
      0.003741856664419174,
      0.0036637340672314167,
      0.00348603050224483,
      0.004544450435787439,
      0.0047783139161765575,
      0.0037523258943110704,
      0.0041553424671292305,
      0.0034634703770279884,
      0.004120162222534418,
      0.0031785941682755947,
      0.004410916473716497,
      0.002761415671557188,
      0.0027737088967114687,
      0.003510202979668975,
      0.00410995539277792,
      0.0038563492707908154,
      0.0028416733257472515,
      0.0035906489938497543,
      0.004357393831014633,
