{
   "number_epochs": 500,
   "info_used": "use imputation",
   "perc_full_data": 0.02,
   "n_epochs_no_selection": 0,
   "Frequency % cutoff": 0.33,
   "hidden_size": 32,
   "random_state": 7,
   "train_errors": [
      0.011633716523647308,
      0.010981826111674309,
      0.012064353562891483,
      0.010628592222929,
      0.009574146941304207,
      0.009787420742213726,
      0.009618651121854782,
      0.009251578710973263,
      0.009029277600347996,
      0.009146085008978844,
      0.0090648103505373,
      0.008953670039772987,
      0.008986725471913815,
      0.008885921910405159,
      0.008821609430015087,
      0.008596215397119522,
      0.008599326014518738,
      0.008603252470493317,
      0.008542344905436039,
      0.00874721072614193,
      0.00852628331631422,
      0.008603198453783989,
      0.00844062864780426,
      0.008450391702353954,
      0.008297571912407875,
      0.008572706021368504,
      0.008502015843987465,
      0.008312329649925232,
      0.008572015911340714,
      0.008537826128304005,
      0.008369902148842812,
      0.008489304222166538,
      0.008390143513679504,
      0.00828986894339323,
      0.00840786099433899,
      0.008551739156246185,
      0.008517283946275711,
      0.008401664905250072,
      0.008222516626119614,
      0.00837844330817461,
      0.008513840846717358,
      0.008247763849794865,
      0.00818802509456873,
      0.008283606730401516,
      0.00828477367758751,
      0.008473054505884647,
      0.008251488208770752,
      0.008236016146838665,
      0.00826933328062296,
      0.008164042606949806,
      0.008178710006177425,
      0.008151623420417309,
      0.008236435241997242,
      0.00837317667901516,
      0.008376033045351505,
      0.008319851011037827,
      0.008024122565984726,
      0.008210616186261177,
      0.008045230992138386,
      0.008156033232808113,
      0.008268595673143864,
      0.008253175765275955,
      0.00844123400747776,
      0.008116403594613075,
      0.008364067412912846,
      0.008260305970907211,
      0.008327197283506393,
      0.008281717076897621,
      0.008277050219476223,
      0.008269854821264744,
      0.00799214094877243,
      0.008296476677060127,
      0.008228384889662266,
      0.008409103378653526,
      0.008255540393292904,
      0.008266601711511612,
      0.008206823840737343,
      0.007930268533527851,
      0.00846689660102129,
      0.008085787296295166,
      0.008158663287758827,
      0.008181264623999596,
      0.008126428350806236,
      0.008157404139637947,
      0.008386155590415001,
      0.008236163295805454,
      0.008235806599259377,
      0.008217504248023033,
      0.008266091346740723,
      0.008261541835963726,
      0.008149784989655018,
      0.008126887492835522,
      0.008233020082116127,
      0.008272184990346432,
      0.008073554374277592,
      0.007997613400220871,
      0.007966039702296257,
      0.008075040765106678,
      0.008152988739311695,
      0.008174949325621128,
      0.008219325914978981,
      0.008301877416670322,
      0.008183533325791359,
      0.008042706176638603,
      0.007974164560437202,
      0.007993795908987522,
      0.008053740486502647,
      0.008306552655994892,
      0.008144006133079529,
      0.008091154508292675,
      0.007951046340167522,
      0.007977407425642014,
      0.008319627493619919,
      0.008218531496822834,
      0.008202865719795227,
      0.008239734917879105,
      0.008197062648832798,
      0.008169452659785748,
      0.008331907913088799,
      0.008463003672659397,
      0.007967520505189896,
      0.008183114230632782,
      0.00811532512307167,
      0.008157789707183838,
      0.00817130133509636,
      0.008026881143450737,
      0.007913509383797646,
      0.007771752774715424,
      0.00812866073101759,
      0.00784311443567276,
      0.00796456728130579,
      0.00804693903774023,
      0.008030140772461891,
      0.007979735732078552,
      0.008080544881522655,
      0.008090169169008732,
      0.007839384488761425,
      0.007760584354400635,
      0.008098820224404335,
      0.007845401763916016,
      0.008123967796564102,
      0.007938963361084461,
      0.008052426390349865,
      0.007921615615487099,
      0.008045544847846031,
      0.007936043664813042,
      0.0081204017624259,
      0.008034312166273594,
      0.007897031493484974,
      0.00807477068156004,
      0.008307618089020252,
      0.007980006746947765,
      0.00799615029245615,
      0.007886928506195545,
      0.00783785805106163,
      0.007914426736533642,
      0.007952085696160793,
      0.008105185814201832,
      0.008017231710255146,
      0.007962195202708244,
      0.007999780587852001,
      0.00804351270198822,
      0.007943978533148766,
      0.007875164039433002,
      0.0080528249964118,
      0.00785731989890337,
      0.008027558214962482,
      0.007852250710129738,
      0.007844100706279278,
      0.007790124975144863,
      0.008019261993467808,
      0.007909700274467468,
      0.008025122806429863,
      0.008035631850361824,
      0.008081418462097645,
      0.007921161130070686,
      0.007953284308314323,
      0.007816451601684093,
      0.008224551565945148,
      0.008005570620298386,
      0.007948139682412148,
      0.008043644018471241,
      0.008027569390833378,
      0.007927349768579006,
      0.00787331722676754,
      0.007910080254077911,
      0.007864872924983501,
      0.00787956453859806,
      0.007905999198555946,
      0.007815827615559101,
      0.007866175845265388,
      0.007954094558954239,
      0.007918985560536385,
      0.007754340302199125,
      0.007827593013644218,
      0.008005245588719845,
      0.00787361990660429,
      0.00782716367393732,
      0.007934960536658764,
      0.007966662757098675,
      0.007733436767011881,
      0.007579525001347065,
      0.0077539593912661076,
      0.008041906170547009,
      0.007965409196913242,
      0.007803924847394228,
      0.007766584865748882,
      0.007780047599226236,
      0.007749647833406925,
      0.007913785055279732,
      0.007696840446442366,
      0.008063572458922863,
      0.007869787514209747,
      0.00781567394733429,
      0.008046121336519718,
      0.007825624197721481,
      0.007641665171831846,
      0.007797755300998688,
      0.007970827631652355,
      0.00790370162576437,
      0.007759199012070894,
      0.007735088001936674,
      0.00796460174024105,
      0.0077065881341695786,
      0.007767568342387676,
      0.007801588159054518,
      0.007860752753913403,
      0.007785901892930269,
      0.007928458042442799,
      0.007823245599865913,
      0.007572242524474859,
      0.00773052591830492,
      0.0076872422359883785,
      0.00771954795345664,
      0.007509916089475155,
      0.007847355678677559,
      0.007658461574465036,
      0.007835324853658676,
      0.007591737899929285,
      0.007778650149703026,
      0.00745816808193922,
      0.0076293605379760265,
      0.007906072773039341,
      0.007582998834550381,
      0.007811083924025297,
      0.007724038790911436,
      0.007452760823071003,
      0.007607676088809967,
      0.0076772491447627544,
      0.00786618236452341,
      0.007519638165831566,
      0.007590438239276409,
      0.0074466983787715435,
      0.007565109990537167,
      0.007533627562224865,
      0.007584231905639172,
      0.00805972795933485,
      0.00762954680249095,
      0.007462962996214628,
      0.007652019150555134,
      0.008076649159193039,
      0.0077753630466759205,
      0.007550909649580717,
      0.007412264589220285,
      0.007442593574523926,
      0.007435149513185024,
      0.007357776165008545,
      0.007513575255870819,
      0.007535905577242374,
      0.007435436360538006,
      0.007483972702175379,
      0.007566965185105801,
      0.00746086984872818,
      0.0076165650971233845,
      0.0075307851657271385,
      0.007658207789063454,
      0.007730843033641577,
      0.007647672202438116,
      0.007483478169888258,
