{
   "number_epochs": 500,
   "info_used": "use imputation",
   "perc_full_data": 0.02,
   "n_epochs_no_selection": 0,
   "Frequency % cutoff": 0.33,
   "hidden_size": 32,
   "random_state": 17,
   "train_errors": [
      0.023615222424268723,
      0.009859075769782066,
      0.009515379555523396,
      0.013223166577517986,
      0.014131203293800354,
      0.011341695673763752,
      0.009004797786474228,
      0.00782663095742464,
      0.008015277795493603,
      0.008387260138988495,
      0.008679253049194813,
      0.008072219789028168,
      0.007958238013088703,
      0.008007642813026905,
      0.008241324685513973,
      0.008228675462305546,
      0.008253180421888828,
      0.008057533763349056,
      0.007811733055859804,
      0.007629101164638996,
      0.007862016558647156,
      0.007396944332867861,
      0.007955237291753292,
      0.007531412411481142,
      0.007312871981412172,
      0.007384861819446087,
      0.0075504835695028305,
      0.007683302741497755,
      0.007542661856859922,
      0.007831396535038948,
      0.007632655091583729,
      0.00792645663022995,
      0.007474706042557955,
      0.00751257361844182,
      0.007556209806352854,
      0.007863088510930538,
      0.007623516954481602,
      0.00789719820022583,
      0.007877540774643421,
      0.007572602480649948,
      0.007601913530379534,
      0.007816575467586517,
      0.007718368899077177,
      0.007324850186705589,
      0.007457186467945576,
      0.007637143135070801,
      0.0074593499302864075,
      0.007353873457759619,
      0.007584956008940935,
      0.007960028946399689,
      0.0077825929038226604,
      0.007182879373431206,
      0.007549025118350983,
      0.007434629835188389,
      0.007534261327236891,
      0.007601535879075527,
      0.007471723482012749,
      0.0074994186870753765,
      0.007675048429518938,
      0.007364329416304827,
      0.007602366153150797,
      0.007251446135342121,
      0.007636518217623234,
      0.0072967312298715115,
      0.007603850681334734,
      0.0072340271435678005,
      0.007278046105057001,
      0.007403530180454254,
      0.00747688626870513,
      0.007479698397219181,
      0.007458940614014864,
      0.0074071153067052364,
      0.007457078900188208,
      0.007463274989277124,
      0.007316128816455603,
      0.007323765195906162,
      0.007139294408261776,
      0.0076696728356182575,
      0.007653041277080774,
      0.007177517283707857,
      0.007248349487781525,
      0.007375725079327822,
      0.007398658432066441,
      0.007328343577682972,
      0.007372777909040451,
      0.007087762467563152,
      0.007049425970762968,
      0.007341101299971342,
      0.007195195648819208,
      0.007264731917530298,
      0.007340444251894951,
      0.0072585721500217915,
      0.0072660245932638645,
      0.007187811192125082,
      0.007260866928845644,
      0.0069917961955070496,
      0.007654748857021332,
      0.007517100777477026,
      0.007049317937344313,
      0.006965797394514084,
      0.007079176604747772,
      0.0070074088871479034,
      0.007108503952622414,
      0.007044879253953695,
      0.007168473210185766,
      0.006849889177829027,
      0.006864633876830339,
      0.00718540046364069,
      0.006856574211269617,
      0.007218708284199238,
      0.006498674862086773,
      0.006714321672916412,
      0.006887705065310001,
      0.006159778218716383,
      0.006721944082528353,
      0.006728006061166525,
      0.006550705526024103,
      0.006337700877338648,
      0.006263927090913057,
      0.006276078522205353,
      0.006623823661357164,
      0.006450526416301727,
      0.00647468538954854,
      0.006496656686067581,
      0.006262005306780338,
      0.006348568480461836,
      0.00603494793176651,
      0.006107683759182692,
      0.005993311759084463,
      0.005846216343343258,
      0.006304361391812563,
      0.005752875003963709,
      0.005548372399061918,
      0.00567945372313261,
      0.005548851098865271,
      0.006031029392033815,
      0.005952202714979649,
      0.005840222351253033,
      0.005447820760309696,
      0.00517446082085371,
      0.005637072026729584,
      0.00532829063013196,
      0.005843217018991709,
      0.005605040583759546,
      0.005157416686415672,
      0.004997859708964825,
      0.005152381956577301,
      0.00439330842345953,
      0.00484644528478384,
      0.005123876966536045,
      0.004266593139618635,
      0.004211467690765858,
      0.004638039506971836,
      0.004584029316902161,
      0.004775423090904951,
      0.004323850851505995,
      0.0048096743412315845,
      0.0035914448089897633,
      0.004094588570296764,
      0.003539955709129572,
      0.00396143039688468,
      0.003769117873162031,
      0.0034263331908732653,
      0.003824027720838785,
      0.0032509700395166874,
      0.003625445766374469,
      0.0029976186342537403,
      0.0034208474680781364,
      0.0029420421924442053,
      0.002831465797498822,
      0.00286495266482234,
      0.003122050780802965,
      0.0038529348094016314,
      0.0031605951953679323,
      0.0029388528782874346,
      0.004397906828671694,
      0.002489070873707533,
      0.002503674943000078,
      0.003883634926751256,
      0.0019612992182374,
      0.0024272892624139786,
      0.0020797778852283955,
      0.0019157466012984514,
      0.0030183952767401934,
      0.0019710042979568243,
      0.0023621092550456524,
      0.002305776346474886,
      0.0038078632205724716,
      0.001987776719033718,
      0.002399821998551488,
      0.002039768733084202,
      0.002098881406709552,
      0.001894696499221027,
      0.0023886244744062424,
      0.0014144412707537413,
      0.003324472578242421,
      0.0016011535190045834,
      0.0017383674858137965,
      0.0015769877936691046,
      0.0019643371924757957,
      0.0025064328219741583,
      0.0013613775372505188,
      0.0023190476931631565,
      0.001873048022389412,
      0.0021884615998715162,
      0.0019772611558437347,
      0.0019025702495127916,
      0.002244271570816636,
      0.001532561145722866,
      0.0014883489347994328,
      0.0023594172671437263,
      0.0014358831103891134,
      0.001595586072653532,
      0.0018447579350322485,
      0.001940394751727581,
      0.002147113671526313,
      0.0017896537901833653,
      0.0020511201582849026,
      0.001762928208336234,
      0.0015258598141372204,
      0.001237300457432866,
      0.0011920687975361943,
      0.003161833854392171,
      0.0025054113939404488,
      0.0022814988624304533,
      0.001252868678420782,
      0.0022299957927316427,
      0.0011820245999842882,
      0.0022797302808612585,
      0.0015497038839384913,
      0.0014929929748177528,
      0.0008983573061414063,
      0.0014520601835101843,
      0.0014569887425750494,
      0.0027996369171887636,
      0.0009787483140826225,
      0.0008806819678284228,
      0.0017002879176288843,
      0.0021802615374326706,
      0.0017166407778859138,
      0.001480201492086053,
      0.000941918115131557,
      0.0013676591916009784,
      0.0010805934434756637,
      0.0008478653035126626,
      0.0009719053050503135,
      0.0016039502806961536,
      0.0016308377962559462,
      0.0007793023250997066,
      0.0019345436012372375,
      0.0006893866811878979,
      0.0012600922491401434,
      0.0013233113568276167,
      0.0014402399538084865,
      0.0005854089977219701,
      0.0014324408257380128,
      0.0011035155039280653,
      0.0015408379258587956,
      0.0011194716207683086,
      0.0007983811083249748,
      0.001070986851118505,
      0.0017126500606536865,
      0.0010341490851715207,
      0.000615790078882128,
      0.0012174701550975442,
      0.0008061142871156335,
      0.002239594468846917,
      0.0016206357395276427,
      0.0021035363897681236,
      0.0019978228956460953,
      0.001234130235388875,
      0.000577164173591882,
      0.0012501468881964684,
      0.0009858328849077225,
      0.001459300285205245,
