{
   "number_epochs": 500,
   "info_used": "use imputation",
   "perc_full_data": 0.015,
   "n_epochs_no_selection": 0,
   "Frequency % cutoff": 0.33,
   "hidden_size": 32,
   "random_state": 20,
   "train_errors": [
      0.0447486937046051,
      0.016603147611021996,
      0.011536900885403156,
      0.014685895293951035,
      0.016537906602025032,
      0.015229597687721252,
      0.012398401275277138,
      0.010768450796604156,
      0.011014686897397041,
      0.011964041739702225,
      0.01262044720351696,
      0.012372514232993126,
      0.012223847210407257,
      0.011413821950554848,
      0.010522703640162945,
      0.010509449057281017,
      0.010578730143606663,
      0.010448101907968521,
      0.01048152893781662,
      0.010445667430758476,
      0.009832560084760189,
      0.009895497001707554,
      0.010086750611662865,
      0.010340598411858082,
      0.010057364590466022,
      0.009821207262575626,
      0.0099569633603096,
      0.009848498739302158,
      0.009875181131064892,
      0.010030314326286316,
      0.010100544430315495,
      0.010013207793235779,
      0.009997759014368057,
      0.009969242848455906,
      0.009855852462351322,
      0.009846179746091366,
      0.00998753122985363,
      0.010026523843407631,
      0.009780931286513805,
      0.009756452403962612,
      0.009830848313868046,
      0.00976041704416275,
      0.00970455165952444,
      0.009887010790407658,
      0.009521233849227428,
      0.009750185534358025,
      0.00943878572434187,
      0.009801086038351059,
      0.009695452637970448,
      0.009584550745785236,
      0.0097535764798522,
      0.009511652402579784,
      0.009780419990420341,
      0.00949994008988142,
      0.009645234793424606,
      0.009632548317313194,
      0.00932261347770691,
      0.009540950879454613,
      0.009675541892647743,
      0.009438366629183292,
      0.00945139117538929,
      0.009433066472411156,
      0.009509590454399586,
      0.009525741450488567,
      0.009510521776974201,
      0.009636033326387405,
      0.00954779889434576,
      0.009414349682629108,
      0.009361700154840946,
      0.009488443844020367,
      0.009435802698135376,
      0.0096680773422122,
      0.009277409873902798,
      0.009253349155187607,
      0.009359779767692089,
      0.009524505585432053,
      0.00926006119698286,
      0.009260209277272224,
      0.00920447800308466,
      0.008949056267738342,
      0.009221936576068401,
      0.009196992963552475,
      0.009347002021968365,
      0.009433731436729431,
      0.009151455014944077,
      0.009149959310889244,
      0.00925307534635067,
      0.009516239166259766,
      0.008982053957879543,
      0.009035475552082062,
      0.009061304852366447,
      0.008924689143896103,
      0.009061860851943493,
      0.009361203759908676,
      0.009045710787177086,
      0.009003709070384502,
      0.008852827362716198,
      0.008899135515093803,
      0.00917221698909998,
      0.008749770000576973,
      0.009130382910370827,
      0.008930310606956482,
      0.009009521454572678,
      0.00868242233991623,
      0.008607732132077217,
      0.008853268809616566,
      0.00928142573684454,
      0.008700129576027393,
      0.008675500750541687,
      0.008350349962711334,
      0.00863361731171608,
      0.008703269064426422,
      0.008698252029716969,
      0.008537025190889835,
      0.008462218567728996,
      0.008469691500067711,
      0.009095217101275921,
      0.00817179400473833,
      0.008343880996108055,
      0.008441505953669548,
      0.00865206215530634,
      0.008269216865301132,
      0.00794702023267746,
      0.007781591732054949,
      0.008232345804572105,
      0.008115542121231556,
      0.007737237028777599,
      0.007103995885699987,
      0.007885771803557873,
      0.0072122737765312195,
      0.00787723995745182,
      0.0074360789731144905,
      0.007450471166521311,
      0.007767984177917242,
      0.0075477370992302895,
      0.006831385660916567,
      0.00671808747574687,
      0.00710085267201066,
      0.006659208331257105,
      0.007713200058788061,
      0.007734066806733608,
      0.007144597824662924,
      0.00655684107914567,
      0.00609245803207159,
      0.006679470185190439,
      0.0060462187975645065,
      0.006464565638452768,
      0.006118609104305506,
      0.005629320163279772,
      0.00549888052046299,
      0.005679629743099213,
      0.005589847452938557,
      0.006006044335663319,
      0.005360705312341452,
      0.005395196378231049,
      0.0050140926614403725,
      0.004955120850354433,
      0.005215461365878582,
      0.0046703810803592205,
      0.004428033716976643,
      0.005012964364141226,
      0.004476011730730534,
      0.005027465056627989,
      0.00457649864256382,
      0.004452255554497242,
      0.004120454657822847,
      0.004006142262369394,
      0.004226243123412132,
      0.0038937837816774845,
      0.0034809515345841646,
      0.003109879558905959,
      0.0031519057229161263,
      0.003097142791375518,
      0.003546770429238677,
      0.002568697091192007,
      0.0029002816881984472,
      0.0024168691597878933,
      0.003237721975892782,
      0.0026101202238351107,
      0.002924031112343073,
      0.0021662223152816296,
      0.0026229165960103273,
      0.0019262399291619658,
      0.002358093624934554,
      0.0022736801765859127,
      0.0021503539755940437,
      0.0016177688958123326,
      0.0019455183064565063,
      0.0017747398233041167,
      0.0021395168732851744,
      0.0019860875327140093,
      0.0015118025476112962,
      0.0014111134223639965,
      0.0012264845427125692,
      0.0017657580319792032,
      0.0015002279542386532,
      0.001420088461600244,
      0.001274105510674417,
      0.0011032697511836886,
      0.0013859639875590801,
      0.0009782370179891586,
      0.0013660595286637545,
      0.0012685605324804783,
      0.0011354569578543305,
      0.0009760346147231758,
      0.0012842949945479631,
      0.0008643646142445505,
      0.00098489411175251,
      0.0011396781774237752,
      0.0008775146561674774,
      0.0009526640642434359,
      0.0011131936917081475,
      0.0007977182394824922,
      0.0009480728767812252,
      0.0006971897673793137,
      0.0007891537388786674,
      0.0006071166135370731,
      0.000813406310044229,
      0.0009287353022955358,
      0.0011327514657750726,
      0.000821216031908989,
      0.0008582325535826385,
      0.0009300034143961966,
      0.0006191267748363316,
      0.000859804276842624,
      0.0007964688120409846,
      0.000659982964862138,
      0.0008109011687338352,
      0.0007535728509537876,
      0.0009598013130016625,
      0.0008570024510845542,
      0.0008941258420236409,
      0.000978765543550253,
      0.0008529979386366904,
      0.0008413442992605269,
      0.000918709032703191,
      0.0008657879661768675,
      0.0010275694075971842,
      0.0009012310765683651,
      0.0009561466868035495,
      0.0008610753575339913,
      0.0009474333492107689,
      0.0007367227808572352,
      0.0007881391211412847,
      0.0009430581703782082,
      0.0006952228141017258,
      0.0005949037149548531,
      0.0007450857665389776,
      0.0007481618085876107,
      0.0008399824146181345,
      0.0007900005439296365,
      0.000721795076970011,
      0.000616123084910214,
      0.000756300229113549,
      0.000936364580411464,
      0.0006734924390912056,
      0.0008157304837368429,
      0.0006863863673061132,
      0.0008534281514585018,
      0.0005618309369310737,
      0.0005631927633658051,
      0.0006168415420688689,
      0.0006169695407152176,
      0.0007374182459898293,
      0.0005956500535830855,
      0.0006830732454545796,
      0.0006482579628936946,
      0.0005832919850945473,
      0.0005232346593402326,
      0.0005398101056925952,
      0.0005995002575218678,
      0.0005678372690454125,
      0.000632027571555227,
      0.0007048474508337677,
      0.0005114058149047196,
