{
   "number_epochs": 500,
   "info_used": "use imputation",
   "perc_full_data": 0.015,
   "n_epochs_no_selection": 0,
   "Frequency % cutoff": 0.33,
   "hidden_size": 32,
   "random_state": 14,
   "train_errors": [
      0.029057512059807777,
      0.014997217804193497,
      0.019775936380028725,
      0.019868219271302223,
      0.015436220914125443,
      0.014113774523139,
      0.0151769258081913,
      0.015682455152273178,
      0.015884142369031906,
      0.015111207962036133,
      0.014443958178162575,
      0.013784357346594334,
      0.013908792287111282,
      0.014161432161927223,
      0.01385134644806385,
      0.013215767219662666,
      0.013195120729506016,
      0.013186810538172722,
      0.013391121290624142,
      0.01348073873668909,
      0.012958357110619545,
      0.012545257806777954,
      0.0127872284501791,
      0.012152175419032574,
      0.012489303946495056,
      0.012598711997270584,
      0.012009499594569206,
      0.01257663406431675,
      0.012543889693915844,
      0.012691449373960495,
      0.012265048921108246,
      0.011996719054877758,
      0.012365669012069702,
      0.012308785691857338,
      0.012236380949616432,
      0.012241438031196594,
      0.012424196116626263,
      0.012130954302847385,
      0.012293648906052113,
      0.0118100019171834,
      0.012168124318122864,
      0.011549616232514381,
      0.011999854817986488,
      0.012460180558264256,
      0.01167260017246008,
      0.01238289289176464,
      0.011583367362618446,
      0.012119253166019917,
      0.011270031332969666,
      0.011630550026893616,
      0.011681608855724335,
      0.011920559220016003,
      0.011896871961653233,
      0.011378212831914425,
      0.011991976760327816,
      0.011524496600031853,
      0.011786464601755142,
      0.011332008987665176,
      0.012117484584450722,
      0.011663313023746014,
      0.011430224403738976,
      0.011940250173211098,
      0.011658899486064911,
      0.011873393319547176,
      0.011978122405707836,
      0.011551452800631523,
      0.011836444959044456,
      0.011530702002346516,
      0.0118514159694314,
      0.011390474624931812,
      0.011878658086061478,
      0.011144754476845264,
      0.011340692639350891,
      0.012178678996860981,
      0.011346201412379742,
      0.01185863371938467,
      0.011726340278983116,
      0.011563584208488464,
      0.011361142620444298,
      0.011441376060247421,
      0.011742867529392242,
      0.011344189755618572,
      0.011637142859399319,
      0.011554352939128876,
      0.011286835186183453,
      0.011748125776648521,
      0.011153554543852806,
      0.011238685809075832,
      0.011660361662507057,
      0.01145811378955841,
      0.011385305784642696,
      0.011683822609484196,
      0.012088002637028694,
      0.011242213658988476,
      0.011541900224983692,
      0.011635152623057365,
      0.01150897890329361,
      0.011251182295382023,
      0.011489305645227432,
      0.011489354074001312,
      0.011411914601922035,
      0.011555188335478306,
      0.01189296506345272,
      0.01096313539892435,
      0.012055451050400734,
      0.01149021927267313,
      0.011465129442512989,
      0.011564227752387524,
      0.010987192392349243,
      0.011324692517518997,
      0.011483660899102688,
      0.011024566367268562,
      0.01118791289627552,
      0.011359177529811859,
      0.011309998109936714,
      0.010558871552348137,
      0.011134834960103035,
      0.0110476054251194,
      0.011426306329667568,
      0.01153250690549612,
      0.01079071406275034,
      0.010834046639502048,
      0.01101925689727068,
      0.010536514222621918,
      0.010925921611487865,
      0.011972733773291111,
      0.011412891559302807,
      0.011095136404037476,
      0.010943928733468056,
      0.01185646653175354,
      0.010883674025535583,
      0.010965819470584393,
      0.010794826783239841,
      0.010541885159909725,
      0.010503224097192287,
      0.010548988357186317,
      0.010744092985987663,
      0.011218695901334286,
      0.011653943918645382,
      0.011276902630925179,
      0.011087953113019466,
      0.010756450705230236,
      0.010631945915520191,
      0.010620186105370522,
      0.010784672573208809,
      0.011653443798422813,
      0.01067038718611002,
      0.01033924613147974,
      0.011739230714738369,
      0.010091669857501984,
      0.011406074278056622,
      0.010698297992348671,
      0.011575073003768921,
      0.010532311163842678,
      0.010548277758061886,
      0.011174107901751995,
      0.011393758468329906,
      0.011057855561375618,
      0.011685632169246674,
      0.010654700919985771,
      0.010515226051211357,
      0.010632784105837345,
      0.01040578167885542,
      0.010752692818641663,
      0.010151437483727932,
      0.00969725102186203,
      0.010422992520034313,
      0.010445657186210155,
      0.009904753416776657,
      0.010152439586818218,
      0.009887936525046825,
      0.009376415982842445,
      0.009631620720028877,
      0.009894696064293385,
      0.00978032872080803,
      0.009449858218431473,
      0.009469587355852127,
      0.009523918852210045,
      0.009981370531022549,
      0.009635861031711102,
      0.009564693085849285,
      0.009224110282957554,
      0.008878577500581741,
      0.009470352903008461,
      0.009169301018118858,
      0.009405121207237244,
      0.009365091100335121,
      0.009194474667310715,
      0.008954198099672794,
      0.009428414516150951,
      0.009213268756866455,
      0.009433846920728683,
      0.008722113445401192,
      0.008319969289004803,
      0.008553226478397846,
      0.00919128768146038,
      0.00887306034564972,
      0.009646892547607422,
      0.008335289545357227,
      0.008999768644571304,
      0.008531821891665459,
      0.008389094844460487,
      0.008127492852509022,
      0.007899143733084202,
      0.007170394528657198,
      0.007527587469667196,
      0.007461265195161104,
      0.007711563725024462,
      0.00739423418417573,
      0.007834628224372864,
      0.00870201550424099,
      0.006921515334397554,
      0.00688699446618557,
      0.006292274221777916,
      0.006536838132888079,
      0.0068024261854588985,
      0.007008367218077183,
      0.007665808312594891,
      0.006438222248107195,
      0.005767793860286474,
      0.005857452284544706,
      0.005290391389280558,
      0.00600819755345583,
      0.005225461907684803,
      0.005493631586432457,
      0.005249498877674341,
      0.005243780091404915,
      0.005239612422883511,
      0.0051068454049527645,
      0.004883714020252228,
      0.004657972604036331,
      0.004158476833254099,
      0.0044685364700853825,
      0.004746158141642809,
      0.0043685645796358585,
      0.0036503318697214127,
      0.003921608440577984,
      0.003107599448412657,
      0.0038807562086731195,
      0.004505997523665428,
      0.013712922111153603,
      0.0033464166335761547,
      0.003583267331123352,
      0.003442316548898816,
      0.00297904247418046,
      0.003942813724279404,
      0.002601704793050885,
      0.0026155910454690456,
      0.0036208343226462603,
      0.003103360068053007,
      0.0035842459183186293,
      0.002739837858825922,
      0.0031287632882595062,
      0.0033981793094426394,
      0.0031398767605423927,
      0.0029161805287003517,
      0.002007579430937767,
      0.0028075806330889463,
      0.002450430765748024,
      0.00224609044380486,
      0.0024894217494875193,
      0.0025297736283391714,
      0.0020904100965708494,
      0.0020786402747035027,
      0.0018317733192816377,
      0.0020330226980149746,
      0.0016858067829161882,
      0.0019244421273469925,
      0.001960311783477664,
      0.0019132561283186078,
      0.0032982046250253916,
      0.0022684019058942795,
      0.002419319935142994,
      0.002163595287129283,
      0.0015701391967013478,
      0.002876259619370103,
      0.001190196955576539,
      0.0014347770484164357,
