{
   "number_epochs": 500,
   "info_used": "use imputation",
   "perc_full_data": 0.015,
   "n_epochs_no_selection": 0,
   "Frequency % cutoff": 0.33,
   "hidden_size": 32,
   "random_state": 26,
   "train_errors": [
      0.01265445165336132,
      0.013791807927191257,
      0.011270060203969479,
      0.012103433720767498,
      0.011204037815332413,
      0.01084077637642622,
      0.011005288921296597,
      0.01105560828000307,
      0.01113776583224535,
      0.010809877887368202,
      0.01048562303185463,
      0.009994378313422203,
      0.01037465501576662,
      0.00984597485512495,
      0.010212703607976437,
      0.01010901015251875,
      0.010177808813750744,
      0.010184397920966148,
      0.010093504562973976,
      0.010048440657556057,
      0.010044139809906483,
      0.009850209578871727,
      0.01016550324857235,
      0.010023590177297592,
      0.00986693985760212,
      0.009523417800664902,
      0.009837260469794273,
      0.009292586706578732,
      0.00960000604391098,
      0.009605005383491516,
      0.009463750757277012,
      0.009450692683458328,
      0.009784236550331116,
      0.009370234794914722,
      0.008786496706306934,
      0.009646223857998848,
      0.009526741690933704,
      0.009227733127772808,
      0.009388255886733532,
      0.00894808117300272,
      0.009465095587074757,
      0.008680391125380993,
      0.009484595619142056,
      0.009195477701723576,
      0.009417594410479069,
      0.009290928021073341,
      0.008570105768740177,
      0.008880900219082832,
      0.00886143185198307,
      0.00937566440552473,
      0.0087358383461833,
      0.008695441298186779,
      0.009134767577052116,
      0.008698957972228527,
      0.00835785549134016,
      0.008281894028186798,
      0.009545081295073032,
      0.009539839811623096,
      0.008661037310957909,
      0.009195764549076557,
      0.009236633777618408,
      0.009385625831782818,
      0.008758739568293095,
      0.008888417854905128,
      0.008623052388429642,
      0.008438949473202229,
      0.008413045667111874,
      0.008884824812412262,
      0.008226844482123852,
      0.008548405952751637,
      0.008484555408358574,
      0.008737526834011078,
      0.008216284215450287,
      0.008332508616149426,
      0.00829126127064228,
      0.007962306961417198,
      0.008943875320255756,
      0.007873390801250935,
      0.00795070081949234,
      0.008483242243528366,
      0.00789736956357956,
      0.008370005525648594,
      0.008033034391701221,
      0.0079688411206007,
      0.007753488142043352,
      0.008252779021859169,
      0.008057964965701103,
      0.007618815638124943,
      0.007751853670924902,
      0.007626424077898264,
      0.0076593360863626,
      0.008158920332789421,
      0.00797993317246437,
      0.0074966298416256905,
      0.007313142064958811,
      0.007889322005212307,
      0.007707852870225906,
      0.008233970031142235,
      0.007633260916918516,
      0.007900843396782875,
      0.007765977643430233,
      0.007880947552621365,
      0.007590048015117645,
      0.007583280093967915,
      0.0076040890999138355,
      0.007619901094585657,
      0.00779784144833684,
      0.007546525448560715,
      0.007740615401417017,
      0.007462013512849808,
      0.007306517567485571,
      0.007328928913921118,
      0.0073586152866482735,
      0.007799474056810141,
      0.007251684553921223,
      0.0072548105381429195,
      0.007620299234986305,
      0.007518474478274584,
      0.007530813105404377,
      0.0073923515155911446,
      0.007597504649311304,
      0.006885017268359661,
      0.0069752037525177,
      0.0070272828452289104,
      0.007447909563779831,
      0.0073477583937346935,
      0.006797047797590494,
      0.007010795641690493,
      0.006796466186642647,
      0.006705089006572962,
      0.007110811769962311,
      0.0068973335437476635,
      0.007191074080765247,
      0.00725910160690546,
      0.006764646153897047,
      0.006691194139420986,
      0.007299213670194149,
      0.007122615817934275,
      0.006643182132393122,
      0.0067362356930971146,
      0.00680026737973094,
      0.006228592246770859,
      0.006496871821582317,
      0.006592731457203627,
      0.006312621757388115,
      0.006808062084019184,
      0.007171915378421545,
      0.006294162943959236,
      0.006579188164323568,
      0.006278594955801964,
      0.007011358626186848,
      0.006472351029515266,
      0.00597588624805212,
      0.005244134925305843,
      0.005667825695127249,
      0.005868203472346067,
      0.006260054651647806,
      0.005663924850523472,
      0.005556967109441757,
      0.005987288895994425,
      0.005729319993406534,
      0.006448029074817896,
      0.006944697350263596,
      0.004412112757563591,
      0.00516790384426713,
      0.005425297189503908,
      0.005287766456604004,
      0.00469551095739007,
      0.005077934358268976,
      0.00509314751252532,
      0.004741212818771601,
      0.004950838629156351,
      0.00482277013361454,
      0.004520449787378311,
      0.004164671525359154,
      0.003862207755446434,
      0.004162421450018883,
      0.004167890176177025,
      0.004409872926771641,
      0.0035002550575882196,
      0.004137613344937563,
      0.0031175415497273207,
      0.004122408572584391,
      0.003392165992408991,
      0.003440512577071786,
      0.003029269864782691,
      0.003465374931693077,
      0.003440663916990161,
      0.0032877749763429165,
      0.0027531436644494534,
      0.0029170506168156862,
      0.003900745417922735,
      0.0031464863568544388,
      0.00266540446318686,
      0.0027145701460540295,
      0.002517850836738944,
      0.0019422884797677398,
      0.0021094141993671656,
      0.002390377689152956,
      0.002358190482482314,
      0.0022452103439718485,
      0.0022035674192011356,
      0.00272324844263494,
      0.002390839857980609,
      0.002365065272897482,
      0.0011652212124317884,
      0.0017330056289210916,
      0.001737196114845574,
      0.0017491665203124285,
      0.001455407589673996,
      0.0012215920723974705,
      0.002124869031831622,
      0.001635142369195819,
      0.0016311084618791938,
      0.001452702097594738,
      0.0015699827345088124,
      0.0010472498834133148,
      0.0010723475134000182,
      0.0011214966652914882,
      0.0012186431558802724,
      0.0011506743030622602,
      0.0009983739582821727,
      0.001147422124631703,
      0.0009637233451940119,
      0.0012045118492096663,
      0.0012071762466803193,
      0.0014395629987120628,
      0.0013110850704833865,
      0.0009128717356361449,
      0.0007524298853240907,
      0.0010231966152787209,
      0.0012817741371691227,
      0.0007398288580588996,
      0.0011847777059301734,
      0.0012314562918618321,
      0.0012097499566152692,
      0.0011519993422552943,
      0.0008866385323926806,
      0.0008140329155139625,
      0.0008882529800757766,
      0.0006825181772001088,
      0.0007457213359884918,
      0.0007397393346764147,
      0.0006513709668070078,
      0.000978017458692193,
      0.0006912626558914781,
      0.0010570887243375182,
      0.0007304694736376405,
      0.0008685398497618735,
      0.0007268834742717445,
      0.001314182998612523,
      0.0007679352420382202,
      0.0009265232947655022,
      0.0008884212002158165,
      0.0006615905440412462,
      0.0006993630086071789,
      0.000774131272919476,
      0.0007920910720713437,
      0.0006795031949877739,
      0.0010393554111942649,
      0.0007707835175096989,
      0.0008088486501947045,
      0.001007034326903522,
      0.0008653504773974419,
      0.0007200123509392142,
      0.0006364472792483866,
      0.0007941383519209921,
      0.0006177146569825709,
      0.0007305062608793378,
      0.0005713640130124986,
      0.0007181897526606917,
      0.0009434929233975708,
      0.0011625669430941343,
      0.0005474683712236583,
      0.0007123359828256071,
      0.0005982299335300922,
