{
   "number_epochs": 20,
   "info_used": "use imputation",
   "perc_full_data": 0.08,
   "n_epochs_no_selection": 0,
   "Frequency % cutoff": 0.33,
   "hidden_size": 32,
   "random_state": 0,
   "train_errors": [
      0.418378621339798,
      0.29181352257728577,
      0.1868305504322052,
      0.10789693892002106,
      0.0645841434597969,
      0.06495681405067444,
      0.0884995236992836,
      0.09174460172653198,
      0.07534988224506378,
      0.05922990292310715,
      0.046707168221473694,
      0.0460980087518692,
      0.04694269597530365,
      0.047795817255973816,
      0.0468936525285244,
      0.044934310019016266,
      0.04181373864412308,
      0.037362463772296906,
      0.03614211827516556,
      0.035762764513492584
   ],
   "valid_errors": [
      0.35068005323410034,
      0.06599418818950653,
      0.03684256598353386,
      0.035227689892053604,
      0.02851256914436817
   ],
   "val_epochs": [
      0,
      5,
      10,
      15,
      19
   ],
   "input_data_path": "../data/airfoil_self_noise/data.csv",
   "gradwcontext": true,
   "Encompassing Param": 0.1,
   "Normalize Grads & Contx": false,
   "cluster_all_classes": false,
   "imputation method": "Soft Impute",
   "model_dropout": 0.05,
   "model_type": "mlp",
   "problem_type": "regression"
}