{
   "number_epochs": 20,
   "info_used": "use imputation",
   "perc_full_data": 0.08,
   "n_epochs_no_selection": 0,
   "Frequency % cutoff": 0.33,
   "hidden_size": 32,
   "random_state": 12,
   "train_errors": [
      0.2409174144268036,
      0.16521412134170532,
      0.10517159104347229,
      0.06218712776899338,
      0.038779597729444504,
      0.03442078083753586,
      0.045116424560546875,
      0.05108768120408058,
      0.04651934653520584,
      0.0387909822165966,
      0.03347712382674217,
      0.030484639108181,
      0.03199704736471176,
      0.03311387076973915,
      0.033929623663425446,
      0.03291039541363716,
      0.031971272081136703,
      0.029995465651154518,
      0.028707347810268402,
      0.028192901983857155
   ],
   "valid_errors": [
      0.20347197353839874,
      0.047538213431835175,
      0.03803953900933266,
      0.03739345446228981,
      0.03444301709532738
   ],
   "val_epochs": [
      0,
      5,
      10,
      15,
      19
   ],
   "input_data_path": "../data/airfoil_self_noise/data.csv",
   "gradwcontext": true,
   "Encompassing Param": 0.1,
   "Normalize Grads & Contx": false,
   "cluster_all_classes": false,
   "imputation method": "Soft Impute",
   "model_dropout": 0.05,
   "model_type": "mlp",
   "problem_type": "regression"
}