{
   "number_epochs": 20,
   "info_used": "use imputation",
   "perc_full_data": 0.08,
   "n_epochs_no_selection": 0,
   "Frequency % cutoff": 0.33,
   "hidden_size": 32,
   "random_state": 8,
   "train_errors": [
      0.3132018744945526,
      0.20470976829528809,
      0.1295136958360672,
      0.07528068870306015,
      0.04620884358882904,
      0.04549868404865265,
      0.056906238198280334,
      0.062178101390600204,
      0.05386591702699661,
      0.04326234757900238,
      0.0385030061006546,
      0.036846425384283066,
      0.03694721311330795,
      0.03758196905255318,
      0.038577839732170105,
      0.03793104737997055,
      0.03619111329317093,
      0.03577412664890289,
      0.03354497626423836,
      0.03292642533779144
   ],
   "valid_errors": [
      0.2512653172016144,
      0.04820108413696289,
      0.03606874868273735,
      0.03653285652399063,
      0.0320763885974884
   ],
   "val_epochs": [
      0,
      5,
      10,
      15,
      19
   ],
   "input_data_path": "../data/airfoil_self_noise/data.csv",
   "gradwcontext": true,
   "Encompassing Param": 0.1,
   "Normalize Grads & Contx": false,
   "cluster_all_classes": false,
   "imputation method": "Soft Impute",
   "model_dropout": 0.05,
   "model_type": "mlp",
   "problem_type": "regression"
}