{
   "number_epochs": 20,
   "info_used": "use imputation",
   "perc_full_data": 0.08,
   "n_epochs_no_selection": 0,
   "Frequency % cutoff": 0.33,
   "hidden_size": 32,
   "random_state": 9,
   "train_errors": [
      0.1756739318370819,
      0.11723710596561432,
      0.07098858803510666,
      0.043545663356781006,
      0.04140990972518921,
      0.05216765031218529,
      0.05668213590979576,
      0.049855757504701614,
      0.041278887540102005,
      0.036231879144907,
      0.035551901906728745,
      0.03663279488682747,
      0.03719485178589821,
      0.03640105202794075,
      0.035615090280771255,
      0.03337053582072258,
      0.03253231942653656,
      0.03208397328853607,
      0.03203203156590462,
      0.03209666162729263
   ],
   "valid_errors": [
      0.14274999499320984,
      0.0643942803144455,
      0.0401163175702095,
      0.037216853350400925,
      0.037714872509241104
   ],
   "val_epochs": [
      0,
      5,
      10,
      15,
      19
   ],
   "input_data_path": "../data/airfoil_self_noise/data.csv",
   "gradwcontext": true,
   "Encompassing Param": 0.1,
   "Normalize Grads & Contx": false,
   "cluster_all_classes": false,
   "imputation method": "Soft Impute",
   "model_dropout": 0.05,
   "model_type": "mlp",
   "problem_type": "regression"
}