{
   "number_epochs": 20,
   "info_used": "use imputation",
   "perc_full_data": 0.08,
   "n_epochs_no_selection": 0,
   "Frequency % cutoff": 0.33,
   "hidden_size": 32,
   "random_state": 14,
   "train_errors": [
      0.4103658199310303,
      0.3096502721309662,
      0.22371512651443481,
      0.1478680670261383,
      0.09125316143035889,
      0.054368361830711365,
      0.046803515404462814,
      0.05682411417365074,
      0.06941830366849899,
      0.06773760914802551,
      0.05540842190384865,
      0.04381178691983223,
      0.03844093903899193,
      0.03831900283694267,
      0.038288626819849014,
      0.03899943828582764,
      0.03906257823109627,
      0.03707297891378403,
      0.03652746230363846,
      0.034039534628391266
   ],
   "valid_errors": [
      0.34456756711006165,
      0.046483635902404785,
      0.05325523391366005,
      0.03751620277762413,
      0.03219795599579811
   ],
   "val_epochs": [
      0,
      5,
      10,
      15,
      19
   ],
   "input_data_path": "../data/airfoil_self_noise/data.csv",
   "gradwcontext": true,
   "Encompassing Param": 0.1,
   "Normalize Grads & Contx": false,
   "cluster_all_classes": false,
   "imputation method": "Soft Impute",
   "model_dropout": 0.05,
   "model_type": "mlp",
   "problem_type": "regression"
}