{
   "number_epochs": 20,
   "info_used": "use imputation",
   "perc_full_data": 0.08,
   "n_epochs_no_selection": 0,
   "Frequency % cutoff": 0.33,
   "hidden_size": 32,
   "random_state": 2,
   "train_errors": [
      0.21923953294754028,
      0.17531943321228027,
      0.13494828343391418,
      0.0985015481710434,
      0.06760887801647186,
      0.044098492711782455,
      0.03520399332046509,
      0.04032275080680847,
      0.04763340577483177,
      0.047079939395189285,
      0.04136992618441582,
      0.03564440459012985,
      0.03254614770412445,
      0.03304978087544441,
      0.033540643751621246,
      0.034359920769929886,
      0.033765196800231934,
      0.03270033746957779,
      0.031106512993574142,
      0.03047676756978035
   ],
   "valid_errors": [
      0.19306030869483948,
      0.03533022105693817,
      0.03643636032938957,
      0.03320745378732681,
      0.02937927283346653
   ],
   "val_epochs": [
      0,
      5,
      10,
      15,
      19
   ],
   "input_data_path": "../data/airfoil_self_noise/data.csv",
   "gradwcontext": true,
   "Encompassing Param": 0.1,
   "Normalize Grads & Contx": false,
   "cluster_all_classes": false,
   "imputation method": "Soft Impute",
   "model_dropout": 0.05,
   "model_type": "mlp",
   "problem_type": "regression"
}