{
   "number_epochs": 20,
   "info_used": "use imputation",
   "perc_full_data": 0.08,
   "n_epochs_no_selection": 0,
   "Frequency % cutoff": 0.33,
   "hidden_size": 32,
   "random_state": 6,
   "train_errors": [
      0.2650136351585388,
      0.17514970898628235,
      0.1055631935596466,
      0.06039689481258392,
      0.04562750086188316,
      0.057357970625162125,
      0.06955239176750183,
      0.06128689646720886,
      0.04753948375582695,
      0.03967598080635071,
      0.03854367136955261,
      0.0405866876244545,
      0.041968461126089096,
      0.04101065173745155,
      0.03759129345417023,
      0.034294527024030685,
      0.03396490588784218,
      0.03307058662176132,
      0.03300599381327629,
      0.03360620141029358
   ],
   "valid_errors": [
      0.23077991604804993,
      0.05926785245537758,
      0.04052605479955673,
      0.03577320650219917,
      0.03432724252343178
   ],
   "val_epochs": [
      0,
      5,
      10,
      15,
      19
   ],
   "input_data_path": "../data/airfoil_self_noise/data.csv",
   "gradwcontext": true,
   "Encompassing Param": 0.1,
   "Normalize Grads & Contx": false,
   "cluster_all_classes": false,
   "imputation method": "Soft Impute",
   "model_dropout": 0.05,
   "model_type": "mlp",
   "problem_type": "regression"
}