{
   "number_epochs": 400,
   "info_used": "use imputation",
   "perc_full_data": 0.08,
   "n_epochs_no_selection": 0,
   "Frequency % cutoff": 0.33,
   "hidden_size": 32,
   "random_state": 1,
   "train_errors": [
      0.2854110300540924,
      0.1959671676158905,
      0.12165854126214981,
      0.06829711049795151,
      0.043876539915800095,
      0.052684538066387177,
      0.06313074380159378,
      0.05995628982782364,
      0.04853762313723564,
      0.03956998139619827,
      0.03582553565502167,
      0.03572611138224602,
      0.03655833750963211,
      0.03688369318842888,
      0.03576475754380226,
      0.03446447476744652,
      0.031862467527389526,
      0.030097145587205887,
      0.028175566345453262,
      0.0285048671066761,
      0.02803777903318405,
      0.028056826442480087,
      0.02714943327009678,
      0.026597537100315094,
      0.02671796642243862,
      0.027438336983323097,
      0.02627705968916416,
      0.026379605755209923,
      0.025738731026649475,
      0.025387726724147797,
      0.024538574740290642,
      0.025177666917443275,
      0.0242459736764431,
      0.024277865886688232,
      0.023112744092941284,
      0.02346770465373993,
      0.023244500160217285,
      0.022859817370772362,
      0.022222625091671944,
      0.023123987019062042,
      0.02272774651646614,
      0.023681113496422768,
      0.02269798330962658,
      0.02302720956504345,
      0.022993652150034904,
      0.0226998683065176,
      0.023114576935768127,
      0.02267308533191681,
      0.02266823686659336,
      0.022496677935123444,
      0.02228148840367794,
      0.022632230073213577,
      0.0224760714918375,
      0.022783786058425903,
      0.021927159279584885,
      0.023212654516100883,
      0.021965516731142998,
      0.02240077219903469,
      0.021607156842947006,
      0.02183503843843937,
      0.022298377007246017,
      0.021112866699695587,
      0.02310100756585598,
      0.021260397508740425,
      0.02103663608431816,
      0.02119874767959118,
      0.020797044038772583,
      0.02059124782681465,
      0.020688604563474655,
      0.021555431187152863,
      0.02000817470252514,
      0.020485546439886093,
      0.020629316568374634,
      0.02081642858684063,
      0.021313520148396492,
      0.021111775189638138,
      0.019793253391981125,
      0.019875505939126015,
      0.019426098093390465,
      0.020520532503724098,
      0.02078966610133648,
      0.020332369953393936,
      0.019268427044153214,
      0.019433975219726562,
      0.01962018944323063,
      0.01948578841984272,
      0.020052986219525337,
      0.019100932404398918,
      0.019501587375998497,
      0.019111162051558495,
      0.018289534375071526,
      0.018454255536198616,
      0.01846003159880638,
      0.017815951257944107,
      0.018483620136976242,
      0.018225282430648804,
      0.017895987257361412,
      0.01855948194861412,
      0.01837344467639923,
      0.01794338785111904,
      0.016937408596277237,
      0.017444703727960587,
      0.017342936247587204,
      0.017266562208533287,
      0.01714986562728882,
      0.01654813066124916,
      0.015487399883568287,
      0.016634369269013405,
      0.016949523240327835,
      0.016005216166377068,
      0.01603039540350437,
      0.016794651746749878,
      0.0158555805683136,
      0.015847979113459587,
      0.015297400765120983,
      0.015903258696198463,
      0.0144830122590065,
      0.015364078804850578,
      0.015344109386205673,
      0.015025880187749863,
      0.014977152459323406,
      0.01477618608623743,
      0.015057307668030262,
      0.014552068896591663,
      0.014229499734938145,
      0.014755317009985447,
      0.013833822682499886,
      0.014281895942986012,
      0.0130419060587883,
      0.013805409893393517,
      0.013416247442364693,
      0.014023545198142529,
      0.013368654996156693,
      0.013520529493689537,
      0.012479828670620918,
      0.013387349434196949,
      0.013757281005382538,
      0.012907384894788265,
      0.01275519747287035,
      0.012189258821308613,
      0.01237922627478838,
      0.013291101902723312,
      0.013081315904855728,
      0.01247062161564827,
      0.012119992636144161,
      0.012714758515357971,
      0.012821091338992119,
      0.01254599541425705,
      0.011956213042140007,
      0.012616917490959167,
      0.011859994381666183,
      0.01199803315103054,
      0.01151884812861681,
      0.012190786190330982,
      0.011302602477371693,
      0.011328646913170815,
      0.010594259947538376,
      0.011697235517203808,
      0.012409454211592674,
      0.011122903786599636,
      0.011820529587566853,
      0.011714652180671692,
      0.012304163537919521,
      0.011464040726423264,
      0.010688084177672863,
      0.010287576355040073,
      0.011071772314608097,
      0.010903287678956985,
      0.011070149019360542,
      0.010556881316006184,
      0.010477864183485508,
      0.01046779751777649,
      0.0109335882589221,
      0.010304320603609085,
      0.010915142484009266,
      0.010602490045130253,
      0.010331486351788044,
      0.01095162145793438,
      0.010654104873538017,
      0.010248556733131409,
      0.0105165746062994,
      0.009903165511786938,
      0.009668126702308655,
      0.010468370281159878,
      0.00969612319022417,
      0.010690134949982166,
      0.00970207154750824,
      0.009911325760185719,
      0.01018691435456276,
      0.009798635728657246,
      0.009544262662529945,
      0.009406925179064274,
      0.00954324658960104,
      0.01008208841085434,
      0.010364516638219357,
      0.009487236849963665,
      0.009903397411108017,
      0.009950319305062294,
      0.009443962015211582,
      0.00912028830498457,
      0.009873149916529655,
      0.008994219824671745,
      0.009244929067790508,
      0.008534842170774937,
      0.00904849637299776,
      0.009303479455411434,
      0.009178966283798218,
      0.00847589410841465,
      0.008948521688580513,
      0.009098191745579243,
      0.007840791717171669,
      0.008667295798659325,
      0.008152944967150688,
      0.009556688368320465,
      0.00841190479695797,
      0.00928592961281538,
      0.009038685820996761,
      0.009237791411578655,
      0.00925852358341217,
      0.009795795194804668,
      0.008397436700761318,
      0.008640022948384285,
      0.00804169662296772,
      0.00791552197188139,
      0.0078792879357934,
      0.009445443749427795,
      0.00845245085656643,
      0.008825328201055527,
      0.008410644717514515,
      0.007874025031924248,
      0.00823118444532156,
      0.008664398454129696,
      0.008989553898572922,
      0.008915619924664497,
      0.00838314276188612,
      0.008425760082900524,
      0.008065979927778244,
      0.00782865472137928,
      0.008330179378390312,
      0.007565505802631378,
      0.008290749043226242,
      0.007303880527615547,
      0.00766291469335556,
      0.008133397437632084,
      0.008383887819945812,
      0.007813059724867344,
      0.00875572208315134,
      0.007847621105611324,
      0.007388269063085318,
      0.007586033549159765,
      0.008447871543467045,
      0.007911423221230507,
      0.008875184692442417,
      0.00874833669513464,
      0.007383408024907112,
      0.008025546558201313,
      0.006950093898922205,
      0.008721765130758286,
      0.0077372100204229355,
      0.007532285992056131,
      0.00877624936401844,
      0.007889441214501858,
      0.008120301179587841,
      0.007924659177660942,
      0.008151859045028687,
      0.007302356883883476,
      0.007493016310036182,
      0.007755117956548929,
      0.008923223242163658,
      0.008268335834145546,
      0.0073560564778745174,
      0.0071085067465901375,
      0.007678627502173185,
      0.007318413816392422,
      0.008317368105053902,
      0.006677312310785055,
      0.007357509806752205,
      0.00684421556070447,
      0.008013413287699223,
      0.007749388460069895,
      0.007410538848489523,
