{
   "number_epochs": 400,
   "info_used": "use imputation",
   "perc_full_data": 0.08,
   "n_epochs_no_selection": 0,
   "Frequency % cutoff": 0.33,
   "hidden_size": 32,
   "random_state": 13,
   "train_errors": [
      0.11484290659427643,
      0.05307462438941002,
      0.03591529652476311,
      0.0482778325676918,
      0.051761120557785034,
      0.044605035334825516,
      0.03484416753053665,
      0.03191858530044556,
      0.032051511108875275,
      0.033008184283971786,
      0.033464495092630386,
      0.032680708914995193,
      0.031089644879102707,
      0.02896764688193798,
      0.028732698410749435,
      0.028360595926642418,
      0.02847862057387829,
      0.027284422889351845,
      0.026585688814520836,
      0.02633633278310299,
      0.024745188653469086,
      0.024744912981987,
      0.025043323636054993,
      0.02383906953036785,
      0.024084415286779404,
      0.02347148396074772,
      0.024146411567926407,
      0.023300006985664368,
      0.023851539939641953,
      0.022519893944263458,
      0.022852662950754166,
      0.0225360207259655,
      0.02256648615002632,
      0.02232108637690544,
      0.022426731884479523,
      0.02202671580016613,
      0.02219296619296074,
      0.02192923054099083,
      0.022824615240097046,
      0.021945590153336525,
      0.02152499370276928,
      0.021711209788918495,
      0.021596210077404976,
      0.02162853628396988,
      0.021999794989824295,
      0.021550774574279785,
      0.021043971180915833,
      0.020428063347935677,
      0.021137608215212822,
      0.02025669813156128,
      0.020705338567495346,
      0.020743651315569878,
      0.021033847704529762,
      0.019862165674567223,
      0.01985575258731842,
      0.020427389070391655,
      0.0202805083245039,
      0.019591590389609337,
      0.01982378400862217,
      0.01903495192527771,
      0.018564311787486076,
      0.018810680136084557,
      0.0187347624450922,
      0.01888333261013031,
      0.019016137346625328,
      0.018875442445278168,
      0.018503863364458084,
      0.018949272111058235,
      0.018310952931642532,
      0.017985189333558083,
      0.017703084275126457,
      0.0170077383518219,
      0.017215965315699577,
      0.016763702034950256,
      0.017731498926877975,
      0.017577843740582466,
      0.01645510084927082,
      0.01561679970473051,
      0.015947166830301285,
      0.015996946021914482,
      0.016031334176659584,
      0.015558128245174885,
      0.014641723595559597,
      0.01524027343839407,
      0.014312375336885452,
      0.013403942808508873,
      0.014820612967014313,
      0.01425744779407978,
      0.014667526818811893,
      0.013402396813035011,
      0.013517734594643116,
      0.01371748372912407,
      0.013456698507070541,
      0.013054082170128822,
      0.012788447551429272,
      0.014616175554692745,
      0.013553326949477196,
      0.012436194345355034,
      0.011805178597569466,
      0.012262726202607155,
      0.012170842848718166,
      0.011685301549732685,
      0.012194125913083553,
      0.011703966185450554,
      0.011285210028290749,
      0.011137847788631916,
      0.012190567329525948,
      0.01091111358255148,
      0.010848947800695896,
      0.010748273693025112,
      0.010426064021885395,
      0.011281097307801247,
      0.010038935579359531,
      0.010796071961522102,
      0.010287727229297161,
      0.010410238057374954,
      0.010428676381707191,
      0.010526631958782673,
      0.009964405559003353,
      0.010102595202624798,
      0.00983312726020813,
      0.009384628385305405,
      0.009358398616313934,
      0.009823370724916458,
      0.009940315037965775,
      0.009313210844993591,
      0.00917053036391735,
      0.009587052278220654,
      0.00865250639617443,
      0.009099931456148624,
      0.008383595384657383,
      0.009361638687551022,
      0.008453365415334702,
      0.008331957273185253,
      0.008310947567224503,
      0.007985110394656658,
      0.007655941415578127,
      0.008277916349470615,
      0.008223668672144413,
      0.007715949323028326,
      0.007613704074174166,
      0.007706296164542437,
      0.007712426129728556,
      0.006928971502929926,
      0.006867545656859875,
      0.006831187289208174,
      0.006294465623795986,
      0.006879833061248064,
      0.007096811663359404,
      0.006560380570590496,
      0.006720796227455139,
      0.0065542724914848804,
      0.006390625610947609,
      0.0060573117807507515,
      0.005962256342172623,
      0.0062364391051232815,
      0.00546000013127923,
      0.006351897493004799,
      0.005902486387640238,
      0.0054911114275455475,
      0.005823945626616478,
      0.005490981973707676,
      0.0061085158959031105,
      0.006182665470987558,
      0.005723423324525356,
      0.005017430055886507,
      0.005596708040684462,
      0.0057042744010686874,
      0.005387430544942617,
      0.00510486401617527,
      0.005402655340731144,
      0.005172338802367449,
      0.005179946310818195,
      0.005185883026570082,
      0.005045438650995493,
      0.005118539556860924,
      0.00517776096239686,
      0.005124487914144993,
      0.005545635707676411,
      0.005308964289724827,
      0.004491559695452452,
      0.005063018295913935,
      0.0050083003006875515,
      0.004881736822426319,
      0.005012746900320053,
      0.0054460084065794945,
      0.004892759025096893,
      0.0052484795451164246,
      0.004423521924763918,
      0.005203989800065756,
      0.005384976044297218,
      0.005124431103467941,
      0.004030156414955854,
      0.004819656256586313,
      0.004851963836699724,
      0.004618092905730009,
      0.004708814900368452,
      0.004383886698633432,
      0.004617414902895689,
      0.004312215838581324,
      0.004699527285993099,
      0.004260167945176363,
      0.004605140071362257,
      0.004334365017712116,
      0.004607001785188913,
      0.00452497648075223,
      0.004190895706415176,
      0.004873713478446007,
      0.004769031889736652,
      0.0046673729084432125,
      0.00398263381794095,
      0.004351792857050896,
      0.004741325508803129,
      0.004773764405399561,
      0.004234914667904377,
      0.004458465613424778,
      0.004107863176614046,
      0.004376512486487627,
      0.004709848202764988,
      0.004338773433119059,
      0.004259577486664057,
      0.004640029277652502,
      0.004615012090653181,
      0.004228807054460049,
      0.004201930481940508,
      0.004229622893035412,
      0.004114269278943539,
      0.004437501076608896,
      0.0039024793077260256,
      0.0044678314588963985,
      0.004075146745890379,
      0.0046116020530462265,
      0.004197883419692516,
      0.004115545190870762,
      0.00392033439129591,
      0.004211990628391504,
      0.0041610379703342915,
      0.0037741633132100105,
      0.00396706024184823,
      0.0037909098900854588,
      0.004508079029619694,
      0.004047334659844637,
      0.004153012298047543,
      0.004605261608958244,
      0.004019626881927252,
      0.003683181246742606,
      0.0035404388327151537,
      0.004048632457852364,
      0.003943415824323893,
      0.004080651793628931,
      0.003878568531945348,
      0.00414334237575531,
      0.003900557290762663,
      0.003984064795076847,
      0.0035432809963822365,
      0.0042074923403561115,
      0.004033251199871302,
      0.0034401463344693184,
      0.003631851403042674,
      0.003728059818968177,
      0.004066427703946829,
      0.0038448702543973923,
      0.0037808939814567566,
      0.0035286268685013056,
      0.0037291438784450293,
      0.0034427756909281015,
      0.003551615634933114,
      0.003591066226363182,
      0.0035858002956956625,
      0.003510775975883007,
      0.003708998905494809,
      0.0037792325019836426,
      0.0036961801815778017,
      0.003662537084892392,
      0.0033002470154315233,
      0.0037369183264672756,
      0.004048233851790428,
      0.0034185813274234533,
