{
   "number_epochs": 30,
   "info_used": "use imputation",
   "perc_full_data": 0.03,
   "n_epochs_no_selection": 0,
   "Frequency % cutoff": 0.33,
   "hidden_size": 32,
   "random_state": 0,
   "train_errors": [
      0.04553251713514328,
      0.020107490941882133,
      0.015086286701261997,
      0.018595246598124504,
      0.01836422085762024,
      0.016113700345158577,
      0.013796653598546982,
      0.01325862668454647,
      0.013081872835755348,
      0.013141995295882225,
      0.013102698139846325,
      0.012681237421929836,
      0.012193486094474792,
      0.011536222882568836,
      0.011257978156208992,
      0.011171702295541763,
      0.011149018071591854,
      0.01106118131428957,
      0.010972286574542522,
      0.010418962687253952,
      0.010252689942717552,
      0.01036304235458374,
      0.010274402797222137,
      0.010167173109948635,
      0.009527403861284256,
      0.009847796522080898,
      0.009471617639064789,
      0.009021286852657795,
      0.008624405600130558,
      0.008757415227591991
   ],
   "valid_errors": [
      0.02865305356681347,
      0.015696672722697258,
      0.012380881235003471,
      0.011234983801841736,
      0.010606358759105206,
      0.010440732352435589,
      0.010644366964697838
   ],
   "val_epochs": [
      0,
      5,
      10,
      15,
      20,
      25,
      29
   ],
   "input_data_path": "../data/dataset_photo_pce10/data.csv",
   "gradwcontext": true,
   "Encompassing Param": 0.1,
   "Normalize Grads & Contx": false,
   "cluster_all_classes": false,
   "imputation method": "Iterative MICE Imputer",
   "model_dropout": 0.05
}