{
   "number_epochs": 30,
   "info_used": "use imputation",
   "perc_full_data": 0.03,
   "n_epochs_no_selection": 0,
   "Frequency % cutoff": 0.33,
   "hidden_size": 32,
   "random_state": 2,
   "train_errors": [
      0.013215027749538422,
      0.01241672970354557,
      0.013746151700615883,
      0.011548125185072422,
      0.01020865235477686,
      0.0097329281270504,
      0.009366917423903942,
      0.008256159722805023,
      0.009581844322383404,
      0.00875265896320343,
      0.008481541648507118,
      0.007860973477363586,
      0.008581234142184258,
      0.0078310277312994,
      0.007567391265183687,
      0.007686643861234188,
      0.00847504660487175,
      0.007474571466445923,
      0.008340886794030666,
      0.007662310730665922,
      0.007387065328657627,
      0.007701520808041096,
      0.007916727103292942,
      0.007552093826234341,
      0.00767146423459053,
      0.007682099472731352,
      0.007202498149126768,
      0.007297809701412916,
      0.007310347631573677,
      0.007255454547703266
   ],
   "valid_errors": [
      0.011276347562670708,
      0.009469294920563698,
      0.009171637706458569,
      0.009820488281548023,
      0.010083463042974472,
      0.009729739278554916,
      0.009875140152871609
   ],
   "val_epochs": [
      0,
      5,
      10,
      15,
      20,
      25,
      29
   ],
   "input_data_path": "../data/dataset_photo_pce10/data.csv",
   "gradwcontext": true,
   "Encompassing Param": 0.1,
   "Normalize Grads & Contx": false,
   "cluster_all_classes": false,
   "imputation method": "Iterative MICE Imputer",
   "model_dropout": 0.05
}