{
   "number_epochs": 30,
   "info_used": "use imputation",
   "perc_full_data": 0.03,
   "n_epochs_no_selection": 0,
   "Frequency % cutoff": 0.33,
   "hidden_size": 32,
   "random_state": 1,
   "train_errors": [
      0.010942664928734303,
      0.01177886687219143,
      0.010028966702520847,
      0.010383913293480873,
      0.009853282943367958,
      0.00926790852099657,
      0.008524748496711254,
      0.008899369277060032,
      0.008628854528069496,
      0.00864298827946186,
      0.008499899879097939,
      0.007979105226695538,
      0.007676974404603243,
      0.008037229999899864,
      0.007837127894163132,
      0.008010663092136383,
      0.008353427052497864,
      0.008013463579118252,
      0.007802332751452923,
      0.007990747690200806,
      0.007882700301706791,
      0.008024049922823906,
      0.007808575872331858,
      0.007956418208777905,
      0.0076398178935050964,
      0.0077241891995072365,
      0.0076612322591245174,
      0.007520993240177631,
      0.007743003312498331,
      0.007985152304172516
   ],
   "valid_errors": [
      0.013483760878443718,
      0.010883445851504803,
      0.010463548824191093,
      0.010269309394061565,
      0.010247760452330112,
      0.010217894800007343,
      0.01029621809720993
   ],
   "val_epochs": [
      0,
      5,
      10,
      15,
      20,
      25,
      29
   ],
   "input_data_path": "../data/dataset_photo_pce10/data.csv",
   "gradwcontext": true,
   "Encompassing Param": 0.1,
   "Normalize Grads & Contx": false,
   "cluster_all_classes": false,
   "imputation method": "Iterative MICE Imputer",
   "model_dropout": 0.05
}