{
   "number_epochs": 500,
   "info_used": "use imputation",
   "perc_full_data": 0.02,
   "n_epochs_no_selection": 0,
   "Frequency % cutoff": 0.33,
   "hidden_size": 32,
   "random_state": 6,
   "train_errors": [
      0.10796265304088593,
      0.054760102182626724,
      0.025479167699813843,
      0.01707116700708866,
      0.02181071601808071,
      0.023485057055950165,
      0.02078060247004032,
      0.01768454536795616,
      0.015425596386194229,
      0.015529612079262733,
      0.015782158821821213,
      0.016254359856247902,
      0.01613372378051281,
      0.01619132235646248,
      0.01591261848807335,
      0.015302141197025776,
      0.01487970631569624,
      0.014407502487301826,
      0.014409336261451244,
      0.013938837684690952,
      0.013840008527040482,
      0.01379472203552723,
      0.013719728216528893,
      0.013355143368244171,
      0.013522963039577007,
      0.014116951264441013,
      0.01277939509600401,
      0.013867768459022045,
      0.013228381052613258,
      0.013201775029301643,
      0.013090971857309341,
      0.012805135920643806,
      0.01291334442794323,
      0.013242569752037525,
      0.012677076272666454,
      0.012425890192389488,
      0.01268691848963499,
      0.012908709235489368,
      0.012429894879460335,
      0.012366660870611668,
      0.011987650766968727,
      0.012076709419488907,
      0.012459988705813885,
      0.012161003425717354,
      0.012370067648589611,
      0.01244187168776989,
      0.011404234915971756,
      0.012157264165580273,
      0.012045000679790974,
      0.01187076885253191,
      0.011814526282250881,
      0.011258373036980629,
      0.011352358385920525,
      0.012075093574821949,
      0.010829119943082333,
      0.011560652405023575,
      0.011098370887339115,
      0.010753634385764599,
      0.010862957686185837,
      0.010850646533071995,
      0.01092544849961996,
      0.011118496768176556,
      0.010677220299839973,
      0.011456526815891266,
      0.011239692568778992,
      0.010434811003506184,
      0.010612206533551216,
      0.01030796393752098,
      0.009782705456018448,
      0.010610256344079971,
      0.01074234303086996,
      0.010424274951219559,
      0.010979565791785717,
      0.010266766883432865,
      0.010082465596497059,
      0.01001668255776167,
      0.010377141647040844,
      0.009616543538868427,
      0.010550101287662983,
      0.009297576732933521,
      0.009758790954947472,
      0.010075685568153858,
      0.009707925841212273,
      0.009989467449486256,
      0.010000470094382763,
      0.00945153459906578,
      0.00918753445148468,
      0.009686284698545933,
      0.009389379993081093,
      0.01012564916163683,
      0.009849566034972668,
      0.009682927280664444,
      0.009030810557305813,
      0.008830449543893337,
      0.009015534073114395,
      0.00917905569076538,
      0.00965808890759945,
      0.009593662805855274,
      0.009227198548614979,
      0.008724942803382874,
      0.008485944010317326,
      0.008710409514605999,
      0.00933624804019928,
      0.008703220635652542,
      0.00880503561347723,
      0.008646181784570217,
      0.008539697155356407,
      0.008700518868863583,
      0.008720196783542633,
      0.007771051488816738,
      0.008163330145180225,
      0.007877502590417862,
      0.00801269244402647,
      0.009155003353953362,
      0.008352638222277164,
      0.007920822128653526,
      0.007979849353432655,
      0.008083075284957886,
      0.00827832706272602,
      0.008412085473537445,
      0.007344768848270178,
      0.007375776767730713,
      0.007981951348483562,
      0.007205503061413765,
      0.007625901140272617,
      0.007488665636628866,
      0.007813619449734688,
      0.007545729633420706,
      0.008534841239452362,
      0.00691638421267271,
      0.007026806939393282,
      0.0068137203343212605,
      0.0070303757674992085,
      0.006618311163038015,
      0.007586282677948475,
      0.006843174807727337,
      0.007227771915495396,
      0.006879291031509638,
      0.007011790759861469,
      0.006402315106242895,
      0.006848136894404888,
      0.00694242911413312,
      0.006341679487377405,
      0.006277515087276697,
      0.006528888829052448,
      0.00650330726057291,
      0.006532386410981417,
      0.006501239724457264,
      0.006189035717397928,
      0.006360398139804602,
      0.006652056239545345,
      0.005849884357303381,
      0.005898809991776943,
      0.0065384311601519585,
      0.0058651571162045,
      0.0062093897722661495,
      0.0060361591167747974,
      0.005496020428836346,
      0.006097492296248674,
      0.005219487939029932,
      0.005146281328052282,
      0.005454409867525101,
      0.0052909026853740215,
      0.005412553437054157,
      0.005949059966951609,
      0.005283881910145283,
      0.005178214516490698,
      0.005162995774298906,
      0.0059579601511359215,
      0.005691854283213615,
      0.005767226684838533,
      0.005040463991463184,
      0.005397037137299776,
      0.004953987896442413,
      0.004330642521381378,
      0.005087871104478836,
      0.004119259305298328,
      0.005429251119494438,
      0.003585260361433029,
      0.004397744312882423,
      0.003977546934038401,
      0.005076824687421322,
      0.0037340482231229544,
      0.004418121185153723,
      0.003946519456803799,
      0.004896544851362705,
      0.003610588377341628,
      0.0040542022325098515,
      0.0032868124544620514,
      0.003485908731818199,
      0.0038378918543457985,
      0.0037985106464475393,
      0.003671496408060193,
      0.003903084434568882,
      0.003667449578642845,
      0.003847263054922223,
      0.003101317910477519,
      0.0038160388357937336,
      0.004158790223300457,
      0.0038082965184003115,
      0.004084872081875801,
      0.0036597682628780603,
      0.004048333503305912,
      0.0034100241027772427,
      0.0034780018031597137,
      0.003684386145323515,
      0.003120521316304803,
      0.003876805305480957,
      0.0030720471404492855,
      0.0034671120811253786,
      0.003252441296353936,
      0.0027716495096683502,
      0.003143838606774807,
      0.0031407326459884644,
      0.00351244886405766,
      0.003355467226356268,
      0.002963435836136341,
      0.002886934205889702,
      0.00240937783382833,
      0.0029252716340124607,
      0.0029953084886074066,
      0.002912192838266492,
      0.0027924785390496254,
      0.003507972462102771,
      0.0025217263028025627,
      0.0035422658547759056,
      0.002400966128334403,
      0.002907347632572055,
      0.0031893819104880095,
      0.0026530802715569735,
      0.0021420756820589304,
      0.0025645627174526453,
      0.002254154533147812,
      0.0029918199870735407,
      0.002417009323835373,
      0.0027541390154510736,
      0.0031086921226233244,
      0.0027968224603682756,
      0.002810623263940215,
      0.002252186182886362,
      0.0027490018401294947,
      0.0024106441996991634,
      0.0020594829693436623,
      0.002454421017318964,
      0.002755269641056657,
      0.00215399032458663,
      0.002772324485704303,
      0.0027298026252537966,
      0.0024068269412964582,
      0.002452617511153221,
      0.0024009200278669596,
      0.0023509617894887924,
      0.0020510880276560783,
      0.0020005630794912577,
      0.0018525189952924848,
      0.0018396604573354125,
      0.002057699952274561,
      0.0019845953211188316,
      0.0024101620074361563,
      0.0021734044421464205,
      0.002033037832006812,
      0.0020989710465073586,
      0.0017685809871181846,
      0.002004805253818631,
      0.0016666620504111052,
      0.0019143919926136732,
      0.0017019452061504126,
      0.002981350524351001,
      0.00229785218834877,
      0.002669884357601404,
      0.0015577211743220687,
      0.002014084020629525,
      0.0016339330468326807,
      0.0016891383565962315,
      0.0017731852130964398,
      0.001636890578083694,
      0.002241426147520542,
