{
   "number_epochs": 500,
   "info_used": "use imputation",
   "perc_full_data": 0.015,
   "n_epochs_no_selection": 0,
   "Frequency % cutoff": 0.33,
   "hidden_size": 32,
   "random_state": 26,
   "train_errors": [
      0.012620682828128338,
      0.014197263866662979,
      0.011075041256844997,
      0.011876054108142853,
      0.010917744599282742,
      0.010437353514134884,
      0.010639882646501064,
      0.010529088787734509,
      0.010415056720376015,
      0.009738859720528126,
      0.009120767004787922,
      0.008555110543966293,
      0.00894519779831171,
      0.00798036903142929,
      0.007792679127305746,
      0.007801646366715431,
      0.007554573938250542,
      0.007160864304751158,
      0.006512518972158432,
      0.005372465122491121,
      0.005788819398730993,
      0.0047965035773813725,
      0.005264870822429657,
      0.005410174373537302,
      0.004136362578719854,
      0.003857783740386367,
      0.003486183937638998,
      0.0029838834889233112,
      0.003003834281116724,
      0.0030656284652650356,
      0.0022971518337726593,
      0.0026881590019911528,
      0.002740578493103385,
      0.0024175713770091534,
      0.0016484525986015797,
      0.0026704929769039154,
      0.00197250465862453,
      0.001748536480590701,
      0.002511683152988553,
      0.0015270874137058854,
      0.0013367520878091455,
      0.00220114691182971,
      0.0016475907759740949,
      0.0017280523898079991,
      0.0018593876156955957,
      0.0016386813949793577,
      0.0015041617443785071,
      0.0012988680973649025,
      0.0010416418081149459,
      0.0014700776664540172,
      0.0011253885459154844,
      0.0010524747194722295,
      0.0013372047105804086,
      0.001061739749275148,
      0.001158876228146255,
      0.0012429318157956004,
      0.001979030203074217,
      0.0015547560760751367,
      0.0010635762009769678,
      0.0012675219913944602,
      0.0010693792719393969,
      0.0011972422944381833,
      0.0008537752437405288,
      0.0011851979652419686,
      0.001247210195288062,
      0.0009643430239520967,
      0.0007402753108181059,
      0.0011503839632496238,
      0.000793727464042604,
      0.000904207001440227,
      0.0009409161284565926,
      0.000960795150604099,
      0.000754490727558732,
      0.0007092559244483709,
      0.0010120838414877653,
      0.0008560994174331427,
      0.0007678152178414166,
      0.0007296061376109719,
      0.0008987484616227448,
      0.0010517295449972153,
      0.000672860536724329,
      0.0006583126378245652,
      0.000706776394508779,
      0.0006689782603643835,
      0.0008421537349931896,
      0.0007895123562775552,
      0.0007829827954992652,
      0.000583668181207031,
      0.0007212819764390588,
      0.0005265050567686558,
      0.0008550752536393702,
      0.0009327214793302119,
      0.0009289867011830211,
      0.0006992208072915673,
      0.0010084494715556502,
      0.0005953723448328674,
      0.0005747585673816502,
      0.0007023456273600459,
      0.0006020276341587305,
      0.0006161319324746728,
      0.0005380096845328808,
      0.0006454135873354971,
      0.0005713378777727485,
      0.00042476161615923047,
      0.0005723124486394227,
      0.0004780115850735456,
      0.0004576104402076453,
      0.00041623780271038413,
      0.0004288645868655294,
      0.00028032856062054634,
      0.0003248586435802281,
      0.0004455038288142532,
      0.0005732396966777742,
      0.0009617532487027347,
      0.0004362895851954818,
      0.000333670323016122,
      0.0003852359368465841,
      0.0006885314942337573,
      0.0003784306172747165,
      0.00046209702850319445,
      0.00043249462032690644,
      0.0003667097771540284,
      0.0003016865812242031,
      0.0003583559300750494,
      0.00046744279097765684,
      0.00030412411433644593,
      0.0003830957575701177,
      0.0005274733994156122,
      0.00035699058207683265,
      0.000342193670803681,
      0.0003341565898153931,
      0.0003510741807986051,
      0.00037373488885350525,
      0.00036904317676089704,
      0.000292088370770216,
      0.0003118238237220794,
      0.0003635084140114486,
      0.0001793456613086164,
      0.00035004454548470676,
      0.0004169406311120838,
      0.0003192565345671028,
      0.00028117233887314796,
      0.00035507179563865066,
      0.0003381370333954692,
      0.00032722551259212196,
      0.0003433820093050599,
      0.000449363054940477,
      0.000181686642463319,
      0.0002626074419822544,
      0.00030868517933413386,
      0.00019437070295680314,
      0.00036309167626313865,
      0.0002573346719145775,
      0.00024738264619372785,
      0.00027165014762431383,
      0.0002054823999060318,
      0.00025483404169790447,
      0.00021708656277041882,
      0.0004125006962567568,
      0.00033948989585042,
      0.0002379236393608153,
      0.00035328854573890567,
      0.0003800302220042795,
      0.00032413550070486963,
      0.0002323598018847406,
      0.000255115533946082,
      0.00029711431125178933,
      0.0003579425101634115,
      0.0003811443748418242,
      0.00047830361290834844,
      0.00020850931468885392,
      0.0003622293588705361,
      0.0002232966508017853,
      0.0002611778618302196,
      0.0003145406080875546,
      0.00022456332226283848,
      0.0002750241255853325,
      0.0002511916682124138,
      0.00013558479258790612,
      0.00023426150437444448,
      0.00024083294556476176,
      0.00021456113609019667,
      0.00017304673383478075,
      0.00022704119328409433,
      0.00020314069115556777,
      0.00019975024042651057,
      0.0002130756329279393,
      0.00022860201715957373,
      0.00021253716840874404,
      0.00019837055879179388,
      0.00042515620589256287,
      0.0006512791151180863,
      0.0003095427236985415,
      0.00020862107339780778,
      0.00026154660736210644,
      0.00044180508120916784,
      0.00023204126046039164,
      0.0006397851393558085,
      0.00021349286544136703,
      0.0001972690224647522,
      0.00023742616758681834,
      0.00031511601991951466,
      0.000320840539643541,
      0.00019980959768872708,
      0.00030774957849644125,
      0.00021748713334091008,
      0.00021460179414134473,
      0.0001958345528692007,
      0.0001395570725435391,
      0.00018897574045695364,
      0.00027587072690948844,
      0.00024652975844219327,
      0.00029384944355115294,
      0.0001851139822974801,
      0.00013255898375064135,
      0.0001444589433958754,
      0.0001840408513089642,
      0.00015392842760775238,
      0.0001393100683344528,
      0.000235978135606274,
      0.00017024631961248815,
      0.00016598845832049847,
      0.00023566769959870726,
      0.00041641079587861896,
      0.00016066162788774818,
      0.00015970977256074548,
      0.00021435345115605742,
      0.00019507766410242766,
      0.00023257729480974376,
      0.0002053889911621809,
      0.00020650379883591086,
      0.00021245972311589867,
      0.00017335350275970995,
      0.00011348928092047572,
      0.00032045505940914154,
      0.0002881585096474737,
      0.0001452834258088842,
      0.00025619356893002987,
      0.00020048940496053547,
      0.00014294753782451153,
      0.00010320080036763102,
      0.00030022129067219794,
      0.00022908214305061847,
      0.00013364138430915773,
      0.0002610963420011103,
      0.00022691163758281618,
      0.0003716654027812183,
      0.0001173876880784519,
      0.0001977937063202262,
      0.00019728168263100088,
      0.0001489567948738113,
      0.00019097908807452768,
      0.00015483450260944664,
      0.00014233970432542264,
      0.00011175408872077242,
      0.00014688701776321977,
      0.00015715393237769604,
      0.00023067831352818757,
      0.00023891867022030056,
      0.00019856989092659205,
      0.0001542734680697322,
      0.0002337478508707136,
      0.00015759126108605415,
      0.00012632086873054504,
      0.000217871114728041,
      0.00014507348532788455,
      0.00013805978232994676,
