{
   "number_epochs": 500,
   "info_used": "use imputation",
   "perc_full_data": 0.02,
   "n_epochs_no_selection": 0,
   "Frequency % cutoff": 0.33,
   "hidden_size": 32,
   "random_state": 7,
   "train_errors": [
      0.013120030052959919,
      0.011298475787043571,
      0.012262687087059021,
      0.010348851792514324,
      0.009224719367921352,
      0.009928175248205662,
      0.009574961848556995,
      0.009150821715593338,
      0.008724567480385303,
      0.008634968660771847,
      0.008716228418052197,
      0.008650372736155987,
      0.008472081273794174,
      0.008353743702173233,
      0.008342570625245571,
      0.007894488982856274,
      0.00775146484375,
      0.007663561496883631,
      0.007495253346860409,
      0.00749211385846138,
      0.007100979797542095,
      0.007104336284101009,
      0.0069963946007192135,
      0.0067981756292283535,
      0.00677459966391325,
      0.006534737069159746,
      0.006724349223077297,
      0.006035063415765762,
      0.006094915326684713,
      0.006157335359603167,
      0.005570571403950453,
      0.0054428232833743095,
      0.004800745751708746,
      0.0049508558586239815,
      0.004938115831464529,
      0.004469068720936775,
      0.004553420934826136,
      0.00406030286103487,
      0.0037437020801007748,
      0.003360211383551359,
      0.0032879163045436144,
      0.0029271903913468122,
      0.003050490515306592,
      0.0022094084415584803,
      0.0026938205119222403,
      0.002257118932902813,
      0.0017862919485196471,
      0.0020873313769698143,
      0.0025321049615740776,
      0.001978660002350807,
      0.001501720049418509,
      0.0013988310238346457,
      0.0013894413132220507,
      0.0013410680694505572,
      0.0011496084043756127,
      0.0011851972667500377,
      0.0013236014638096094,
      0.0009052270324900746,
      0.0007616171496920288,
      0.0008226977079175413,
      0.0008273824350908399,
      0.0009376754751428962,
      0.0009832028299570084,
      0.0010112945456057787,
      0.0008975662058219314,
      0.0008608165080659091,
      0.0007945855031721294,
      0.0007942867232486606,
      0.0006645738030783832,
      0.0004899832420051098,
      0.0006074511911720037,
      0.0009265031549148262,
      0.00038487641722895205,
      0.0007808649679645896,
      0.0006919084116816521,
      0.0005840441444888711,
      0.0004438973846845329,
      0.0006797226378694177,
      0.0006459454307332635,
      0.0004546760465018451,
      0.0003635646135080606,
      0.0005133345257490873,
      0.00039424505666829646,
      0.0006379761616699398,
      0.0005191862001083791,
      0.0007548575522378087,
      0.0005080187111161649,
      0.00042243051575496793,
      0.000670204870402813,
      0.0005717428284697235,
      0.0004351871903054416,
      0.0004920043284073472,
      0.0005198252620175481,
      0.0005524446023628116,
      0.00045496164239011705,
      0.0003333229396957904,
      0.0006584717193618417,
      0.0005406867130659521,
      0.00042874517384916544,
      0.0003888991486746818,
      0.00032050206209532917,
      0.0004741532320622355,
      0.00042139628203585744,
      0.00043605011887848377,
      0.0002529728226363659,
      0.0003957031003665179,
      0.00027996700373478234,
      0.0002870077732950449,
      0.0003582456265576184,
      0.0005099588306620717,
      0.00029069327865727246,
      0.00039963668677955866,
      0.00035051110899075866,
      0.0002821944945026189,
      0.00045815089833922684,
      0.000503151910379529,
      0.000419770076405257,
      0.00034460658207535744,
      0.00030821890686638653,
      0.0005735800950787961,
      0.00029041344532743096,
      0.00010902727808570489,
      0.0003182556829415262,
      0.0003080374444834888,
      0.0003342612471897155,
      0.00033602313487790525,
      0.00029166662716306746,
      0.0002781765360850841,
      0.0003863079473376274,
      0.0003956636937800795,
      0.00033711374271661043,
      0.0005136695108376443,
      0.0002248554228572175,
      0.0002972320362459868,
      0.000398471747757867,
      0.00035457167541608214,
      0.0003256952331867069,
      0.0002635429846122861,
      0.0003660040383692831,
      0.0002709807304199785,
      0.0002599086728878319,
      0.00022249793983064592,
      0.00032533565536141396,
      0.0002432409964967519,
      0.0003962813352700323,
      0.0001879893970908597,
      0.0004805458302143961,
      0.00046134251169860363,
      0.00026794386212714016,
      0.00030476931715384126,
      0.0004250498895999044,
      0.0004034486773889512,
      0.0004227946337778121,
      0.00029239471768960357,
      0.0002862225519493222,
      0.0002991610672324896,
      0.0003503620100673288,
      0.0004580042150337249,
      0.000356318341800943,
      0.00025390321388840675,
      0.0002897005178965628,
      0.00030361389508470893,
      0.00017152349755633622,
      0.00023055866768117994,
      0.0004520821967162192,
      0.0003188266418874264,
      0.00030416258960030973,
      0.0002476726658642292,
      0.00028347776969894767,
      0.00039597845170646906,
      0.0002744314551819116,
      0.00039600086165592074,
      0.000245384726440534,
      0.000299651175737381,
      0.0002927390451077372,
      0.0003692126483656466,
      0.0004263487062416971,
      0.0002618111320771277,
      0.00031709892209619284,
      0.0003920729213859886,
      0.00026914020418189466,
      0.0002844364498741925,
      0.0004083680687472224,
      0.00047494174214079976,
      0.0002802644739858806,
      0.0003728025476448238,
      0.0002941254642792046,
      0.0002962678554467857,
      0.0003112462582066655,
      0.00025650026509538293,
      0.0001905137614812702,
      0.00038958885124884546,
      0.0002935203956440091,
      0.00026882337988354266,
      0.0003260320227127522,
      0.0003994524013251066,
      0.00019993045134469867,
      0.0002120057470165193,
      0.00043426273623481393,
      0.00021955747797619551,
      0.0003707394644152373,
      0.00034639693330973387,
      0.00030233440338633955,
      0.00044297915883362293,
      0.00022054176952224225,
      0.0001940065558301285,
      0.00028939885669387877,
      0.0002125526370946318,
      0.0005079258698970079,
      0.0002860586973838508,
      0.00014497905794996768,
      0.0002994691312778741,
      0.00019898766186088324,
      0.0003605870879255235,
      0.00037824842729605734,
      0.0003007063642144203,
      0.00014248672232497483,
      0.0002044050197582692,
      0.000275730766588822,
      0.00021675083553418517,
      0.0002591304946690798,
      0.00025538401678204536,
      0.00017267865769099444,
      0.0002500987611711025,
      0.00032131472835317254,
      0.0002421029203105718,
      0.00040335915400646627,
      0.00038755900459364057,
      0.0004270812787581235,
      0.00036042268038727343,
      0.00023121145204640925,
      0.0002526643802411854,
      0.00036649993853643537,
      0.0002636126009747386,
      0.0006635494064539671,
      0.0002723743091337383,
      0.0005931068444624543,
      0.00034044747008010745,
      0.0007061807555146515,
      0.00027436469099484384,
      0.00036282106884755194,
      0.0002461062395013869,
      0.00037935381988063455,
      0.00036782980896532536,
      0.0003404365561436862,
      0.000280614331131801,
      0.0002288640389451757,
      0.00027412307099439204,
      0.0003701834357343614,
      0.00028036534786224365,
      0.00032905704574659467,
      0.0002689271350391209,
      0.0002379061043029651,
      0.00023013443569652736,
      0.0002869435411412269,
      0.0002151165099348873,
      0.0001603247073944658,
      0.00011244072811678052,
      0.0003008116618730128,
      0.00017981755081564188,
      0.00037550125853158534,
      0.00021723195095546544,
      0.00025337605620734394,
      0.0002809728612191975,
      0.00023929333838168532,
      0.00017604274034965783,
      0.0003337263478897512,
