{
   "number_epochs": 500,
   "info_used": "use imputation",
   "perc_full_data": 0.03,
   "n_epochs_no_selection": 0,
   "Frequency % cutoff": 0.33,
   "hidden_size": 32,
   "random_state": 3,
   "train_errors": [
      0.014284888282418251,
      0.01323611568659544,
      0.011910062283277512,
      0.011026037856936455,
      0.010736295953392982,
      0.009722508490085602,
      0.009298713877797127,
      0.008640546351671219,
      0.008573390543460846,
      0.008071388117969036,
      0.007502096705138683,
      0.00718005932867527,
      0.006870610639452934,
      0.005845014937222004,
      0.00475716358050704,
      0.0044885724782943726,
      0.0038295097183436155,
      0.004076709039509296,
      0.002856331178918481,
      0.0025674414355307817,
      0.0019249102333560586,
      0.001947435550391674,
      0.001710306154564023,
      0.0017520398832857609,
      0.0017910134047269821,
      0.0017106484156101942,
      0.0011622682213783264,
      0.0012259817449375987,
      0.0018023665761575103,
      0.0016036669258028269,
      0.0015756209613755345,
      0.0015106108039617538,
      0.0011363114463165402,
      0.0015584256034344435,
      0.0008529027691110969,
      0.0007822975749149919,
      0.0010926115792244673,
      0.00191315240226686,
      0.0010851721744984388,
      0.0012237263144925237,
      0.0014149475609883666,
      0.0010748070199042559,
      0.0011102226562798023,
      0.0010631076293066144,
      0.0013272820506244898,
      0.0014518932439386845,
      0.0010721090948209167,
      0.0009784480789676309,
      0.0009009392815642059,
      0.0009732406469993293,
      0.0010051964782178402,
      0.0009065641206689179,
      0.0010655965888872743,
      0.0008728047250770032,
      0.0009411431383341551,
      0.0008599736029282212,
      0.0009178570471704006,
      0.0008123160805553198,
      0.0010360319865867496,
      0.0011684385826811194,
      0.0011369355488568544,
      0.0006198487826623023,
      0.0007835972937755287,
      0.0006985841901041567,
      0.0009212891454808414,
      0.0009566801018081605,
      0.0006589281256310642,
      0.0007537156343460083,
      0.0006900465814396739,
      0.0008210223750211298,
      0.0008521089912392199,
      0.0007232960779219866,
      0.0010872427374124527,
      0.0008085392764769495,
      0.0008910453179851174,
      0.000688735512085259,
      0.000789222598541528,
      0.0007540444494225085,
      0.0008430657908320427,
      0.0006978176534175873,
      0.0006250739097595215,
      0.0007432055426761508,
      0.0007051723077893257,
      0.00043449390796013176,
      0.0006403524894267321,
      0.0005762091022916138,
      0.0007876085001043975,
      0.000853429373819381,
      0.0006330023752525449,
      0.0008539503905922174,
      0.0008028654265217483,
      0.0006772744818590581,
      0.0006544535863213241,
      0.0007633977220393717,
      0.0005302340723574162,
      0.0003567180538084358,
      0.0005487847956828773,
      0.0005987428594380617,
      0.0006677617784589529,
      0.0008428822620771825,
      0.0005354089080356061,
      0.0007323416648432612,
      0.0005769377457909286,
      0.0006545191863551736,
      0.0006131331901997328,
      0.0007914513116702437,
      0.0006834686500951648,
      0.0004766747006215155,
      0.0007921986398287117,
      0.00047150198952294886,
      0.0005080141127109528,
      0.0005811338196508586,
      0.00043433732935227454,
      0.0004816098662558943,
      0.000582168810069561,
      0.0005382060189731419,
      0.0006806270685046911,
      0.000472704297862947,
      0.000574448611587286,
      0.0004554751212708652,
      0.0005330512649379671,
      0.0006195007008500397,
      0.0005430629826150835,
      0.0005417147767730057,
      0.0005246946238912642,
      0.0004787905781995505,
      0.0005827830173075199,
      0.0004219513793941587,
      0.0005628396174870431,
      0.0005573229864239693,
      0.0005423282855190337,
      0.0005081517738290131,
      0.0005137757980264723,
      0.0004418588359840214,
      0.0006203153752721846,
      0.0008396916091442108,
      0.0005627066711895168,
      0.000444027129560709,
      0.0005667636287398636,
      0.00046087318332865834,
      0.0004918322083540261,
      0.0003721105167642236,
      0.0004583648988045752,
      0.000666144595015794,
      0.000437463924754411,
      0.0004497725167311728,
      0.0004973261966370046,
      0.00043992482824251056,
      0.000670345441903919,
      0.0005577371339313686,
      0.00022375558910425752,
      0.0005292090936563909,
      0.0002997748670168221,
      0.00041657613473944366,
      0.000464759417809546,
      0.00046721051330678165,
      0.00044353396515361965,
      0.00046641213702969253,
      0.0008198864525184035,
      0.0005143083399161696,
      0.00043457531137391925,
      0.00038597238017246127,
      0.00047821164480410516,
      0.000768959173001349,
      0.0004457749309949577,
      0.00045119310379959643,
      0.00043988428660668433,
      0.0001858348841778934,
      0.0002576589467935264,
      0.000802104186732322,
      0.0005197798600420356,
      0.0005018427036702633,
      0.0004019100160803646,
      0.0004310329968575388,
      0.0005585605395026505,
      0.0005743630463257432,
      0.0005920861731283367,
      0.0004180826072115451,
      0.0004656090459320694,
      0.0005443663685582578,
      0.00040159234777092934,
      0.0005283583886921406,
      0.0004674862721003592,
      0.0005117292748764157,
      0.00048445170978084207,
      0.0007657023379579186,
      0.00032511629979126155,
      0.000647645560093224,
      0.00044114061165601015,
      0.0004980867379345,
      0.00024006501189433038,
      0.0006680769729427993,
      0.0005924375145696104,
      0.0004357094003353268,
      0.000540238106623292,
      0.0003031389496754855,
      0.00041064273682422936,
      0.0004083644598722458,
      0.0006104465574026108,
      0.0005228830268606544,
      0.0004829679674003273,
      0.0004634230281226337,
      0.00041454905294813216,
      0.000495007261633873,
      0.0005545452004298568,
      0.0005249974201433361,
      0.000514764862600714,
      0.00044562676339410245,
      0.0005119243287481368,
      0.00027094027609564364,
      0.00044554073247127235,
      0.0006805700249969959,
      0.0005916679510846734,
      0.0004334836849011481,
      0.00037595920730382204,
      0.0003766278678085655,
      0.0005702835042029619,
      0.00045377464266493917,
      0.0004659835249185562,
      0.0002631685056257993,
      0.0004829997487831861,
      0.0005351391737349331,
      0.00041589621105231345,
      0.00062476348830387,
      0.0006665592663921416,
      0.0005588571657426655,
      0.0004726214974652976,
      0.0004603340639732778,
      0.000779122463427484,
      0.00047431615530513227,
      0.0003620202769525349,
      0.0003103165654465556,
      0.0002502815914340317,
      0.0004955427721142769,
      0.000435185938840732,
      0.00042790622683241963,
      0.0004933357704430819,
      0.0004153276386205107,
      0.0005707614473067224,
      0.0006012099329382181,
      0.0005274577997624874,
      0.00046674549230374396,
      0.0005326097598299384,
      0.0004173982597421855,
      0.0004906989634037018,
      0.0002985012251883745,
      0.0005045070429332554,
      0.000371960224583745,
      0.00045369876897893846,
      0.0006977627635933459,
      0.0007732510566711426,
      0.0004795919230673462,
      0.0005742096691392362,
      0.00046508325613103807,
      0.00048020193935371935,
      0.0005311186541803181,
      0.0006761002005077899,
      0.0004800992028322071,
      0.0005959263071417809,
      0.0006031306693330407,
      0.00039263934013433754,
      0.0004354356788098812,
      0.0002449026214890182,
      0.0004006926901638508,
      0.00043478835141286254,
      0.0004989406443201005,
      0.00045314119779504836,
      0.00043374692904762924,
