{
   "number_epochs": 500,
   "info_used": "use imputation",
   "perc_full_data": 0.015,
   "n_epochs_no_selection": 0,
   "Frequency % cutoff": 0.33,
   "hidden_size": 32,
   "random_state": 5,
   "train_errors": [
      0.16046391427516937,
      0.09842319786548615,
      0.054669637233018875,
      0.026642724871635437,
      0.014091204851865768,
      0.015655439347028732,
      0.022427279502153397,
      0.027271315455436707,
      0.022488661110401154,
      0.018127689138054848,
      0.01434192806482315,
      0.012623414397239685,
      0.012183473445475101,
      0.011931200511753559,
      0.012909225188195705,
      0.012484164908528328,
      0.012290886603295803,
      0.012007961049675941,
      0.0114029785618186,
      0.011327248066663742,
      0.01149681769311428,
      0.011363215744495392,
      0.011271528899669647,
      0.012041873298585415,
      0.011947952210903168,
      0.010526157915592194,
      0.01097495574504137,
      0.01048034243285656,
      0.010461683385074139,
      0.010466190986335278,
      0.010366645641624928,
      0.009671533480286598,
      0.010028112679719925,
      0.010033654049038887,
      0.010871323756873608,
      0.010216276161372662,
      0.009684043936431408,
      0.009943652898073196,
      0.009794612415134907,
      0.009708540514111519,
      0.009596049785614014,
      0.009912065230309963,
      0.009218529798090458,
      0.009287044405937195,
      0.00911853276193142,
      0.008916626684367657,
      0.008953612297773361,
      0.008841929025948048,
      0.008724894374608994,
      0.009134668856859207,
      0.008485092781484127,
      0.008229165337979794,
      0.008222537115216255,
      0.007947000674903393,
      0.0077209449373185635,
      0.007759605068713427,
      0.0077500552870333195,
      0.0074123963713645935,
      0.007512727286666632,
      0.007199151441454887,
      0.007197786122560501,
      0.006729871965944767,
      0.007041628472507,
      0.006669904105365276,
      0.006490685045719147,
      0.00634626904502511,
      0.005991379730403423,
      0.005114036612212658,
      0.005995911546051502,
      0.005526972934603691,
      0.005140838213264942,
      0.004394561517983675,
      0.005251465830951929,
      0.004447643645107746,
      0.004205010365694761,
      0.004657760728150606,
      0.0042574587278068066,
      0.004193178843706846,
      0.003195476718246937,
      0.0026835191529244184,
      0.002695046365261078,
      0.0022723108995705843,
      0.002634855918586254,
      0.0020941602997481823,
      0.001764701446518302,
      0.001721380278468132,
      0.002418211195617914,
      0.00179283379111439,
      0.0016182976542040706,
      0.0016615629428997636,
      0.0015998717863112688,
      0.002108312677592039,
      0.0017277300357818604,
      0.0012144241482019424,
      0.0013967890990898013,
      0.0008935392834246159,
      0.0012623340589925647,
      0.0010061342036351562,
      0.0010565927950665355,
      0.0010272962972521782,
      0.0009811300551518798,
      0.0012300971429795027,
      0.0011352722067385912,
      0.000891392002813518,
      0.0007638893439434469,
      0.0014494787901639938,
      0.0008837314089760184,
      0.0010680611012503505,
      0.0011595822870731354,
      0.0008270411053672433,
      0.0009271674789488316,
      0.0008481855620630085,
      0.0011262812186032534,
      0.0005321928765624762,
      0.0010233891662210226,
      0.0007539562066085637,
      0.0005466271541081369,
      0.0006588548421859741,
      0.0005536965909413993,
      0.0007058492046780884,
      0.0006727713625878096,
      0.0006721308454871178,
      0.000693369482178241,
      0.0008275540894828737,
      0.0007210893672890961,
      0.00049877620767802,
      0.0008054548525251448,
      0.000683762424159795,
      0.0005955887609161437,
      0.0006285712006501853,
      0.0005132497753947973,
      0.000623790081590414,
      0.0005814558826386929,
      0.000516357074957341,
      0.0006750791217200458,
      0.0005982809234410524,
      0.0005756147438660264,
      0.0009670155704952776,
      0.0005619084113277495,
      0.0005336448084563017,
      0.0004300519940443337,
      0.0005136290565133095,
      0.0008510963525623083,
      0.0006014775717630982,
      0.0006190557032823563,
      0.0005406903219409287,
      0.0005794690805487335,
      0.0005249411915428936,
      0.0005395738407969475,
      0.0006588505930267274,
      0.0004794966080226004,
      0.00039293794543482363,
      0.0004228583420626819,
      0.00047975173220038414,
      0.0005153777310624719,
      0.0005821340600959957,
      0.0005320331547409296,
      0.00028351694345474243,
      0.0002721819037105888,
      0.0005485383444465697,
      0.00026552638155408204,
      0.00041567845619283617,
      0.00039400404784828424,
      0.000583527609705925,
      0.0005518205580301583,
      0.0005095107480883598,
      0.0004995600902475417,
      0.0005263747880235314,
      0.0004772530810441822,
      0.0005853355978615582,
      0.00036241550697013736,
      0.0005447478033602238,
      0.00037836338742636144,
      0.00032400627969764173,
      0.00043591292342171073,
      0.0002078625257126987,
      0.00033679278567433357,
      0.00029666133923456073,
      0.0004431401321198791,
      0.00033971871016547084,
      0.0002630296512506902,
      0.0005506605957634747,
      0.00035652879159897566,
      0.00034030809183605015,
      0.00042489406769163907,
      0.0004266579635441303,
      0.00022033853747416288,
      0.0005249968962743878,
      0.0003639369097072631,
      0.0003703249676618725,
      0.0006848975899629295,
      0.00032900142832659185,
      0.00023551037884317338,
      0.00032071961322799325,
      0.00033935115789063275,
      0.0003487055073492229,
      0.0003762200940400362,
      0.0003919740265700966,
      0.0003612990549299866,
      0.0005160885048098862,
      0.00038799739559181035,
      0.00040003497269935906,
      0.00044008539407514036,
      0.00028153994935564697,
      0.0004535063053481281,
      0.0002583540917839855,
      0.00027567651704885066,
      0.0003904935729224235,
      0.00031743940780870616,
      0.00027685181703418493,
      0.0004680501006077975,
      0.0002739081683102995,
      0.0003270403540227562,
      0.00047974041081033647,
      0.00034180781221948564,
      0.0003065009950660169,
      0.00032264378387480974,
      0.0003054529952351004,
      0.0003120448673143983,
      0.00027704614331014454,
      0.000270663556875661,
      0.00028008376830257475,
      0.00042010113247670233,
      0.00039311600266955793,
      0.0003173637087456882,
      0.00040999986231327057,
      0.00028261999250389636,
      0.0003988518437836319,
      0.00022662576520815492,
      0.0002174757537432015,
      0.0003701036621350795,
      0.0005160931614227593,
      0.0002781412622425705,
      0.00025188777362927794,
      0.00029129956965334713,
      0.0004170811444055289,
      0.0003105459036305547,
      0.00023658842837903649,
      0.00035934915649704635,
      0.00022986852854955941,
      0.0006627824041061103,
      0.00038553524063900113,
      0.0002663298510015011,
      0.0004730964719783515,
      0.00026347223320044577,
      0.0002422939141979441,
      0.0002748427796177566,
      0.0003367577155586332,
      0.0002544985036365688,
      0.0002701726625673473,
      0.00032627160544507205,
      0.00034824261092580855,
      0.00032906653359532356,
      0.0004549477016553283,
      0.00027279581991024315,
      0.0002142711018677801,
      0.0003128385287709534,
      0.00017674540868028998,
      0.00023711487301625311,
      0.0001882896467577666,
      0.0004909326671622694,
      0.0004409810353536159,
      0.00023586489260196686,
      0.0002943267463706434,
      0.0003038880822714418,
      0.0002364491083426401,
      0.00021569833916146308,
      0.00015826321032363921,
      0.0004024718946311623,
      0.000336559081915766,
