{
   "number_epochs": 500,
   "info_used": "use imputation",
   "perc_full_data": 0.03,
   "n_epochs_no_selection": 0,
   "Frequency % cutoff": 0.33,
   "hidden_size": 32,
   "random_state": 16,
   "train_errors": [
      0.05238548666238785,
      0.02346126362681389,
      0.010383578017354012,
      0.01574116386473179,
      0.018346702679991722,
      0.015654316172003746,
      0.011088196188211441,
      0.009698458947241306,
      0.009859639219939709,
      0.010749050416052341,
      0.01065807044506073,
      0.010310158133506775,
      0.009716448374092579,
      0.008975478820502758,
      0.00923896674066782,
      0.008765652775764465,
      0.009078294970095158,
      0.008852730505168438,
      0.008545635268092155,
      0.00786560121923685,
      0.007476477883756161,
      0.007530997507274151,
      0.007895679213106632,
      0.007435764651745558,
      0.006969307083636522,
      0.007226564455777407,
      0.007047864142805338,
      0.006459267809987068,
      0.006544635631144047,
      0.006391255650669336,
      0.00620327377691865,
      0.005645517725497484,
      0.006218224763870239,
      0.006204174365848303,
      0.005774994380772114,
      0.005141406320035458,
      0.004865678958594799,
      0.0049619353376328945,
      0.0041346983052790165,
      0.0043673464097082615,
      0.00369415245950222,
      0.0033465551678091288,
      0.00442200293764472,
      0.0032765206415206194,
      0.0026666803751140833,
      0.003056773915886879,
      0.003014432732015848,
      0.0022185049019753933,
      0.0028365333564579487,
      0.002372696064412594,
      0.002650060225278139,
      0.002263063797727227,
      0.002424979582428932,
      0.0019606645219027996,
      0.002704671351239085,
      0.0015283008106052876,
      0.0015291625168174505,
      0.00160129030700773,
      0.001791838207282126,
      0.0016755101969465613,
      0.0024060781579464674,
      0.0016288473270833492,
      0.0016361996531486511,
      0.001926580211147666,
      0.002057359553873539,
      0.0016593121690675616,
      0.0017982047284021974,
      0.001515051582828164,
      0.0015018837293609977,
      0.001582577358931303,
      0.002303854562342167,
      0.0011709327809512615,
      0.0017889244481921196,
      0.0020054227206856012,
      0.00132705457508564,
      0.0014987378381192684,
      0.0012945439666509628,
      0.001045600394718349,
      0.0009979588212445378,
      0.001406827475875616,
      0.0015358603559434414,
      0.0015344464918598533,
      0.001513842144049704,
      0.0011099871480837464,
      0.0011454939376562834,
      0.0009185000089928508,
      0.00154446333181113,
      0.0010799022857099771,
      0.0019493789877742529,
      0.0009232359007000923,
      0.0008962416322901845,
      0.0015051935333758593,
      0.0011810797732323408,
      0.0009948564693331718,
      0.001028752070851624,
      0.0011162591399624944,
      0.0012108493829146028,
      0.0010975757613778114,
      0.0009095640853047371,
      0.0009352365741506219,
      0.0010518168564885855,
      0.0008721547783352435,
      0.0008051285403780639,
      0.0010673386277630925,
      0.0011448650620877743,
      0.001105327159166336,
      0.0008297195308841765,
      0.0009328844025731087,
      0.0007891100249253213,
      0.0009618144831620157,
      0.0009476260747760534,
      0.001402366440743208,
      0.000780855945777148,
      0.00089192611631006,
      0.0007027011597529054,
      0.0010473536094650626,
      0.0008619743748567998,
      0.0008036604267545044,
      0.0007858445169404149,
      0.0007446347735822201,
      0.0006679978687316179,
      0.0006470370572060347,
      0.0009323483100160956,
      0.0005429093143902719,
      0.0005180477164685726,
      0.00149801024235785,
      0.0007703943410888314,
      0.0011478349333629012,
      0.0008837735513225198,
      0.0006381053826771677,
      0.000806259224191308,
      0.0007662540883757174,
      0.000533141428604722,
      0.0006364831933751702,
      0.0004823197377845645,
      0.0005690680118277669,
      0.000778374494984746,
      0.0006247697165235877,
      0.0005681767361238599,
      0.0006873076781630516,
      0.0007576278294436634,
      0.0005062914569862187,
      0.0006055575213395059,
      0.0007156821084208786,
      0.0006848479388281703,
      0.0009157630265690386,
      0.0006728477892465889,
      0.0006036803242750466,
      0.0004534075560513884,
      0.0004793702100869268,
      0.0005368658457882702,
      0.0005309376865625381,
      0.0005557822296395898,
      0.0005766699323430657,
      0.0006536399014294147,
      0.00041568567394278944,
      0.0006026736809872091,
      0.00034166694968007505,
      0.0005790828727185726,
      0.00044285872718319297,
      0.0006170276319608092,
      0.0005429425509646535,
      0.0006646646070294082,
      0.0006402770522981882,
      0.0005609479267150164,
      0.0004111065063625574,
      0.0004696525284089148,
      0.0004973702016286552,
      0.0010794406989589334,
      0.0004510164144448936,
      0.00043466687202453613,
      0.00042471903725527227,
      0.0005322176730260253,
      0.0005528436158783734,
      0.0005038193194195628,
      0.0009422876173630357,
      0.00048601048183627427,
      0.0004046899266541004,
      0.0005665401113219559,
      0.0004157760995440185,
      0.0005246647633612156,
      0.0004872853751294315,
      0.0003539970493875444,
      0.0005587213090620935,
      0.00045175658306106925,
      0.0005306605598889291,
      0.0003904637123923749,
      0.0003655424225144088,
      0.00036455533700063825,
      0.00039818882942199707,
      0.0004380479222163558,
      0.0004265099996700883,
      0.0006321590626612306,
      0.0013646362349390984,
      0.0004715362738352269,
      0.00047120306408032775,
      0.0004696374817285687,
      0.000394121918361634,
      0.0005678301677107811,
      0.00037845183396711946,
      0.00036077367258258164,
      0.000420441065216437,
      0.0003841748693957925,
      0.00046474431292153895,
      0.0003608851693570614,
      0.0004892642027698457,
      0.0003642202354967594,
      0.00027252701693214476,
      0.0003071051905862987,
      0.00028010562527924776,
      0.0005064102006144822,
      0.000408177322242409,
      0.00044443673687055707,
      0.0003485553606878966,
      0.0003659829089883715,
      0.0003003739402629435,
      0.0003914531844202429,
      0.0005783740198239684,
      0.0002962457947432995,
      0.0003237529599573463,
      0.0004069162823725492,
      0.00041335407877340913,
      0.0009680696530267596,
      0.0005884920828975737,
      0.0003560616460163146,
      0.00040091396658681333,
      0.00025658446247689426,
      0.0003848120686598122,
      0.0005232570692896843,
      0.0003722484689205885,
      0.0003934286651201546,
      0.00031942324130795896,
      0.0002879932289943099,
      0.0002985599567182362,
      0.00038791034603491426,
      0.00038772643893025815,
      0.0003513419651426375,
      0.00030996790155768394,
      0.00036251882556825876,
      0.0002928718749899417,
      0.0003562937490642071,
      0.00045679666800424457,
      0.0002781552611850202,
      0.0002932005445472896,
      0.000328905152855441,
      0.0003692838072311133,
      0.00029700464801862836,
      0.0003419419808778912,
      0.0003874300164170563,
      0.0002926209708675742,
      0.0003076655848417431,
      0.00022787968919146806,
      0.00033408659510314465,
      0.00031122256768867373,
      0.00016370927914977074,
      0.00028708355966955423,
      0.00029272327083162963,
      0.0002867915609385818,
      0.00037940748734399676,
      0.00027794961351901293,
      0.00043419477879069746,
      0.0002909388567786664,
      0.0006679859361611307,
      0.0003399377455934882,
      0.00025186242419295013,
      0.00030159225570969284,
      0.0002985865867231041,
      0.00031488839886151254,
      0.00027770368615165353,
