{
   "number_epochs": 500,
   "info_used": "use imputation",
   "perc_full_data": 0.02,
   "n_epochs_no_selection": 0,
   "Frequency % cutoff": 0.33,
   "hidden_size": 32,
   "random_state": 10,
   "train_errors": [
      0.02726951241493225,
      0.011027962900698185,
      0.015014935284852982,
      0.017675025388598442,
      0.014621105045080185,
      0.010030274279415607,
      0.0097176069393754,
      0.01046111062169075,
      0.010794857516884804,
      0.009714516811072826,
      0.009172759018838406,
      0.008505415171384811,
      0.008868779055774212,
      0.008796018548309803,
      0.008423559367656708,
      0.006882614456117153,
      0.006632733624428511,
      0.006018797401338816,
      0.006218130700290203,
      0.00599315669387579,
      0.005410695448517799,
      0.004884195979684591,
      0.004175744950771332,
      0.004173046909272671,
      0.0028277537785470486,
      0.0027476027607917786,
      0.0025375240948051214,
      0.0022609480656683445,
      0.0025314711965620518,
      0.0017273597186431289,
      0.00216109910979867,
      0.0014713875716552138,
      0.001330332481302321,
      0.0012624688679352403,
      0.0013341946760192513,
      0.0017282703192904592,
      0.0012453802628442645,
      0.0011111677158623934,
      0.001478684600442648,
      0.0011583445593714714,
      0.0008187002968043089,
      0.0008369917632080615,
      0.001082954346202314,
      0.0010049249976873398,
      0.0006908370414748788,
      0.0009459436405450106,
      0.0007614994538016617,
      0.0009630392887629569,
      0.000821264460682869,
      0.000736926042009145,
      0.0009937575086951256,
      0.000924872059840709,
      0.0009352349443361163,
      0.0009438357083126903,
      0.0006528830272145569,
      0.0009074055124074221,
      0.0008337566396221519,
      0.0006046685739420354,
      0.000996558926999569,
      0.0008473018533550203,
      0.0005622329190373421,
      0.0006828033947385848,
      0.0006444694008678198,
      0.0006119534955359995,
      0.0006317149964161217,
      0.0005472946795634925,
      0.0009503554902039468,
      0.0007938536000438035,
      0.001192812342196703,
      0.0005318393814377487,
      0.0005694288993254304,
      0.0010249040788039565,
      0.0007067856495268643,
      0.000624464126303792,
      0.0006204072269611061,
      0.0006049614166840911,
      0.0003725888964254409,
      0.000599165796302259,
      0.0005053782369941473,
      0.00047457520850002766,
      0.000515508174430579,
      0.0007509707356803119,
      0.0005081979325041175,
      0.0004269576456863433,
      0.0004456312453839928,
      0.000430405285442248,
      0.0005300979828462005,
      0.000387342442991212,
      0.0005110269994474947,
      0.0003572218702174723,
      0.0005154581158421934,
      0.00047216922393999994,
      0.0005116128595545888,
      0.0004918036866001785,
      0.0003454030374996364,
      0.0005558806587941945,
      0.0003690358134917915,
      0.00034947574022226036,
      0.0004132356261834502,
      0.0006435885443352163,
      0.00042293351725675166,
      0.00045047776075080037,
      0.00033476989483460784,
      0.0005678592715412378,
      0.0004028546973131597,
      0.0004539408255368471,
      0.0004021286149509251,
      0.0005922787822782993,
      0.0002950929047074169,
      0.0003911371750291437,
      0.00033596594585105777,
      0.0004212583298794925,
      0.00040058587910607457,
      0.00037937023444101214,
      0.00035604313598014414,
      0.0003394433297216892,
      0.0005026452126912773,
      0.0003682565875351429,
      0.0003663477546069771,
      0.0004544629773590714,
      0.00032670021755620837,
      0.0002573015517555177,
      0.00041916087502613664,
      0.00031051176483742893,
      0.00028910869150422513,
      0.00031794433016330004,
      0.0002625314809847623,
      0.00028274906799197197,
      0.00042028442840091884,
      0.0003712541947606951,
      0.0004604883142746985,
      0.0003171242424286902,
      0.00023126252926886082,
      0.00029384606750681996,
      0.0005649029044434428,
      0.0002165530895581469,
      0.00021230350830592215,
      0.0003022956952918321,
      0.00027392423362471163,
      0.00024446414317935705,
      0.00026540589169599116,
      0.00022023203200660646,
      0.00033142109168693423,
      0.00033656819141469896,
      0.0002019846870098263,
      0.00021251618454698473,
      0.00037768256152048707,
      0.0001859411713667214,
      0.00022504423395730555,
      0.00017661749734543264,
      0.00028253704658709466,
      0.0002497464884072542,
      0.00015830258780624717,
      0.0003268041764385998,
      0.0002690620895009488,
      0.00032320068567059934,
      0.0003104946226812899,
      0.00015209212142508477,
      0.0003885827900376171,
      0.0002025944268098101,
      0.00021413595823105425,
      0.00018331223691347986,
      0.00018464430468156934,
      0.00015453450032509863,
      0.00020372463040985167,
      0.00018578110029920936,
      0.00017834213213063776,
      0.00026435713516548276,
      0.0002003918489208445,
      0.00017296230362262577,
      0.00019830376550089568,
      0.0001586155703989789,
      0.00017941823170986027,
      0.0002085551677737385,
      0.00019617495127022266,
      0.0002204340125899762,
      0.00015323684783652425,
      0.00017955391376744956,
      0.00014842895325273275,
      0.00019407641957513988,
      0.00023565199808217585,
      0.00020428583957254887,
      0.00018520238518249243,
      0.00034701958065852523,
      0.0001770130911609158,
      0.00018876639660447836,
      0.00016016692097764462,
      0.00019352702656760812,
      0.00019227986922487617,
      0.00012824007717426866,
      0.00021815196669194847,
      0.0001643362338654697,
      0.00016005597717594355,
      0.00019205620628781617,
      0.00020463262626435608,
      0.00014098799147177488,
      0.0002368539135204628,
      0.00017365452367812395,
      0.00023557859822176397,
      0.00016509293345734477,
      0.000173983265995048,
      0.0002850907912943512,
      0.0002702869242057204,
      0.0001832407433539629,
      0.00018191648996435106,
      0.00022773168166168034,
      0.00013722346920985729,
      0.00035651528742164373,
      0.00010008747631218284,
      0.00021427887259051204,
      0.00014159372949507087,
      0.00014079223910812289,
      0.000167913778568618,
      0.0001435735757695511,
      0.00012019689165754244,
      0.00012209636042825878,
      0.0001454777957405895,
      0.00016382751346100122,
      0.00014062676928006113,
      0.000176490968442522,
      0.00016147925634868443,
      0.00012953080295119435,
      0.00017186967306770384,
      0.00018787090084515512,
      0.00019535653700586408,
      0.00031942687928676605,
      0.00018791586626321077,
      0.0002137388801202178,
      0.00011843421816593036,
      0.00013995482004247606,
      0.00041747523937374353,
      0.00012137745943618938,
      0.0001603972923476249,
      0.00012483328464441001,
      0.00012102322943974286,
      0.00030013741343282163,
      0.00014259859744925052,
      0.00017382466467097402,
      0.00017161307914648205,
      0.00018947524949908257,
      0.00013775707338936627,
      0.00019363565661478788,
      0.00014048216689843684,
      0.00013590106391347945,
      0.00017500942340120673,
      0.00011371638538548723,
      0.0001185707951663062,
      0.00021907304471824318,
      0.00013940459757577628,
      0.00011134552914882079,
      0.00013115597539581358,
      0.00014339774497784674,
      0.00017282554472330958,
      0.00012198984040878713,
      0.00014847748389001936,
      0.000208913188544102,
      0.00020652812963817269,
      0.00012279945076443255,
      0.00011279773752903566,
      0.00014996757090557367,
      0.0001534732582513243,
      0.00017507978191133589,
      0.00014414357428904623,
      0.00014170455688145012,
      9.674565080786124e-05,
