{
   "number_epochs": 500,
   "info_used": "use imputation",
   "perc_full_data": 0.015,
   "n_epochs_no_selection": 0,
   "Frequency % cutoff": 0.33,
   "hidden_size": 32,
   "random_state": 42,
   "train_errors": [
      0.015220675617456436,
      0.01463062409311533,
      0.015011700801551342,
      0.014601567760109901,
      0.013635018840432167,
      0.01350990030914545,
      0.013522664085030556,
      0.013253931887447834,
      0.012970556505024433,
      0.013100096955895424,
      0.013183178380131721,
      0.013173002749681473,
      0.012877758592367172,
      0.012946846894919872,
      0.012924562208354473,
      0.013166185468435287,
      0.013039476238191128,
      0.012818685732781887,
      0.012974853627383709,
      0.012900072149932384,
      0.012951127253472805,
      0.012984451837837696,
      0.012656706385314465,
      0.012860855087637901,
      0.012811198830604553,
      0.012764516286551952,
      0.012759115546941757,
      0.012723809108138084,
      0.012699447572231293,
      0.012507012113928795,
      0.012659982778131962,
      0.012853709049522877,
      0.012525317259132862,
      0.012613510712981224,
      0.01257758866995573,
      0.012265457771718502,
      0.012628107331693172,
      0.012449805624783039,
      0.01252309512346983,
      0.012459161691367626,
      0.012463136576116085,
      0.012605689465999603,
      0.012428554706275463,
      0.012096653692424297,
      0.01243636291474104,
      0.012219187803566456,
      0.012295743450522423,
      0.0125862592831254,
      0.01207247655838728,
      0.012402442283928394,
      0.012665648944675922,
      0.012722964398562908,
      0.012309250421822071,
      0.012357109226286411,
      0.012291203252971172,
      0.012324916198849678,
      0.012400590814650059,
      0.01306184846907854,
      0.012672880664467812,
      0.012206719256937504,
      0.012282390147447586,
      0.012393184006214142,
      0.012341903522610664,
      0.013137421570718288,
      0.012122360058128834,
      0.012149399146437645,
      0.012541024945676327,
      0.012469829060137272,
      0.012110612355172634,
      0.012300655245780945,
      0.01233071368187666,
      0.012006365694105625,
      0.01247677393257618,
      0.012071112170815468,
      0.012524500489234924,
      0.012331541627645493,
      0.012270721606910229,
      0.012389901094138622,
      0.012244414538145065,
      0.012314105406403542,
      0.012518244795501232,
      0.012049468234181404,
      0.012237449176609516,
      0.012387886643409729,
      0.012596757151186466,
      0.012449989095330238,
      0.012165089137852192,
      0.012230225838720798,
      0.012494310736656189,
      0.01212343294173479,
      0.012397508136928082,
      0.012186332605779171,
      0.012613057158887386,
      0.012263684533536434,
      0.012234875001013279,
      0.012457802891731262,
      0.012212603352963924,
      0.012171268463134766,
      0.012176680378615856,
      0.012221542187035084,
      0.012371467426419258,
      0.012321838177740574,
      0.012053709477186203,
      0.012432092800736427,
      0.012222114950418472,
      0.012533418834209442,
      0.012049663811922073,
      0.012243833392858505,
      0.012361149303615093,
      0.012402640655636787,
      0.012307295575737953,
      0.01221547368913889,
      0.01227305643260479,
      0.012810948304831982,
      0.012144878506660461,
      0.0119657963514328,
      0.012450182810425758,
      0.012239734642207623,
      0.012297290377318859,
      0.012265672907233238,
      0.01210637204349041,
      0.012387066148221493,
      0.01209298986941576,
      0.012271364219486713,
      0.012127322144806385,
      0.011864748783409595,
      0.012216625735163689,
      0.012764272280037403,
      0.012177268043160439,
      0.012265006080269814,
      0.011663958430290222,
      0.012243721634149551,
      0.011962929740548134,
      0.01206822507083416,
      0.012159600853919983,
      0.012236246839165688,
      0.012280088849365711,
      0.012203574180603027,
      0.012192054651677608,
      0.012533685192465782,
      0.01248179655522108,
      0.012508699670433998,
      0.012341735884547234,
      0.011828115209937096,
      0.011929049156606197,
      0.011880890466272831,
      0.012139799073338509,
      0.01201612874865532,
      0.012517538852989674,
      0.012328943237662315,
      0.011944100260734558,
      0.011928643099963665,
      0.012107555754482746,
      0.01201662514358759,
      0.012205755338072777,
      0.012321406044065952,
      0.012240193784236908,
      0.012306937016546726,
      0.0120341582223773,
      0.01231829822063446,
      0.012125153094530106,
      0.012085426598787308,
      0.012374836020171642,
      0.012067757546901703,
      0.01220652461051941,
      0.011979635804891586,
      0.012205471284687519,
      0.012062393128871918,
      0.012255063280463219,
      0.012219245545566082,
      0.012241320684552193,
      0.012290176004171371,
      0.012258222326636314,
      0.01250462420284748,
      0.012333424761891365,
      0.011977974325418472,
      0.012218818068504333,
      0.012067592702805996,
      0.012173574417829514,
      0.012196448631584644,
      0.01218729093670845,
      0.012089591473340988,
      0.012186902575194836,
      0.012153105810284615,
      0.012212506495416164,
      0.012129882350564003,
      0.012006556615233421,
      0.011904953047633171,
      0.01208860706537962,
      0.012199587188661098,
      0.012031502090394497,
      0.012224587611854076,
      0.012032432481646538,
      0.01203344389796257,
      0.012082871980965137,
      0.012075504288077354,
      0.012044261209666729,
      0.012369313277304173,
      0.012361484579741955,
      0.012203489430248737,
      0.01208806224167347,
      0.012036671862006187,
      0.012224683538079262,
      0.012263879179954529,
      0.012491343542933464,
      0.012190956622362137,
      0.0121249258518219,
      0.011998211964964867,
      0.011847961694002151,
      0.012093916535377502,
      0.011755529791116714,
      0.011911067180335522,
      0.012237944640219212,
      0.012063464149832726,
      0.011924464255571365,
      0.012276265770196915,
      0.01216186210513115,
      0.012129762209951878,
      0.012272198684513569,
      0.011944673955440521,
      0.01207074336707592,
      0.011926225386559963,
      0.012143569067120552,
      0.012062609195709229,
      0.012002289295196533,
      0.012126090005040169,
      0.012064424343407154,
      0.012041361071169376,
      0.011852786876261234,
      0.012042812071740627,
      0.012205110862851143,
      0.011864963918924332,
      0.012243867851793766,
      0.012112963944673538,
      0.012036559171974659,
      0.012104171328246593,
      0.012054886668920517,
      0.012148496694862843,
      0.012048495002090931,
      0.012136087752878666,
      0.011908033862709999,
      0.01222134567797184,
      0.012095647864043713,
      0.011982996016740799,
      0.01196284033358097,
      0.01198034081608057,
      0.011975816451013088,
      0.011869519017636776,
      0.01198433618992567,
      0.011962689459323883,
      0.011872903443872929,
      0.012111370451748371,
      0.01207477506250143,
      0.011978586204349995,
      0.01189871970564127,
      0.012020519934594631,
      0.01198143232613802,
      0.011703252792358398,
      0.012446020729839802,
      0.012130734510719776,
      0.01195495668798685,
      0.011861714534461498,
      0.01186054665595293,
      0.012011113576591015,
      0.01199203822761774,
      0.011896362528204918,
      0.011885298416018486,
      0.011865201406180859,
      0.012143886648118496,
      0.011988201178610325,
      0.012289621867239475,
      0.011858507059514523,
      0.011774404905736446,
      0.011946071870625019,
      0.012030486948788166,
      0.011847319081425667,
      0.01200889889150858,
      0.012027031742036343,
      0.011920848861336708,
