{
   "number_epochs": 500,
   "info_used": "use known only",
   "perc_full_data": 0.03,
   "n_epochs_no_selection": 0,
   "Frequency % cutoff": 0.33,
   "hidden_size": 32,
   "random_state": 10,
   "train_errors": [
      0.032194457948207855,
      0.013112427666783333,
      0.010825416073203087,
      0.014265822246670723,
      0.015295401215553284,
      0.014502892270684242,
      0.011767560616135597,
      0.00985351949930191,
      0.009572550654411316,
      0.009177661500871181,
      0.009330913424491882,
      0.009458612650632858,
      0.00945898424834013,
      0.009358135052025318,
      0.009092004038393497,
      0.00916359294205904,
      0.009092578664422035,
      0.009304959326982498,
      0.009399323724210262,
      0.00922124832868576,
      0.009357292205095291,
      0.009264226071536541,
      0.00905819796025753,
      0.009101827628910542,
      0.00873066671192646,
      0.008905819617211819,
      0.008957218378782272,
      0.009015878662467003,
      0.008708635345101357,
      0.008844222873449326,
      0.008815553039312363,
      0.00900622271001339,
      0.008912336081266403,
      0.00901248399168253,
      0.009206000715494156,
      0.009239092469215393,
      0.009180708788335323,
      0.009160550311207771,
      0.009026297368109226,
      0.009148026816546917,
      0.0089204590767622,
      0.009076705202460289,
      0.009060479700565338,
      0.009004457853734493,
      0.008845093660056591,
      0.008924845606088638,
      0.009201579727232456,
      0.008883198723196983,
      0.008745701983571053,
      0.009013322181999683,
      0.0088650556281209,
      0.008913110941648483,
      0.008991392329335213,
      0.008849142119288445,
      0.008941053412854671,
      0.00884490367025137,
      0.00892638973891735,
      0.009226970374584198,
      0.008893480524420738,
      0.008981052786111832,
      0.008933225646615028,
      0.008879323489964008,
      0.00896063819527626,
      0.009441416710615158,
      0.009071617387235165,
      0.008947795256972313,
      0.008926387876272202,
      0.008782406337559223,
      0.008914804086089134,
      0.008894810453057289,
      0.008965739980340004,
      0.008952169679105282,
      0.008933122269809246,
      0.008803224191069603,
      0.009081731550395489,
      0.009015778079628944,
      0.008865448646247387,
      0.008859611116349697,
      0.008947986178100109,
      0.009164024144411087,
      0.009061673656105995,
      0.009075155481696129,
      0.008983772248029709,
      0.008951440453529358,
      0.008864076808094978,
      0.00910201296210289,
      0.008930127136409283,
      0.00899595022201538,
      0.008686496876180172,
      0.009016134776175022,
      0.008747226558625698,
      0.00901919323951006,
      0.008875058963894844,
      0.00902202446013689,
      0.00898868776857853,
      0.008995367214083672,
      0.0086524598300457,
      0.00899126660078764,
      0.008915376849472523,
      0.009085185825824738,
      0.0088359909132123,
      0.008925104513764381,
      0.00888838805258274,
      0.008852636441588402,
      0.009031994268298149,
      0.008883307687938213,
      0.008894209749996662,
      0.009060362353920937,
      0.008819714188575745,
      0.008863166905939579,
      0.009038886986672878,
      0.008991600014269352,
      0.009143606759607792,
      0.00893646664917469,
      0.009019018150866032,
      0.008800419978797436,
      0.009025393053889275,
      0.008926596492528915,
      0.008781453594565392,
      0.008710739202797413,
      0.008984308689832687,
      0.009050389751791954,
      0.008961998857557774,
      0.009021302685141563,
      0.008811108767986298,
      0.00885664764791727,
      0.008994168601930141,
      0.008869645185768604,
      0.008764906786382198,
      0.008821842260658741,
      0.008831942453980446,
      0.008845239877700806,
      0.008942071348428726,
      0.009221414104104042,
      0.008902139961719513,
      0.008905697613954544,
      0.008845970965921879,
      0.008694780059158802,
      0.009077650494873524,
      0.008996334858238697,
      0.008893650956451893,
      0.008960279636085033,
      0.008842394687235355,
      0.009168189018964767,
      0.008979634381830692,
      0.008909438736736774,
      0.008815149776637554,
      0.008920376189053059,
      0.009120965376496315,
      0.008937899954617023,
      0.009107396937906742,
      0.00885511189699173,
      0.009052155539393425,
      0.00890407059341669,
      0.009066231548786163,
      0.008988399989902973,
      0.009001005440950394,
      0.009012815542519093,
      0.008965977467596531,
      0.008923105895519257,
      0.008849767036736012,
      0.008908793330192566,
      0.008848980069160461,
      0.00875914003700018,
      0.009252366609871387,
      0.00904470682144165,
      0.009151085279881954,
      0.008759318850934505,
      0.008781489916145802,
      0.009004798717796803,
      0.008828552439808846,
      0.009060255251824856,
      0.009113792330026627,
      0.009036780335009098,
      0.008933204226195812,
      0.008904079906642437,
      0.008814448490738869,
      0.008826187811791897,
      0.00893222913146019,
      0.008895308710634708,
      0.008973934687674046,
      0.009053974412381649,
      0.008877641521394253,
      0.008765049278736115,
      0.008913113735616207,
      0.008809276856482029,
      0.008853336796164513,
      0.008735522627830505,
      0.008871505036950111,
      0.008806254714727402,
      0.008915027603507042,
      0.008983409032225609,
      0.009085395373404026,
      0.008834544569253922,
      0.008856089785695076,
      0.008925775066018105,
      0.008814942091703415,
      0.008953277952969074,
      0.009041549637913704,
      0.008778819814324379,
      0.008891160599887371,
      0.008983872830867767,
      0.00902283564209938,
      0.00897863507270813,
      0.009089351631700993,
      0.008820668794214725,
      0.008958145044744015,
      0.008768447674810886,
      0.008889681659638882,
      0.008894452825188637,
      0.008894501253962517,
      0.009181919507682323,
      0.008840009570121765,
      0.0087692616507411,
      0.008848950266838074,
      0.00908184889703989,
      0.008884504437446594,
      0.008944007568061352,
      0.009000459685921669,
      0.009139884263277054,
      0.009125147014856339,
      0.00898228120058775,
      0.009026964195072651,
      0.008796032518148422,
      0.008967598900198936,
      0.00897647999227047,
      0.009020032361149788,
      0.008882105350494385,
      0.008906512521207333,
      0.008841408416628838,
      0.00887723546475172,
      0.00890255719423294,
      0.008850500918924809,
      0.008845696225762367,
      0.008967212401330471,
      0.008677365258336067,
      0.008906112052500248,
      0.009108074009418488,
      0.008853767067193985,
      0.008916643448174,
      0.00900067389011383,
      0.008863430470228195,
      0.008950873278081417,
      0.008985020220279694,
      0.009007803164422512,
      0.008929423056542873,
      0.0090599674731493,
      0.009142191149294376,
      0.008788981474936008,
      0.008874176070094109,
      0.008776026777923107,
      0.00892504770308733,
      0.00883544608950615,
      0.008955832570791245,
      0.008915151469409466,
      0.008882949128746986,
      0.009039732627570629,
      0.008930947631597519,
      0.008878203108906746,
      0.008885632269084454,
      0.008904841728508472,
      0.008898185566067696,
      0.009069160558283329,
      0.008878595195710659,
      0.009000925347208977,
      0.00900268740952015,
      0.008859443478286266,
      0.008776103146374226,
      0.009105413220822811,
      0.009010429494082928,
      0.008976424112915993,
      0.008771492168307304,
      0.008958580903708935,
      0.008904218673706055,
      0.008901522494852543,
      0.008958112448453903,
      0.009052040986716747,
      0.0088530033826828,
      0.009044593200087547,
