{
   "number_epochs": 500,
   "info_used": "use known only",
   "perc_full_data": 0.02,
   "n_epochs_no_selection": 0,
   "Frequency % cutoff": 0.33,
   "hidden_size": 32,
   "random_state": 16,
   "train_errors": [
      0.05055667832493782,
      0.028582626953721046,
      0.014693619683384895,
      0.00921552162617445,
      0.012551024556159973,
      0.014648216776549816,
      0.012818415649235249,
      0.0106227220967412,
      0.009263946674764156,
      0.009275945834815502,
      0.00939228292554617,
      0.009535553865134716,
      0.009832712821662426,
      0.009427987970411777,
      0.00902653206139803,
      0.00889996625483036,
      0.008680111728608608,
      0.008741308003664017,
      0.009115989319980145,
      0.008961516432464123,
      0.008817953988909721,
      0.009316317737102509,
      0.008595948107540607,
      0.008881499990820885,
      0.008750365115702152,
      0.008614848367869854,
      0.008633917197585106,
      0.008434692397713661,
      0.008626249618828297,
      0.00861353799700737,
      0.008448740467429161,
      0.008526744320988655,
      0.008611700497567654,
      0.008858867920935154,
      0.008795950561761856,
      0.008779429830610752,
      0.008526762016117573,
      0.008866682648658752,
      0.008748875930905342,
      0.008684847503900528,
      0.008146736770868301,
      0.008702815510332584,
      0.008253670297563076,
      0.008353500626981258,
      0.0083633316680789,
      0.00838322751224041,
      0.008561570197343826,
      0.00863397866487503,
      0.00831636507064104,
      0.008726879954338074,
      0.008580799214541912,
      0.00850711204111576,
      0.008684077300131321,
      0.008482116274535656,
      0.008416766300797462,
      0.00846872292459011,
      0.008372045122087002,
      0.008221885189414024,
      0.00838722288608551,
      0.008253050036728382,
      0.008608914911746979,
      0.008451088331639767,
      0.008215387351810932,
      0.008441250771284103,
      0.008520426228642464,
      0.00864563137292862,
      0.008357105776667595,
      0.008093804121017456,
      0.008742001838982105,
      0.008903075009584427,
      0.008152687922120094,
      0.008941151201725006,
      0.009113320149481297,
      0.008482661098241806,
      0.008418557234108448,
      0.008233894594013691,
      0.00845786277204752,
      0.00857462640851736,
      0.008559939451515675,
      0.008668185211718082,
      0.008423316292464733,
      0.008608185686171055,
      0.008543643169105053,
      0.008644834160804749,
      0.008593259379267693,
      0.008606388233602047,
      0.008439437486231327,
      0.008439172990620136,
      0.008306731469929218,
      0.008111432194709778,
      0.008615514263510704,
      0.008345695212483406,
      0.008589574135839939,
      0.008586904034018517,
      0.008510608226060867,
      0.008604311384260654,
      0.008597093634307384,
      0.008493210189044476,
      0.00867956131696701,
      0.008297717198729515,
      0.008351132273674011,
      0.008214041590690613,
      0.008344975300133228,
      0.008377031423151493,
      0.008389513939619064,
      0.008457099087536335,
      0.00825205072760582,
      0.00815605092793703,
      0.00854022242128849,
      0.008335303515195847,
      0.008495062589645386,
      0.008346294984221458,
      0.008443535305559635,
      0.008347026072442532,
      0.008489737287163734,
      0.008471623063087463,
      0.009014107286930084,
      0.008510979823768139,
      0.008798230439424515,
      0.00816352292895317,
      0.008467694744467735,
      0.008718213066458702,
      0.008779684081673622,
      0.008375679142773151,
      0.008435993455350399,
      0.008111203089356422,
      0.008547946810722351,
      0.008484486490488052,
      0.008310672827064991,
      0.008775229565799236,
      0.00851071160286665,
      0.00862876232713461,
      0.008593660779297352,
      0.008784612640738487,
      0.008385846391320229,
      0.00844978354871273,
      0.008521953597664833,
      0.008375244215130806,
      0.008591670542955399,
      0.008023814298212528,
      0.008417520672082901,
      0.008377354592084885,
      0.008333321660757065,
      0.008742433972656727,
      0.00826920848339796,
      0.008373826742172241,
      0.008660041727125645,
      0.008331307210028172,
      0.008307022973895073,
      0.00871722400188446,
      0.008558737114071846,
      0.008730976842343807,
      0.008645869791507721,
      0.0084799500182271,
      0.00847440492361784,
      0.008340190164744854,
      0.008803287521004677,
      0.008407482877373695,
      0.00849947426468134,
      0.008476605638861656,
      0.008686122484505177,
      0.008417647331953049,
      0.008291604928672314,
      0.008518424816429615,
      0.008392708376049995,
      0.00842476449906826,
      0.008550688624382019,
      0.008366182446479797,
      0.008634984493255615,
      0.008547686971724033,
      0.00846960861235857,
      0.008704469539225101,
      0.009003004059195518,
      0.00842488743364811,
      0.008324513211846352,
      0.008314061909914017,
      0.008340777829289436,
      0.00834641233086586,
      0.00854672770947218,
      0.008592231199145317,
      0.008525765500962734,
      0.008270150981843472,
      0.008430770598351955,
      0.008494327776134014,
      0.008433368988335133,
      0.008201136253774166,
      0.008075310848653316,
      0.00809969287365675,
      0.008685925044119358,
      0.008257171139121056,
      0.008633557707071304,
      0.008304939605295658,
      0.008385925553739071,
      0.008660951629281044,
      0.008334735408425331,
      0.008606159128248692,
      0.00841203611344099,
      0.008168316446244717,
      0.008266739547252655,
      0.00839851051568985,
      0.008096535690128803,
      0.008273433893918991,
      0.008526374585926533,
      0.008668837137520313,
      0.008516231551766396,
      0.008153528906404972,
      0.008577277883887291,
      0.008470662869513035,
      0.008402086794376373,
      0.008301164954900742,
      0.008318166248500347,
      0.008522562682628632,
      0.008434474468231201,
      0.008303037844598293,
      0.00823954027146101,
      0.008182347752153873,
      0.00857770536094904,
      0.008205675520002842,
      0.008268112316727638,
      0.008309594355523586,
      0.008302689529955387,
      0.008355185389518738,
      0.008521183393895626,
      0.008209088817238808,
      0.008236258290708065,
      0.008592038415372372,
      0.008360343053936958,
      0.00845422688871622,
      0.008824470452964306,
      0.008515053428709507,
      0.008218559436500072,
      0.008516908623278141,
      0.008189351297914982,
      0.008500378578901291,
      0.008739462122321129,
      0.008270999416708946,
      0.008363046683371067,
      0.00847063958644867,
      0.008237515576183796,
      0.008324814960360527,
      0.008626727387309074,
      0.008192372508347034,
      0.008807355538010597,
      0.008427858352661133,
      0.00859281700104475,
      0.008195671252906322,
      0.008434440940618515,
      0.008692434057593346,
      0.008505383506417274,
      0.008503865450620651,
      0.008322170004248619,
      0.008412864990532398,
      0.008482501842081547,
      0.008344115689396858,
      0.008528167381882668,
      0.008399338461458683,
      0.008239051327109337,
      0.008518615737557411,
      0.008155236952006817,
      0.008270232938230038,
      0.008326273411512375,
      0.008474932983517647,
      0.008547583594918251,
      0.008351136930286884,
      0.008370711468160152,
      0.008117569610476494,
      0.008279379457235336,
      0.008173373527824879,
      0.00844090897589922,
      0.008318007923662663,
      0.008373400196433067,
      0.008358783088624477,
      0.008452148176729679,
      0.008162997663021088,
      0.008073857985436916,
      0.008435885421931744,
      0.008200387470424175,
      0.00818640273064375,
      0.008320893160998821,
