{
   "number_epochs": 300,
   "info_used": "use imputation",
   "perc_full_data": 0.1,
   "n_epochs_no_selection": 0,
   "Frequency % cutoff": 0.3,
   "hidden_size": 32,
   "random_state": 5,
   "train_errors": [
      0.06535258889198303,
      0.05893540754914284,
      0.054487116634845734,
      0.05133186653256416,
      0.04987280070781708,
      0.04900288209319115,
      0.04849168658256531,
      0.04759924113750458,
      0.04718387871980667,
      0.04626411944627762,
      0.04527769610285759,
      0.0444357767701149,
      0.04354351386427879,
      0.04228790104389191,
      0.04136459901928902,
      0.040297623723745346,
      0.038514841347932816,
      0.0368502251803875,
      0.03476570174098015,
      0.03299560770392418,
      0.03124055452644825,
      0.029416445642709732,
      0.027393393218517303,
      0.02660576067864895,
      0.02482513338327408,
      0.023472096771001816,
      0.021060017868876457,
      0.02031165361404419,
      0.019714538007974625,
      0.018936719745397568,
      0.0184805765748024,
      0.018310556188225746,
      0.017218559980392456,
      0.016975397244095802,
      0.017041388899087906,
      0.016072707250714302,
      0.015516365878283978,
      0.015727389603853226,
      0.014548346400260925,
      0.014755481854081154,
      0.014317254535853863,
      0.014139579609036446,
      0.0142563097178936,
      0.01457027904689312,
      0.013978012837469578,
      0.013283919543027878,
      0.014043067581951618,
      0.013188900426030159,
      0.013112105429172516,
      0.013309016823768616,
      0.013016513548791409,
      0.013185875490307808,
      0.012888237833976746,
      0.012421349063515663,
      0.013478115200996399,
      0.012691788375377655,
      0.012521056458353996,
      0.01240559108555317,
      0.011845948174595833,
      0.012297567911446095,
      0.010964642278850079,
      0.012487228028476238,
      0.012605217285454273,
      0.011863232590258121,
      0.011184638366103172,
      0.011824101209640503,
      0.011301413178443909,
      0.01171964593231678,
      0.010960505343973637,
      0.011284390464425087,
      0.01135896984487772,
      0.011484173126518726,
      0.011550450697541237,
      0.011228377930819988,
      0.011026938445866108,
      0.011189171113073826,
      0.0105351647362113,
      0.010872055776417255,
      0.010887466371059418,
      0.011023673228919506,
      0.011267052963376045,
      0.010696783661842346,
      0.010580925270915031,
      0.011096865870058537,
      0.009983033873140812,
      0.011881617829203606,
      0.010591940954327583,
      0.011107426136732101,
      0.01007674727588892,
      0.01100628636777401,
      0.009992020204663277,
      0.009727981872856617,
      0.010714945383369923,
      0.010167422704398632,
      0.010629601776599884,
      0.010315329767763615,
      0.01071997545659542,
      0.009893517941236496,
      0.010820732451975346,
      0.010355831123888493,
      0.00980999507009983,
      0.010410686954855919,
      0.010789063759148121,
      0.009564276784658432,
      0.01066155731678009,
      0.010337899439036846,
      0.009628224186599255,
      0.009778530336916447,
      0.010532490909099579,
      0.010513882152736187,
      0.009831918403506279,
      0.009649235755205154,
      0.01078728400170803,
      0.010313098318874836,
      0.009636483155190945,
      0.009866862557828426,
      0.009978639893233776,
      0.009537617675960064,
      0.010070166550576687,
      0.010267753154039383,
      0.010311178863048553,
      0.00964643806219101,
      0.010322791524231434,
      0.009595619514584541,
      0.009501294232904911,
      0.009743211790919304,
      0.009798552840948105,
      0.01046630460768938,
      0.009694039821624756,
      0.009825176559388638,
      0.010185330174863338,
      0.010287106037139893,
      0.010367532260715961,
      0.00981512013822794,
      0.009477479383349419,
      0.009860373102128506,
      0.008965413086116314,
      0.010588070377707481,
      0.009268724359571934,
      0.009821724146604538,
      0.009802524000406265,
      0.009979243390262127,
      0.010158486664295197,
      0.008740426041185856,
      0.009531544521450996,
      0.009515395388007164,
      0.008972403593361378,
      0.00984792411327362,
      0.009461207315325737,
      0.010118352249264717,
      0.009216021746397018,
      0.009881759993731976,
      0.00932520255446434,
      0.00990940909832716,
      0.009031546302139759,
      0.009836776182055473,
      0.010403088293969631,
      0.009732535108923912,
      0.009435748681426048,
      0.00972362793982029,
      0.008940077386796474,
      0.009238623082637787,
      0.009916448965668678,
      0.009990598075091839,
      0.008660146966576576,
      0.009113148786127567,
      0.009805564768612385,
      0.00876331515610218,
      0.008704833686351776,
      0.008952319622039795,
      0.009735547937452793,
      0.009682831354439259,
      0.00996882002800703,
      0.009374917484819889,
      0.009446227923035622,
      0.009592839516699314,
      0.00965565163642168,
      0.009348278865218163,
      0.00910818949341774,
      0.00927649438381195,
      0.009443633258342743,
      0.009213072247803211,
      0.009305622428655624,
      0.009300236590206623,
      0.00991838052868843,
      0.009635605849325657,
      0.009259987622499466,
      0.009248852729797363,
      0.008772912435233593,
      0.008786105550825596,
      0.009029729291796684,
      0.009030519984662533,
      0.008550534024834633,
      0.00886590126901865,
      0.00929163210093975,
      0.00848501455038786,
      0.009072013199329376,
      0.009266459383070469,
      0.00896497629582882,
      0.01009326335042715,
      0.009219599887728691,
      0.008511972613632679,
      0.009267927147448063,
      0.00935846846550703,
      0.009431634098291397,
      0.009430408477783203,
      0.009069700725376606,
      0.009691226296126842,
      0.009805651381611824,
      0.009223335422575474,
      0.009339354932308197,
      0.009326216764748096,
      0.00974798109382391,
      0.009327512234449387,
      0.009125825017690659,
      0.008820065297186375,
      0.00831939373165369,
      0.009122619405388832,
      0.008743599988520145,
      0.009274935349822044,
      0.008969960734248161,
      0.009272800758481026,
      0.009603084065020084,
      0.008843891322612762,
      0.008899438194930553,
      0.00811794213950634,
      0.008472306653857231,
      0.008921547792851925,
      0.008566513657569885,
      0.008405772037804127,
      0.008680863305926323,
      0.01025758683681488,
      0.009183731861412525,
      0.008821697905659676,
      0.008836410008370876,
      0.00845254771411419,
      0.009286059997975826,
      0.00917354878038168,
      0.009201336652040482,
      0.00978426355868578,
      0.00883418321609497,
      0.009620572440326214,
      0.008656247518956661,
      0.008647456765174866,
      0.0092548206448555,
      0.008776530623435974,
      0.00868785846978426,
      0.008460196666419506,
      0.008676665835082531,
      0.008971410803496838,
      0.008429822511970997,
      0.008554312400519848,
      0.008974112570285797,
      0.0088022006675601,
      0.009359917603433132,
      0.009518569335341454,
      0.008252238854765892,
      0.008923516608774662,
      0.009591792710125446,
      0.008629419840872288,
      0.00842937733978033,
      0.008816976100206375,
      0.008473384194076061,
      0.009103046730160713,
      0.00920181442052126,
      0.008502375334501266,
      0.008257649838924408,
      0.009333906695246696,
      0.009113768115639687,
      0.009342499077320099,
      0.009503991343080997,
      0.008728830143809319,
      0.008454165421426296,
      0.00792626291513443,
      0.009405964985489845,
      0.009445265866816044,
      0.008312750607728958,
      0.007949965074658394,
      0.008394747972488403,
      0.008932388387620449,
