{
   "number_epochs": 300,
   "info_used": "use imputation",
   "perc_full_data": 0.1,
   "n_epochs_no_selection": 0,
   "Frequency % cutoff": 0.3,
   "hidden_size": 32,
   "random_state": 7,
   "train_errors": [
      0.07079172134399414,
      0.06263703852891922,
      0.055558398365974426,
      0.05081538110971451,
      0.04858250170946121,
      0.047878801822662354,
      0.04726690798997879,
      0.04720153659582138,
      0.04545166343450546,
      0.044022344052791595,
      0.042583148926496506,
      0.04071725904941559,
      0.03947914391756058,
      0.03807978332042694,
      0.03776470199227333,
      0.03503869101405144,
      0.03420102968811989,
      0.03316134959459305,
      0.0310893002897501,
      0.03032088465988636,
      0.02839871495962143,
      0.02884834073483944,
      0.026740243658423424,
      0.026094621047377586,
      0.02395789884030819,
      0.024434853345155716,
      0.023399200290441513,
      0.022859858348965645,
      0.02183092013001442,
      0.022409606724977493,
      0.021933211013674736,
      0.021215379238128662,
      0.020579751580953598,
      0.020339716225862503,
      0.01974903792142868,
      0.019996479153633118,
      0.019030263647437096,
      0.020660264417529106,
      0.01966770552098751,
      0.020435426384210587,
      0.018827173858880997,
      0.019111813977360725,
      0.018587054684758186,
      0.017980199307203293,
      0.018285071477293968,
      0.018235407769680023,
      0.0171003807336092,
      0.016351869329810143,
      0.01749907061457634,
      0.01690787263214588,
      0.016115808859467506,
      0.016340257599949837,
      0.01477553229779005,
      0.015435595996677876,
      0.015108713880181313,
      0.015093079768121243,
      0.0151902437210083,
      0.015038936398923397,
      0.015547291375696659,
      0.015960901975631714,
      0.01610700413584709,
      0.015059390105307102,
      0.015484985895454884,
      0.01456146128475666,
      0.014522360637784004,
      0.014027809724211693,
      0.013575169257819653,
      0.014791085384786129,
      0.014035164378583431,
      0.013545475900173187,
      0.013787651434540749,
      0.01336232665926218,
      0.01241649966686964,
      0.013178260065615177,
      0.01372527051717043,
      0.01217629574239254,
      0.012191365472972393,
      0.01307438313961029,
      0.012258431874215603,
      0.012807570397853851,
      0.01181697379797697,
      0.012864597141742706,
      0.011875736527144909,
      0.012645825743675232,
      0.012945194728672504,
      0.01232620608061552,
      0.011153792962431908,
      0.012221324257552624,
      0.013422724790871143,
      0.013120540417730808,
      0.011607044376432896,
      0.012194243259727955,
      0.011425499804317951,
      0.011323061771690845,
      0.011923730373382568,
      0.011760387569665909,
      0.012155178934335709,
      0.011331779882311821,
      0.011246312409639359,
      0.01188995223492384,
      0.011692497879266739,
      0.0114061888307333,
      0.011713219806551933,
      0.011683201417326927,
      0.010960498824715614,
      0.011291977018117905,
      0.01244080439209938,
      0.011522439308464527,
      0.011849137023091316,
      0.012265765108168125,
      0.010243283584713936,
      0.011626770719885826,
      0.011310641653835773,
      0.012435725890100002,
      0.01101036835461855,
      0.01103151310235262,
      0.011871501803398132,
      0.01265751663595438,
      0.012007019482553005,
      0.010463363490998745,
      0.010473854839801788,
      0.01205868273973465,
      0.011677383445203304,
      0.01096064131706953,
      0.011033812537789345,
      0.011069073341786861,
      0.010508354753255844,
      0.012211890891194344,
      0.011310532689094543,
      0.009886732324957848,
      0.01174131315201521,
      0.01007983647286892,
      0.011006020940840244,
      0.011033298447728157,
      0.009922821074724197,
      0.01221388578414917,
      0.010495108552277088,
      0.010433796793222427,
      0.01080938708037138,
      0.011551388539373875,
      0.010587790980935097,
      0.010083780623972416,
      0.010780734941363335,
      0.011578463949263096,
      0.011751235462725163,
      0.011389771476387978,
      0.010758980177342892,
      0.01017728727310896,
      0.010277774184942245,
      0.01071261614561081,
      0.011450291611254215,
      0.010543769225478172,
      0.011855755001306534,
      0.01067559327930212,
      0.010667853057384491,
      0.01031767763197422,
      0.010980585590004921,
      0.010050234384834766,
      0.011132077313959599,
      0.01055449154227972,
      0.009653653018176556,
      0.010035575367510319,
      0.010660490952432156,
      0.01141859870404005,
      0.010944885201752186,
      0.010618281550705433,
      0.011983329430222511,
      0.010014417581260204,
      0.011853968724608421,
      0.010349726304411888,
      0.01201578602194786,
      0.010629627853631973,
      0.010535916313529015,
      0.01071094535291195,
      0.010733745992183685,
      0.011096279136836529,
      0.011644686572253704,
      0.010325335897505283,
      0.010294337756931782,
      0.010662131011486053,
      0.010050194337964058,
      0.0099817905575037,
      0.012006159871816635,
      0.01009259931743145,
      0.010476857423782349,
      0.010187365114688873,
      0.009830939583480358,
      0.011283200234174728,
      0.010865756310522556,
      0.009783410467207432,
      0.010564868338406086,
      0.010404105298221111,
      0.011432906612753868,
      0.009923986159265041,
      0.010920173488557339,
      0.010278565809130669,
      0.01095545943826437,
      0.009929175488650799,
      0.009928558953106403,
      0.010509118437767029,
      0.011440068483352661,
      0.01057310402393341,
      0.009596243500709534,
      0.009753156453371048,
      0.010542369447648525,
      0.011307597160339355,
      0.010784866288304329,
      0.01155468262732029,
      0.009535156190395355,
      0.009738936088979244,
      0.01055228803306818,
      0.010017326101660728,
      0.0101231774315238,
      0.010785920545458794,
      0.011114672757685184,
      0.009066104888916016,
      0.009513402357697487,
      0.01002037338912487,
      0.010593467392027378,
      0.00995906163007021,
      0.010239329189062119,
      0.010191000998020172,
      0.009979215450584888,
      0.009056322276592255,
      0.00919001828879118,
      0.010123604908585548,
      0.010710925795137882,
      0.01068643108010292,
      0.010108589194715023,
      0.009943364188075066,
      0.010403487831354141,
      0.009928066283464432,
      0.009825490415096283,
      0.00981106236577034,
      0.009058778174221516,
      0.010136698372662067,
      0.010176594369113445,
      0.009773516096174717,
      0.011592783965170383,
      0.01081248838454485,
      0.010571887716650963,
      0.009914997965097427,
      0.009528218768537045,
      0.009926509112119675,
      0.009536074474453926,
      0.01068139635026455,
      0.009806373156607151,
      0.010134154930710793,
      0.009899121709167957,
      0.010971125215291977,
      0.01086590625345707,
      0.01021770853549242,
      0.010612956248223782,
      0.009647424332797527,
      0.010698189958930016,
      0.010489284060895443,
      0.01046121958643198,
      0.010910674929618835,
      0.009631477296352386,
      0.010151089169085026,
      0.009709603153169155,
      0.009922577999532223,
      0.00961868092417717,
      0.010045572184026241,
      0.010297606699168682,
      0.010839476250112057,
      0.0097456444054842,
      0.010260655544698238,
      0.009603972546756268,
      0.010157283395528793,
      0.010463348589837551,
      0.010002094320952892,
      0.009622372686862946,
      0.010301521979272366,
      0.010206466540694237,
      0.009040816687047482,
      0.010105852968990803,
      0.010486583225429058,
      0.010061284527182579,
      0.009900719858705997,
      0.010632319375872612,
