{
   "number_epochs": 300,
   "info_used": "use imputation",
   "perc_full_data": 0.1,
   "n_epochs_no_selection": 0,
   "Frequency % cutoff": 0.3,
   "hidden_size": 32,
   "random_state": 2,
   "train_errors": [
      0.11254455149173737,
      0.09770558774471283,
      0.08493223041296005,
      0.07314515858888626,
      0.06313835829496384,
      0.05541644245386124,
      0.050455570220947266,
      0.047490399330854416,
      0.04642845317721367,
      0.04637577757239342,
      0.04609246551990509,
      0.04429372027516365,
      0.043218884617090225,
      0.042089853435754776,
      0.04021646827459335,
      0.039662957191467285,
      0.03826351463794708,
      0.03711492940783501,
      0.03692163527011871,
      0.034906767308712006,
      0.03383301943540573,
      0.032606806606054306,
      0.031211653724312782,
      0.02993115410208702,
      0.029006455093622208,
      0.02748887427151203,
      0.02685021050274372,
      0.025174176320433617,
      0.025562912225723267,
      0.023669380694627762,
      0.024397939443588257,
      0.022758832201361656,
      0.02315319888293743,
      0.021400559693574905,
      0.021902525797486305,
      0.022820940241217613,
      0.021745208650827408,
      0.020869378000497818,
      0.02142908424139023,
      0.02203979715704918,
      0.021313967183232307,
      0.01966012828052044,
      0.020586969330906868,
      0.018797704949975014,
      0.01970113255083561,
      0.02046443708240986,
      0.02047576941549778,
      0.01984654739499092,
      0.019755471497774124,
      0.01866818405687809,
      0.019259968772530556,
      0.0182059183716774,
      0.018665295094251633,
      0.018110236153006554,
      0.018141746520996094,
      0.017915034666657448,
      0.01752050779759884,
      0.01671415939927101,
      0.01823664829134941,
      0.01775829866528511,
      0.017596641555428505,
      0.01684066466987133,
      0.016742898151278496,
      0.017820583656430244,
      0.017414644360542297,
      0.01669548638164997,
      0.017107894644141197,
      0.016867410391569138,
      0.016324669122695923,
      0.016207849606871605,
      0.015851575881242752,
      0.016876142472028732,
      0.01603759452700615,
      0.015858812257647514,
      0.016193779185414314,
      0.016321547329425812,
      0.016318991780281067,
      0.015295728109776974,
      0.01585076004266739,
      0.015985924750566483,
      0.015332621522247791,
      0.015167142264544964,
      0.01604863628745079,
      0.01489095389842987,
      0.014558280818164349,
      0.015812139958143234,
      0.015318227000534534,
      0.015304462984204292,
      0.014991031028330326,
      0.015238435007631779,
      0.01444808579981327,
      0.014732897281646729,
      0.01480916514992714,
      0.01632648892700672,
      0.01461165864020586,
      0.01495464239269495,
      0.014025112614035606,
      0.0152064748108387,
      0.013947270810604095,
      0.013772349804639816,
      0.013249018229544163,
      0.014570090919733047,
      0.01323305070400238,
      0.013947798870503902,
      0.015180003829300404,
      0.014214637689292431,
      0.014303818345069885,
      0.013448131270706654,
      0.014822396449744701,
      0.013593600131571293,
      0.015157757326960564,
      0.012706588953733444,
      0.014397982507944107,
      0.014830460771918297,
      0.01380491629242897,
      0.01336629781872034,
      0.014200595207512379,
      0.013741268776357174,
      0.01522703655064106,
      0.013178911991417408,
      0.012791086919605732,
      0.014316996559500694,
      0.014000564813613892,
      0.013112437911331654,
      0.013639029115438461,
      0.015180816873908043,
      0.015180855989456177,
      0.014804331585764885,
      0.014458740130066872,
      0.014086316339671612,
      0.013569412752985954,
      0.01417490467429161,
      0.014234398491680622,
      0.013018010184168816,
      0.014168215915560722,
      0.013907828368246555,
      0.013418284244835377,
      0.012907814234495163,
      0.012272758409380913,
      0.01276839803904295,
      0.013831043615937233,
      0.013590161688625813,
      0.01338276732712984,
      0.014369811862707138,
      0.012167496606707573,
      0.013047488406300545,
      0.012771068140864372,
      0.012624355964362621,
      0.012881896458566189,
      0.01318932045251131,
      0.01343962736427784,
      0.01429752353578806,
      0.0136954877525568,
      0.013881287537515163,
      0.013730923645198345,
      0.01270108763128519,
      0.01364158745855093,
      0.012211503461003304,
      0.012773224152624607,
      0.013321960344910622,
      0.012363198213279247,
      0.013341185636818409,
      0.013245564885437489,
      0.014053445309400558,
      0.01255953311920166,
      0.01351393572986126,
      0.012974884361028671,
      0.012629248201847076,
      0.012671797536313534,
      0.01293101254850626,
      0.012403194792568684,
      0.013372118584811687,
      0.011857330799102783,
      0.012416251003742218,
      0.014049777761101723,
      0.012090431526303291,
      0.012491760775446892,
      0.01241158228367567,
      0.01283612847328186,
      0.01162920892238617,
      0.012110283598303795,
      0.011254007928073406,
      0.013436298817396164,
      0.012841285206377506,
      0.013595489785075188,
      0.012234440073370934,
      0.012917288579046726,
      0.01198201347142458,
      0.012055126950144768,
      0.01178823783993721,
      0.013525301590561867,
      0.011600283905863762,
      0.013626597821712494,
      0.011375820264220238,
      0.012424799613654613,
      0.011877704411745071,
      0.013070542365312576,
      0.01302510779350996,
      0.011996599845588207,
      0.013672207482159138,
      0.013049973174929619,
      0.01270520780235529,
      0.011911378242075443,
      0.011143054813146591,
      0.012682802975177765,
      0.011996296234428883,
      0.010877476073801517,
      0.012599962763488293,
      0.012673127464950085,
      0.012701455503702164,
      0.012046994641423225,
      0.011373523622751236,
      0.012068970128893852,
      0.01223270408809185,
      0.012411704286932945,
      0.0111602284014225,
      0.011881004087626934,
      0.011812381446361542,
      0.012531423009932041,
      0.013532138429582119,
      0.01187114231288433,
      0.01196746900677681,
      0.012118910439312458,
      0.01304252166301012,
      0.011731219477951527,
      0.011882194317877293,
      0.011159921064972878,
      0.012184557504951954,
      0.012685301713645458,
      0.010883940383791924,
      0.012189288623631,
      0.011592036113142967,
      0.012368911877274513,
      0.011563939042389393,
      0.011945434845983982,
      0.012287743389606476,
      0.012333224527537823,
      0.011117419227957726,
      0.011305686086416245,
      0.01138184405863285,
      0.012083709239959717,
      0.011561516672372818,
      0.011723717674612999,
      0.010825793258845806,
      0.011073662899434566,
      0.011003845371305943,
      0.010917182080447674,
      0.012285437434911728,
      0.011327819898724556,
      0.011191651225090027,
      0.011616303585469723,
      0.011740275658667088,
      0.010682190768420696,
      0.011086391285061836,
      0.011726467870175838,
      0.012700999155640602,
      0.011209460906684399,
      0.011375714093446732,
      0.011603218503296375,
      0.012110077776014805,
      0.011598422192037106,
      0.012567227706313133,
      0.011188174597918987,
      0.01166998315602541,
      0.010818655602633953,
      0.011797944083809853,
      0.011462054215371609,
      0.012107722461223602,
      0.011348354630172253,
      0.011626685038208961,
      0.011479695327579975,
      0.012728972360491753,
      0.011220250278711319,
      0.01227028202265501,
      0.011947971768677235,
      0.011907669715583324,
      0.01153255719691515,
      0.011723944917321205,
      0.010993797332048416,
      0.012216809205710888,
      0.011121696792542934,
