{
   "number_epochs": 300,
   "info_used": "use imputation",
   "perc_full_data": 0.1,
   "n_epochs_no_selection": 0,
   "Frequency % cutoff": 0.3,
   "hidden_size": 32,
   "random_state": 8,
   "train_errors": [
      0.08525601029396057,
      0.07474451512098312,
      0.06768349558115005,
      0.06259261816740036,
      0.06004374846816063,
      0.05870570242404938,
      0.05816804990172386,
      0.05704497918486595,
      0.05795488506555557,
      0.05498620495200157,
      0.052734699100255966,
      0.051584333181381226,
      0.051377519965171814,
      0.0490475632250309,
      0.048213787376880646,
      0.04559429734945297,
      0.043524373322725296,
      0.041249677538871765,
      0.03972223401069641,
      0.03806033357977867,
      0.035733383148908615,
      0.03316963464021683,
      0.031221266835927963,
      0.030459271743893623,
      0.029690420255064964,
      0.027161242440342903,
      0.027457131072878838,
      0.026090698316693306,
      0.026356766000390053,
      0.02624673955142498,
      0.025058813393115997,
      0.02500077150762081,
      0.025153733789920807,
      0.02428579144179821,
      0.022518960759043694,
      0.022518044337630272,
      0.022585950791835785,
      0.02360238879919052,
      0.022788947448134422,
      0.02181188203394413,
      0.022113317623734474,
      0.021487943828105927,
      0.02123001590371132,
      0.01877034641802311,
      0.02033955231308937,
      0.01921270787715912,
      0.019914411008358,
      0.018757682293653488,
      0.019559985026717186,
      0.01885516382753849,
      0.01970108598470688,
      0.018959255889058113,
      0.01847822405397892,
      0.01969527266919613,
      0.017421312630176544,
      0.01717156544327736,
      0.017230302095413208,
      0.01877746731042862,
      0.016996178776025772,
      0.016927748918533325,
      0.017781754955649376,
      0.017455602064728737,
      0.016549620777368546,
      0.0174349807202816,
      0.0161055326461792,
      0.01603175699710846,
      0.016888318583369255,
      0.016242941841483116,
      0.015787282958626747,
      0.01637079007923603,
      0.015806596726179123,
      0.01567983813583851,
      0.016405338421463966,
      0.015744775533676147,
      0.016182802617549896,
      0.015705786645412445,
      0.014926230534911156,
      0.015590697526931763,
      0.014011803083121777,
      0.014897452667355537,
      0.015850262716412544,
      0.014790801331400871,
      0.014986781403422356,
      0.015581783838570118,
      0.014572879299521446,
      0.015626821666955948,
      0.01491291169077158,
      0.015430537052452564,
      0.014870775863528252,
      0.015066065825521946,
      0.015333440154790878,
      0.01487557590007782,
      0.014189556241035461,
      0.014779914170503616,
      0.01538167241960764,
      0.01400709431618452,
      0.014918118715286255,
      0.01391609851270914,
      0.01424351241439581,
      0.014425351284444332,
      0.013263569213449955,
      0.014581617899239063,
      0.013468087650835514,
      0.013592907227575779,
      0.014273029752075672,
      0.014248366467654705,
      0.013174877502024174,
      0.013893588446080685,
      0.01353538129478693,
      0.014088798314332962,
      0.013170776888728142,
      0.013953717425465584,
      0.013269343413412571,
      0.013050055131316185,
      0.014025550335645676,
      0.01289242971688509,
      0.013721457682549953,
      0.013788924552500248,
      0.01280339527875185,
      0.013595566153526306,
      0.013844863511621952,
      0.01321552786976099,
      0.01259334571659565,
      0.013020552694797516,
      0.013416199944913387,
      0.012299705296754837,
      0.013426471501588821,
      0.012640011496841908,
      0.012746035121381283,
      0.012776263058185577,
      0.01299852505326271,
      0.013449699617922306,
      0.012769768014550209,
      0.013909285888075829,
      0.012384006753563881,
      0.012160743586719036,
      0.012648627161979675,
      0.012503348290920258,
      0.01302319671958685,
      0.01242704875767231,
      0.012363220565021038,
      0.01254260167479515,
      0.012713063508272171,
      0.012244612909853458,
      0.012283495627343655,
      0.01264873892068863,
      0.013273980468511581,
      0.013151554390788078,
      0.013154402375221252,
      0.011851047165691853,
      0.012465198524296284,
      0.012433957308530807,
      0.01229884009808302,
      0.011153209023177624,
      0.011733914725482464,
      0.012923130765557289,
      0.013079097494482994,
      0.011917232535779476,
      0.011336760595440865,
      0.012345715425908566,
      0.011752089485526085,
      0.011625156737864017,
      0.011991780251264572,
      0.0115431547164917,
      0.012923561967909336,
      0.011992054991424084,
      0.01219498086720705,
      0.01206570491194725,
      0.011775153689086437,
      0.011869234964251518,
      0.012392242439091206,
      0.012209540233016014,
      0.011832780204713345,
      0.011978808790445328,
      0.011229508556425571,
      0.011788658797740936,
      0.011987635865807533,
      0.011774718761444092,
      0.011588150635361671,
      0.011809649877250195,
      0.01183833833783865,
      0.010745727457106113,
      0.013363951817154884,
      0.01178736798465252,
      0.012319573201239109,
      0.01188404019922018,
      0.012027674354612827,
      0.013060413300991058,
      0.01257395464926958,
      0.011497835628688335,
      0.012183901853859425,
      0.011717616580426693,
      0.012005901895463467,
      0.012150468304753304,
      0.011520684696733952,
      0.01188714150339365,
      0.011514493264257908,
      0.01137074176222086,
      0.011844457127153873,
      0.013041815720498562,
      0.012574631720781326,
      0.010874728672206402,
      0.011515182442963123,
      0.011026930995285511,
      0.011095617897808552,
      0.012085436843335629,
      0.012122122570872307,
      0.011946816928684711,
      0.011437767185270786,
      0.012033738195896149,
      0.011067532934248447,
      0.01130141131579876,
      0.011661453172564507,
      0.011995452456176281,
      0.01114546600729227,
      0.012020392343401909,
      0.010828019119799137,
      0.011635176837444305,
      0.011547439731657505,
      0.01135273464024067,
      0.011826244182884693,
      0.011518923565745354,
      0.010785716585814953,
      0.01134541630744934,
      0.01125373039394617,
      0.011049477383494377,
      0.011122596450150013,
      0.010608311742544174,
      0.01071073580533266,
      0.011395348235964775,
      0.010815011337399483,
      0.011972920037806034,
      0.010964174754917622,
      0.011241260915994644,
      0.011449622921645641,
      0.011908908374607563,
      0.011818386614322662,
      0.011583860963582993,
      0.01100628636777401,
      0.0117845693603158,
      0.011276381090283394,
      0.011232957243919373,
      0.011018173769116402,
      0.010693751275539398,
      0.011156360618770123,
      0.010463882237672806,
      0.012091346085071564,
      0.011638550087809563,
      0.010986106470227242,
      0.011872434057295322,
      0.0115499347448349,
      0.01041774358600378,
      0.010730006732046604,
      0.011535740457475185,
      0.01097036711871624,
      0.010966231115162373,
      0.01076730340719223,
      0.010910687036812305,
      0.011158673092722893,
      0.010860073380172253,
      0.011112682521343231,
      0.010594283230602741,
      0.01083055604249239,
      0.011340667493641376,
      0.011353064328432083,
      0.011051701381802559,
      0.0109897805377841,
      0.011296351440250874,
      0.010702366940677166,
      0.010860881768167019,
      0.011461429297924042,
      0.011028728447854519,
      0.010800263844430447,
      0.011106455698609352,
      0.010739398188889027,
      0.01119258813560009,
      0.011552821844816208,
      0.010820875875651836,
      0.010549328289926052,
      0.011652783490717411,
      0.011690578423440456,
