{
   "number_epochs": 300,
   "info_used": "use imputation",
   "perc_full_data": 0.1,
   "n_epochs_no_selection": 0,
   "Frequency % cutoff": 0.3,
   "hidden_size": 32,
   "random_state": 1,
   "train_errors": [
      0.051375992596149445,
      0.04974643513560295,
      0.04878735542297363,
      0.048435743898153305,
      0.04765346273779869,
      0.04634308069944382,
      0.0452534481883049,
      0.0440262146294117,
      0.04315445199608803,
      0.04187116026878357,
      0.040987346321344376,
      0.0397181436419487,
      0.03769781440496445,
      0.03668150678277016,
      0.03552033752202988,
      0.034226320683956146,
      0.03252726420760155,
      0.029962316155433655,
      0.029160581529140472,
      0.028189366683363914,
      0.028056325390934944,
      0.025331703945994377,
      0.024086326360702515,
      0.023879265412688255,
      0.02268173173069954,
      0.02256247214972973,
      0.02169986441731453,
      0.021001877263188362,
      0.020045271143317223,
      0.019971312955021858,
      0.019735131412744522,
      0.01890762895345688,
      0.01951255090534687,
      0.018761029466986656,
      0.018775183707475662,
      0.018100494518876076,
      0.018059102818369865,
      0.01801367849111557,
      0.017566842958331108,
      0.017156679183244705,
      0.0167242418974638,
      0.01607968844473362,
      0.01619875244796276,
      0.01602591574192047,
      0.015178944915533066,
      0.015394812449812889,
      0.015265405178070068,
      0.014546284452080727,
      0.014586582779884338,
      0.01461455412209034,
      0.014216124080121517,
      0.013884088024497032,
      0.013413086533546448,
      0.01365050021559,
      0.013352393172681332,
      0.013618054799735546,
      0.012452869676053524,
      0.013310394249856472,
      0.01264452375471592,
      0.01329414639621973,
      0.01293441466987133,
      0.012574546970427036,
      0.013411669991910458,
      0.012980235740542412,
      0.01254180260002613,
      0.01338200457394123,
      0.012581713497638702,
      0.012088233605027199,
      0.01243125181645155,
      0.012243377044796944,
      0.012415619567036629,
      0.012483227998018265,
      0.0123843839392066,
      0.011936511844396591,
      0.012591392733156681,
      0.011514979414641857,
      0.01206940971314907,
      0.011223099194467068,
      0.011735592968761921,
      0.011954081244766712,
      0.011731411330401897,
      0.01176039595156908,
      0.012603179551661015,
      0.011660617776215076,
      0.010523336939513683,
      0.010698848403990269,
      0.01206685695797205,
      0.011122449301183224,
      0.012278363108634949,
      0.011585187166929245,
      0.010865569114685059,
      0.011463719420135021,
      0.011008204892277718,
      0.010845646262168884,
      0.010741532780230045,
      0.010876667685806751,
      0.011318790726363659,
      0.010493697598576546,
      0.011322250589728355,
      0.010743861086666584,
      0.011212112382054329,
      0.010383665561676025,
      0.010439240373671055,
      0.009807099588215351,
      0.010819388553500175,
      0.010392960160970688,
      0.010226435959339142,
      0.010643563233315945,
      0.009852292016148567,
      0.010406128130853176,
      0.009878776036202908,
      0.011139363050460815,
      0.010760857723653316,
      0.010604948736727238,
      0.00975666381418705,
      0.010363231413066387,
      0.009995423257350922,
      0.009869873523712158,
      0.010257295332849026,
      0.009508221410214901,
      0.010126937180757523,
      0.009518438950181007,
      0.010165901854634285,
      0.009518302977085114,
      0.00974178221076727,
      0.009617527946829796,
      0.009467664174735546,
      0.009023288264870644,
      0.00950850173830986,
      0.009600397199392319,
      0.010478613898158073,
      0.01010819710791111,
      0.009100603871047497,
      0.009205748327076435,
      0.009193392470479012,
      0.009797599166631699,
      0.010353959165513515,
      0.008990674279630184,
      0.009583153761923313,
      0.009633257985115051,
      0.009208938106894493,
      0.009570148773491383,
      0.008996042422950268,
      0.010160250589251518,
      0.009370979852974415,
      0.010289992205798626,
      0.009903371334075928,
      0.009829571470618248,
      0.009390468709170818,
      0.008996077813208103,
      0.009370260871946812,
      0.009031292051076889,
      0.00883390847593546,
      0.00963607057929039,
      0.009604698978364468,
      0.009257850237190723,
      0.008386376313865185,
      0.008875307627022266,
      0.009446723386645317,
      0.00905265286564827,
      0.009212300181388855,
      0.008283574134111404,
      0.009063179604709148,
      0.0082291504368186,
      0.009562012739479542,
      0.008608964271843433,
      0.009573905728757381,
      0.009947041980922222,
      0.008912765420973301,
      0.008985033258795738,
      0.009144097566604614,
      0.009565445594489574,
      0.008837664499878883,
      0.008985800668597221,
      0.00815644022077322,
      0.009423017501831055,
      0.008302940987050533,
      0.009178648702800274,
      0.00912685226649046,
      0.0080980584025383,
      0.009575560688972473,
      0.008482176810503006,
      0.009331176057457924,
      0.00853642262518406,
      0.009204991161823273,
      0.008733495138585567,
      0.007726965472102165,
      0.00788908451795578,
      0.008873507380485535,
      0.008190121501684189,
      0.008496482856571674,
      0.008311997167766094,
      0.0085041094571352,
      0.009530264884233475,
      0.008819671347737312,
      0.008667160756886005,
      0.008096638135612011,
      0.00822398904711008,
      0.007763322442770004,
      0.008718910627067089,
      0.008474945090711117,
      0.008825499564409256,
      0.009192349389195442,
      0.008956830948591232,
      0.008125906810164452,
      0.008739767596125603,
      0.007739031221717596,
      0.00877605564892292,
      0.008826806209981441,
      0.008100640028715134,
      0.007656407076865435,
      0.007760911714285612,
      0.008384961634874344,
      0.008157582022249699,
      0.007939666509628296,
      0.00817014928907156,
      0.00792494136840105,
      0.008858966641128063,
      0.007951512932777405,
      0.008203161880373955,
      0.009719212539494038,
      0.008332283236086369,
      0.008876386098563671,
      0.00780078861862421,
      0.007929634302854538,
      0.007869837805628777,
      0.007586233783513308,
      0.007409554906189442,
      0.007979258894920349,
      0.008390214294195175,
      0.00768278818577528,
      0.008570373058319092,
      0.0077657802030444145,
      0.008833921514451504,
      0.007802302949130535,
      0.006930225063115358,
      0.007583254482597113,
      0.007864314131438732,
      0.006983751431107521,
      0.007749826647341251,
      0.007365396711975336,
      0.008315340615808964,
      0.007003911305218935,
      0.008580666035413742,
      0.008080413565039635,
      0.00796983391046524,
      0.007406568620353937,
      0.007515329401940107,
      0.006667904555797577,
      0.008172429166734219,
      0.0074502164497971535,
      0.00717335706576705,
      0.006797413341701031,
      0.007414485327899456,
      0.007554591633379459,
      0.007162137422710657,
      0.007692641578614712,
      0.008810168132185936,
      0.007464807014912367,
      0.007011045701801777,
      0.007283863145858049,
      0.007435173727571964,
      0.007469262462109327,
      0.006740925367921591,
      0.007806471083313227,
      0.00788767822086811,
      0.006361728068441153,
      0.006936540361493826,
      0.007187726441770792,
      0.0064877718687057495,
      0.007866346277296543,
      0.007631460204720497,
      0.007626060396432877,
      0.006929162889719009,
      0.006906822323799133,
      0.006298334803432226,
      0.007579307537525892,
      0.006151968147605658,
      0.006570597179234028,
      0.00700335344299674,
