{
   "number_epochs": 500,
   "info_used": "partial info",
   "perc_full_data": 0.08,
   "n_epochs_no_selection": 0,
   "Frequency % cutoff": 0.33,
   "hidden_size": 32,
   "random_state": 5,
   "train_errors": [
      0.4982058107852936,
      0.4601759910583496,
      0.41789528727531433,
      0.3832781910896301,
      0.3473196029663086,
      0.31510287523269653,
      0.2796527147293091,
      0.24628597497940063,
      0.21646323800086975,
      0.1852606236934662,
      0.1585180014371872,
      0.12839700281620026,
      0.10481304675340652,
      0.08015599846839905,
      0.060144636780023575,
      0.044877901673316956,
      0.034811925143003464,
      0.029276683926582336,
      0.0276627317070961,
      0.0351925753057003,
      0.04261109605431557,
      0.05000204220414162,
      0.05337676405906677,
      0.05810881033539772,
      0.057685986161231995,
      0.055106572806835175,
      0.05055837333202362,
      0.04247744008898735,
      0.04101136326789856,
      0.032371364533901215,
      0.029812006279826164,
      0.028719119727611542,
      0.02654358185827732,
      0.027200324460864067,
      0.028395261615514755,
      0.02832454815506935,
      0.028158364817500114,
      0.0316913016140461,
      0.029058773070573807,
      0.031018149107694626,
      0.03173417970538139,
      0.03042667731642723,
      0.029222438111901283,
      0.025059489533305168,
      0.027168530970811844,
      0.02581535093486309,
      0.02435717172920704,
      0.022967664524912834,
      0.022955164313316345,
      0.023802954703569412,
      0.02374289184808731,
      0.021921128034591675,
      0.024409053847193718,
      0.02292489819228649,
      0.023579740896821022,
      0.022315962240099907,
      0.024644413962960243,
      0.022809289395809174,
      0.02301347441971302,
      0.021212637424468994,
      0.02028210088610649,
      0.019880235195159912,
      0.021071109920740128,
      0.021360067650675774,
      0.020053856074810028,
      0.02021246962249279,
      0.019749952480196953,
      0.019025063142180443,
      0.019269021227955818,
      0.02005600742995739,
      0.018800122663378716,
      0.021074501797556877,
      0.020500237122178078,
      0.019337261095643044,
      0.019543854519724846,
      0.01836402527987957,
      0.017650797963142395,
      0.01724303886294365,
      0.01762864924967289,
      0.017948180437088013,
      0.017468499019742012,
      0.018219565972685814,
      0.017796169966459274,
      0.017852244898676872,
      0.017001371830701828,
      0.01927190274000168,
      0.018106717616319656,
      0.01798385940492153,
      0.018621934577822685,
      0.018325699493288994,
      0.01616095006465912,
      0.017670530825853348,
      0.016062842682003975,
      0.01588808372616768,
      0.015714826062321663,
      0.01648966781795025,
      0.01529690995812416,
      0.015180527232587337,
      0.01671553961932659,
      0.014276210218667984,
      0.015584973618388176,
      0.013714022003114223,
      0.017400935292243958,
      0.014297576621174812,
      0.016090499237179756,
      0.015760745853185654,
      0.015678370371460915,
      0.015738099813461304,
      0.017701406031847,
      0.01710989512503147,
      0.015898216515779495,
      0.015400202013552189,
      0.014976202510297298,
      0.01612923853099346,
      0.01354924775660038,
      0.0160451028496027,
      0.01567865163087845,
      0.014264790341258049,
      0.014932086691260338,
      0.014505605213344097,
      0.01454626303166151,
      0.014479972422122955,
      0.01568165421485901,
      0.014360183849930763,
      0.012716543860733509,
      0.015155673027038574,
      0.014123891480267048,
      0.01573213003575802,
      0.014158041216433048,
      0.016463255509734154,
      0.01364928763359785,
      0.015036145225167274,
      0.015476388856768608,
      0.013813691213726997,
      0.013576755300164223,
      0.013258127495646477,
      0.015374266542494297,
      0.012802314013242722,
      0.01451155450195074,
      0.012978085316717625,
      0.013219810090959072,
      0.01323566772043705,
      0.013759600929915905,
      0.013852340169250965,
      0.014567159116268158,
      0.013827306218445301,
      0.013075735419988632,
      0.012776609510183334,
      0.014077742584049702,
      0.013867548666894436,
      0.015045278705656528,
      0.015349302440881729,
      0.014437834732234478,
      0.012651332654058933,
      0.014284718781709671,
      0.012935484759509563,
      0.013021818362176418,
      0.014162163250148296,
      0.01313680037856102,
      0.014097421430051327,
      0.012693069875240326,
      0.013919655233621597,
      0.015816818922758102,
      0.014131281524896622,
      0.01331133209168911,
      0.014303397387266159,
      0.012972230091691017,
      0.013540377840399742,
      0.014276856556534767,
      0.013780373148620129,
      0.01589287258684635,
      0.013586844317615032,
      0.013535621576011181,
      0.013840405270457268,
      0.013944169506430626,
      0.013307194225490093,
      0.013357248157262802,
      0.013723745010793209,
      0.014268772676587105,
      0.013252731412649155,
      0.013803268782794476,
      0.012595897540450096,
      0.012793952599167824,
      0.01301453448832035,
      0.012538825161755085,
      0.01392251905053854,
      0.014743240550160408,
      0.013070696033537388,
      0.011926413513720036,
      0.012838315218687057,
      0.01315513625741005,
      0.013632169924676418,
      0.013834244571626186,
      0.012878889217972755,
      0.012402868829667568,
      0.014707395806908607,
      0.012879586778581142,
      0.014098862186074257,
      0.013375511392951012,
      0.012858087196946144,
      0.014700115658342838,
      0.012156813405454159,
      0.013968990184366703,
      0.014524406753480434,
      0.012689738534390926,
      0.011849909089505672,
      0.01381167396903038,
      0.012877486646175385,
      0.012617874890565872,
      0.012773987837135792,
      0.013469159603118896,
      0.013723849318921566,
      0.014590110629796982,
      0.014420399442315102,
      0.012515139766037464,
      0.013003196567296982,
      0.013797962106764317,
      0.01378617063164711,
      0.012417873367667198,
      0.012362102046608925,
      0.01297044102102518,
      0.012586979195475578,
      0.012501847930252552,
      0.012597776018083096,
      0.0125938905403018,
      0.011974924243986607,
      0.015007692389190197,
      0.012387090362608433,
      0.01362207718193531,
      0.013360363431274891,
      0.011730298399925232,
      0.0137124452739954,
      0.013369312509894371,
      0.012097060680389404,
      0.012521247379481792,
      0.013553299009799957,
      0.01441845390945673,
      0.013107771053910255,
      0.012109646573662758,
      0.012968971394002438,
      0.013654036447405815,
      0.013039170764386654,
      0.013935169205069542,
      0.012540340423583984,
      0.012062717229127884,
      0.013043241575360298,
      0.013738689012825489,
      0.012159881182014942,
      0.012423898093402386,
      0.0119468430057168,
      0.012882419861853123,
      0.013101335614919662,
      0.012518485076725483,
      0.014437331818044186,
      0.010044118389487267,
      0.012937000021338463,
      0.012187670916318893,
      0.012903127819299698,
      0.012311614118516445,
      0.012713620439171791,
      0.012593843042850494,
      0.011938250623643398,
      0.012506857514381409,
      0.012876901775598526,
      0.013125767931342125,
      0.014052411541342735,
      0.012912391684949398,
      0.01183920819312334,
      0.014090373180806637,
      0.011673643253743649,
      0.012432253919541836,
      0.012819529511034489,
      0.014931547455489635,
      0.012883100658655167,
      0.012231568805873394,
      0.013390401378273964,
      0.011390862055122852,
      0.013607555069029331,
      0.013989745639264584,
      0.013703727163374424,
      0.012815341353416443,
