{
   "number_epochs": 500,
   "info_used": "partial info",
   "perc_full_data": 0.08,
   "n_epochs_no_selection": 0,
   "Frequency % cutoff": 0.33,
   "hidden_size": 32,
   "random_state": 2,
   "train_errors": [
      0.22404295206069946,
      0.20038524270057678,
      0.18032698333263397,
      0.162331223487854,
      0.14179107546806335,
      0.12322600930929184,
      0.10692799091339111,
      0.09134241938591003,
      0.07644346356391907,
      0.06347750872373581,
      0.05129779130220413,
      0.043753042817115784,
      0.03874200955033302,
      0.03553590551018715,
      0.03681546822190285,
      0.041451551020145416,
      0.043540775775909424,
      0.04632255807518959,
      0.04798692837357521,
      0.048069022595882416,
      0.04539124295115471,
      0.041004303842782974,
      0.039180878549814224,
      0.03750089183449745,
      0.03501453995704651,
      0.033845897763967514,
      0.03377223014831543,
      0.0313589870929718,
      0.03237197920680046,
      0.031773004680871964,
      0.03167860954999924,
      0.0322328545153141,
      0.032405879348516464,
      0.032762978225946426,
      0.03175065293908119,
      0.03229108080267906,
      0.03078417107462883,
      0.02943437360227108,
      0.03028961643576622,
      0.030435077846050262,
      0.029008157551288605,
      0.029277890920639038,
      0.028191210702061653,
      0.028662163764238358,
      0.02918519265949726,
      0.027839699760079384,
      0.03021783009171486,
      0.027527468279004097,
      0.026162778958678246,
      0.02539537101984024,
      0.02637278288602829,
      0.025672269985079765,
      0.02614154852926731,
      0.02566615864634514,
      0.025365766137838364,
      0.026334749534726143,
      0.025633452460169792,
      0.024184338748455048,
      0.024963203817605972,
      0.024754874408245087,
      0.023408669978380203,
      0.0233166441321373,
      0.02373337745666504,
      0.022497350350022316,
      0.023270588368177414,
      0.0235059205442667,
      0.022737374529242516,
      0.021863624453544617,
      0.022076567634940147,
      0.022507693618535995,
      0.02030797116458416,
      0.021412186324596405,
      0.02047433890402317,
      0.02178324945271015,
      0.020800074562430382,
      0.019982950761914253,
      0.020089250057935715,
      0.020039355382323265,
      0.019666628912091255,
      0.019915318116545677,
      0.020272474735975266,
      0.01945084147155285,
      0.019133441150188446,
      0.018530404195189476,
      0.017722558230161667,
      0.018036432564258575,
      0.017674991860985756,
      0.018199032172560692,
      0.017958665266633034,
      0.019071035087108612,
      0.017822951078414917,
      0.01922001503407955,
      0.018370388075709343,
      0.016210582107305527,
      0.018148673698306084,
      0.01858280785381794,
      0.01795641891658306,
      0.01644187606871128,
      0.016902117058634758,
      0.017831122502684593,
      0.01686493493616581,
      0.017671968787908554,
      0.016521824523806572,
      0.016400229185819626,
      0.014493961818516254,
      0.015767810866236687,
      0.017253650352358818,
      0.016671372577548027,
      0.01581590622663498,
      0.01664799265563488,
      0.016954991966485977,
      0.01478556264191866,
      0.016041815280914307,
      0.014721963554620743,
      0.01576465554535389,
      0.01646231859922409,
      0.014904224313795567,
      0.015534596517682076,
      0.014964157715439796,
      0.01609938032925129,
      0.01719026453793049,
      0.015206841751933098,
      0.015237425453960896,
      0.014885795302689075,
      0.016248207539319992,
      0.015790283679962158,
      0.014294845052063465,
      0.013029701076447964,
      0.014831091277301311,
      0.014300700277090073,
      0.016457976773381233,
      0.01281268335878849,
      0.01451501902192831,
      0.014554370194673538,
      0.01433651428669691,
      0.016410890966653824,
      0.013698185794055462,
      0.013624929822981358,
      0.01708916947245598,
      0.015269875526428223,
      0.013440036214888096,
      0.013731866143643856,
      0.013177119195461273,
      0.013814151287078857,
      0.014339917339384556,
      0.01410739216953516,
      0.012845748104155064,
      0.01386341080069542,
      0.014989467337727547,
      0.014139369130134583,
      0.015324575826525688,
      0.014575660228729248,
      0.01284234318882227,
      0.015066992491483688,
      0.013684060424566269,
      0.012067223899066448,
      0.01409236341714859,
      0.014280302450060844,
      0.014389089308679104,
      0.012194338254630566,
      0.013041740283370018,
      0.012725338339805603,
      0.01369083859026432,
      0.013687849044799805,
      0.0138642443343997,
      0.015037125907838345,
      0.013993015512824059,
      0.013161616399884224,
      0.01283492986112833,
      0.013472650200128555,
      0.014255776070058346,
      0.013986931182444096,
      0.011773016303777695,
      0.013036436401307583,
      0.013654964044690132,
      0.013391988351941109,
      0.013586794026196003,
      0.013774014078080654,
      0.01241734717041254,
      0.01248891931027174,
      0.012857947498559952,
      0.013977735303342342,
      0.012445753440260887,
      0.015040486119687557,
      0.012501413002610207,
      0.013343768194317818,
      0.01316002756357193,
      0.012621873989701271,
      0.01244480349123478,
      0.014283775351941586,
      0.015583613887429237,
      0.012216699309647083,
      0.012333035469055176,
      0.012130131945014,
      0.011993197724223137,
      0.012263786047697067,
      0.012241575866937637,
      0.012391772121191025,
      0.011728163808584213,
      0.011961792595684528,
      0.01221181359142065,
      0.012506654486060143,
      0.013424856588244438,
      0.013168605044484138,
      0.013471554964780807,
      0.012720102444291115,
      0.012066444382071495,
      0.012144539505243301,
      0.012427279725670815,
      0.013585958629846573,
      0.014544381760060787,
      0.012879973277449608,
      0.012433460913598537,
      0.010982579551637173,
      0.011417060159146786,
      0.012209177948534489,
      0.010951153002679348,
      0.012277347967028618,
      0.012368202209472656,
      0.011463547125458717,
      0.010916228406131268,
      0.01286599226295948,
      0.011880709789693356,
      0.011981118470430374,
      0.011788918636739254,
      0.012272198684513569,
      0.011630640365183353,
      0.01018193643540144,
      0.012380892410874367,
      0.01169431209564209,
      0.011688155122101307,
      0.011798919178545475,
      0.010599798522889614,
      0.012096169404685497,
      0.011121331714093685,
      0.010739671997725964,
      0.012074384838342667,
      0.011818792670965195,
      0.012776254676282406,
      0.010040239430963993,
      0.010735745541751385,
      0.011182635091245174,
      0.011948743835091591,
      0.011585837230086327,
      0.011161875911056995,
      0.010273636318743229,
      0.011015002615749836,
      0.012453700415790081,
      0.010699819773435593,
      0.010685691609978676,
      0.012382104992866516,
      0.010600728914141655,
      0.011695347726345062,
      0.009885657578706741,
      0.011984222568571568,
      0.012391723692417145,
      0.010730203241109848,
      0.011742466129362583,
      0.010958706960082054,
      0.012004593387246132,
      0.01157798245549202,
      0.009963071905076504,
      0.01205385010689497,
      0.0109783373773098,
      0.010225150734186172,
      0.01084947306662798,
      0.01114592980593443,
      0.01182361226528883,
      0.011318578384816647,
      0.01008138433098793,
      0.012633525766432285,
      0.010398960672318935,
      0.012328273616731167,
      0.010287247598171234,
      0.009833657182753086,
      0.010829877108335495,
      0.01023469865322113,
      0.010125729255378246,
      0.011831204406917095,
      0.010587603785097599,
      0.010233430191874504,
