{
   "number_epochs": 60,
   "info_used": "use hypothesis",
   "perc_full_data": 0.1,
   "n_epochs_no_selection": 0,
   "Frequency % cutoff": 0.3,
   "hidden_size": 32,
   "random_state": 42,
   "train_errors": [
      0.04449394717812538,
      0.040783897042274475,
      0.03841488063335419,
      0.03692592307925224,
      0.034206945449113846,
      0.03018244355916977,
      0.026805978268384933,
      0.023653758689761162,
      0.02180510200560093,
      0.019531505182385445,
      0.018290717154741287,
      0.017142176628112793,
      0.01638498529791832,
      0.01696617528796196,
      0.016047324985265732,
      0.015409929677844048,
      0.01512209139764309,
      0.014984183013439178,
      0.014932820573449135,
      0.01560816541314125,
      0.015028301626443863,
      0.014211136847734451,
      0.013955223374068737,
      0.014272279106080532,
      0.014069327153265476,
      0.013279670849442482,
      0.014196180738508701,
      0.01426983717828989,
      0.01334257610142231,
      0.013573837466537952,
      0.012808326631784439,
      0.013430044986307621,
      0.012696661055088043,
      0.012221412733197212,
      0.013747996650636196,
      0.012642310000956059,
      0.013108070008456707,
      0.013019866310060024,
      0.01339968852698803,
      0.012434810400009155,
      0.013009728863835335,
      0.012085522525012493,
      0.012912578880786896,
      0.012866425327956676,
      0.014251929707825184,
      0.013199619948863983,
      0.0137131717056036,
      0.013208112679421902,
      0.01261880062520504,
      0.013349280692636967,
      0.014720972627401352,
      0.012170427478849888,
      0.013009710237383842,
      0.014628794975578785,
      0.01396665908396244,
      0.01231224276125431,
      0.014947707764804363,
      0.013827801682054996,
      0.01494886539876461,
      0.013506275601685047
   ],
   "valid_errors": [
      0.07188781350851059,
      0.045448072254657745,
      0.027477478608489037,
      0.024578727781772614,
      0.023340847343206406,
      0.022297628223896027,
      0.020681487396359444,
      0.020186355337500572,
      0.019447315484285355,
      0.018791072070598602,
      0.018599607050418854,
      0.01845267042517662,
      0.017947886139154434
   ],
   "val_epochs": [
      0,
      5,
      10,
      15,
      20,
      25,
      30,
      35,
      40,
      45,
      50,
      55,
      59
   ],
   "input_data_path": "../data/photoredox_yield/photo_redox_merck2021_1649reactions.csv",
   "gradwcontext": true,
   "Encompassing Param": 0.05,
   "Normalize Grads & Contx": false,
   "cluster_all_classes": false,
   "imputation method": "",
   "model_dropout": 0.05
}