{
   "number_epochs": 60,
   "info_used": "use hypothesis",
   "perc_full_data": 0.3,
   "n_epochs_no_selection": 0,
   "Frequency % cutoff": 0.3,
   "hidden_size": 32,
   "random_state": 42,
   "train_errors": [
      0.04448727145791054,
      0.040542032569646835,
      0.037660375237464905,
      0.035267747938632965,
      0.031668771058321,
      0.026999456807971,
      0.023400355130434036,
      0.019831299781799316,
      0.01788625679910183,
      0.01608525961637497,
      0.01581394113600254,
      0.015118814073503017,
      0.014975510537624359,
      0.0149478018283844,
      0.014075825922191143,
      0.012167930603027344,
      0.01225306373089552,
      0.01137522142380476,
      0.011807764880359173,
      0.012124117463827133,
      0.011585390195250511,
      0.010507622733712196,
      0.010062035173177719,
      0.009812417440116405,
      0.009529695846140385,
      0.009061126969754696,
      0.009242654778063297,
      0.009751813486218452,
      0.008231058716773987,
      0.007876441814005375,
      0.007682619616389275,
      0.00868397019803524,
      0.007443019188940525,
      0.007491812109947205,
      0.007517433259636164,
      0.007003911770880222,
      0.007700580172240734,
      0.008050787262618542,
      0.008250612765550613,
      0.007308454252779484,
      0.007742638699710369,
      0.007234926801174879,
      0.007443667855113745,
      0.007800796069204807,
      0.007104864809662104,
      0.008625180460512638,
      0.0074920654296875,
      0.007340771146118641,
      0.007568009197711945,
      0.007047080900520086,
      0.007154781371355057,
      0.006463283207267523,
      0.006937047000974417,
      0.007605822756886482,
      0.00738788116723299,
      0.007381293922662735,
      0.007451247423887253,
      0.00732122827321291,
      0.007329813204705715,
      0.007804689928889275
   ],
   "valid_errors": [
      0.07187063246965408,
      0.040272850543260574,
      0.025004563853144646,
      0.022138534113764763,
      0.020766470581293106,
      0.019740428775548935,
      0.0184329841285944,
      0.018002577126026154,
      0.01739971898496151,
      0.016918590292334557,
      0.016913047060370445,
      0.017247630283236504,
      0.017208950594067574
   ],
   "val_epochs": [
      0,
      5,
      10,
      15,
      20,
      25,
      30,
      35,
      40,
      45,
      50,
      55,
      59
   ],
   "input_data_path": "../data/photoredox_yield/photo_redox_merck2021_1649reactions.csv",
   "gradwcontext": true,
   "Encompassing Param": 0.1,
   "Normalize Grads & Contx": false,
   "cluster_all_classes": false,
   "imputation method": "",
   "model_dropout": 0.05
}