{
   "number_epochs": 30,
   "info_used": "use imputation",
   "perc_full_data": 0.03,
   "n_epochs_no_selection": 0,
   "Frequency % cutoff": 0.33,
   "hidden_size": 32,
   "random_state": 2,
   "train_errors": [
      0.012792585417628288,
      0.012166296131908894,
      0.013550766743719578,
      0.011434311047196388,
      0.010302702896296978,
      0.009773610159754753,
      0.009477290324866772,
      0.008480258285999298,
      0.009651066735386848,
      0.008927932940423489,
      0.008596877567470074,
      0.008066259324550629,
      0.008577138185501099,
      0.008132426999509335,
      0.007638836279511452,
      0.007800921332091093,
      0.008600798435509205,
      0.007292704191058874,
      0.008352741599082947,
      0.007627187762409449,
      0.00738769443705678,
      0.007588852196931839,
      0.00791941862553358,
      0.0074161081574857235,
      0.007653088308870792,
      0.007546920329332352,
      0.006949028465896845,
      0.007173206191509962,
      0.007050978019833565,
      0.007121747359633446
   ],
   "valid_errors": [
      0.011292386800050735,
      0.009723080322146416,
      0.009206682443618774,
      0.009626254439353943,
      0.010382126085460186,
      0.010651614516973495,
      0.011080808006227016
   ],
   "val_epochs": [
      0,
      5,
      10,
      15,
      20,
      25,
      29
   ],
   "input_data_path": "../data/dataset_photo_pce10/data.csv",
   "gradwcontext": true,
   "Encompassing Param": 0.1,
   "Normalize Grads & Contx": false,
   "cluster_all_classes": false,
   "imputation method": "Deep Regressor",
   "model_dropout": 0.05
}