{
   "number_epochs": 500,
   "info_used": "use imputation",
   "perc_full_data": 0.015,
   "n_epochs_no_selection": 0,
   "Frequency % cutoff": 0.33,
   "hidden_size": 32,
   "random_state": 7,
   "train_errors": [
      0.011266915127635002,
      0.011106891557574272,
      0.011575988493859768,
      0.010148015804588795,
      0.009491377510130405,
      0.00976626854389906,
      0.009230006486177444,
      0.008957271464169025,
      0.009233981370925903,
      0.009202763438224792,
      0.008948233909904957,
      0.009045860730111599,
      0.009121930226683617,
      0.008860179223120213,
      0.008775684982538223,
      0.008754878304898739,
      0.008627131581306458,
      0.008562461473047733,
      0.008626943454146385,
      0.008840889669954777,
      0.008481222204864025,
      0.008555480279028416,
      0.008538424968719482,
      0.008521373383700848,
      0.008414638228714466,
      0.00864618644118309,
      0.008580366149544716,
      0.008383951149880886,
      0.008678417652845383,
      0.008552522398531437,
      0.008437450975179672,
      0.008578001521527767,
      0.008422604762017727,
      0.008334681391716003,
      0.008448883891105652,
      0.008413227275013924,
      0.0086111631244421,
      0.008506719954311848,
      0.008242937736213207,
      0.008463891223073006,
      0.008612790144979954,
      0.00821288488805294,
      0.008219694718718529,
      0.00832557212561369,
      0.008292612619698048,
      0.008468572981655598,
      0.008227999322116375,
      0.008263558149337769,
      0.008278545923531055,
      0.008152902126312256,
      0.008201202377676964,
      0.008195200935006142,
      0.008242907002568245,
      0.00840787123888731,
      0.008396097458899021,
      0.008321995846927166,
      0.00804899726063013,
      0.008221442811191082,
      0.008085825480520725,
      0.0081641785800457,
      0.008252747356891632,
      0.008276465348899364,
      0.008527585305273533,
      0.008098919875919819,
      0.008381038904190063,
      0.008294209837913513,
      0.008320525288581848,
      0.008274266496300697,
      0.008322624489665031,
      0.008289854042232037,
      0.008018664084374905,
      0.008233652450144291,
      0.00829247198998928,
      0.008373213931918144,
      0.008304295130074024,
      0.008245467208325863,
      0.008307121694087982,
      0.007897983305156231,
      0.008533922024071217,
      0.008198961615562439,
      0.00823309924453497,
      0.008176801726222038,
      0.00821889378130436,
      0.008195983245968819,
      0.0084208520129323,
      0.008303103968501091,
      0.008271942846477032,
      0.008264674805104733,
      0.008265268057584763,
      0.008293170481920242,
      0.008251643739640713,
      0.00823846273124218,
      0.008359885774552822,
      0.008270755410194397,
      0.008098509162664413,
      0.008088039234280586,
      0.008020204491913319,
      0.008116872049868107,
      0.00818859413266182,
      0.00815108884125948,
      0.008236364461481571,
      0.008294208906590939,
      0.008151260204613209,
      0.008011448197066784,
      0.008013208396732807,
      0.008084041066467762,
      0.007985920645296574,
      0.008305959403514862,
      0.008194972760975361,
      0.008090296760201454,
      0.007989158853888512,
      0.007985606789588928,
      0.00831642933189869,
      0.008317609317600727,
      0.00831468217074871,
      0.008315605111420155,
      0.008412627503275871,
      0.008221209980547428,
      0.008312331512570381,
      0.008497708477079868,
      0.008047696202993393,
      0.008200504817068577,
      0.008112729527056217,
      0.008218299597501755,
      0.0082428939640522,
      0.008081717416644096,
      0.00807200651615858,
      0.007915554568171501,
      0.008179397322237492,
      0.007915970869362354,
      0.008023452945053577,
      0.008105185814201832,
      0.008152591064572334,
      0.008088645525276661,
      0.008186534978449345,
      0.00818026252090931,
      0.007877591997385025,
      0.007921127602458,
      0.008006115444004536,
      0.007874330505728722,
      0.008293431252241135,
      0.008059164509177208,
      0.008099330589175224,
      0.007849779911339283,
      0.008111456409096718,
      0.008063742890954018,
      0.008392329327762127,
      0.008137094788253307,
      0.00785162951797247,
      0.008163169957697392,
      0.008334919810295105,
      0.008058415725827217,
      0.00808270275592804,
      0.007893976755440235,
      0.007912015542387962,
      0.007932660169899464,
      0.008115156553685665,
      0.008247983641922474,
      0.00810609944164753,
      0.007921342737972736,
      0.007908460684120655,
      0.008083625696599483,
      0.007967934012413025,
      0.007893756031990051,
      0.008035155944526196,
      0.007975409738719463,
      0.008107919245958328,
      0.007947796955704689,
      0.007864510640501976,
      0.007850057445466518,
      0.008242862299084663,
      0.00778282480314374,
      0.008014652878046036,
      0.007921777665615082,
      0.008003534749150276,
      0.007812135852873325,
      0.007747980300337076,
      0.007893147878348827,
      0.008168662898242474,
      0.008032913319766521,
      0.008007829077541828,
      0.008088558912277222,
      0.007997955195605755,
      0.007831424474716187,
      0.007770787924528122,
      0.007922257296741009,
      0.007895329967141151,
      0.007781658787280321,
      0.007908692583441734,
      0.007845582440495491,
      0.00783033762127161,
      0.007972676306962967,
      0.007689495570957661,
      0.007703463546931744,
      0.00759790139272809,
      0.007881669327616692,
      0.007935935631394386,
      0.007920983247458935,
      0.007719238288700581,
      0.007764836307615042,
      0.0078008584678173065,
      0.007620548829436302,
      0.007646440528333187,
      0.008108350448310375,
      0.007919308729469776,
      0.007550561800599098,
      0.007735556922852993,
      0.007749201264232397,
      0.007671128027141094,
      0.007658340036869049,
      0.0075790537521243095,
      0.00769413635134697,
      0.0075608426705002785,
      0.007469924632459879,
      0.0074013471603393555,
      0.00757493544369936,
      0.007417924702167511,
      0.007559053134173155,
      0.007622946053743362,
      0.007400606293231249,
      0.007389307953417301,
      0.007198583334684372,
      0.007554668001830578,
      0.007654042448848486,
      0.007611392997205257,
      0.007366498466581106,
      0.0073401411063969135,
      0.0071807787753641605,
      0.00717519735917449,
      0.007246856577694416,
      0.006841316353529692,
      0.007030378095805645,
      0.006967766676098108,
      0.007210295647382736,
      0.006967718712985516,
      0.007764579262584448,
      0.006919859442859888,
      0.007489814888685942,
      0.006949423812329769,
      0.007035352289676666,
      0.006532031577080488,
      0.006637346465140581,
      0.0070210471749305725,
      0.006667679641395807,
      0.0062750279903411865,
      0.006567452102899551,
      0.006788602564483881,
      0.006403727922588587,
      0.006457290146499872,
      0.006477518938481808,
      0.006028056610375643,
      0.006336994469165802,
      0.006315032485872507,
      0.006262662820518017,
      0.0066514210775494576,
      0.006072790361940861,
      0.0056333960965275764,
      0.005852635949850082,
      0.005542251747101545,
      0.006278770510107279,
      0.0060968296602368355,
      0.005892954766750336,
      0.0056257410906255245,
      0.00540034007281065,
      0.005430071149021387,
      0.005346877500414848,
      0.0051018670201301575,
      0.005230833776295185,
      0.004727402236312628,
      0.004967850167304277,
      0.005547358188778162,
      0.005319464951753616,
      0.005369588732719421,
      0.004748196341097355,
      0.004674394614994526,
      0.004814664367586374,
      0.004364680033177137,
      0.004167648497968912,
