{
   "number_epochs": 500,
   "info_used": "use imputation",
   "perc_full_data": 0.02,
   "n_epochs_no_selection": 0,
   "Frequency % cutoff": 0.33,
   "hidden_size": 32,
   "random_state": 11,
   "train_errors": [
      0.01242586225271225,
      0.012344240210950375,
      0.01117943786084652,
      0.010444960556924343,
      0.010213230736553669,
      0.009897878393530846,
      0.009659632109105587,
      0.009371471591293812,
      0.00882929377257824,
      0.009667080827057362,
      0.008857744745910168,
      0.008802611380815506,
      0.008924099616706371,
      0.00898047350347042,
      0.008912940509617329,
      0.008479849435389042,
      0.008425138890743256,
      0.008570228703320026,
      0.008575348183512688,
      0.008387977257370949,
      0.008517398498952389,
      0.008530263788998127,
      0.00833500549197197,
      0.008308464661240578,
      0.008273161947727203,
      0.00847938284277916,
      0.008372894488275051,
      0.008308425545692444,
      0.00831507332623005,
      0.008203098550438881,
      0.008061692118644714,
      0.008153327740728855,
      0.00782061368227005,
      0.008340555243194103,
      0.008208016864955425,
      0.00816393829882145,
      0.008049196563661098,
      0.008032182231545448,
      0.008294863626360893,
      0.007671774830669165,
      0.008130954578518867,
      0.007993346080183983,
      0.007933393120765686,
      0.007945677265524864,
      0.007766617462038994,
      0.007690198719501495,
      0.007980293594300747,
      0.007756493519991636,
      0.007959985174238682,
      0.008031362667679787,
      0.00766355125233531,
      0.008072685450315475,
      0.008227374404668808,
      0.007874012924730778,
      0.007745286915451288,
      0.007638128940016031,
      0.007956257089972496,
      0.007728488650172949,
      0.007948901504278183,
      0.0077117374166846275,
      0.007725720293819904,
      0.007994900457561016,
      0.007560177240520716,
      0.007492261938750744,
      0.007719884626567364,
      0.00794860441237688,
      0.008010942488908768,
      0.00773501256480813,
      0.007682647090405226,
      0.007979563437402248,
      0.007788555230945349,
      0.007648442406207323,
      0.007825239561498165,
      0.008107701316475868,
      0.008086935617029667,
      0.007622579578310251,
      0.007706187199801207,
      0.007873711176216602,
      0.007864288985729218,
      0.007549923844635487,
      0.007813120260834694,
      0.007748432457447052,
      0.007808503229171038,
      0.007538443431258202,
      0.007865852676331997,
      0.007755952887237072,
      0.007832770235836506,
      0.007885981351137161,
      0.007775754667818546,
      0.007823502644896507,
      0.00774552533403039,
      0.007723168935626745,
      0.00776104349642992,
      0.007616260554641485,
      0.0074489060789346695,
      0.007723698858171701,
      0.007864480838179588,
      0.0076256562024354935,
      0.007725199218839407,
      0.007387407589703798,
      0.007707561366260052,
      0.007838765159249306,
      0.007737788837403059,
      0.007569500710815191,
      0.007682358846068382,
      0.007636852562427521,
      0.007438733708113432,
      0.007971369661390781,
      0.00782847125083208,
      0.007668016944080591,
      0.007738976273685694,
      0.0077175600454211235,
      0.007533613126724958,
      0.007559145800769329,
      0.0079806474968791,
      0.007850635796785355,
      0.00743619492277503,
      0.0077265542931854725,
      0.007498200051486492,
      0.00793000403791666,
      0.0073594218119978905,
      0.007743745110929012,
      0.007539711892604828,
      0.007512310985475779,
      0.007675664499402046,
      0.007615000940859318,
      0.007717386353760958,
      0.0074738068506121635,
      0.007527107372879982,
      0.007587946951389313,
      0.007815185002982616,
      0.007813501171767712,
      0.007898246869444847,
      0.007472519762814045,
      0.007329795975238085,
      0.007519301492720842,
      0.007539826445281506,
      0.0074195475317537785,
      0.007544271647930145,
      0.007472239434719086,
      0.0074166469275951385,
      0.0071869161911308765,
      0.008136041462421417,
      0.007462377659976482,
      0.007446171250194311,
      0.007626755628734827,
      0.007386458106338978,
      0.007395448628813028,
      0.007731751073151827,
      0.007328327279537916,
      0.007622703444212675,
      0.007486939430236816,
      0.007388181984424591,
      0.007113313302397728,
      0.007432467304170132,
      0.007384185679256916,
      0.007604518439620733,
      0.007563803810626268,
      0.007411251775920391,
      0.007841483689844608,
      0.007454400882124901,
      0.00753804249688983,
      0.007824174128472805,
      0.007348380517214537,
      0.007238100282847881,
      0.007269090972840786,
      0.007743712980300188,
      0.007289412897080183,
      0.007397021632641554,
      0.007384951692074537,
      0.007435115519911051,
      0.007398821879178286,
      0.00743901077657938,
      0.0073754810728132725,
      0.007732960861176252,
      0.007352419197559357,
      0.007331669330596924,
      0.007575832307338715,
      0.007107296492904425,
      0.00741851981729269,
      0.007235840428620577,
      0.007310804445296526,
      0.007445283699780703,
      0.007368420250713825,
      0.007211111485958099,
      0.007358852308243513,
      0.007318147923797369,
      0.007543197367340326,
      0.007478340063244104,
      0.007199015934020281,
      0.007575677707791328,
      0.007966072298586369,
      0.00728056812658906,
      0.00736197829246521,
      0.007583558559417725,
      0.007157090585678816,
      0.007528434041887522,
      0.007537472993135452,
      0.007622221950441599,
      0.007306148298084736,
      0.007675254717469215,
      0.00715388311073184,
      0.007457933854311705,
      0.0073875077068805695,
      0.007468793075531721,
      0.0071992408484220505,
      0.007412206381559372,
      0.007381231524050236,
      0.00733798835426569,
      0.0070185051299631596,
      0.007299560122191906,
      0.007353305816650391,
      0.0072828964330255985,
      0.007135841529816389,
      0.0071161421947181225,
      0.0075612799264490604,
      0.007227141410112381,
      0.007150988094508648,
      0.007180886343121529,
      0.0072523741982877254,
      0.007238674908876419,
      0.007246748078614473,
      0.00762408971786499,
      0.007381023373454809,
      0.007069389335811138,
      0.007079434581100941,
      0.007240372709929943,
      0.007122039794921875,
      0.007188286166638136,
      0.007243719417601824,
      0.007008199580013752,
      0.007106979377567768,
      0.0073940083384513855,
      0.007074671797454357,
      0.007482345215976238,
      0.007118577137589455,
      0.0076441094279289246,
      0.007063068449497223,
      0.007515644654631615,
      0.007135923486202955,
      0.007057107053697109,
      0.00723859341815114,
      0.007159591652452946,
      0.007684832438826561,
      0.007217478938400745,
      0.0071298955008387566,
      0.006960264872759581,
      0.007268753368407488,
      0.007057806942611933,
      0.007309241686016321,
      0.006994933821260929,
      0.007352761924266815,
      0.006925283931195736,
      0.007141075562685728,
      0.007158405147492886,
      0.0074290866032242775,
      0.007297826930880547,
      0.007115436717867851,
      0.0075117745436728,
      0.006881156470626593,
      0.007044046185910702,
      0.00722616259008646,
      0.0068645114079117775,
      0.007169859483838081,
      0.007047065068036318,
      0.0070288898423314095,
      0.0070992885157465935,
      0.007062673568725586,
      0.006892110221087933,
      0.0068238829262554646,
      0.007051430176943541,
      0.006919072940945625,
      0.007005435414612293,
      0.006693475879728794,
      0.006696096155792475,
      0.006836553104221821,
      0.006954421289265156,
      0.00695370975881815,
