{
   "number_epochs": 500,
   "info_used": "use imputation",
   "perc_full_data": 0.02,
   "n_epochs_no_selection": 0,
   "Frequency % cutoff": 0.33,
   "hidden_size": 32,
   "random_state": 10,
   "train_errors": [
      0.027255922555923462,
      0.010268732905387878,
      0.014685195870697498,
      0.01771402545273304,
      0.014372806064784527,
      0.009905201382935047,
      0.009799682535231113,
      0.010679760947823524,
      0.011159311980009079,
      0.010478938929736614,
      0.009780418127775192,
      0.009153388440608978,
      0.00968750286847353,
      0.010349946096539497,
      0.010631278157234192,
      0.009377089329063892,
      0.009193594567477703,
      0.009019289165735245,
      0.009598356671631336,
      0.00947915855795145,
      0.009384097531437874,
      0.00959913432598114,
      0.009283109568059444,
      0.008867529220879078,
      0.00866987369954586,
      0.008970450609922409,
      0.009077707305550575,
      0.009628420695662498,
      0.00916658341884613,
      0.008886649273335934,
      0.009227451868355274,
      0.009141749702394009,
      0.008839552290737629,
      0.009035972878336906,
      0.009425812400877476,
      0.009108541533350945,
      0.008963173255324364,
      0.008969562128186226,
      0.008968500420451164,
      0.009513476863503456,
      0.00887081678956747,
      0.009358666837215424,
      0.00917590968310833,
      0.008832435123622417,
      0.009277119301259518,
      0.00902852974832058,
      0.009124521166086197,
      0.009088367223739624,
      0.009668678976595402,
      0.009418490342795849,
      0.008731801994144917,
      0.009431417100131512,
      0.009334223344922066,
      0.008811433799564838,
      0.009067907929420471,
      0.009431304410099983,
      0.009259075857698917,
      0.008905157446861267,
      0.009007090702652931,
      0.008806705474853516,
      0.009114147163927555,
      0.009099709801375866,
      0.009170068427920341,
      0.008703965693712234,
      0.00904879905283451,
      0.008745109662413597,
      0.009156285785138607,
      0.009128647856414318,
      0.009273126721382141,
      0.008959130384027958,
      0.008921685628592968,
      0.009274881333112717,
      0.009041768498718739,
      0.008865812793374062,
      0.008956321515142918,
      0.009157291613519192,
      0.008880820125341415,
      0.009065095335245132,
      0.008914250880479813,
      0.009023248217999935,
      0.008932803757488728,
      0.008945571258664131,
      0.008842317387461662,
      0.00914518442004919,
      0.009140778332948685,
      0.009157744236290455,
      0.008999221958220005,
      0.00921629834920168,
      0.008742016740143299,
      0.008955090306699276,
      0.008803127333521843,
      0.00923730619251728,
      0.008945142850279808,
      0.008904148824512959,
      0.008851122111082077,
      0.008788143284618855,
      0.00910714827477932,
      0.00897679477930069,
      0.00894120056182146,
      0.009516531601548195,
      0.00877397507429123,
      0.008713808842003345,
      0.00921165756881237,
      0.00934395007789135,
      0.008970444090664387,
      0.008729840628802776,
      0.009393731132149696,
      0.009125963784754276,
      0.009215466678142548,
      0.008745348080992699,
      0.00864460226148367,
      0.008730181492865086,
      0.009037591516971588,
      0.008836756460368633,
      0.009062734432518482,
      0.009061044082045555,
      0.009009668603539467,
      0.00917927548289299,
      0.008988586254417896,
      0.0092445258051157,
      0.009014395996928215,
      0.008943927474319935,
      0.009212572127580643,
      0.008901171386241913,
      0.008582347072660923,
      0.009016500785946846,
      0.009048568084836006,
      0.00875023566186428,
      0.008986193686723709,
      0.008832230232656002,
      0.00895810779184103,
      0.008805695921182632,
      0.008909630589187145,
      0.00903975497931242,
      0.008771583437919617,
      0.009229985065758228,
      0.008962824009358883,
      0.009057395160198212,
      0.008587333373725414,
      0.008690481074154377,
      0.008820848539471626,
      0.00890352949500084,
      0.009014206938445568,
      0.008986210450530052,
      0.009093545377254486,
      0.008983979001641273,
      0.00864855945110321,
      0.008789089508354664,
      0.009083818644285202,
      0.008973523043096066,
      0.009188464842736721,
      0.009368896484375,
      0.008773194625973701,
      0.008958431892096996,
      0.009074277244508266,
      0.008931894786655903,
      0.009106623008847237,
      0.00893653929233551,
      0.009180870838463306,
      0.008869084529578686,
      0.009137810207903385,
      0.008814592845737934,
      0.00875108316540718,
      0.008941578678786755,
      0.009139406494796276,
      0.00896734930574894,
      0.00894899107515812,
      0.008844402618706226,
      0.008827285841107368,
      0.008805030956864357,
      0.00910256803035736,
      0.009045991115272045,
      0.008816119283437729,
      0.009104830212891102,
      0.009056150913238525,
      0.008812103420495987,
      0.008804511278867722,
      0.00887694675475359,
      0.008913882076740265,
      0.008679053746163845,
      0.009063879027962685,
      0.009028451517224312,
      0.008830013684928417,
      0.009031797759234905,
      0.009044606238603592,
      0.008838105946779251,
      0.008912632241845131,
      0.00929412804543972,
      0.009060021489858627,
      0.008849889039993286,
      0.008875722996890545,
      0.008890475146472454,
      0.008862159214913845,
      0.009080596268177032,
      0.008903649635612965,
      0.009086022153496742,
      0.008974750526249409,
      0.00891327578574419,
      0.008875233121216297,
      0.008642518892884254,
      0.008942469954490662,
      0.008859586901962757,
      0.008960992097854614,
      0.009093306958675385,
      0.009069966152310371,
      0.008950939401984215,
      0.008805383928120136,
      0.009047378785908222,
      0.008758429437875748,
      0.009219072759151459,
      0.009018683806061745,
      0.008951731957495213,
      0.00893402099609375,
      0.008871549740433693,
      0.008763084188103676,
      0.009002475067973137,
      0.009010703302919865,
      0.008985484950244427,
      0.008844970725476742,
      0.008919271640479565,
      0.008948101662099361,
      0.008828633464872837,
      0.008932466618716717,
      0.008924278430640697,
      0.008993659168481827,
      0.008869865909218788,
      0.008905644528567791,
      0.008871711790561676,
      0.008977022022008896,
      0.009047212079167366,
      0.009214171208441257,
      0.009088080376386642,
      0.00876039918512106,
      0.009010755456984043,
      0.008882973343133926,
      0.008903455920517445,
      0.008734982460737228,
      0.00881020724773407,
      0.00869776215404272,
      0.009299778379499912,
      0.008968439884483814,
      0.00873982161283493,
      0.00896129198372364,
      0.008707364089787006,
      0.009005168452858925,
      0.00904739461839199,
      0.00865597277879715,
      0.008893370628356934,
      0.009114553220570087,
      0.00894272793084383,
      0.008851447142660618,
      0.00905201118439436,
      0.008966929279267788,
      0.00895362813025713,
      0.008863482624292374,
      0.008792378008365631,
      0.008878812193870544,
      0.008930220268666744,
      0.008814648725092411,
      0.008890694007277489,
      0.008996893651783466,
      0.009073522873222828,
      0.008844261057674885,
      0.009038249962031841,
      0.008911630138754845,
      0.009046651422977448,
      0.008771443739533424,
      0.009145349264144897,
      0.008946328423917294,
      0.008926300331950188,
      0.008960687555372715,
      0.008725721389055252,
      0.0087883984670043,
      0.009039481170475483,
      0.008773131296038628,
      0.008785713464021683,
      0.008703145198523998,
      0.008840159513056278,
      0.008942445740103722,
