{
   "number_epochs": 500,
   "info_used": "use imputation",
   "perc_full_data": 0.02,
   "n_epochs_no_selection": 0,
   "Frequency % cutoff": 0.33,
   "hidden_size": 32,
   "random_state": 7,
   "train_errors": [
      0.01127281691879034,
      0.011109817773103714,
      0.011587642133235931,
      0.01015390083193779,
      0.009504911489784718,
      0.009855736047029495,
      0.009428453631699085,
      0.009019498713314533,
      0.009183051995933056,
      0.009273176081478596,
      0.00898705143481493,
      0.00899054016917944,
      0.009137234650552273,
      0.008934378623962402,
      0.008841125294566154,
      0.008707030676305294,
      0.008615395054221153,
      0.008585416711866856,
      0.008611811324954033,
      0.008857257664203644,
      0.008530205115675926,
      0.008519959636032581,
      0.008535942062735558,
      0.008523588068783283,
      0.00835129339247942,
      0.008709128014743328,
      0.008615080267190933,
      0.008394106291234493,
      0.008700761012732983,
      0.008627968840301037,
      0.00846052449196577,
      0.008603028953075409,
      0.008454439230263233,
      0.008361659944057465,
      0.008481684140861034,
      0.008424426428973675,
      0.008598455227911472,
      0.008541771210730076,
      0.00825251080095768,
      0.008351586759090424,
      0.008553437888622284,
      0.008276327513158321,
      0.008283196948468685,
      0.008260974660515785,
      0.00826761219650507,
      0.008561238646507263,
      0.008178134448826313,
      0.008205680176615715,
      0.008285488933324814,
      0.008148455992341042,
      0.008175959810614586,
      0.008185199461877346,
      0.008267228491604328,
      0.00839946884661913,
      0.008394178934395313,
      0.008290917612612247,
      0.00812985934317112,
      0.00824524462223053,
      0.008132818154990673,
      0.008103367872536182,
      0.008227626793086529,
      0.008260144852101803,
      0.008536006323993206,
      0.008073553442955017,
      0.008380566723644733,
      0.008281429298222065,
      0.008296966552734375,
      0.008252551779150963,
      0.008280658163130283,
      0.00828729197382927,
      0.00799247995018959,
      0.008257696405053139,
      0.008269056677818298,
      0.008369440212845802,
      0.00830701645463705,
      0.008200034499168396,
      0.008283557370305061,
      0.00789739191532135,
      0.008507070131599903,
      0.008157697506248951,
      0.00823112390935421,
      0.008181425742805004,
      0.008175571449100971,
      0.008185305632650852,
      0.008428915403783321,
      0.008289874531328678,
      0.00829755887389183,
      0.008266697637736797,
      0.00825704075396061,
      0.008306571282446384,
      0.008246178738772869,
      0.008220854215323925,
      0.008366544730961323,
      0.00829335767775774,
      0.008106835186481476,
      0.008057845756411552,
      0.007980268448591232,
      0.00813728105276823,
      0.008194728754460812,
      0.008157089352607727,
      0.008224138990044594,
      0.008268453180789948,
      0.008169833570718765,
      0.008022175170481205,
      0.008029375225305557,
      0.008057990111410618,
      0.007974276319146156,
      0.00832874234765768,
      0.008235855028033257,
      0.008114171214401722,
      0.007991237565875053,
      0.007975009270012379,
      0.008342808112502098,
      0.008304646238684654,
      0.008275547064840794,
      0.008302314206957817,
      0.00833803415298462,
      0.008196666836738586,
      0.008278314024209976,
      0.008361873216927052,
      0.008080171421170235,
      0.008274591527879238,
      0.00819297693669796,
      0.008126641623675823,
      0.008259521797299385,
      0.008029341697692871,
      0.008116372860968113,
      0.007876746356487274,
      0.008186474442481995,
      0.007837334647774696,
      0.008033176884055138,
      0.008069661445915699,
      0.008201345801353455,
      0.008107789792120457,
      0.008156570605933666,
      0.008103051222860813,
      0.007853105664253235,
      0.007927763275802135,
      0.007945488207042217,
      0.0078013683669269085,
      0.008234094828367233,
      0.00802365317940712,
      0.008041257970035076,
      0.007855720818042755,
      0.008053661324083805,
      0.008023356087505817,
      0.008267550729215145,
      0.008048529736697674,
      0.007842986844480038,
      0.008096608333289623,
      0.00821131095290184,
      0.008013643324375153,
      0.008037957362830639,
      0.007851244881749153,
      0.007859273813664913,
      0.007866179570555687,
      0.008098072372376919,
      0.008186865597963333,
      0.008050650358200073,
      0.007822188548743725,
      0.007884074933826923,
      0.008044293150305748,
      0.007866300642490387,
      0.007832416333258152,
      0.007949717342853546,
      0.007898741401731968,
      0.008000784553587437,
      0.00784930307418108,
      0.007807101588696241,
      0.007758563384413719,
      0.008242395706474781,
      0.007628054823726416,
      0.007908307947218418,
      0.007834154181182384,
      0.007951665669679642,
      0.007795148529112339,
      0.00774782570078969,
      0.007823508232831955,
      0.008052757009863853,
      0.007965999655425549,
      0.007899503223598003,
      0.007990289479494095,
      0.007936966605484486,
      0.007770194206386805,
      0.007659131661057472,
      0.007783671375364065,
      0.007784832268953323,
      0.007672898471355438,
      0.007891829125583172,
      0.007745315320789814,
      0.007794403471052647,
      0.007953636348247528,
      0.007616603747010231,
      0.007662051357328892,
      0.007530835922807455,
      0.007734206039458513,
      0.007897898554801941,
      0.007883617654442787,
      0.007610475644469261,
      0.007724508177489042,
      0.007764734793454409,
      0.007594733498990536,
      0.007601656019687653,
      0.008141432888805866,
      0.007699227891862392,
      0.007533866912126541,
      0.007706794422119856,
      0.00776500953361392,
      0.0077200080268085,
      0.007626879028975964,
      0.007506833877414465,
      0.0076548391953110695,
      0.0074172429740428925,
      0.007337422110140324,
      0.007416632492095232,
      0.007540568243712187,
      0.007420251611620188,
      0.007746478077024221,
      0.007616602815687656,
      0.007405687123537064,
      0.007476591505110264,
      0.007206200156360865,
      0.00766931613907218,
      0.007467153947800398,
      0.007598761934787035,
      0.00744303734973073,
      0.007282583974301815,
      0.007298704702407122,
      0.007396080996841192,
      0.00720415310934186,
      0.007106405682861805,
      0.007103093434125185,
      0.007017160765826702,
      0.007138379383832216,
      0.007121346890926361,
      0.007718499284237623,
      0.007008396089076996,
      0.007392045576125383,
      0.006889050826430321,
      0.007104276679456234,
      0.006772164721041918,
      0.00677405996248126,
      0.00706089660525322,
      0.00690749054774642,
      0.00646570697426796,
      0.006595656741410494,
      0.006956947967410088,
      0.006667798385024071,
      0.006185311358422041,
      0.006637628190219402,
      0.006610001437366009,
      0.006618073210120201,
      0.006639693398028612,
      0.00621349411085248,
      0.006556375417858362,
      0.006113629788160324,
      0.005855702329427004,
      0.006154772359877825,
      0.00571444071829319,
      0.006156325805932283,
      0.00647031981498003,
      0.006136774085462093,
      0.005908510647714138,
      0.005816100165247917,
      0.005656302906572819,
      0.005477148108184338,
      0.005503491032868624,
      0.005441336426883936,
      0.005102512426674366,
      0.005266112275421619,
      0.005800795741379261,
      0.005841879639774561,
      0.005591084249317646,
      0.0050961729139089584,
      0.004889245145022869,
      0.005350584164261818,
      0.004654174670577049,
      0.004404221661388874,
      0.005397252272814512,
