{
   "number_epochs": 500,
   "info_used": "use imputation",
   "perc_full_data": 0.02,
   "n_epochs_no_selection": 0,
   "Frequency % cutoff": 0.33,
   "hidden_size": 32,
   "random_state": 9,
   "train_errors": [
      0.06107892096042633,
      0.020373668521642685,
      0.01763358898460865,
      0.02531714364886284,
      0.02393876574933529,
      0.017460474744439125,
      0.0135326674208045,
      0.013891708105802536,
      0.013859665021300316,
      0.014887310564517975,
      0.014777795411646366,
      0.013747356832027435,
      0.01286283228546381,
      0.012452484108507633,
      0.011700970120728016,
      0.011997567489743233,
      0.012560935690999031,
      0.01283386629074812,
      0.011865293607115746,
      0.011189551092684269,
      0.011017563752830029,
      0.011942066252231598,
      0.011006039567291737,
      0.011267118155956268,
      0.011015291325747967,
      0.01077442616224289,
      0.011302451603114605,
      0.01105714775621891,
      0.011227557435631752,
      0.01159187313169241,
      0.010493827983736992,
      0.011454736813902855,
      0.010702033527195454,
      0.011367155238986015,
      0.010845767334103584,
      0.010300631634891033,
      0.010993555188179016,
      0.010944981127977371,
      0.011184505186975002,
      0.010459219105541706,
      0.010336269624531269,
      0.010878438130021095,
      0.010747246444225311,
      0.010421541519463062,
      0.0104958051815629,
      0.01059260405600071,
      0.010475044138729572,
      0.010936889797449112,
      0.010811024345457554,
      0.01024989876896143,
      0.010355767793953419,
      0.010409361682832241,
      0.01025890652090311,
      0.010972775518894196,
      0.01042752992361784,
      0.010347760282456875,
      0.010207697749137878,
      0.010411775670945644,
      0.010346525348722935,
      0.010402664542198181,
      0.01018085703253746,
      0.010165384970605373,
      0.009573212824761868,
      0.010345712304115295,
      0.010147365741431713,
      0.01013305876404047,
      0.009929376654326916,
      0.009835992008447647,
      0.010393301025032997,
      0.009731355123221874,
      0.010067835450172424,
      0.010749666020274162,
      0.010371163487434387,
      0.009707515127956867,
      0.009843126870691776,
      0.009794785641133785,
      0.009515545330941677,
      0.010159684345126152,
      0.009703526273369789,
      0.00994563102722168,
      0.009660930372774601,
      0.009698349051177502,
      0.009544886648654938,
      0.009395623579621315,
      0.009554484859108925,
      0.009556420147418976,
      0.009657945483922958,
      0.010006538592278957,
      0.009422906674444675,
      0.009071783162653446,
      0.01005031168460846,
      0.00921818520873785,
      0.009298805147409439,
      0.009147870354354382,
      0.009009584784507751,
      0.008674641139805317,
      0.009197439067065716,
      0.008699556812644005,
      0.009339477866888046,
      0.008998721837997437,
      0.008632132783532143,
      0.008465251885354519,
      0.008529702201485634,
      0.009151934646070004,
      0.008672013878822327,
      0.008593874983489513,
      0.008814578875899315,
      0.00847503263503313,
      0.008528354577720165,
      0.008213994093239307,
      0.008539658039808273,
      0.008669987320899963,
      0.008241865783929825,
      0.008423165418207645,
      0.00810436625033617,
      0.008095056749880314,
      0.007904761470854282,
      0.008006964810192585,
      0.008192100562155247,
      0.00778840109705925,
      0.00788075476884842,
      0.00727606937289238,
      0.007797306403517723,
      0.007401213515549898,
      0.007546673063188791,
      0.007870547473430634,
      0.007017940282821655,
      0.007600805256515741,
      0.0072470009326934814,
      0.007310342974960804,
      0.006466630846261978,
      0.006515114102512598,
      0.006280264351516962,
      0.0063973525539040565,
      0.0064751943573355675,
      0.005053134169429541,
      0.0056800260208547115,
      0.005598393734544516,
      0.005533146671950817,
      0.005297418683767319,
      0.0051431492902338505,
      0.004690052010118961,
      0.00508139980956912,
      0.004267093259841204,
      0.004651014693081379,
      0.004588303621858358,
      0.003832224290817976,
      0.003670919220894575,
      0.0032860354986041784,
      0.0035643598530441523,
      0.0028329144697636366,
      0.0027352122124284506,
      0.002385415369644761,
      0.002585840877145529,
      0.002239799592643976,
      0.0021253435406833887,
      0.0018830756889656186,
      0.0018698697676882148,
      0.0013410147512331605,
      0.0015751648461446166,
      0.0013932897709310055,
      0.0008005998679436743,
      0.0012216804316267371,
      0.0009064097539521754,
      0.0008013645419850945,
      0.0006472534732893109,
      0.0007589215529151261,
      0.0008019209490157664,
      0.000740421935915947,
      0.0008133728406392038,
      0.0004838022869080305,
      0.0004150954191572964,
      0.000731704814825207,
      0.00041406144737266004,
      0.0008320483029820025,
      0.0003712642064783722,
      0.0004545639094430953,
      0.0007305697654373944,
      0.00048316697939299047,
      0.000628793379291892,
      0.0005547847831621766,
      0.00035911088343709707,
      0.0006407641340047121,
      0.0006144975195638835,
      0.0003824261075351387,
      0.0007330579101108015,
      0.0003022601013071835,
      0.0005042856209911406,
      0.0002680920879356563,
      0.0005166670307517052,
      0.0004669628688134253,
      0.00039210505201481283,
      0.000515301595441997,
      0.0004470584390219301,
      0.00043503069900907576,
      0.0004859361215494573,
      0.0005332108703441918,
      0.0001860475167632103,
      0.0002846105198841542,
      0.0003767463203985244,
      0.0006120333564467728,
      0.0002947068715002388,
      0.0003422485606279224,
      0.0004078210622537881,
      0.0015233434969559312,
      0.0005349222919903696,
      0.0002633869298733771,
      0.0007235708762891591,
      0.0006970161339268088,
      0.0005473028286360204,
      0.000767947465647012,
      0.000601199280936271,
      0.0003262269019614905,
      0.0006723120459355414,
      0.0005738834151998162,
      0.0003700634406413883,
      0.00042051824857480824,
      0.0002669209789019078,
      0.0003233809256926179,
      0.00027689209673553705,
      0.0004780405724886805,
      0.0007170386961661279,
      0.00045819630031473935,
      0.00025737431133165956,
      0.0006815248634666204,
      0.00041978119406849146,
      0.0003859610587824136,
      0.00040457790601067245,
      0.0008269978570751846,
      0.0003789166803471744,
      0.00017253446276299655,
      0.00023438013158738613,
      0.000569028255995363,
      0.0003064476477447897,
      0.00021309305157046765,
      0.0002341076178709045,
      0.00031224035774357617,
      0.00025687774177640676,
      0.0009155251318588853,
      0.000397603987948969,
      0.00028506884700618684,
      0.0004097507626283914,
      0.0005296171293593943,
      0.00044569247984327376,
      0.00020112494530621916,
      0.0005221205647103488,
      0.00025940436171367764,
      0.0008157630218192935,
      0.00034221605164930224,
      0.0004672931681852788,
      0.00047222626744769514,
      0.0012089433148503304,
      0.0004969825386069715,
      0.00019688488100655377,
      0.00046034681145101786,
      0.00047008664114400744,
      0.0006545072537846863,
      0.001013315049931407,
      0.00041463953675702214,
      0.0004542916431091726,
      0.0003326785808894783,
      0.0005279737524688244,
      0.00036211905535310507,
      0.00041059014620259404,
      0.0005824191612191498,
      0.0008662902982905507,
      0.00038985334686003625,
      0.00028711851336993277,
      0.00030356994830071926,
      0.00024543472682125866,
      0.00030700082425028086,
      0.00036833412013947964,
      0.0005756763857789338,
