{
   "number_epochs": 500,
   "info_used": "use imputation",
   "perc_full_data": 0.02,
   "n_epochs_no_selection": 0,
   "Frequency % cutoff": 0.33,
   "hidden_size": 32,
   "random_state": 3,
   "train_errors": [
      0.012807032093405724,
      0.012043188326060772,
      0.011866440996527672,
      0.011469502933323383,
      0.011891130357980728,
      0.011862438172101974,
      0.011082040145993233,
      0.011350044049322605,
      0.011111535131931305,
      0.011343886144459248,
      0.011249974370002747,
      0.011369984596967697,
      0.011104753240942955,
      0.011129823513329029,
      0.01104792021214962,
      0.01085967943072319,
      0.010997266508638859,
      0.011320916004478931,
      0.011130803264677525,
      0.010670467279851437,
      0.010422447696328163,
      0.010722622275352478,
      0.010923120193183422,
      0.010759403929114342,
      0.010641505941748619,
      0.010504573583602905,
      0.010604902170598507,
      0.010331494733691216,
      0.010298547334969044,
      0.010933253914117813,
      0.01046550553292036,
      0.010132686235010624,
      0.009961625561118126,
      0.01015012152493,
      0.010523284785449505,
      0.010231276974081993,
      0.009795826859772205,
      0.01022305153310299,
      0.010165190324187279,
      0.009797712787985802,
      0.009864462539553642,
      0.010013445280492306,
      0.009475615806877613,
      0.009486774913966656,
      0.009556480683386326,
      0.009674624539911747,
      0.009624529629945755,
      0.009204407222568989,
      0.009210693649947643,
      0.009546429850161076,
      0.008731323294341564,
      0.00914592482149601,
      0.008865173906087875,
      0.008712004870176315,
      0.008697550743818283,
      0.007877753116190434,
      0.008068470284342766,
      0.007756705861538649,
      0.007979422807693481,
      0.008028095588088036,
      0.007206932175904512,
      0.007138936780393124,
      0.007058892864733934,
      0.0071403393521904945,
      0.006482205353677273,
      0.006363395601511002,
      0.006708731409162283,
      0.006418448872864246,
      0.005658966023474932,
      0.00563419284299016,
      0.004674188327044249,
      0.005621170159429312,
      0.004921277053654194,
      0.004574805963784456,
      0.004217653069645166,
      0.0033264707308262587,
      0.003634858876466751,
      0.003584573045372963,
      0.003199175000190735,
      0.003973792307078838,
      0.003191673196852207,
      0.002709462773054838,
      0.003196792909875512,
      0.003998198546469212,
      0.0027637742459774017,
      0.004009665921330452,
      0.0029208569321781397,
      0.0026930749882012606,
      0.002443596487864852,
      0.0021116132847964764,
      0.0026702862232923508,
      0.0024712670128792524,
      0.002409634878858924,
      0.0018240746576339006,
      0.0019176867790520191,
      0.003075155895203352,
      0.0017355752643197775,
      0.002634200965985656,
      0.0021439159754663706,
      0.002206510631367564,
      0.0020716083236038685,
      0.0016670397017151117,
      0.0015464412281289697,
      0.00129064975772053,
      0.0021681394428014755,
      0.0023793266154825687,
      0.0013393624685704708,
      0.0013625328429043293,
      0.0014123799046501517,
      0.0028325135353952646,
      0.0019339576829224825,
      0.0026792411226779222,
      0.0019372571259737015,
      0.0013804250629618764,
      0.0018900964641943574,
      0.0014880439266562462,
      0.0012785692233592272,
      0.0018463829765096307,
      0.0013466275995597243,
      0.0015169483376666903,
      0.00120211869943887,
      0.0012343775015324354,
      0.0015344624407589436,
      0.0016853765118867159,
      0.0018168679671362042,
      0.0016424678033217788,
      0.0012571157421916723,
      0.0011260826140642166,
      0.0027262354269623756,
      0.0012693627504631877,
      0.0013386532664299011,
      0.0013706838944926858,
      0.0013471024576574564,
      0.0012912111124023795,
      0.002018153900280595,
      0.0018045700853690505,
      0.0020762996282428503,
      0.0014539588009938598,
      0.0018354867352172732,
      0.0016611460596323013,
      0.0017192987725138664,
      0.002076596487313509,
      0.0014736112207174301,
      0.001554263522848487,
      0.0033146156929433346,
      0.0016160045051947236,
      0.001903744414448738,
      0.0012555697467178106,
      0.0017349375411868095,
      0.0013369083171710372,
      0.0016496044117957354,
      0.001328950864262879,
      0.0013577770441770554,
      0.0017314512515440583,
      0.0014051742618903518,
      0.0012119755847379565,
      0.001423562760464847,
      0.001412516925483942,
      0.0015005839522928,
      0.0012703206157311797,
      0.0011638886062428355,
      0.0016213790513575077,
      0.001306693535298109,
      0.0016728622140362859,
      0.0013624766143038869,
      0.0013123995158821344,
      0.001552852801978588,
      0.0012123206397518516,
      0.0016391181852668524,
      0.001519956742413342,
      0.0015583132626488805,
      0.0010508667910471559,
      0.00107899762224406,
      0.001243526116013527,
      0.0015365357976406813,
      0.0014978814870119095,
      0.0011704976204782724,
      0.0013742969604209065,
      0.001153131714090705,
      0.0014408841961994767,
      0.0011463690316304564,
      0.0012586519587785006,
      0.0011902529513463378,
      0.0012844359735026956,
      0.001305607846006751,
      0.001114186248742044,
      0.0026140701957046986,
      0.00111124268732965,
      0.0013667851453647017,
      0.001213535899296403,
      0.002689183922484517,
      0.0013000165345147252,
      0.001407904434017837,
      0.0014078691601753235,
      0.001316957757808268,
      0.0011357400799170136,
      0.001198101439513266,
      0.0015171804698184133,
      0.0017761684721335769,
      0.0010998027864843607,
      0.0013087057741358876,
      0.001481442479416728,
      0.00119532342068851,
      0.0013475577579811215,
      0.001323436270467937,
      0.0009719576337374747,
      0.0011925774160772562,
      0.0012709273723885417,
      0.0010414404096081853,
      0.0012105319183319807,
      0.0012481302255764604,
      0.0012387778842821717,
      0.0012194215087220073,
      0.0011481319088488817,
      0.0012493927497416735,
      0.0009538834565319121,
      0.0010281181894242764,
      0.0009576351149007678,
      0.0013603223487734795,
      0.0010831161634996533,
      0.0011601285077631474,
      0.0014436844503507018,
      0.001280575175769627,
      0.001222824095748365,
      0.0011103370925411582,
      0.0010303964372724295,
      0.0011540334671735764,
      0.001051618135534227,
      0.0011843160027638078,
      0.0015437912661582232,
      0.0013581583043560386,
      0.00173999834805727,
      0.001411924371495843,
      0.0014442034298554063,
      0.0016213571652770042,
      0.0010037890169769526,
      0.0011819098144769669,
      0.0011240895837545395,
      0.0010147367138415575,
      0.0011628546053543687,
      0.0009702420793473721,
      0.0011922920821234584,
      0.001166178728453815,
      0.0009860037826001644,
      0.0009445117902942002,
      0.0011368421837687492,
      0.0009749552700668573,
      0.0013247804017737508,
      0.001546319224871695,
      0.0010286285541951656,
      0.0012121404288336635,
      0.0010716436663642526,
      0.0012500364100560546,
      0.000843107292894274,
      0.0010922777000814676,
      0.0009687180281616747,
      0.001185604720376432,
      0.0008252555271610618,
      0.0009425560128875077,
      0.0011840870138257742,
      0.0014541891869157553,
      0.0008687282097525895,
      0.0010190752800554037,
      0.0009464063914492726,
      0.0010238931281492114,
      0.001083072042092681,
      0.0009107372025027871,
      0.0010110856965184212,
      0.0010341190500184894,
      0.0007907657418400049,
      0.0008048178860917687,
      0.0008907844894565642,
      0.0010817687725648284,
