{
   "number_epochs": 500,
   "info_used": "use imputation",
   "perc_full_data": 0.015,
   "n_epochs_no_selection": 0,
   "Frequency % cutoff": 0.33,
   "hidden_size": 32,
   "random_state": 42,
   "train_errors": [
      0.015050986781716347,
      0.01449732854962349,
      0.01491036918014288,
      0.014616880565881729,
      0.013592344708740711,
      0.013485447503626347,
      0.013465248979628086,
      0.013162887655198574,
      0.012904820963740349,
      0.012964518740773201,
      0.01305534690618515,
      0.01274629682302475,
      0.012419581413269043,
      0.012457771226763725,
      0.012266084551811218,
      0.012342557311058044,
      0.01202390156686306,
      0.011765304021537304,
      0.011549687013030052,
      0.011585485190153122,
      0.011849612928926945,
      0.011555434204638004,
      0.011098084971308708,
      0.010849980637431145,
      0.010974716395139694,
      0.010684040375053883,
      0.011029035784304142,
      0.009806139394640923,
      0.009901721961796284,
      0.009223125874996185,
      0.009664501994848251,
      0.009950576350092888,
      0.008339392021298409,
      0.008427579887211323,
      0.007992138154804707,
      0.007661029230803251,
      0.007634781301021576,
      0.0074187153950333595,
      0.007052768021821976,
      0.006769439671188593,
      0.005960100330412388,
      0.005971842911094427,
      0.006102754734456539,
      0.005296194925904274,
      0.004723868332803249,
      0.004304314497858286,
      0.004018395207822323,
      0.004201926290988922,
      0.003945946227759123,
      0.004539473447948694,
      0.0036653585266321898,
      0.004441602621227503,
      0.0030410184990614653,
      0.002841783221811056,
      0.0028079175390303135,
      0.0029744510538876057,
      0.0023247473873198032,
      0.00322803040035069,
      0.003592076012864709,
      0.001782505656592548,
      0.001701233210042119,
      0.001952001010067761,
      0.0019696506205946207,
      0.003054856089875102,
      0.0016389231896027923,
      0.0024816603399813175,
      0.001673805876635015,
      0.0014223250327631831,
      0.0023308314848691225,
      0.0012706185225397348,
      0.001520426943898201,
      0.0013183060800656676,
      0.0010864249197766185,
      0.0011622774181887507,
      0.0020973498467355967,
      0.00154960120562464,
      0.0016732878284528852,
      0.0014838040806353092,
      0.0010263531003147364,
      0.0031605763360857964,
      0.0008791920845396817,
      0.0012923742178827524,
      0.0012056739069521427,
      0.0015946368221193552,
      0.0015121225733309984,
      0.001890113577246666,
      0.0009682432282716036,
      0.0013606209540739655,
      0.000823402137029916,
      0.0009220855426974595,
      0.0010644523426890373,
      0.0013731507351621985,
      0.001552679343149066,
      0.001249692402780056,
      0.001140132313594222,
      0.0018190722912549973,
      0.0010498972842469811,
      0.0012883665040135384,
      0.00074001494795084,
      0.0010211837943643332,
      0.0014052216429263353,
      0.0016496439930051565,
      0.0012089780066162348,
      0.0011676551075652242,
      0.0009577719611115754,
      0.0020025831181555986,
      0.001534495153464377,
      0.0009059405419975519,
      0.0012649567797780037,
      0.0010105882538482547,
      0.0007199302781373262,
      0.0006264596013352275,
      0.0011895649367943406,
      0.001529976143501699,
      0.0009297964279539883,
      0.0007555792108178139,
      0.001020208583213389,
      0.0011487933807075024,
      0.0011060937540605664,
      0.0009634941816329956,
      0.0008176462724804878,
      0.0011379081988707185,
      0.0011366050457581878,
      0.0010616020299494267,
      0.0013162731193006039,
      0.001252521644346416,
      0.0009350536856800318,
      0.0017516870284453034,
      0.0013140086084604263,
      0.0018819179385900497,
      0.0013785561313852668,
      0.0008451171452179551,
      0.0010492871515452862,
      0.0007434068247675896,
      0.0009649488492868841,
      0.0005515279481187463,
      0.0013209804892539978,
      0.0009913230314850807,
      0.0012905765324831009,
      0.0013116041664034128,
      0.002198395784944296,
      0.0014088248135522008,
      0.0008820671937428415,
      0.000790111196693033,
      0.000978928990662098,
      0.001074029365554452,
      0.0007626797305420041,
      0.0009409788181073964,
      0.0008674995042383671,
      0.000913136696908623,
      0.0008542747236788273,
      0.0007041047210805118,
      0.001044766278937459,
      0.0006994840805418789,
      0.0007740129949524999,
      0.0006224278477020562,
      0.0010107588022947311,
      0.0007689677295275033,
      0.0005218873266130686,
      0.0007198965759016573,
      0.0005613726680167019,
      0.000743644661270082,
      0.001096436521038413,
      0.0007882887730374932,
      0.0006490054074674845,
      0.0006354139186441898,
      0.0007316468982025981,
      0.0005927718011662364,
      0.0008032433688640594,
      0.0009711598977446556,
      0.0005093141226097941,
      0.0010367247741669416,
      0.000605617300607264,
      0.0009943052427843213,
      0.000516711559612304,
      0.0006491061649285257,
      0.0006018655840307474,
      0.0005682232440449297,
      0.0006291616591624916,
      0.0005527836619876325,
      0.0007728312630206347,
      0.0008283158531412482,
      0.0007062922231853008,
      0.0005536288372240961,
      0.000790310325101018,
      0.0008991057402454317,
      0.0011406736448407173,
      0.0005496755475178361,
      0.0004978100187145174,
      0.0008142968872562051,
      0.0005246242508292198,
      0.0007645577425137162,
      0.0008437956566922367,
      0.0004922072403132915,
      0.0008433920447714627,
      0.0007078857743181288,
      0.0003991977428086102,
      0.0005109704216010869,
      0.0008543141884729266,
      0.0009338170057162642,
      0.0005740642664022744,
      0.0005307510728016496,
      0.0006309958989731967,
      0.00048144059837795794,
      0.001225195825099945,
      0.0004919377970509231,
      0.0005532538052648306,
      0.0006064682966098189,
      0.0006043632165528834,
      0.0003900740703102201,
      0.00038123258855193853,
      0.0005176757695153356,
      0.0006240741349756718,
      0.0004861221823375672,
      0.0005850535235367715,
      0.0007136755739338696,
      0.0006226999103091657,
      0.0006749431486241519,
      0.0007146933930926025,
      0.00047413079300895333,
      0.0007838335004635155,
      0.0005004797130823135,
      0.0004560713714454323,
      0.0006042382447049022,
      0.00045125698670744896,
      0.0005967954057268798,
      0.0008104273001663387,
      0.0006713634938932955,
      0.00023470418818760663,
      0.0006066389614716172,
      0.0003298790252301842,
      0.0004301982407923788,
      0.0007089399150572717,
      0.00043449446093291044,
      0.0006520438473671675,
      0.00046674575423821807,
      0.0011211163364350796,
      0.0005678048473782837,
      0.0003607138351071626,
      0.0007235967786982656,
      0.0004388627130538225,
      0.00037876301212236285,
      0.0007180674001574516,
      0.0005894498899579048,
      0.00036633029230870306,
      0.00040658365469425917,
      0.00044538197107613087,
      0.0006101459148339927,
      0.0005154426326043904,
      0.0006469999789260328,
      0.0005248183151707053,
      0.0005268345703370869,
      0.0006127884844318032,
      0.0003783736319746822,
      0.00037078437162563205,
      0.0005926578305661678,
      0.00042619582382030785,
      0.00033040984999388456,
      0.00112917460501194,
      0.0005190999945625663,
      0.00046775309601798654,
      0.0003875073161907494,
      0.000432245375122875,
      0.0004474118468351662,
      0.0004580651584547013,
      0.0005422523245215416,
      0.00031174145988188684,
      0.0005858996883034706,
      0.0004861826018895954,
      0.00031689408933743834,
      0.0009016249678097665,
