{
   "number_epochs": 500,
   "info_used": "use imputation",
   "perc_full_data": 0.015,
   "n_epochs_no_selection": 0,
   "Frequency % cutoff": 0.33,
   "hidden_size": 32,
   "random_state": 11,
   "train_errors": [
      0.012363358400762081,
      0.012357780709862709,
      0.011203832924365997,
      0.010557672008872032,
      0.010230820626020432,
      0.009972873143851757,
      0.009663530625402927,
      0.009418847970664501,
      0.008825257420539856,
      0.009551146999001503,
      0.008868852630257607,
      0.008766054175794125,
      0.00887146033346653,
      0.008880763314664364,
      0.008899345993995667,
      0.00839578453451395,
      0.008378520607948303,
      0.008518136106431484,
      0.008545391261577606,
      0.008359745144844055,
      0.008519855327904224,
      0.0085793761536479,
      0.008327445015311241,
      0.008355590514838696,
      0.00828471127897501,
      0.00842228252440691,
      0.008380241692066193,
      0.008303347043693066,
      0.00825656857341528,
      0.008188536390662193,
      0.008076266385614872,
      0.008154703304171562,
      0.007891432382166386,
      0.008316568098962307,
      0.008300164714455605,
      0.008238190785050392,
      0.008113019168376923,
      0.008106759749352932,
      0.008526906371116638,
      0.007768286392092705,
      0.008149661123752594,
      0.00810390803962946,
      0.008109628222882748,
      0.008141196332871914,
      0.007883332669734955,
      0.007852084003388882,
      0.008171210065484047,
      0.007905513979494572,
      0.00815988052636385,
      0.008132709190249443,
      0.007833942770957947,
      0.008268025703728199,
      0.008102173916995525,
      0.008100775070488453,
      0.007897266186773777,
      0.007900692522525787,
      0.008114781230688095,
      0.00788602139800787,
      0.008153034374117851,
      0.007834824733436108,
      0.007944968529045582,
      0.00826247502118349,
      0.007789500057697296,
      0.007681034039705992,
      0.007922956719994545,
      0.00782555341720581,
      0.00820167176425457,
      0.007941368035972118,
      0.007897047325968742,
      0.008132397197186947,
      0.007967228069901466,
      0.00784077774733305,
      0.007967381738126278,
      0.00793534703552723,
      0.008318035863339901,
      0.0077666849829256535,
      0.00790580827742815,
      0.00804846454411745,
      0.008061038330197334,
      0.007725841365754604,
      0.008040135726332664,
      0.00787037331610918,
      0.00796425435692072,
      0.007721399888396263,
      0.008060269057750702,
      0.00792525801807642,
      0.008150363340973854,
      0.00808448065072298,
      0.00794331543147564,
      0.008085420355200768,
      0.008138391189277172,
      0.00797369796782732,
      0.00801164098083973,
      0.007860916666686535,
      0.007699660956859589,
      0.008002341724932194,
      0.008102691732347012,
      0.00785170216113329,
      0.007979010231792927,
      0.007571456488221884,
      0.007894947193562984,
      0.00806082971394062,
      0.007920954376459122,
      0.007738135289400816,
      0.007806410081684589,
      0.007868007756769657,
      0.007620759308338165,
      0.007869908586144447,
      0.007719503715634346,
      0.007903416641056538,
      0.007989699952304363,
      0.008072755299508572,
      0.007740837521851063,
      0.007722888607531786,
      0.008153052069246769,
      0.00803902093321085,
      0.007588514592498541,
      0.007870396599173546,
      0.007610525004565716,
      0.007736137602478266,
      0.007485776208341122,
      0.008026679046452045,
      0.007725070230662823,
      0.007659579627215862,
      0.007916166447103024,
      0.00783559586852789,
      0.008072814904153347,
      0.007629450876265764,
      0.007731014862656593,
      0.0077428375370800495,
      0.00803443044424057,
      0.008068226277828217,
      0.008053180761635303,
      0.007548828609287739,
      0.007485301699489355,
      0.007641336414963007,
      0.007719291839748621,
      0.007638182025402784,
      0.007676701992750168,
      0.007656853646039963,
      0.007577775977551937,
      0.0073592145927250385,
      0.007962427102029324,
      0.007709029596298933,
      0.00769852614030242,
      0.007857096381485462,
      0.007537583354860544,
      0.0074415989220142365,
      0.007871642708778381,
      0.007478954736143351,
      0.007432295475155115,
      0.0078018768690526485,
      0.007613383233547211,
      0.0072966087609529495,
      0.007616355549544096,
      0.007607957813888788,
      0.007667244412004948,
      0.007726913318037987,
      0.0075956969521939754,
      0.007648315746337175,
      0.007635902613401413,
      0.007747712079435587,
      0.007672384846955538,
      0.007485640235245228,
      0.007403965573757887,
      0.007417643442749977,
      0.007491654716432095,
      0.007419851142913103,
      0.007541945669800043,
      0.007456284947693348,
      0.007577257230877876,
      0.007501206826418638,
      0.007523366715759039,
      0.007459358777850866,
      0.007753513753414154,
      0.00738165806978941,
      0.007369796745479107,
      0.007581047248095274,
      0.007189182098954916,
      0.007359333802014589,
      0.007241216953843832,
      0.007310235872864723,
      0.007546403910964727,
      0.007410492282360792,
      0.0072026364505290985,
      0.007351854350417852,
      0.007327179424464703,
      0.007677928078919649,
      0.007518906146287918,
      0.007224293891340494,
      0.0076141757890582085,
      0.007617857772856951,
      0.007348200771957636,
      0.007465563714504242,
      0.0077657499350607395,
      0.007210762705653906,
      0.007576207630336285,
      0.007648902013897896,
      0.007183675654232502,
      0.007386861834675074,
      0.007841581478714943,
      0.007156989071518183,
      0.007508419454097748,
      0.00732049997895956,
      0.00746108079329133,
      0.007115284446626902,
      0.007443396840244532,
      0.007384295575320721,
      0.00747698312625289,
      0.00711118383333087,
      0.007362165953963995,
      0.007479099091142416,
      0.007289141416549683,
      0.00720423785969615,
      0.007143124472349882,
      0.007586184423416853,
      0.007172656245529652,
      0.007114163134247065,
      0.007122035603970289,
      0.007262366823852062,
      0.0070701828226447105,
      0.007156491279602051,
      0.007598760072141886,
      0.007403225637972355,
      0.006987120024859905,
      0.007142962422221899,
      0.007232179399579763,
      0.007145979907363653,
      0.007200820371508598,
      0.007240601349622011,
      0.00696901697665453,
      0.007064261008054018,
      0.007334308698773384,
      0.007058987859636545,
      0.007435913197696209,
      0.007063813973218203,
      0.007627169601619244,
      0.0068921600468456745,
      0.007607662118971348,
      0.007122047245502472,
      0.0070296889171004295,
      0.007077135611325502,
      0.007100984919816256,
      0.007605439983308315,
      0.007101596333086491,
      0.006768486928194761,
      0.006920032203197479,
      0.007160507142543793,
      0.007076977752149105,
      0.0073637268505990505,
      0.006896237377077341,
      0.00728737423196435,
      0.006864182185381651,
      0.006755849812179804,
      0.0070188893005251884,
      0.007183584850281477,
      0.007033742964267731,
      0.007024502381682396,
      0.007427170407027006,
      0.006754608359187841,
      0.006842213682830334,
      0.006860774010419846,
      0.006598272360861301,
      0.007118382025510073,
      0.00692017562687397,
      0.006774886045604944,
      0.00667587760835886,
      0.006885289214551449,
      0.006536759436130524,
      0.00647484278306365,
      0.006761019118130207,
      0.006711821537464857,
      0.006691448390483856,
      0.006236373446881771,
      0.006329645402729511,
      0.006496199406683445,
      0.0067555541172623634,
      0.006717574782669544,
