{
   "number_epochs": 500,
   "info_used": "use imputation",
   "perc_full_data": 0.02,
   "n_epochs_no_selection": 0,
   "Frequency % cutoff": 0.33,
   "hidden_size": 32,
   "random_state": 17,
   "train_errors": [
      0.025185706093907356,
      0.010443052276968956,
      0.00914872344583273,
      0.013055757619440556,
      0.014277427457273006,
      0.0116545669734478,
      0.009298368357121944,
      0.007904840633273125,
      0.007936524227261543,
      0.008323278278112411,
      0.008577949367463589,
      0.00810377486050129,
      0.007933268323540688,
      0.007990017533302307,
      0.008014180697500706,
      0.008145655505359173,
      0.008212651126086712,
      0.008066704496741295,
      0.007922033779323101,
      0.007649122271686792,
      0.007831192575395107,
      0.0074952454306185246,
      0.007847616448998451,
      0.007599542383104563,
      0.007464793045073748,
      0.007523664738982916,
      0.007648630533367395,
      0.007672734558582306,
      0.007599714677780867,
      0.007860285229980946,
      0.00766575476154685,
      0.007862046360969543,
      0.007432096637785435,
      0.0076296073384583,
      0.007637430913746357,
      0.007734230253845453,
      0.00773184048011899,
      0.007888661697506905,
      0.007890512235462666,
      0.0078009674325585365,
      0.007766061462461948,
      0.00790477730333805,
      0.007877923548221588,
      0.007489882409572601,
      0.007505486719310284,
      0.007599323056638241,
      0.00759804667904973,
      0.0075965458527207375,
      0.007802281063050032,
      0.007934576831758022,
      0.007718233857303858,
      0.007430692669004202,
      0.007675846107304096,
      0.007641281001269817,
      0.007703025825321674,
      0.00779527984559536,
      0.007646384183317423,
      0.00764497322961688,
      0.007675361819565296,
      0.007366224657744169,
      0.00764423469081521,
      0.00758524052798748,
      0.00766996992751956,
      0.007413295563310385,
      0.007570904679596424,
      0.007421006448566914,
      0.007476713042706251,
      0.0077318837866187096,
      0.007600903511047363,
      0.0076973931863904,
      0.007585488259792328,
      0.0075836037285625935,
      0.007479023188352585,
      0.007595405448228121,
      0.007409885060042143,
      0.007796309422701597,
      0.00750245014205575,
      0.007910019718110561,
      0.007476304192095995,
      0.007427002768963575,
      0.0075606987811625,
      0.007582306861877441,
      0.007738546002656221,
      0.007545909378677607,
      0.0076564825139939785,
      0.007348043844103813,
      0.007474297657608986,
      0.007636846508830786,
      0.007471554912626743,
      0.0075567252933979034,
      0.007653746288269758,
      0.007598555646836758,
      0.007601973135024309,
      0.007564858999103308,
      0.007470369338989258,
      0.007386317010968924,
      0.007873697206377983,
      0.007561240810900927,
      0.0075268070213496685,
      0.007539873942732811,
      0.007590599358081818,
      0.00740654906257987,
      0.007705993950366974,
      0.007402978837490082,
      0.0076714204624295235,
      0.0075109414756298065,
      0.007514482364058495,
      0.0076967994682490826,
      0.007566951215267181,
      0.007744615897536278,
      0.007383241783827543,
      0.007637126836925745,
      0.007666264194995165,
      0.007255625911056995,
      0.007548179943114519,
      0.007587083149701357,
      0.007528482470661402,
      0.007375743705779314,
      0.0075049675069749355,
      0.007441067136824131,
      0.00777605501934886,
      0.007541380822658539,
      0.007514800410717726,
      0.007560809142887592,
      0.007592983543872833,
      0.007563636172562838,
      0.007574284449219704,
      0.007543571759015322,
      0.007510957773774862,
      0.007663296069949865,
      0.007333193439990282,
      0.007633927743881941,
      0.007382740266621113,
      0.007604424376040697,
      0.007421440444886684,
      0.007656000088900328,
      0.007765495218336582,
      0.007758098654448986,
      0.007835484109818935,
      0.007511715404689312,
      0.007636163849383593,
      0.007472424767911434,
      0.00756863784044981,
      0.007586036343127489,
      0.007547114975750446,
      0.007423775270581245,
      0.007564577739685774,
      0.007309337146580219,
      0.007690897677093744,
      0.007434796541929245,
      0.00743727246299386,
      0.007631519343703985,
      0.007612008601427078,
      0.007102352567017078,
      0.007529269903898239,
      0.007473905570805073,
      0.007378006353974342,
      0.007274279836565256,
      0.007700489368289709,
      0.007488767616450787,
      0.007726235780864954,
      0.007425661198794842,
      0.00768041517585516,
      0.0076275779865682125,
      0.007521929685026407,
      0.007594211492687464,
      0.007496138568967581,
      0.007636403664946556,
      0.0076621826738119125,
      0.007704214658588171,
      0.007507319562137127,
      0.007412228267639875,
      0.007533320691436529,
      0.007588285021483898,
      0.00746888667345047,
      0.007608247920870781,
      0.0075383493676781654,
      0.0073537216521799564,
      0.007615873124450445,
      0.00748030561953783,
      0.007648425176739693,
      0.007585714105516672,
      0.007379414979368448,
      0.0075628855265676975,
      0.0075355591252446175,
      0.007471756543964148,
      0.007426973897963762,
      0.007490111514925957,
      0.007643984165042639,
      0.007553566247224808,
      0.007386739365756512,
      0.0075226337648928165,
      0.007512745913118124,
      0.007746871095150709,
      0.007433263119310141,
      0.007485360838472843,
      0.007574496325105429,
      0.007500099949538708,
      0.00734625943005085,
      0.007533201482146978,
      0.007517130114138126,
      0.007411693222820759,
      0.007417104672640562,
      0.007487057242542505,
      0.0076390583999454975,
      0.007500696927309036,
      0.007519918493926525,
      0.007385410834103823,
      0.007410057354718447,
      0.007499129511415958,
      0.0076837483793497086,
      0.007548666559159756,
      0.007407224737107754,
      0.00750329764559865,
      0.007568894885480404,
      0.007588495500385761,
      0.007596947718411684,
      0.007540370337665081,
      0.007388743106275797,
      0.0074704485014081,
      0.007337456569075584,
      0.007299406453967094,
      0.007483759429305792,
      0.007416208740323782,
      0.007335376925766468,
      0.007343733683228493,
      0.007532211486250162,
      0.007164268288761377,
      0.0076124295592308044,
      0.007343023084104061,
      0.007435183972120285,
      0.007427060045301914,
      0.007504896726459265,
      0.007612873800098896,
      0.007572028320282698,
      0.007532389368861914,
      0.007402075454592705,
      0.007426978554576635,
      0.007478113751858473,
      0.0073009068146348,
      0.007244656328111887,
      0.007308267988264561,
      0.007460576482117176,
      0.007580283563584089,
      0.007463485933840275,
      0.007504117675125599,
      0.007633148692548275,
      0.007277206983417273,
      0.007426683325320482,
      0.007465741131454706,
      0.007269356865435839,
      0.007555833552032709,
      0.007474950980395079,
      0.00762570695951581,
      0.007412351667881012,
      0.007341010961681604,
      0.007492131553590298,
      0.007375051733106375,
      0.007673099171370268,
      0.007258303929120302,
      0.007403646130114794,
      0.007648814469575882,
      0.007522636093199253,
      0.007373725064098835,
      0.0074483053758740425,
      0.00745450658723712,
      0.007529501337558031,
      0.007322628982365131,
      0.007332421839237213,
      0.007519552018493414,
      0.007479021791368723,
      0.007441319525241852,
      0.007388994563370943,
      0.007349626626819372,
      0.007506200578063726,
      0.007542090490460396,
      0.007432158105075359,
      0.0075649721547961235,
