{
   "number_epochs": 500,
   "info_used": "use imputation",
   "perc_full_data": 0.02,
   "n_epochs_no_selection": 0,
   "Frequency % cutoff": 0.33,
   "hidden_size": 32,
   "random_state": 6,
   "train_errors": [
      0.10845766961574554,
      0.055173300206661224,
      0.025681139901280403,
      0.016902104020118713,
      0.021579794585704803,
      0.023435018956661224,
      0.020828401669859886,
      0.017657147720456123,
      0.01531614176928997,
      0.015338924713432789,
      0.01567886210978031,
      0.01613357663154602,
      0.016050739213824272,
      0.016112037003040314,
      0.01578722521662712,
      0.01520357932895422,
      0.014783947728574276,
      0.014297854155302048,
      0.014295726083219051,
      0.013859550468623638,
      0.013779786415398121,
      0.01373802125453949,
      0.013662450946867466,
      0.01332916785031557,
      0.013506047427654266,
      0.014077003113925457,
      0.012754647061228752,
      0.01378772221505642,
      0.013328861445188522,
      0.01332965400069952,
      0.013057027012109756,
      0.012776011601090431,
      0.012793573550879955,
      0.013130397535860538,
      0.012787042185664177,
      0.012484832666814327,
      0.012626533396542072,
      0.01274377666413784,
      0.012159373611211777,
      0.012159610167145729,
      0.011819266714155674,
      0.011976951733231544,
      0.012155167758464813,
      0.01184168178588152,
      0.011841978877782822,
      0.01231534592807293,
      0.011011555790901184,
      0.011869821697473526,
      0.011554332450032234,
      0.011523166671395302,
      0.011757257394492626,
      0.010994324460625648,
      0.011076870374381542,
      0.011796388775110245,
      0.01050285529345274,
      0.011363472789525986,
      0.01086971815675497,
      0.010386078618466854,
      0.010725125670433044,
      0.010604205541312695,
      0.010707570239901543,
      0.010832983069121838,
      0.010419921018183231,
      0.011325676925480366,
      0.010950261726975441,
      0.010144399479031563,
      0.010364084504544735,
      0.010162845253944397,
      0.009610223583877087,
      0.010433731600642204,
      0.010504539124667645,
      0.010401950217783451,
      0.010959688574075699,
      0.010016770102083683,
      0.010004766285419464,
      0.010019677691161633,
      0.010037613101303577,
      0.009600471705198288,
      0.010456373915076256,
      0.009328807704150677,
      0.009768047370016575,
      0.00997239351272583,
      0.009716787375509739,
      0.009787016548216343,
      0.009953192435204983,
      0.009398981928825378,
      0.00921183917671442,
      0.009755019098520279,
      0.00954742543399334,
      0.010022378526628017,
      0.009751362726092339,
      0.009675579145550728,
      0.008972211740911007,
      0.008861438371241093,
      0.009166433475911617,
      0.009220524691045284,
      0.009725308045744896,
      0.009698227047920227,
      0.009270369075238705,
      0.00851512886583805,
      0.008431994356215,
      0.008830440230667591,
      0.009312326088547707,
      0.008793407119810581,
      0.008793815970420837,
      0.008631032891571522,
      0.008294936269521713,
      0.008691088296473026,
      0.008709254674613476,
      0.007614809088408947,
      0.008190321736037731,
      0.007969602942466736,
      0.008148565888404846,
      0.008980069309473038,
      0.00836691539734602,
      0.008037001825869083,
      0.007440646644681692,
      0.007978223264217377,
      0.008187560364603996,
      0.008258006535470486,
      0.007294063456356525,
      0.007223920430988073,
      0.007942882366478443,
      0.007136155851185322,
      0.007401596754789352,
      0.007664528209716082,
      0.007603021804243326,
      0.007436619605869055,
      0.00815014261752367,
      0.006795353256165981,
      0.006903020199388266,
      0.006461406126618385,
      0.006951968185603619,
      0.006430171430110931,
      0.007185802329331636,
      0.006655292119830847,
      0.006901248823851347,
      0.0066009871661663055,
      0.006617611274123192,
      0.0061126225627958775,
      0.006146251689642668,
      0.006773971952497959,
      0.006199689116328955,
      0.00603516073897481,
      0.006234589498490095,
      0.00613043736666441,
      0.006133482791483402,
      0.006029986776411533,
      0.005817389581352472,
      0.005871255416423082,
      0.006099785678088665,
      0.004985122475773096,
      0.005707703996449709,
      0.006117465440183878,
      0.0056570107117295265,
      0.005744453519582748,
      0.005554761737585068,
      0.004949792288243771,
      0.005803386680781841,
      0.0046722437255084515,
      0.004528731107711792,
      0.004966349806636572,
      0.004731944762170315,
      0.00478482898324728,
      0.005474403500556946,
      0.004926422610878944,
      0.004524784628301859,
      0.004674598108977079,
      0.005226625595241785,
      0.0051044318825006485,
      0.005185191053897142,
      0.004253716673702002,
      0.004692719783633947,
      0.004515901207923889,
      0.003796093864366412,
      0.004646210931241512,
      0.003819934790953994,
      0.004533125087618828,
      0.0031319186091423035,
      0.003623997326940298,
      0.003467415226623416,
      0.004489784128963947,
      0.002992052584886551,
      0.0040406277403235435,
      0.0035515620838850737,
      0.004210927989333868,
      0.002898066071793437,
      0.0032941990066319704,
      0.0026613890659064054,
      0.0029603103175759315,
      0.0031769773922860622,
      0.0030529664363712072,
      0.0030904586892575026,
      0.0032757865265011787,
      0.003208660986274481,
      0.0029561121482402086,
      0.002567468909546733,
      0.0030465752352029085,
      0.0033164843916893005,
      0.003276513423770666,
      0.003273922251537442,
      0.002576644066721201,
      0.0033433272037655115,
      0.0025679245591163635,
      0.0027324859984219074,
      0.0030346389394253492,
      0.0025234734639525414,
      0.002982641104608774,
      0.0024007491301745176,
      0.0027193131390959024,
      0.0026319806929677725,
      0.001964256865903735,
      0.0024006864987313747,
      0.0023648336064070463,
      0.002795260399580002,
      0.0026301443576812744,
      0.002411438850685954,
      0.0021560119930654764,
      0.001959131797775626,
      0.0024411955382674932,
      0.002482295036315918,
      0.0019469108665362,
      0.0021023962181061506,
      0.002614131197333336,
      0.00208355113863945,
      0.002649008296430111,
      0.0017278870800510049,
      0.0025393925607204437,
      0.0024245749227702618,
      0.0017092485213652253,
      0.0020336625166237354,
      0.001998650375753641,
      0.0017102028941735625,
      0.0019873075652867556,
      0.0019362436141818762,
      0.0019821864552795887,
      0.002729877131059766,
      0.0020643677562475204,
      0.0020986218005418777,
      0.0016418207669630647,
      0.0017635526601225138,
      0.00182192528154701,
      0.0014389838324859738,
      0.002088838955387473,
      0.002113951602950692,
      0.0014817527262493968,
      0.0017985842423513532,
      0.001869276398792863,
      0.001666263910010457,
      0.0015863884473219514,
      0.001471665338613093,
      0.0015045407926663756,
      0.0013493257574737072,
      0.0014108761679381132,
      0.0016168965958058834,
      0.0012483705068007112,
      0.0014411635929718614,
      0.001466273097321391,
      0.002031075768172741,
      0.0014893426559865475,
      0.0013461458729580045,
      0.0015192839782685041,
      0.0010976232588291168,
      0.0015373205533251166,
      0.0014303149655461311,
      0.0016652734484523535,
      0.0013252614298835397,
      0.002243726048618555,
      0.0012209678534418344,
      0.0019699030090123415,
      0.001276451745070517,
      0.0013393795816227794,
      0.0010860117617994547,
      0.0013360133161768317,
      0.001528790220618248,
      0.0013494165614247322,
