{
   "number_epochs": 120,
   "info_used": "use hypothesis",
   "perc_full_data": 0.1,
   "n_epochs_no_selection": 0,
   "Frequency % cutoff": 0.3,
   "hidden_size": 32,
   "random_state": 44,
   "train_errors": [
      0.08889221400022507,
      0.07080081850290298,
      0.06591357290744781,
      0.06222982332110405,
      0.05426478758454323,
      0.050121795386075974,
      0.04775279015302658,
      0.039366092532873154,
      0.03292934596538544,
      0.026059972122311592,
      0.023467151448130608,
      0.020956844091415405,
      0.02073027938604355,
      0.022373978048563004,
      0.020189333707094193,
      0.021588752046227455,
      0.020429672673344612,
      0.017726965248584747,
      0.018741454929113388,
      0.016562072560191154,
      0.016751497983932495,
      0.017161274328827858,
      0.01730947196483612,
      0.018192153424024582,
      0.017870603129267693,
      0.0170716755092144,
      0.017017018049955368,
      0.016763027757406235,
      0.015857715159654617,
      0.01539918314665556,
      0.014355756342411041,
      0.014784260652959347,
      0.015518021769821644,
      0.01459536887705326,
      0.016396459192037582,
      0.01378764770925045,
      0.014562509953975677,
      0.015235209837555885,
      0.01438289787620306,
      0.015560761094093323,
      0.01519301813095808,
      0.015094047412276268,
      0.016494933515787125,
      0.017583295702934265,
      0.018151644617319107,
      0.015855800360441208,
      0.017409907653927803,
      0.020616549998521805,
      0.01683465577661991,
      0.01887432113289833,
      0.017773302271962166,
      0.015402857214212418,
      0.01456719171255827,
      0.017085451632738113,
      0.01573101058602333,
      0.015128549188375473,
      0.01717051863670349,
      0.01655571535229683,
      0.016234129667282104,
      0.01677241176366806,
      0.014109327457845211,
      0.018755661323666573,
      0.01457959320396185,
      0.016546649858355522,
      0.015433344058692455,
      0.01423560082912445,
      0.01628868095576763,
      0.015269425697624683,
      0.014816883951425552,
      0.016749510541558266,
      0.012444850988686085,
      0.015378745272755623,
      0.01432555541396141,
      0.012635605409741402,
      0.016057899221777916,
      0.016315147280693054,
      0.015767058357596397,
      0.016288844868540764,
      0.0148605452850461,
      0.015151284635066986,
      0.013899549841880798,
      0.016059037297964096,
      0.014602579176425934,
      0.017506593838334084,
      0.017521141096949577,
      0.013682348653674126,
      0.016935627907514572,
      0.014687543734908104,
      0.015534487552940845,
      0.01210783701390028,
      0.014502270147204399,
      0.01639758236706257,
      0.01573597639799118,
      0.01703568734228611,
      0.013901160098612309,
      0.01622629165649414,
      0.01370952744036913,
      0.017613695934414864,
      0.013747205957770348,
      0.016285376623272896,
      0.016788408160209656,
      0.015244574286043644,
      0.015617444179952145,
      0.015858758240938187,
      0.013925045728683472,
      0.013609817251563072,
      0.014369976706802845,
      0.017198331654071808,
      0.017255544662475586,
      0.013957779854536057,
      0.01293889805674553,
      0.01395684015005827,
      0.014157257042825222,
      0.013964984565973282,
      0.014174278825521469,
      0.014800707809627056,
      0.013363991864025593,
      0.015823209658265114,
      0.015022937208414078,
      0.014638391323387623
   ],
   "valid_errors": [
      0.05718829110264778,
      0.037940800189971924,
      0.022982068359851837,
      0.01971987821161747,
      0.019532203674316406,
      0.018902145326137543,
      0.01731034927070141,
      0.017664378508925438,
      0.018697937950491905,
      0.018691781908273697,
      0.018492190167307854,
      0.01856754533946514,
      0.018661409616470337,
      0.018569426611065865,
      0.01885118894279003,
      0.01867240108549595,
      0.01913265697658062,
      0.019801536574959755,
      0.019801344722509384,
      0.01969633251428604,
      0.02011888101696968,
      0.019011877477169037,
      0.019459089264273643,
      0.019206969067454338,
      0.019156979396939278
   ],
   "val_epochs": [
      0,
      5,
      10,
      15,
      20,
      25,
      30,
      35,
      40,
      45,
      50,
      55,
      60,
      65,
      70,
      75,
      80,
      85,
      90,
      95,
      100,
      105,
      110,
      115,
      119
   ],
   "input_data_path": "../data/photoredox_yield/photo_redox_merck2021_1649reactions.csv",
   "gradwcontext": false,
   "Encompassing Param": 0.1,
   "Normalize Grads & Contx": false,
   "cluster_all_classes": false,
   "imputation method": "",
   "model_dropout": 0.1
}