{
   "number_epochs": 120,
   "info_used": "use hypothesis",
   "perc_full_data": 0.3,
   "n_epochs_no_selection": 0,
   "Frequency % cutoff": 0.3,
   "hidden_size": 32,
   "random_state": 52,
   "train_errors": [
      0.05894438922405243,
      0.04574998840689659,
      0.04344363138079643,
      0.040621768683195114,
      0.03874525427818298,
      0.03803247585892677,
      0.03470234572887421,
      0.029793523252010345,
      0.02508787252008915,
      0.02116887830197811,
      0.02065279893577099,
      0.02145298570394516,
      0.020232612267136574,
      0.01825643889605999,
      0.018640289083123207,
      0.018667779862880707,
      0.01920139603316784,
      0.017621349543333054,
      0.017351001501083374,
      0.01726180873811245,
      0.017054902389645576,
      0.01957835629582405,
      0.017153391614556313,
      0.017792683094739914,
      0.01672881841659546,
      0.017233721911907196,
      0.016302280128002167,
      0.016896924003958702,
      0.015224761329591274,
      0.016049280762672424,
      0.01705707423388958,
      0.015938175842165947,
      0.013769234530627728,
      0.016199421137571335,
      0.017133861780166626,
      0.014939921908080578,
      0.01603127084672451,
      0.016250118613243103,
      0.015422939322888851,
      0.014738623052835464,
      0.014680586755275726,
      0.01611422747373581,
      0.015376283787190914,
      0.01498746033757925,
      0.015049376524984837,
      0.014563598670065403,
      0.015252084471285343,
      0.014100773259997368,
      0.01582677848637104,
      0.01573767513036728,
      0.014232303947210312,
      0.014172018505632877,
      0.013860542327165604,
      0.016613971441984177,
      0.01473668497055769,
      0.0143416877835989,
      0.015447424724698067,
      0.01329745538532734,
      0.013405384495854378,
      0.013881346210837364,
      0.014834783971309662,
      0.015238666906952858,
      0.015069657005369663,
      0.014814754016697407,
      0.013789826072752476,
      0.015295025892555714,
      0.01423878874629736,
      0.014110954478383064,
      0.01539455447345972,
      0.015573943965137005,
      0.014693987555801868,
      0.013446028344333172,
      0.014943777583539486,
      0.01401440054178238,
      0.013497141189873219,
      0.015384363941848278,
      0.015007201582193375,
      0.015483411960303783,
      0.01466129720211029,
      0.014060527086257935,
      0.01235111802816391,
      0.013741550967097282,
      0.014607420191168785,
      0.013685250654816628,
      0.01584935188293457,
      0.014352313242852688,
      0.013970499858260155,
      0.013145520351827145,
      0.014148340560495853,
      0.014277931302785873,
      0.014364116825163364,
      0.013439535163342953,
      0.015608261339366436,
      0.012765861116349697,
      0.014798984862864017,
      0.0141786253079772,
      0.014529825188219547,
      0.014040937647223473,
      0.01604011282324791,
      0.014347080141305923,
      0.01540850754827261,
      0.015019474551081657,
      0.013345230370759964,
      0.014619698747992516,
      0.01624661684036255,
      0.015261908993124962,
      0.014419621787965298,
      0.015072107315063477,
      0.01451032143086195,
      0.013883590698242188,
      0.014612792991101742,
      0.015976939350366592,
      0.01470201276242733,
      0.016860445961356163,
      0.014401232823729515,
      0.014501925557851791,
      0.014784877188503742,
      0.01429341733455658,
      0.015444932505488396,
      0.014742578379809856
   ],
   "valid_errors": [
      0.0774354562163353,
      0.04505940526723862,
      0.024653229862451553,
      0.020604414865374565,
      0.01902424730360508,
      0.017324896529316902,
      0.01676502451300621,
      0.017275184392929077,
      0.017148517072200775,
      0.017217421904206276,
      0.017564956098794937,
      0.016706299036741257,
      0.016851363703608513,
      0.016568677499890327,
      0.016925055533647537,
      0.016457941383123398,
      0.016908317804336548,
      0.01616952382028103,
      0.016421595588326454,
      0.016253449022769928,
      0.01686166785657406,
      0.01669318601489067,
      0.016899390146136284,
      0.01689271256327629,
      0.016499850898981094
   ],
   "val_epochs": [
      0,
      5,
      10,
      15,
      20,
      25,
      30,
      35,
      40,
      45,
      50,
      55,
      60,
      65,
      70,
      75,
      80,
      85,
      90,
      95,
      100,
      105,
      110,
      115,
      119
   ],
   "input_data_path": "../data/photoredox_yield/photo_redox_merck2021_1649reactions.csv",
   "gradwcontext": true,
   "Encompassing Param": 0.1,
   "Normalize Grads & Contx": false,
   "cluster_all_classes": false,
   "imputation method": "",
   "model_dropout": 0.1
}