{
   "number_epochs": 120,
   "info_used": "use hypothesis",
   "perc_full_data": 0.1,
   "n_epochs_no_selection": 0,
   "Frequency % cutoff": 0.3,
   "hidden_size": 32,
   "random_state": 43,
   "train_errors": [
      0.052445005625486374,
      0.051350187510252,
      0.049495380371809006,
      0.04476252570748329,
      0.03972495347261429,
      0.035736165940761566,
      0.030630799010396004,
      0.02869453839957714,
      0.029281698167324066,
      0.025132207199931145,
      0.0264748465269804,
      0.023361623287200928,
      0.02072223089635372,
      0.019392482936382294,
      0.018580559641122818,
      0.018863584846258163,
      0.016231918707489967,
      0.017394430935382843,
      0.015698902308940887,
      0.01539797056466341,
      0.014183718711137772,
      0.0146723547950387,
      0.013411871157586575,
      0.012114021927118301,
      0.011203795671463013,
      0.011798202060163021,
      0.013412976637482643,
      0.0160983894020319,
      0.01168105099350214,
      0.014584459364414215,
      0.010971038602292538,
      0.0109305614605546,
      0.010438954457640648,
      0.00967914517968893,
      0.011658750474452972,
      0.009703910909593105,
      0.008407833985984325,
      0.010051781311631203,
      0.010884287767112255,
      0.00953725166618824,
      0.009722438640892506,
      0.008568139746785164,
      0.0090029276907444,
      0.009736876003444195,
      0.009853562340140343,
      0.010281136259436607,
      0.009294317103922367,
      0.010057498700916767,
      0.010116532444953918,
      0.008952341042459011,
      0.008711950853466988,
      0.009362675249576569,
      0.009787322953343391,
      0.008874469436705112,
      0.009630871005356312,
      0.00948053877800703,
      0.010604910552501678,
      0.009299770928919315,
      0.010160951875150204,
      0.009225207380950451,
      0.009451521560549736,
      0.009161611087620258,
      0.010305473580956459,
      0.00972986314445734,
      0.011549333110451698,
      0.010497129522264004,
      0.010674419812858105,
      0.009712490253150463,
      0.011350614950060844,
      0.010565103031694889,
      0.010396474041044712,
      0.011020947247743607,
      0.01306131947785616,
      0.010748570784926414,
      0.009914265014231205,
      0.012546597048640251,
      0.010355496779084206,
      0.014219645410776138,
      0.012200779281556606,
      0.011664879508316517,
      0.012369592674076557,
      0.010630570352077484,
      0.010662289336323738,
      0.011625019833445549,
      0.011424178257584572,
      0.013136611320078373,
      0.012065637856721878,
      0.011571578681468964,
      0.010894924402236938,
      0.011320062913000584,
      0.010112126357853413,
      0.011609815061092377,
      0.013154742307960987,
      0.01051363255828619,
      0.010912029072642326,
      0.012495663948357105,
      0.011764340102672577,
      0.011569475755095482,
      0.01140566635876894,
      0.012031014077365398,
      0.01056673377752304,
      0.011196189559996128,
      0.012180226854979992,
      0.013085507787764072,
      0.011787516996264458,
      0.011679757386446,
      0.0119946813210845,
      0.01303341705352068,
      0.011919992975890636,
      0.01252659596502781,
      0.011355920694768429,
      0.01159046683460474,
      0.011711916886270046,
      0.012736183591187,
      0.013100936077535152,
      0.013666646555066109,
      0.012468945235013962,
      0.013026525266468525,
      0.012544899247586727,
      0.012669251300394535
   ],
   "valid_errors": [
      0.05517913028597832,
      0.037440601736307144,
      0.025866815820336342,
      0.022762583568692207,
      0.021106896921992302,
      0.01864694058895111,
      0.019362544640898705,
      0.0167026836425066,
      0.01771443523466587,
      0.01744888909161091,
      0.016365911811590195,
      0.01642289012670517,
      0.017409509047865868,
      0.01896340399980545,
      0.016530202701687813,
      0.01635752245783806,
      0.01695239171385765,
      0.018300149589776993,
      0.0175385270267725,
      0.018302859738469124,
      0.01959281787276268,
      0.018451737239956856,
      0.01917165145277977,
      0.01929549314081669,
      0.02074212022125721
   ],
   "val_epochs": [
      0,
      5,
      10,
      15,
      20,
      25,
      30,
      35,
      40,
      45,
      50,
      55,
      60,
      65,
      70,
      75,
      80,
      85,
      90,
      95,
      100,
      105,
      110,
      115,
      119
   ],
   "input_data_path": "../data/photoredox_yield/photo_redox_merck2021_1649reactions.csv",
   "gradwcontext": false,
   "Encompassing Param": 0.1,
   "Normalize Grads & Contx": false,
   "cluster_all_classes": false,
   "imputation method": "",
   "model_dropout": 0.1
}