{
   "number_epochs": 120,
   "info_used": "use hypothesis",
   "perc_full_data": 0.3,
   "n_epochs_no_selection": 0,
   "Frequency % cutoff": 0.3,
   "hidden_size": 32,
   "random_state": 54,
   "train_errors": [
      0.09868496656417847,
      0.07361369580030441,
      0.0637393444776535,
      0.05820240452885628,
      0.05279124900698662,
      0.050095945596694946,
      0.04833654314279556,
      0.0456882119178772,
      0.04242556542158127,
      0.041996315121650696,
      0.03893347457051277,
      0.03736230358481407,
      0.03574283421039581,
      0.035783763974905014,
      0.031165756285190582,
      0.030645325779914856,
      0.031158719211816788,
      0.029257815331220627,
      0.028172986581921577,
      0.028098145499825478,
      0.02641824260354042,
      0.024769069626927376,
      0.025505416095256805,
      0.025075256824493408,
      0.025721365585923195,
      0.023290440440177917,
      0.027009323239326477,
      0.024370839819312096,
      0.0227272380143404,
      0.023236850276589394,
      0.02333066053688526,
      0.02326071634888649,
      0.02247917279601097,
      0.022213533520698547,
      0.022194145247340202,
      0.022578811272978783,
      0.022716637700796127,
      0.021379509940743446,
      0.020879670977592468,
      0.022107241675257683,
      0.021146027371287346,
      0.021517271175980568,
      0.022215936332941055,
      0.021769864484667778,
      0.02075958251953125,
      0.01909366063773632,
      0.01989276148378849,
      0.019723713397979736,
      0.019544126465916634,
      0.021215591579675674,
      0.019798189401626587,
      0.01999320089817047,
      0.01976562850177288,
      0.018555177375674248,
      0.019293716177344322,
      0.019071856513619423,
      0.018766917288303375,
      0.01904131844639778,
      0.018947016447782516,
      0.019254235550761223,
      0.01831347681581974,
      0.018944205716252327,
      0.018967952579259872,
      0.017919285222887993,
      0.018419377505779266,
      0.01932782493531704,
      0.017055189236998558,
      0.018103180453181267,
      0.0184127576649189,
      0.018779443576931953,
      0.017137063667178154,
      0.017767006531357765,
      0.017135974019765854,
      0.018197868019342422,
      0.018558545038104057,
      0.016652686521410942,
      0.017031850293278694,
      0.01810336299240589,
      0.01854010857641697,
      0.017458844929933548,
      0.01958482153713703,
      0.017544131726026535,
      0.01660313829779625,
      0.01828254573047161,
      0.01656339131295681,
      0.01642668806016445,
      0.01752985455095768,
      0.018096458166837692,
      0.015528207644820213,
      0.015904195606708527,
      0.01595175638794899,
      0.01704973541200161,
      0.016229331493377686,
      0.017219338566064835,
      0.016052214428782463,
      0.018239596858620644,
      0.01585293561220169,
      0.017281990498304367,
      0.016963789239525795,
      0.016375327482819557,
      0.016446692869067192,
      0.016099467873573303,
      0.016858063638210297,
      0.01616494730114937,
      0.018671486526727676,
      0.017665425315499306,
      0.017523279413580894,
      0.01714293658733368,
      0.01608363725244999,
      0.015920042991638184,
      0.01602702960371971,
      0.015788163989782333,
      0.016735397279262543,
      0.016561368480324745,
      0.015570193529129028,
      0.014651944860816002,
      0.015497792512178421,
      0.015553828328847885,
      0.01624341867864132,
      0.015414014458656311
   ],
   "valid_errors": [
      0.09111246466636658,
      0.04820343106985092,
      0.030809001997113228,
      0.020768092945218086,
      0.017345832660794258,
      0.016543162986636162,
      0.016321919858455658,
      0.015936335548758507,
      0.016076065599918365,
      0.015859195962548256,
      0.016209200024604797,
      0.01605110801756382,
      0.01599418744444847,
      0.016042910516262054,
      0.016254348680377007,
      0.01617281138896942,
      0.016279632225632668,
      0.01627557910978794,
      0.016490286216139793,
      0.016339557245373726,
      0.016273315995931625,
      0.016236456111073494,
      0.016101017594337463,
      0.016454795375466347,
      0.016449667513370514
   ],
   "val_epochs": [
      0,
      5,
      10,
      15,
      20,
      25,
      30,
      35,
      40,
      45,
      50,
      55,
      60,
      65,
      70,
      75,
      80,
      85,
      90,
      95,
      100,
      105,
      110,
      115,
      119
   ],
   "input_data_path": "../data/photoredox_yield/photo_redox_merck2021_1649reactions.csv",
   "gradwcontext": true,
   "Encompassing Param": 0.1,
   "Normalize Grads & Contx": false,
   "cluster_all_classes": false,
   "imputation method": "",
   "model_dropout": 0.1
}