{
   "number_epochs": 120,
   "info_used": "use hypothesis",
   "perc_full_data": 0.3,
   "n_epochs_no_selection": 0,
   "Frequency % cutoff": 0.3,
   "hidden_size": 32,
   "random_state": 51,
   "train_errors": [
      0.08055051416158676,
      0.07735347002744675,
      0.0737631618976593,
      0.0690961629152298,
      0.06042733043432236,
      0.05606449767947197,
      0.046047233045101166,
      0.043038010597229004,
      0.03946354612708092,
      0.03597931191325188,
      0.037850163877010345,
      0.03436729311943054,
      0.03223705291748047,
      0.030603447929024696,
      0.027398284524679184,
      0.026020683348178864,
      0.028133824467658997,
      0.025548730045557022,
      0.02438298799097538,
      0.022842638194561005,
      0.021886998787522316,
      0.0205913707613945,
      0.02136043645441532,
      0.019882850348949432,
      0.020000115036964417,
      0.02103603072464466,
      0.019786324352025986,
      0.01987902820110321,
      0.017517494037747383,
      0.01921803690493107,
      0.018963806331157684,
      0.01766570843756199,
      0.018859291449189186,
      0.01677555963397026,
      0.017208587378263474,
      0.016949458047747612,
      0.01640632562339306,
      0.016569262370467186,
      0.01529167965054512,
      0.01625800132751465,
      0.016479039564728737,
      0.018249493092298508,
      0.01561141386628151,
      0.015780949965119362,
      0.01584765687584877,
      0.016075655817985535,
      0.014632385224103928,
      0.013339536264538765,
      0.013407072983682156,
      0.0157255120575428,
      0.014644600450992584,
      0.01658480614423752,
      0.014020474627614021,
      0.015421171672642231,
      0.015008766204118729,
      0.014967885799705982,
      0.012519463896751404,
      0.01385953463613987,
      0.01379492785781622,
      0.014007998630404472,
      0.01473009679466486,
      0.013254761695861816,
      0.012594151310622692,
      0.0137479268014431,
      0.01443331129848957,
      0.013203025795519352,
      0.012015779502689838,
      0.013385755941271782,
      0.013180282898247242,
      0.013963094912469387,
      0.013574870303273201,
      0.013824203982949257,
      0.014955941587686539,
      0.013947632163763046,
      0.014469501562416553,
      0.014077738858759403,
      0.012790098786354065,
      0.014332687482237816,
      0.013243785127997398,
      0.014357633888721466,
      0.014034436084330082,
      0.01372247003018856,
      0.015463970601558685,
      0.013106158003211021,
      0.013076682575047016,
      0.014874216169118881,
      0.012881961651146412,
      0.013465349562466145,
      0.013965277932584286,
      0.012864536605775356,
      0.013622147962450981,
      0.013633486814796925,
      0.01411874033510685,
      0.013319204561412334,
      0.013113425113260746,
      0.01482887752354145,
      0.013342711143195629,
      0.015536412596702576,
      0.013501544483006,
      0.014863238669931889,
      0.013545100577175617,
      0.013060444965958595,
      0.012977114878594875,
      0.014326594769954681,
      0.014961536042392254,
      0.015186280943453312,
      0.012323449365794659,
      0.013631450943648815,
      0.0129683967679739,
      0.014261648990213871,
      0.0125055480748415,
      0.012815399095416069,
      0.013837900944054127,
      0.012804299592971802,
      0.013417508453130722,
      0.01411360688507557,
      0.014190252870321274,
      0.012563089840114117,
      0.012720158323645592,
      0.012799298390746117
   ],
   "valid_errors": [
      0.04022183641791344,
      0.025046423077583313,
      0.015012139454483986,
      0.011960580945014954,
      0.010622728615999222,
      0.010296996682882309,
      0.010108512826263905,
      0.009846028871834278,
      0.009432616643607616,
      0.009434221312403679,
      0.009782278910279274,
      0.009710299782454967,
      0.009804454632103443,
      0.009510290808975697,
      0.009525922127068043,
      0.00963093526661396,
      0.00935094989836216,
      0.009808799251914024,
      0.009759902954101562,
      0.00969551783055067,
      0.010058238171041012,
      0.01030651107430458,
      0.010265354067087173,
      0.009785536676645279,
      0.01039130799472332
   ],
   "val_epochs": [
      0,
      5,
      10,
      15,
      20,
      25,
      30,
      35,
      40,
      45,
      50,
      55,
      60,
      65,
      70,
      75,
      80,
      85,
      90,
      95,
      100,
      105,
      110,
      115,
      119
   ],
   "input_data_path": "../data/photoredox_yield/photo_redox_merck2021_1649reactions.csv",
   "gradwcontext": true,
   "Encompassing Param": 0.1,
   "Normalize Grads & Contx": false,
   "cluster_all_classes": false,
   "imputation method": "",
   "model_dropout": 0.1
}