{
   "number_epochs": 120,
   "info_used": "use hypothesis",
   "perc_full_data": 0.3,
   "n_epochs_no_selection": 0,
   "Frequency % cutoff": 0.3,
   "hidden_size": 32,
   "random_state": 45,
   "train_errors": [
      0.0339316725730896,
      0.03315329924225807,
      0.030217204242944717,
      0.028879007324576378,
      0.027521541342139244,
      0.02339167706668377,
      0.025135191157460213,
      0.026197340339422226,
      0.021540502086281776,
      0.021913299337029457,
      0.020507920533418655,
      0.02096247673034668,
      0.01912624202668667,
      0.019444849342107773,
      0.02015659399330616,
      0.01867574267089367,
      0.018334873020648956,
      0.01988140679895878,
      0.01985502988100052,
      0.017207574099302292,
      0.018606146797537804,
      0.01762424036860466,
      0.018335387110710144,
      0.01824665255844593,
      0.017540380358695984,
      0.01807120256125927,
      0.01795065589249134,
      0.01688558980822563,
      0.01821036823093891,
      0.017641298472881317,
      0.016574367880821228,
      0.016580475494265556,
      0.01672656647861004,
      0.01719505712389946,
      0.01895553432404995,
      0.01707610674202442,
      0.01683340221643448,
      0.017757033929228783,
      0.016682172194123268,
      0.015519258566200733,
      0.01602013222873211,
      0.016513166949152946,
      0.01813041791319847,
      0.015168840996921062,
      0.017398357391357422,
      0.01765553466975689,
      0.016186239197850227,
      0.017142070457339287,
      0.01686961017549038,
      0.0167316272854805,
      0.017354877665638924,
      0.015480134636163712,
      0.014568726532161236,
      0.015449543483555317,
      0.014910572208464146,
      0.01466614194214344,
      0.015119004063308239,
      0.01651049219071865,
      0.0170627199113369,
      0.014905211515724659,
      0.015072287991642952,
      0.016491608694195747,
      0.016006067395210266,
      0.014406337402760983,
      0.016097556799650192,
      0.01389283686876297,
      0.016708819195628166,
      0.016917619854211807,
      0.015208233147859573,
      0.01551660057157278,
      0.01612744852900505,
      0.01572926715016365,
      0.015740739181637764,
      0.014741985127329826,
      0.016674282029271126,
      0.015498615801334381,
      0.014978415332734585,
      0.014997586607933044,
      0.017186280339956284,
      0.01534796692430973,
      0.014402142725884914,
      0.015905942767858505,
      0.017003051936626434,
      0.015585613436996937,
      0.015599128790199757,
      0.015767714008688927,
      0.016568973660469055,
      0.015791067853569984,
      0.016092563048005104,
      0.015169023536145687,
      0.01650426536798477,
      0.015219392254948616,
      0.014914539642632008,
      0.015024851076304913,
      0.017738396301865578,
      0.01514345221221447,
      0.015660157427191734,
      0.016050387173891068,
      0.016348598524928093,
      0.015999704599380493,
      0.0153613006696105,
      0.01656205579638481,
      0.01581357978284359,
      0.01448706816881895,
      0.0144826490432024,
      0.014448489062488079,
      0.01743142679333687,
      0.01445495430380106,
      0.015522075816988945,
      0.015617595054209232,
      0.015567733906209469,
      0.014247128739953041,
      0.015549580566585064,
      0.016127919778227806,
      0.014833011664450169,
      0.014019844122231007,
      0.015456579625606537,
      0.014430342242121696,
      0.014322235248982906,
      0.01462832372635603
   ],
   "valid_errors": [
      0.04433441907167435,
      0.02687535434961319,
      0.02062838152050972,
      0.0187221746891737,
      0.017578044906258583,
      0.017054568976163864,
      0.01685064472258091,
      0.016466351225972176,
      0.016671808436512947,
      0.016789263114333153,
      0.016979560256004333,
      0.017053823918104172,
      0.01732441782951355,
      0.017297174781560898,
      0.017141178250312805,
      0.017549242824316025,
      0.017532488331198692,
      0.01776007004082203,
      0.017702216282486916,
      0.017772816121578217,
      0.017672210931777954,
      0.017607850953936577,
      0.017623411491513252,
      0.01777050457894802,
      0.01750265434384346
   ],
   "val_epochs": [
      0,
      5,
      10,
      15,
      20,
      25,
      30,
      35,
      40,
      45,
      50,
      55,
      60,
      65,
      70,
      75,
      80,
      85,
      90,
      95,
      100,
      105,
      110,
      115,
      119
   ],
   "input_data_path": "../data/photoredox_yield/photo_redox_merck2021_1649reactions.csv",
   "gradwcontext": true,
   "Encompassing Param": 0.1,
   "Normalize Grads & Contx": false,
   "cluster_all_classes": false,
   "imputation method": "",
   "model_dropout": 0.1
}