{
   "number_epochs": 120,
   "info_used": "use hypothesis",
   "perc_full_data": 0.1,
   "n_epochs_no_selection": 0,
   "Frequency % cutoff": 0.3,
   "hidden_size": 32,
   "random_state": 56,
   "train_errors": [
      0.04079360142350197,
      0.03824912756681442,
      0.03622328117489815,
      0.03409178555011749,
      0.030799806118011475,
      0.02803642675280571,
      0.024874363094568253,
      0.021837983280420303,
      0.018156137317419052,
      0.018285216763615608,
      0.018339237198233604,
      0.016197415068745613,
      0.017621036618947983,
      0.015158476307988167,
      0.015619957819581032,
      0.014416241087019444,
      0.014210712164640427,
      0.012000560760498047,
      0.013776051811873913,
      0.012882605195045471,
      0.0112930191680789,
      0.010168984532356262,
      0.010916342958807945,
      0.009880472905933857,
      0.010040677152574062,
      0.008833670988678932,
      0.008700794540345669,
      0.008619553409516811,
      0.008655311539769173,
      0.009779243730008602,
      0.008524775505065918,
      0.00812150351703167,
      0.009054042398929596,
      0.009182429872453213,
      0.009203347377479076,
      0.007160610053688288,
      0.009447376243770123,
      0.007369496393948793,
      0.008244475349783897,
      0.008449860848486423,
      0.00827842392027378,
      0.008602236397564411,
      0.008409162051975727,
      0.008334639482200146,
      0.0078064147382974625,
      0.008251751773059368,
      0.009010079316794872,
      0.008122590370476246,
      0.008915910497307777,
      0.008490948006510735,
      0.00825745239853859,
      0.007855256088078022,
      0.008799768052995205,
      0.008376373909413815,
      0.009007456712424755,
      0.007708724122494459,
      0.008096698671579361,
      0.0071891359984874725,
      0.008903217501938343,
      0.008852988481521606,
      0.007839557714760303,
      0.008752654306590557,
      0.008079685270786285,
      0.007855149917304516,
      0.0076004150323569775,
      0.008160009048879147,
      0.0077463677152991295,
      0.00840074010193348,
      0.00872312393039465,
      0.00839303620159626,
      0.007275809533894062,
      0.007474414072930813,
      0.008409690111875534,
      0.008328731171786785,
      0.008539841510355473,
      0.007975797168910503,
      0.00747137563303113,
      0.007825175300240517,
      0.008180953562259674,
      0.008986242115497589,
      0.008272511884570122,
      0.008819019421935081,
      0.008437154814600945,
      0.009314761497080326,
      0.007833660580217838,
      0.008448014035820961,
      0.0078058261424303055,
      0.009037750773131847,
      0.008324801921844482,
      0.00788604561239481,
      0.007894378155469894,
      0.008478938601911068,
      0.008143564686179161,
      0.008350597694516182,
      0.007888281717896461,
      0.008822007104754448,
      0.007946479134261608,
      0.009135501459240913,
      0.00828186422586441,
      0.00837749894708395,
      0.008636843413114548,
      0.008234969340264797,
      0.007429217454046011,
      0.008560704067349434,
      0.008923265151679516,
      0.007487053982913494,
      0.007909716106951237,
      0.007862117141485214,
      0.007874002680182457,
      0.0076205977238714695,
      0.008636031299829483,
      0.008319425396621227,
      0.008617404848337173,
      0.008128691464662552,
      0.00843636505305767,
      0.008268940262496471,
      0.007929520681500435,
      0.0073721944354474545,
      0.007811999414116144,
      0.008338314481079578
   ],
   "valid_errors": [
      0.0670427531003952,
      0.046741463243961334,
      0.031283844262361526,
      0.029394255951046944,
      0.0258200541138649,
      0.024323293939232826,
      0.022448943927884102,
      0.021160602569580078,
      0.02122611738741398,
      0.02039337530732155,
      0.02105213701725006,
      0.02106199413537979,
      0.02060524933040142,
      0.021227272227406502,
      0.02085745893418789,
      0.020112233236432076,
      0.02097555808722973,
      0.021437685936689377,
      0.020120006054639816,
      0.020479610189795494,
      0.020431768149137497,
      0.02065865695476532,
      0.020254403352737427,
      0.02012791857123375,
      0.021645210683345795
   ],
   "val_epochs": [
      0,
      5,
      10,
      15,
      20,
      25,
      30,
      35,
      40,
      45,
      50,
      55,
      60,
      65,
      70,
      75,
      80,
      85,
      90,
      95,
      100,
      105,
      110,
      115,
      119
   ],
   "input_data_path": "../data/photoredox_yield/photo_redox_merck2021_1649reactions.csv",
   "gradwcontext": false,
   "Encompassing Param": 0.1,
   "Normalize Grads & Contx": false,
   "cluster_all_classes": false,
   "imputation method": "",
   "model_dropout": 0.1
}