{
   "number_epochs": 500,
   "info_used": "use hypothesis",
   "perc_full_data": 0.8,
   "n_epochs_no_selection": 0,
   "Frequency % cutoff": 0.25,
   "hidden_size": 32,
   "random_state": 1,
   "train_errors": [
      0.8325994610786438,
      0.816318929195404,
      0.7991737127304077,
      0.7804062366485596,
      0.7606346607208252,
      0.7409708499908447,
      0.7223674654960632,
      0.7099571824073792,
      0.7030496001243591,
      0.6986036896705627,
      0.6961222290992737,
      0.6949847340583801,
      0.694325864315033,
      0.6941635608673096,
      0.6939285397529602,
      0.6937724351882935,
      0.693629264831543,
      0.6935225129127502,
      0.6935109496116638,
      0.6934229135513306,
      0.69339919090271,
      0.6933927536010742,
      0.6933666467666626,
      0.693358838558197,
      0.6933376789093018,
      0.6932837963104248,
      0.6932820677757263,
      0.6932743191719055,
      0.6932616233825684,
      0.6932289004325867,
      0.693246066570282,
      0.6932364702224731,
      0.6932192444801331,
      0.6932215094566345,
      0.6932106614112854,
      0.6932082772254944,
      0.693215548992157,
      0.6931962370872498,
      0.693207323551178,
      0.6931992769241333,
      0.6931954026222229,
      0.6931933164596558,
      0.69319748878479,
      0.6931917071342468,
      0.6931952834129333,
      0.6931828856468201,
      0.6931827068328857,
      0.693170428276062,
      0.6931848526000977,
      0.6931754946708679,
      0.6931772828102112,
      0.6931778788566589,
      0.6931763291358948,
      0.6931729912757874,
      0.6931744813919067,
      0.6931701898574829,
      0.6931725144386292,
      0.6931607723236084,
      0.693163275718689,
      0.6931607723236084,
      0.6931631565093994,
      0.6931667923927307,
      0.6931612491607666,
      0.6931565999984741,
      0.6931569576263428,
      0.6931567788124084,
      0.6931571960449219,
      0.6931577324867249,
      0.6931549310684204,
      0.6931533813476562,
      0.6931515336036682,
      0.6931522488594055,
      0.6931533813476562,
      0.6931518316268921,
      0.6931535005569458,
      0.693150520324707,
      0.6931502819061279,
      0.6931501030921936,
      0.6931492686271667,
      0.6931494474411011,
      0.6931484937667847,
      0.6931482553482056,
      0.6931491494178772,
      0.6931492686271667,
      0.6931488513946533,
      0.693148672580719,
      0.693149745464325,
      0.6931478977203369,
      0.6931488513946533,
      0.6931490302085876,
      0.6931482553482056,
      0.6931480765342712,
      0.693148136138916,
      0.6931480169296265,
      0.6931484341621399,
      0.6931485533714294,
      0.6931484341621399,
      0.6931483745574951,
      0.6931483149528503,
      0.6931482553482056,
      0.6931480765342712,
      0.6931478381156921,
      0.6931481957435608,
      0.6931480765342712,
      0.6931485533714294,
      0.6931481957435608,
      0.6931483745574951,
      0.6931483745574951,
      0.6931478381156921,
      0.6931478977203369,
      0.6931478977203369,
      0.6931478977203369,
      0.6931480169296265,
      0.6931477785110474,
      0.693147599697113,
      0.6931480169296265,
      0.6931474804878235,
      0.6931485533714294,
      0.6931478977203369,
      0.693147599697113,
      0.6931475400924683,
      0.6931474804878235,
      0.6931475400924683,
      0.6931474804878235,
      0.6931475400924683,
      0.6931475400924683,
      0.6931474208831787,
      0.6931477785110474,
      0.6931476593017578,
      0.693147599697113,
      0.6931474208831787,
      0.6931474804878235,
      0.693147599697113,
      0.6931474804878235,
      0.6931474208831787,
      0.6931477189064026,
      0.6931474804878235,
      0.6931480765342712,
      0.693147599697113,
      0.693147599697113,
      0.6931475400924683,
      0.693147599697113,
      0.6931473612785339,
      0.6931474208831787,
      0.6931474208831787,
      0.6931474208831787,
      0.693147599697113,
      0.6931473612785339,
      0.693147599697113,
      0.6931474208831787,
      0.693147599697113,
      0.6931474208831787,
      0.6931474208831787,
      0.6931472420692444,
      0.6931475400924683,
      0.6931474804878235,
      0.6931474208831787,
      0.6931477189064026,
      0.6931473016738892,
      0.6931471824645996,
      0.693147599697113,
      0.6931474208831787,
      0.6931473016738892,
      0.6931473016738892,
      0.6931473016738892,
      0.6931474804878235,
      0.6931473016738892,
      0.6931473612785339,
      0.6931474804878235,
      0.6931474208831787,
      0.6931472420692444,
      0.6931473016738892,
      0.6931474208831787,
      0.6931472420692444,
      0.6931473016738892,
      0.6931474804878235,
      0.6931474804878235,
      0.6931472420692444,
      0.6931474208831787,
      0.6931473612785339,
      0.6931472420692444,
      0.6931474804878235,
      0.6931472420692444,
      0.6931472420692444,
      0.6931475400924683,
      0.6931473016738892,
      0.6931474804878235,
      0.6931474804878235,
      0.6931473016738892,
      0.6931473016738892,
      0.6931473612785339,
      0.6931472420692444,
      0.6931473016738892,
      0.6931472420692444,
      0.6931472420692444,
      0.6931472420692444,
      0.6931473016738892,
      0.6931474208831787,
      0.6931473612785339,
      0.6931474208831787,
      0.6931472420692444,
      0.6931472420692444,
      0.6931472420692444,
      0.6931473016738892,
      0.6931472420692444,
      0.6931473016738892,
      0.6931474208831787,
      0.6931472420692444,
      0.6931474208831787,
      0.6931473016738892,
      0.6931473016738892,
      0.6931472420692444,
      0.6931472420692444,
      0.693147599697113,
      0.6931473016738892,
      0.6931473016738892,
      0.6931472420692444,
      0.6931473016738892,
      0.6931473612785339,
      0.6931474208831787,
      0.6931472420692444,
      0.6931472420692444,
      0.6931473016738892,
      0.6931472420692444,
      0.6931473016738892,
      0.6931472420692444,
      0.6931472420692444,
      0.6931473016738892,
      0.6931472420692444,
      0.6931473016738892,
      0.6931472420692444,
      0.6931472420692444,
      0.6931472420692444,
      0.6931474208831787,
      0.6931471228599548,
      0.6931473016738892,
      0.6931472420692444,
      0.6931472420692444,
      0.6931473016738892,
      0.6931472420692444,
      0.6931472420692444,
      0.6931472420692444,
      0.6931472420692444,
      0.6931471824645996,
      0.6931473016738892,
      0.6931471228599548,
      0.6931473016738892,
      0.6931476593017578,
      0.6931472420692444,
      0.6931472420692444,
      0.6931472420692444,
      0.6931472420692444,
      0.6931473612785339,
      0.6931471228599548,
      0.6931473016738892,
      0.6931472420692444,
      0.6931472420692444,
      0.6931472420692444,
      0.6931473016738892,
      0.6931472420692444,
      0.6931473016738892,
      0.6931472420692444,
      0.6931473016738892,
      0.6931472420692444,
      0.6931472420692444,
      0.6931472420692444,
      0.6931472420692444,
      0.6931472420692444,
      0.6931473016738892,
      0.6931472420692444,
      0.6931473016738892,
      0.6931474208831787,
      0.6931472420692444,
      0.6931472420692444,
      0.6931472420692444,
      0.6931472420692444,
      0.6931472420692444,
      0.6931471824645996,
      0.6931472420692444,
      0.6931472420692444,
      0.6931472420692444,
      0.6931471824645996,
      0.6931473016738892,
      0.6931473612785339,
      0.6931471824645996,
      0.6931471824645996,
      0.6931472420692444,
      0.6931472420692444,
      0.6931471824645996,
      0.6931472420692444,
      0.6931473016738892,
      0.6931472420692444,
      0.6931472420692444,
      0.6931472420692444,
      0.6931471824645996,
      0.6931474208831787,
      0.6931471824645996,
      0.6931471228599548,
      0.6931472420692444,
      0.6931473016738892,
