{
   "number_epochs": 500,
   "info_used": "use hypothesis",
   "perc_full_data": 0.8,
   "n_epochs_no_selection": 0,
   "Frequency % cutoff": 0.25,
   "hidden_size": 32,
   "random_state": 12,
   "train_errors": [
      0.7578559517860413,
      0.7494974732398987,
      0.7382278442382812,
      0.726032018661499,
      0.7124419212341309,
      0.7038803696632385,
      0.6964780688285828,
      0.6946366429328918,
      0.6937060952186584,
      0.6933726668357849,
      0.6932416558265686,
      0.693211019039154,
      0.693107008934021,
      0.6931572556495667,
      0.6931895613670349,
      0.6932135224342346,
      0.6931284070014954,
      0.6931851506233215,
      0.6931498050689697,
      0.6931095123291016,
      0.6931617259979248,
      0.6931456923484802,
      0.6931326389312744,
      0.693142831325531,
      0.6931469440460205,
      0.693159818649292,
      0.6931146383285522,
      0.693118155002594,
      0.6931480169296265,
      0.6931146383285522,
      0.6931356191635132,
      0.6931429505348206,
      0.6931334137916565,
      0.6931140422821045,
      0.693121075630188,
      0.6931334137916565,
      0.6931272745132446,
      0.6931467056274414,
      0.6931347846984863,
      0.693145215511322,
      0.6931418180465698,
      0.6931339502334595,
      0.6931390166282654,
      0.6931406259536743,
      0.6931440830230713,
      0.6931409239768982,
      0.6931455731391907,
      0.6931466460227966,
      0.6931459903717041,
      0.6931436061859131,
      0.6931464076042175,
      0.693145215511322,
      0.6931441426277161,
      0.6931426525115967,
      0.6931443810462952,
      0.6931466460227966,
      0.6931448578834534,
      0.6931455135345459,
      0.6931458711624146,
      0.6931434869766235,
      0.6931440830230713,
      0.693145751953125,
      0.6931461095809937,
      0.6931474208831787,
      0.6931442618370056,
      0.6931453943252563,
      0.6931458115577698,
      0.6931445002555847,
      0.693145751953125,
      0.6931467652320862,
      0.6931456923484802,
      0.6931458115577698,
      0.6931459307670593,
      0.6931473016738892,
      0.6931458115577698,
      0.6931459903717041,
      0.6931456327438354,
      0.6931458711624146,
      0.6931459903717041,
      0.693145215511322,
      0.6931458115577698,
      0.6931459903717041,
      0.6931456923484802,
      0.6931463479995728,
      0.6931469440460205,
      0.6931459903717041,
      0.6931455135345459,
      0.693145751953125,
      0.693146824836731,
      0.693146288394928,
      0.6931459903717041,
      0.6931458115577698,
      0.6931450963020325,
      0.6931467056274414,
      0.6931465268135071,
      0.6931465864181519,
      0.6931467652320862,
      0.6931465268135071,
      0.693146288394928,
      0.6931461691856384,
      0.6931467652320862,
      0.6931466460227966,
      0.6931462287902832,
      0.6931455135345459,
      0.6931459307670593,
      0.6931467652320862,
      0.6931461691856384,
      0.6931459903717041,
      0.6931456923484802,
      0.6931459307670593,
      0.6931471228599548,
      0.6931461691856384,
      0.6931467652320862,
      0.6931463479995728,
      0.6931465864181519,
      0.6931456923484802,
      0.6931464672088623,
      0.6931470036506653,
      0.693146288394928,
      0.693146824836731,
      0.6931467652320862,
      0.6931467056274414,
      0.693146288394928,
      0.6931473016738892,
      0.693146288394928,
      0.6931471228599548,
      0.6931464672088623,
      0.6931469440460205,
      0.6931459903717041,
      0.6931473016738892,
      0.6931467652320862,
      0.6931468844413757,
      0.6931460499763489,
      0.6931467056274414,
      0.6931467652320862,
      0.6931471228599548,
      0.6931467056274414,
      0.6931469440460205,
      0.693146288394928,
      0.6931471228599548,
      0.6931471228599548,
      0.693146288394928,
      0.6931461691856384,
      0.6931468844413757,
      0.6931459903717041,
      0.6931459903717041,
      0.6931458115577698,
      0.6931461691856384,
      0.6931466460227966,
      0.693146288394928,
      0.6931454539299011,
      0.6931466460227966,
      0.6931469440460205,
      0.693146824836731,
      0.6931466460227966,
      0.693146288394928,
      0.6931465864181519,
      0.6931465268135071,
      0.6931469440460205,
      0.693146288394928,
      0.6931465864181519,
      0.693146288394928,
      0.6931461691856384,
      0.6931473612785339,
      0.6931471228599548,
      0.6931459903717041,
      0.6931471228599548,
      0.6931468844413757,
      0.6931467652320862,
      0.6931466460227966,
      0.6931464672088623,
      0.6931459903717041,
      0.6931467652320862,
      0.6931467056274414,
      0.693146824836731,
      0.6931464076042175,
      0.6931466460227966,
      0.693146288394928,
      0.693146824836731,
      0.6931469440460205,
      0.6931465864181519,
      0.6931472420692444,
      0.6931466460227966,
      0.6931467652320862,
      0.6931468844413757,
      0.6931467652320862,
      0.6931464672088623,
      0.6931468844413757,
      0.6931467652320862,
      0.6931466460227966,
      0.6931466460227966,
      0.6931471228599548,
      0.6931469440460205,
      0.6931471824645996,
      0.6931469440460205,
      0.6931465864181519,
      0.6931466460227966,
      0.6931467652320862,
      0.6931466460227966,
      0.6931463479995728,
      0.6931466460227966,
      0.6931470036506653,
      0.6931460499763489,
      0.6931464672088623,
      0.6931465268135071,
      0.6931465268135071,
      0.6931464672088623,
      0.6931468844413757,
      0.6931470632553101,
      0.6931467056274414,
      0.6931468844413757,
      0.693146824836731,
      0.6931464672088623,
      0.6931466460227966,
      0.6931464672088623,
      0.6931470036506653,
      0.6931473612785339,
      0.6931466460227966,
      0.6931466460227966,
      0.6931463479995728,
      0.6931468844413757,
      0.6931473612785339,
      0.6931468844413757,
      0.6931469440460205,
      0.6931470036506653,
      0.6931462287902832,
      0.6931469440460205,
      0.6931466460227966,
      0.6931464672088623,
      0.6931465864181519,
      0.6931469440460205,
      0.6931467056274414,
      0.6931467652320862,
      0.6931469440460205,
      0.6931467652320862,
      0.6931466460227966,
      0.6931465268135071,
      0.6931467056274414,
      0.6931467056274414,
      0.6931466460227966,
      0.6931463479995728,
      0.6931471228599548,
      0.6931463479995728,
      0.6931467652320862,
      0.6931466460227966,
      0.6931461691856384,
      0.693146824836731,
      0.693146288394928,
      0.6931466460227966,
      0.6931467652320862,
      0.6931468844413757,
      0.6931464672088623,
      0.6931467652320862,
      0.693146824836731,
      0.6931467652320862,
      0.6931467652320862,
      0.693146824836731,
      0.6931469440460205,
      0.6931465864181519,
      0.6931472420692444,
      0.6931465268135071,
      0.6931460499763489,
      0.6931465864181519,
      0.6931466460227966,
      0.6931468844413757,
      0.6931472420692444,
      0.6931467056274414,
      0.6931472420692444,
      0.6931459903717041,
      0.6931454539299011,
      0.6931471228599548,
      0.6931461691856384,
      0.6931466460227966,
      0.6931462287902832,
      0.6931471228599548,
      0.6931470632553101,
      0.6931467652320862,
      0.6931469440460205,
      0.6931470036506653,
      0.6931471824645996,
      0.693146288394928,
      0.6931467056274414,
      0.6931469440460205,
      0.6931467056274414,
      0.6931470632553101,
      0.6931470632553101,
      0.6931461691856384,
      0.6931468844413757,
      0.6931468844413757,
      0.6931467652320862,
      0.6931471228599548,
      0.6931470036506653,
      0.6931466460227966,
      0.6931466460227966,
      0.6931467652320862,
      0.6931463479995728,
      0.6931465864181519,
      0.6931466460227966,
      0.6931469440460205,
      0.6931467056274414,
