{
   "number_epochs": 500,
   "info_used": "use hypothesis",
   "perc_full_data": 0.8,
   "n_epochs_no_selection": 0,
   "Frequency % cutoff": 0.25,
   "hidden_size": 32,
   "random_state": 7,
   "train_errors": [
      0.8257473111152649,
      0.8145021200180054,
      0.8033124804496765,
      0.7902249693870544,
      0.7711513042449951,
      0.7509109377861023,
      0.7303445339202881,
      0.7160367965698242,
      0.70437091588974,
      0.6986988186836243,
      0.6957104802131653,
      0.6948716044425964,
      0.6943045258522034,
      0.6940223574638367,
      0.6936161518096924,
      0.6934457421302795,
      0.6935151815414429,
      0.6934322714805603,
      0.6934530138969421,
      0.6934258341789246,
      0.693346381187439,
      0.6932814121246338,
      0.6932882070541382,
      0.6932968497276306,
      0.6933258175849915,
      0.6933251023292542,
      0.6931896805763245,
      0.6933044791221619,
      0.6932917237281799,
      0.6932788491249084,
      0.6933707594871521,
      0.6932970881462097,
      0.6933866143226624,
      0.6933543682098389,
      0.6932826638221741,
      0.6933056116104126,
      0.6932352781295776,
      0.6932359337806702,
      0.693282425403595,
      0.6932337880134583,
      0.6931844353675842,
      0.6931442618370056,
      0.6934927105903625,
      0.6932566165924072,
      0.6932551264762878,
      0.6934589147567749,
      0.6933667063713074,
      0.6933304071426392,
      0.693378210067749,
      0.693532407283783,
      0.6933509707450867,
      0.6953756809234619,
      0.7084677815437317,
      0.7568300366401672,
      0.7653279900550842,
      0.7597673535346985,
      0.7575981616973877,
      0.7638856768608093,
      0.7668926119804382,
      0.7687690854072571,
      0.7683305740356445,
      0.7707424163818359,
      0.7712236046791077,
      0.7693480849266052,
      0.7730636596679688,
      0.7699195742607117,
      0.7685689926147461,
      0.7750848531723022,
      0.774611234664917,
      0.7790626883506775,
      0.7761318683624268,
      0.7786775231361389,
      0.776435911655426,
      0.7742807269096375,
      0.7725009322166443,
      0.7752721905708313,
      0.7828915119171143,
      0.7772979140281677,
      0.7754696011543274,
      0.7825567722320557,
      0.7791175246238708,
      0.7732419371604919,
      0.771909773349762,
      0.7767000198364258,
      0.7762061953544617,
      0.7724226117134094,
      0.7753126621246338,
      0.7771276831626892,
      0.7833719849586487,
      0.7768581509590149,
      0.7818981409072876,
      0.7748288512229919,
      0.7762890458106995,
      0.777218759059906,
      0.776954710483551,
      0.7776599526405334,
      0.7750234603881836,
      0.7780290246009827,
      0.7781980633735657,
      0.7801032662391663,
      0.7808765172958374,
      0.7797343730926514,
      0.7753427028656006,
      0.7775798439979553,
      0.776824951171875,
      0.7755506634712219,
      0.7792169451713562,
      0.7803189754486084,
      0.7786081433296204,
      0.7792015671730042,
      0.7784339785575867,
      0.7783790826797485,
      0.7807478308677673,
      0.7756635546684265,
      0.776646614074707,
      0.7754603028297424,
      0.7745622992515564,
      0.7782390117645264,
      0.7802648544311523,
      0.7785307168960571,
      0.7761654257774353,
      0.77947998046875,
      0.7826128602027893,
      0.7783293128013611,
      0.777474582195282,
      0.7769953012466431,
      0.7828860878944397,
      0.7759959697723389,
      0.7777543663978577,
      0.779818594455719,
      0.7786033153533936,
      0.7776681780815125,
      0.7772210836410522,
      0.7775706648826599,
      0.7771829962730408,
      0.7785810232162476,
      0.7774627208709717,
      0.7776517271995544,
      0.7795679569244385,
      0.777656614780426,
      0.775665283203125,
      0.7779161334037781,
      0.779991090297699,
      0.77716463804245,
      0.7803208827972412,
      0.7802620530128479,
      0.7785734534263611,
      0.7774145007133484,
      0.7823715806007385,
      0.7788547873497009,
      0.7785360217094421,
      0.7739464044570923,
      0.777921736240387,
      0.7788499593734741,
      0.780326247215271,
      0.7768104076385498,
      0.7808521389961243,
      0.7802740335464478,
      0.7799113988876343,
      0.7785022258758545,
      0.7788650989532471,
      0.7795425057411194,
      0.7801361083984375,
      0.7786872386932373,
      0.7787176370620728,
      0.7777063846588135,
      0.7770141363143921,
      0.7789140343666077,
      0.779923677444458,
      0.7785057425498962,
      0.7789046764373779,
      0.7792261242866516,
      0.7825250625610352,
      0.775703489780426,
      0.780731737613678,
      0.7794976830482483,
      0.7795063257217407,
      0.7762669920921326,
      0.7810640335083008,
      0.779536783695221,
      0.7773911952972412,
      0.7764649987220764,
      0.7799966931343079,
      0.7851343154907227,
      0.7770494818687439,
      0.7778128981590271,
      0.7807682156562805,
      0.7749819159507751,
      0.7781572341918945,
      0.7837955355644226,
      0.7782160043716431,
      0.7780748009681702,
      0.7782468795776367,
      0.7783731818199158,
      0.7749000787734985,
      0.776253342628479,
      0.7774229049682617,
      0.7793647646903992,
      0.7756444811820984,
      0.7762622833251953,
      0.7765094637870789,
      0.7736680507659912,
      0.784711480140686,
      0.7780851125717163,
      0.7760946154594421,
      0.7799044251441956,
      0.776894211769104,
      0.7810191512107849,
      0.7815271615982056,
      0.7787500619888306,
      0.7759994864463806,
      0.7773111462593079,
      0.7770111560821533,
      0.7773329019546509,
      0.7810564041137695,
      0.7800504565238953,
      0.7771596312522888,
      0.777198851108551,
      0.7758678197860718,
      0.7777263522148132,
      0.7782710790634155,
      0.7845597863197327,
      0.7790641784667969,
      0.7772035598754883,
      0.7805400490760803,
      0.7774248719215393,
      0.7792004942893982,
      0.7754335999488831,
      0.7756435871124268,
      0.7771784067153931,
      0.7694242000579834,
      0.7730473875999451,
      0.7700983285903931,
      0.7767400741577148,
      0.775373101234436,
      0.7775318622589111,
      0.7726218700408936,
      0.7757997512817383,
      0.7692380547523499,
      0.7757543921470642,
      0.7763481736183167,
      0.7732195258140564,
      0.7727073431015015,
      0.772976279258728,
      0.7777339816093445,
      0.7717776894569397,
      0.7785099148750305,
      0.7755312323570251,
      0.7767397165298462,
      0.7755878567695618,
      0.7753778696060181,
      0.7724184393882751,
      0.7741568088531494,
      0.7718135714530945,
      0.7750051021575928,
      0.7773948311805725,
      0.7764585018157959,
      0.7735055685043335,
      0.7760538458824158,
      0.7700783014297485,
      0.7743480801582336,
      0.7703797817230225,
      0.7761228680610657,
      0.7729035019874573,
      0.773632824420929,
      0.7693911194801331,
      0.7716383337974548,
      0.777614176273346,
      0.7761539220809937,
      0.7742607593536377,
      0.780521035194397,
      0.7765260338783264,
      0.7752988934516907,
      0.7732304930686951,
      0.7754886746406555,
      0.7724939584732056,
      0.768032968044281,
      0.7718257904052734,
      0.7733932137489319,
      0.7663972973823547,
      0.7751749157905579,
      0.7774146795272827,
      0.7735912203788757,
      0.7766407132148743,
      0.7694255709648132,
      0.772783100605011,
      0.7732759118080139,
      0.7808055877685547,
      0.776172399520874,
      0.772650957107544,
      0.7795526385307312,
      0.7721841931343079,
      0.7624078392982483,
      0.7756242156028748,
      0.7726757526397705,
      0.7770545482635498,
      0.7728370428085327,
      0.7736380100250244,
      0.7752960324287415,
      0.7730817198753357,
      0.7728211879730225,
