{
   "number_epochs": 500,
   "info_used": "use hypothesis",
   "perc_full_data": 0.8,
   "n_epochs_no_selection": 0,
   "Frequency % cutoff": 0.25,
   "hidden_size": 32,
   "random_state": 0,
   "train_errors": [
      0.7584209442138672,
      0.7467041611671448,
      0.7341087460517883,
      0.7214797735214233,
      0.7085949778556824,
      0.7015580534934998,
      0.6979067325592041,
      0.6957650780677795,
      0.694234311580658,
      0.6940497756004333,
      0.6937245726585388,
      0.6935962438583374,
      0.6935412883758545,
      0.6934895515441895,
      0.6934193968772888,
      0.6933950781822205,
      0.6933655142784119,
      0.693388819694519,
      0.6933225393295288,
      0.6933565735816956,
      0.6932817101478577,
      0.6933498382568359,
      0.6932649612426758,
      0.6933664679527283,
      0.6933130025863647,
      0.6932332515716553,
      0.6932668685913086,
      0.6932491660118103,
      0.6932950615882874,
      0.6933014392852783,
      0.6932590007781982,
      0.6932206749916077,
      0.6932515501976013,
      0.6932200789451599,
      0.6932504773139954,
      0.693215548992157,
      0.6932550668716431,
      0.6931827068328857,
      0.6932486295700073,
      0.6932200193405151,
      0.6931765079498291,
      0.6932196021080017,
      0.6932294368743896,
      0.6932070255279541,
      0.693220853805542,
      0.693199634552002,
      0.6932480335235596,
      0.6931837201118469,
      0.6932066082954407,
      0.6932134032249451,
      0.6932122707366943,
      0.6932055354118347,
      0.6931961178779602,
      0.693195641040802,
      0.6931949257850647,
      0.6932065486907959,
      0.6931895613670349,
      0.693183958530426,
      0.6931754946708679,
      0.6931838393211365,
      0.6931853890419006,
      0.6931799650192261,
      0.6931816339492798,
      0.6931794285774231,
      0.6931868195533752,
      0.6931705474853516,
      0.6931849718093872,
      0.6931810975074768,
      0.6931783556938171,
      0.693184494972229,
      0.6931747794151306,
      0.6931871175765991,
      0.693173885345459,
      0.6931665539741516,
      0.6931630969047546,
      0.6931607127189636,
      0.6931663751602173,
      0.6931602954864502,
      0.6931695342063904,
      0.6931623816490173,
      0.6931882500648499,
      0.6931657791137695,
      0.6931701898574829,
      0.6931678652763367,
      0.6931648850440979,
      0.6931580305099487,
      0.6931725740432739,
      0.6931563019752502,
      0.693166196346283,
      0.6931636929512024,
      0.6931660771369934,
      0.6931643486022949,
      0.6931703090667725,
      0.6931650638580322,
      0.6931555271148682,
      0.6931606531143188,
      0.6931599974632263,
      0.6931670308113098,
      0.6931644082069397,
      0.6931619644165039,
      0.6931597590446472,
      0.6931701302528381,
      0.6931594014167786,
      0.6931608319282532,
      0.6931563019752502,
      0.6931520700454712,
      0.693162739276886,
      0.6931585669517517,
      0.6931613087654114,
      0.6931608319282532,
      0.6931562423706055,
      0.6931580901145935,
      0.6931606531143188,
      0.6931588053703308,
      0.6931545734405518,
      0.6931626796722412,
      0.693158745765686,
      0.693155825138092,
      0.6931594014167786,
      0.6931598782539368,
      0.6931609511375427,
      0.6931591033935547,
      0.6931561827659607,
      0.693154513835907,
      0.6931490302085876,
      0.6931535601615906,
      0.6931460499763489,
      0.693151593208313,
      0.6931512951850891,
      0.6931535601615906,
      0.6931546926498413,
      0.6931545734405518,
      0.693153440952301,
      0.6931540966033936,
      0.693149983882904,
      0.6931641101837158,
      0.6931566596031189,
      0.6931554675102234,
      0.6931535005569458,
      0.6931553483009338,
      0.6931509375572205,
      0.6931543946266174,
      0.6931555271148682,
      0.6931535005569458,
      0.6931527256965637,
      0.6931577324867249,
      0.6931596994400024,
      0.6931557059288025,
      0.6931543946266174,
      0.6931556463241577,
      0.6931560635566711,
      0.6931495666503906,
      0.6931515336036682,
      0.6931531429290771,
      0.6931560635566711,
      0.6931524276733398,
      0.6931594014167786,
      0.6931537389755249,
      0.6931596994400024,
      0.6931561827659607,
      0.6931514143943787,
      0.6931553483009338,
      0.6931533217430115,
      0.6931512355804443,
      0.6931495666503906,
      0.6931514143943787,
      0.6931523680686951,
      0.6931518316268921,
      0.6931514143943787,
      0.6931493282318115,
      0.6931591629981995,
      0.6931540966033936,
      0.6931527853012085,
      0.6931561827659607,
      0.6931505799293518,
      0.6931538581848145,
      0.6931502819061279,
      0.6931481957435608,
      0.6931531429290771,
      0.6931551098823547,
      0.6931520104408264,
      0.6931478381156921,
      0.6931511759757996,
      0.6931520104408264,
      0.6931518912315369,
      0.6931480169296265,
      0.6931509375572205,
      0.6931514143943787,
      0.6931485533714294,
      0.6931518316268921,
      0.6931504607200623,
      0.6931552886962891,
      0.6931536197662354,
      0.693149983882904,
      0.6931521892547607,
      0.6931519508361816,
      0.6931491494178772,
      0.6931523680686951,
      0.6931555271148682,
      0.6931481957435608,
      0.6931490302085876,
      0.6931507587432861,
      0.6931495070457458,
      0.6931485533714294,
      0.6931546330451965,
      0.6931517124176025,
      0.6931496262550354,
      0.6931518912315369,
      0.6931495666503906,
      0.6931495070457458,
      0.6931535005569458,
      0.6931509375572205,
      0.6931526064872742,
      0.69315105676651,
      0.6931496262550354,
      0.6931506991386414,
      0.6931523084640503,
      0.6931493282318115,
      0.6931436061859131,
      0.6931505799293518,
      0.6931517720222473,
      0.6931523680686951,
      0.693152666091919,
      0.6931470632553101,
      0.6931495666503906,
      0.6931638121604919,
      0.6931476593017578,
      0.6931496262550354,
      0.6931502819061279,
      0.6931496262550354,
      0.6931502819061279,
      0.6931477189064026,
      0.6931501626968384,
      0.6931524872779846,
      0.6931488513946533,
      0.6931474804878235,
      0.6931515336036682,
      0.69315105676651,
      0.693146288394928,
      0.6931509375572205,
      0.6931527853012085,
      0.6931527853012085,
      0.6931511163711548,
      0.6931502819061279,
      0.693149209022522,
      0.6931490302085876,
      0.6931571364402771,
      0.693153440952301,
      0.693149745464325,
      0.6931493282318115,
      0.693148672580719,
      0.6931509375572205,
      0.6931505799293518,
      0.6931501626968384,
      0.6931501030921936,
      0.6931509971618652,
      0.6931495070457458,
      0.693154513835907,
      0.6931531429290771,
      0.6931480765342712,
      0.6931506991386414,
      0.6931518912315369,
      0.693148136138916,
      0.693147599697113,
      0.6931533217430115,
      0.6931471824645996,
      0.6931520104408264,
      0.6931435465812683,
      0.6931485533714294,
      0.6931512355804443,
      0.6931499242782593,
      0.6931535601615906,
      0.6931520104408264,
      0.6931471824645996,
      0.6931491494178772,
      0.6931496262550354,
      0.6931467652320862,
      0.6931495070457458,
      0.6931482553482056,
      0.6931488513946533,
      0.6931508183479309,
      0.6931481957435608,
      0.6931496262550354,
      0.6931484937667847,
      0.6931489706039429,
      0.6931485533714294,
      0.6931517124176025,
      0.6931488513946533,
      0.6931490302085876,
      0.6931496262550354,
      0.6931481957435608,
      0.693152666091919,
      0.6931509375572205,
      0.6931478381156921,
      0.693148672580719,
      0.6931488513946533,
      0.6931469440460205,
      0.6931460499763489,
      0.6931480169296265,
      0.6931477189064026,
