{
   "number_epochs": 20,
   "info_used": "use hypothesis",
   "perc_full_data": 0.025,
   "n_epochs_no_selection": 0,
   "Frequency % cutoff": 0.25,
   "hidden_size": 32,
   "random_state": 0,
   "train_errors": [
      0.05046563223004341,
      0.03484529256820679,
      0.034440621733665466,
      0.03001100942492485,
      0.028721284121274948,
      0.028195485472679138,
      0.028043478727340698,
      0.02868247963488102,
      0.027440499514341354,
      0.02759748138487339,
      0.027574172243475914,
      0.027155378833413124,
      0.02786167524755001,
      0.027133464813232422,
      0.02646660804748535,
      0.027149586006999016,
      0.027715420350432396,
      0.026425212621688843,
      0.026099013164639473,
      0.026482876390218735
   ],
   "valid_errors": [
      0.03391442820429802,
      0.023080158978700638,
      0.02280653826892376,
      0.023607242852449417,
      0.022718409076333046
   ],
   "val_epochs": [
      0,
      5,
      10,
      15,
      19
   ],
   "input_data_path": "../data/wine/red_wine.csv",
   "gradwcontext": true,
   "Encompassing Param": 0.1,
   "Normalize Grads & Contx": false,
   "cluster_all_classes": false,
   "imputation method": "",
   "model_dropout": 0.05,
   "model_type": "mlp",
   "problem_type": "regression"
}