{
   "number_epochs": 150,
   "info_used": "full info",
   "perc_full_data": 0.25,
   "n_epochs_no_selection": 0,
   "Frequency % cutoff": 0.25,
   "hidden_size": 32,
   "random_state": 42,
   "train_errors": [
      0.2925075888633728,
      0.17124482989311218,
      0.07116322219371796,
      0.030580537393689156,
      0.05782556161284447,
      0.06086176633834839,
      0.03611882030963898,
      0.027998866513371468,
      0.03057791292667389,
      0.03524569794535637,
      0.031281571835279465,
      0.026685316115617752,
      0.025402644649147987,
      0.02534092590212822,
      0.02543007954955101,
      0.022298147901892662,
      0.022536443546414375,
      0.02350260503590107,
      0.02314254269003868,
      0.021392205730080605,
      0.021578706800937653,
      0.021199509501457214,
      0.02125966176390648,
      0.022131921723484993,
      0.019981661811470985,
      0.021269183605909348,
      0.020634140819311142,
      0.021341264247894287,
      0.02039279229938984,
      0.01965150609612465,
      0.020990431308746338,
      0.020101996138691902,
      0.020184500142931938,
      0.019465168938040733,
      0.020002052187919617,
      0.019892452284693718,
      0.01998623088002205,
      0.020514782518148422,
      0.02016317844390869,
      0.019613556563854218,
      0.019551757723093033,
      0.02027991972863674,
      0.019005106762051582,
      0.019277168437838554,
      0.019386041909456253,
      0.01887895166873932,
      0.0189936812967062,
      0.01927940547466278,
      0.01993974670767784,
      0.020426511764526367,
      0.02029327303171158,
      0.019042443484067917,
      0.018999459221959114,
      0.019135352224111557,
      0.018894284963607788,
      0.019280070438981056,
      0.020088566467165947,
      0.01974405162036419,
      0.020311105996370316,
      0.01899700239300728,
      0.01935514435172081,
      0.018454980105161667,
      0.019166138023138046,
      0.018656060099601746,
      0.01865421235561371,
      0.01954951323568821,
      0.01924728788435459,
      0.018994497135281563,
      0.018568355590105057,
      0.01943204365670681,
      0.018450550734996796,
      0.019154369831085205,
      0.01860017515718937,
      0.019191214814782143,
      0.018277645111083984,
      0.019216252490878105,
      0.018310975283384323,
      0.019169047474861145,
      0.018214892596006393,
      0.01925896294414997,
      0.019078146666288376,
      0.018935104832053185,
      0.018568210303783417,
      0.018078766763210297,
      0.018994217738509178,
      0.017338858917355537,
      0.01795659400522709,
      0.018614832311868668,
      0.0185341015458107,
      0.017695320770144463,
      0.018283627927303314,
      0.018863162025809288,
      0.01807849109172821,
      0.01790253072977066,
      0.018693093210458755,
      0.01863977313041687,
      0.018120497465133667,
      0.018334195017814636,
      0.018927596509456635,
      0.018393665552139282,
      0.017901256680488586,
      0.018863409757614136,
      0.018207047134637833,
      0.017841042950749397,
      0.01835136115550995,
      0.018439743667840958,
      0.01849459297955036,
      0.01750379055738449,
      0.01827707700431347,
      0.01747378334403038,
      0.018035966902971268,
      0.017906779423356056,
      0.018819278106093407,
      0.017977893352508545,
      0.01756599359214306,
      0.017961615696549416,
      0.01827576570212841,
      0.017859842628240585,
      0.01794755645096302,
      0.01777574047446251,
      0.017544694244861603,
      0.01806594245135784,
      0.018197976052761078,
      0.01812155358493328,
      0.017729448154568672,
      0.017815740779042244,
      0.018384534865617752,
      0.018667785450816154,
      0.018208693712949753,
      0.018778814002871513,
      0.01844247803092003,
      0.01819165237247944,
      0.017870379611849785,
      0.017720576375722885,
      0.01775413379073143,
      0.018317362293601036,
      0.01792263053357601,
      0.018291186541318893,
      0.01822431944310665,
      0.018418962135910988,
      0.018184127286076546,
      0.017792411148548126,
      0.017339151352643967,
      0.01823076419532299,
      0.018173154443502426,
      0.018149245530366898,
      0.01806696131825447,
      0.01795830763876438,
      0.01824028789997101,
      0.017782142385840416
   ],
   "valid_errors": [
      0.23775407671928406,
      0.04996064305305481,
      0.02547501027584076,
      0.019384073093533516,
      0.017118122428655624,
      0.016293775290250778,
      0.016141565516591072,
      0.016058890148997307,
      0.016083478927612305,
      0.01618368737399578,
      0.015964899212121964,
      0.016034061089158058,
      0.01587347313761711,
      0.016043443232774734,
      0.016109034419059753,
      0.015930891036987305,
      0.016003521159291267,
      0.01617572456598282,
      0.01605956442654133,
      0.015894895419478416,
      0.016007298603653908,
      0.01619631052017212,
      0.016134727746248245,
      0.016103075817227364,
      0.01610797829926014,
      0.01615428738296032,
      0.0162445567548275,
      0.016194812953472137,
      0.01619475707411766,
      0.016248410567641258,
      0.016243036836385727
   ],
   "val_epochs": [
      0,
      5,
      10,
      15,
      20,
      25,
      30,
      35,
      40,
      45,
      50,
      55,
      60,
      65,
      70,
      75,
      80,
      85,
      90,
      95,
      100,
      105,
      110,
      115,
      120,
      125,
      130,
      135,
      140,
      145,
      149
   ],
   "input_data_path": "../data/wine/red_wine.csv",
   "gradwcontext": true,
   "Encompassing Param": 0.1,
   "Normalize Grads & Contx": false,
   "cluster_all_classes": false,
   "imputation method": "",
   "model_dropout": 0.05,
   "model_type": "mlp"
}