{
   "number_epochs": 300,
   "info_used": "use imputation",
   "perc_full_data": 0.1,
   "n_epochs_no_selection": 0,
   "Frequency % cutoff": 0.3,
   "hidden_size": 32,
   "random_state": 4,
   "train_errors": [
      0.05495922639966011,
      0.05059982091188431,
      0.0480787493288517,
      0.047543760389089584,
      0.04735608398914337,
      0.047289736568927765,
      0.04623226448893547,
      0.045423947274684906,
      0.044142551720142365,
      0.04267048463225365,
      0.042129117995500565,
      0.03988754004240036,
      0.03824631869792938,
      0.036998551338911057,
      0.035587627440690994,
      0.034284304827451706,
      0.03294270485639572,
      0.03099028207361698,
      0.030028153210878372,
      0.02887997217476368,
      0.028194313868880272,
      0.026105336844921112,
      0.02476297691464424,
      0.022672392427921295,
      0.023141736164689064,
      0.021494468674063683,
      0.021062875166535378,
      0.01981334201991558,
      0.01815107651054859,
      0.01810789294540882,
      0.017939940094947815,
      0.017578233033418655,
      0.01680682972073555,
      0.01628394052386284,
      0.01614706963300705,
      0.015162414871156216,
      0.015787726268172264,
      0.014738563448190689,
      0.015239360742270947,
      0.015235313214361668,
      0.0145780760794878,
      0.014724774286150932,
      0.01419578306376934,
      0.013610833324491978,
      0.014867806807160378,
      0.01377066783607006,
      0.013231875374913216,
      0.013507209718227386,
      0.013947635889053345,
      0.012975887395441532,
      0.01281537115573883,
      0.012171467766165733,
      0.0126378508284688,
      0.01263340376317501,
      0.013333598151803017,
      0.011922565288841724,
      0.012999203987419605,
      0.011746480129659176,
      0.012920602224767208,
      0.011638644151389599,
      0.012190120294690132,
      0.011656270362436771,
      0.010993271134793758,
      0.01226888783276081,
      0.011952118948101997,
      0.011517898179590702,
      0.011457381770014763,
      0.012447367422282696,
      0.010758094489574432,
      0.010824432596564293,
      0.011793888173997402,
      0.012116344645619392,
      0.010752581991255283,
      0.010644358582794666,
      0.010833688080310822,
      0.010832157917320728,
      0.010549183934926987,
      0.011458929628133774,
      0.011335720308125019,
      0.01066725142300129,
      0.01108535472303629,
      0.011185805313289165,
      0.011664001271128654,
      0.010634258389472961,
      0.01082529779523611,
      0.011057548224925995,
      0.010440807789564133,
      0.011026497930288315,
      0.011124270036816597,
      0.010256322100758553,
      0.010379604063928127,
      0.010470363311469555,
      0.009768623858690262,
      0.010113581083714962,
      0.009541024453938007,
      0.010892803780734539,
      0.00973032508045435,
      0.01064017228782177,
      0.010656757280230522,
      0.009363933466374874,
      0.010458411648869514,
      0.010167415253818035,
      0.010340276174247265,
      0.00997886247932911,
      0.010047493502497673,
      0.009981974959373474,
      0.009974764660000801,
      0.010038752108812332,
      0.010548747144639492,
      0.010422222316265106,
      0.010354655794799328,
      0.010552597232162952,
      0.010534142144024372,
      0.009615621529519558,
      0.0090864896774292,
      0.010039467364549637,
      0.01001830119639635,
      0.009613078087568283,
      0.010145816951990128,
      0.01077487226575613,
      0.008783075958490372,
      0.00989150907844305,
      0.010023316368460655,
      0.009949654340744019,
      0.009629292413592339,
      0.009825470857322216,
      0.009058513678610325,
      0.00951707735657692,
      0.01062943134456873,
      0.009258673526346684,
      0.009549550712108612,
      0.010257565416395664,
      0.009284296073019505,
      0.009753271006047726,
      0.009683211334049702,
      0.008112276904284954,
      0.009409603662788868,
      0.00936916097998619,
      0.010780579410493374,
      0.009346235543489456,
      0.009594121016561985,
      0.00898747518658638,
      0.010088954120874405,
      0.01033887080848217,
      0.008897350169718266,
      0.009701350703835487,
      0.008997129276394844,
      0.009347443468868732,
      0.008656768128275871,
      0.010178406722843647,
      0.009286141023039818,
      0.009071698412299156,
      0.009717964567244053,
      0.0087505541741848,
      0.009289322420954704,
      0.009450873360037804,
      0.008940717205405235,
      0.009014235809445381,
      0.009740648791193962,
      0.009073365479707718,
      0.009440643712878227,
      0.009004986844956875,
      0.009459559805691242,
      0.009572818875312805,
      0.00880411360412836,
      0.009675976820290089,
      0.009011927992105484,
      0.008736592717468739,
      0.00941285490989685,
      0.008730017580091953,
      0.00929705798625946,
      0.009074592962861061,
      0.008391371928155422,
      0.008861000649631023,
      0.008446347899734974,
      0.008899807929992676,
      0.009093147702515125,
      0.008461937308311462,
      0.009581442922353745,
      0.009588385932147503,
      0.00967119075357914,
      0.00823262520134449,
      0.009318496100604534,
      0.007947978563606739,
      0.00846493523567915,
      0.00858563557267189,
      0.009002172388136387,
      0.008634530007839203,
      0.008674811571836472,
      0.009036580100655556,
      0.008016879670321941,
      0.008301681838929653,
      0.008173990063369274,
      0.008506514132022858,
      0.008332244120538235,
      0.008910256437957287,
      0.007646828889846802,
      0.008436369709670544,
      0.008640280924737453,
      0.009313595481216908,
      0.008879006840288639,
      0.008302128873765469,
      0.007551072631031275,
      0.008098685182631016,
      0.008211317472159863,
      0.009069394320249557,
      0.007627717684954405,
      0.008801321499049664,
      0.008550812490284443,
      0.00831860862672329,
      0.009119873866438866,
      0.008129934780299664,
      0.007962222211062908,
      0.00820950884371996,
      0.009188713505864143,
      0.008843393996357918,
      0.008092299103736877,
      0.008588694967329502,
      0.007260328624397516,
      0.00782802328467369,
      0.008033194579184055,
      0.008769484236836433,
      0.008890599012374878,
      0.008073917590081692,
      0.008206420578062534,
      0.008062499575316906,
      0.008705933578312397,
      0.00733437342569232,
      0.009249953553080559,
      0.008516169153153896,
      0.007985723204910755,
      0.00752301374450326,
      0.007533719763159752,
      0.00820961594581604,
      0.007777259219437838,
      0.00870718713849783,
      0.008295256644487381,
      0.008169040083885193,
      0.00720062293112278,
      0.00850609876215458,
      0.007675912696868181,
      0.00832633301615715,
      0.007530436851084232,
      0.008513004519045353,
      0.007658525835722685,
      0.007775825913995504,
      0.007278080098330975,
      0.00801326148211956,
      0.007387043442577124,
      0.006576066836714745,
      0.008806769736111164,
      0.007661853916943073,
      0.00812957901507616,
      0.006872925441712141,
      0.007994074374437332,
      0.007981897331774235,
      0.007477586157619953,
      0.008317284286022186,
      0.008712842129170895,
      0.007892069406807423,
      0.007808533962816,
      0.00801662914454937,
      0.006424701306968927,
      0.0077607110142707825,
      0.007737952750176191,
      0.008002149872481823,
      0.006635947618633509,
      0.007567752152681351,
      0.007560675032436848,
      0.007948496378958225,
      0.00888585764914751,
      0.0067021544091403484,
      0.006977689918130636,
      0.007906552404165268,
      0.007072977256029844,
      0.007137456443160772,
      0.006936639081686735,
      0.007301986217498779,
      0.0073067620396614075,
      0.006555217318236828,
