{
   "number_epochs": 300,
   "info_used": "use imputation",
   "perc_full_data": 0.1,
   "n_epochs_no_selection": 0,
   "Frequency % cutoff": 0.3,
   "hidden_size": 32,
   "random_state": 2,
   "train_errors": [
      0.11803542077541351,
      0.10481499880552292,
      0.09273507446050644,
      0.0818701982498169,
      0.07165641337633133,
      0.06310904771089554,
      0.05650506541132927,
      0.05118925869464874,
      0.04808017238974571,
      0.04649221897125244,
      0.046236053109169006,
      0.04518446326255798,
      0.044443175196647644,
      0.04349331557750702,
      0.041039735078811646,
      0.040054649114608765,
      0.03793436661362648,
      0.036671146750450134,
      0.03624098375439644,
      0.03443903103470802,
      0.033413104712963104,
      0.03193364292383194,
      0.030828190967440605,
      0.029758896678686142,
      0.028469251468777657,
      0.027187952771782875,
      0.02671123668551445,
      0.02473445050418377,
      0.0252265315502882,
      0.02343389391899109,
      0.02378537878394127,
      0.022214416414499283,
      0.022477837279438972,
      0.020682426169514656,
      0.02120416797697544,
      0.0223634485155344,
      0.02115277200937271,
      0.020506585016846657,
      0.020711008459329605,
      0.02159830369055271,
      0.020729636773467064,
      0.019085321575403214,
      0.02017177827656269,
      0.018309131264686584,
      0.019069667905569077,
      0.019970335066318512,
      0.020023267716169357,
      0.01899191178381443,
      0.019330661743879318,
      0.01818418875336647,
      0.019110284745693207,
      0.01814478449523449,
      0.018432149663567543,
      0.017991410568356514,
      0.018113434314727783,
      0.01732802577316761,
      0.017124120146036148,
      0.01634281873703003,
      0.017905114218592644,
      0.017102926969528198,
      0.01700698584318161,
      0.016574209555983543,
      0.015865541994571686,
      0.01718754507601261,
      0.017149358987808228,
      0.016068071126937866,
      0.016521606594324112,
      0.01611790619790554,
      0.015899693593382835,
      0.01571158692240715,
      0.015069782733917236,
      0.016446173191070557,
      0.014864110387861729,
      0.015193203464150429,
      0.015193838626146317,
      0.015314232558012009,
      0.015813788399100304,
      0.014324423857033253,
      0.014539694413542747,
      0.014813668094575405,
      0.014285914599895477,
      0.014026513323187828,
      0.014982669614255428,
      0.013367777690291405,
      0.013381090946495533,
      0.01525873877108097,
      0.01396545022726059,
      0.013808571733534336,
      0.013966651633381844,
      0.01407600101083517,
      0.013075863011181355,
      0.013225311413407326,
      0.013511521741747856,
      0.01474362425506115,
      0.01368249487131834,
      0.013231765478849411,
      0.012801963835954666,
      0.014352375641465187,
      0.012378438375890255,
      0.01223833579570055,
      0.012401222251355648,
      0.013069136999547482,
      0.011517954990267754,
      0.012438178062438965,
      0.013593736104667187,
      0.012628890573978424,
      0.012647791765630245,
      0.01184956356883049,
      0.012950751930475235,
      0.012124069966375828,
      0.013226253911852837,
      0.011136705987155437,
      0.012537815608084202,
      0.013432766310870647,
      0.011931143701076508,
      0.011725783348083496,
      0.013001513667404652,
      0.0122253792360425,
      0.013179362751543522,
      0.01187409833073616,
      0.01115732453763485,
      0.012279986403882504,
      0.012203983031213284,
      0.011410796083509922,
      0.012054492719471455,
      0.01343737356364727,
      0.01337654422968626,
      0.012786488980054855,
      0.012717846781015396,
      0.012559116818010807,
      0.011525060050189495,
      0.012211368419229984,
      0.01229724008589983,
      0.01121042761951685,
      0.01216723769903183,
      0.011761810630559921,
      0.01165805570781231,
      0.010991690680384636,
      0.010802729986608028,
      0.010804633609950542,
      0.01186792366206646,
      0.01167493499815464,
      0.011123793199658394,
      0.012290406040847301,
      0.010589989833533764,
      0.011340504512190819,
      0.010743792168796062,
      0.010790118016302586,
      0.011250828392803669,
      0.011026989668607712,
      0.01125903706997633,
      0.01202644407749176,
      0.011758388951420784,
      0.01171488594263792,
      0.011219147592782974,
      0.011091260239481926,
      0.011529631912708282,
      0.010453197173774242,
      0.0103578707203269,
      0.0111615639179945,
      0.010779538191854954,
      0.011295616626739502,
      0.010417349636554718,
      0.011274879798293114,
      0.010849070735275745,
      0.011068169958889484,
      0.010733379051089287,
      0.01084937620908022,
      0.010549673810601234,
      0.010883066803216934,
      0.010027232579886913,
      0.010782714933156967,
      0.010342837311327457,
      0.010236724279820919,
      0.011481000110507011,
      0.010148611851036549,
      0.010230163112282753,
      0.010344029404222965,
      0.010664897970855236,
      0.009193383157253265,
      0.009897250682115555,
      0.009269251488149166,
      0.010679205879569054,
      0.010688968002796173,
      0.011411716230213642,
      0.00987576600164175,
      0.010481777600944042,
      0.009552283212542534,
      0.009547010064125061,
      0.009369250386953354,
      0.011269867420196533,
      0.00932818092405796,
      0.011375588364899158,
      0.009664607234299183,
      0.00981692224740982,
      0.009843519888818264,
      0.010346774011850357,
      0.010066992603242397,
      0.009750519879162312,
      0.011499401181936264,
      0.009937520138919353,
      0.00993616133928299,
      0.009899565950036049,
      0.008956218138337135,
      0.009889892302453518,
      0.009138379245996475,
      0.008115089498460293,
      0.00991656631231308,
      0.009823542088270187,
      0.009943208657205105,
      0.009434869512915611,
      0.008872977457940578,
      0.009084906429052353,
      0.009847519919276237,
      0.00926188938319683,
      0.008542818948626518,
      0.009269592352211475,
      0.008922559209167957,
      0.009693676605820656,
      0.009858264587819576,
      0.009715445339679718,
      0.009245691820979118,
      0.008407826535403728,
      0.009377555921673775,
      0.008700104430317879,
      0.008441014215350151,
      0.008387643843889236,
      0.008562278002500534,
      0.009256049990653992,
      0.007833665236830711,
      0.009071514941751957,
      0.007905945181846619,
      0.008188496343791485,
      0.008308962918817997,
      0.008729864843189716,
      0.009123057126998901,
      0.008852062746882439,
      0.00777555862441659,
      0.00854516588151455,
      0.008067036978900433,
      0.008493336848914623,
      0.00817688088864088,
      0.008098752237856388,
      0.007264690473675728,
      0.007570500951260328,
      0.007174627389758825,
      0.00770886056125164,
      0.008579039946198463,
      0.007469973061233759,
      0.007774269208312035,
      0.007686893455684185,
      0.007664824835956097,
      0.007666178047657013,
      0.007915019989013672,
      0.007386461365967989,
      0.00822502002120018,
      0.007602076977491379,
      0.007744744885712862,
      0.00839849840849638,
      0.008436663076281548,
      0.007776686921715736,
      0.008246289566159248,
      0.007076819892972708,
      0.00757177360355854,
      0.006917957216501236,
      0.007371559273451567,
      0.007468473631888628,
      0.007295356132090092,
      0.006923313718289137,
      0.007525003049522638,
      0.0070159886963665485,
      0.007769395597279072,
      0.007335149683058262,
      0.007338888477534056,
      0.0074384878389537334,
      0.0076213194988667965,
      0.007567915599793196,
      0.007015910930931568,
      0.00630235904827714,
      0.007974016480147839,
