{
   "number_epochs": 20,
   "info_used": "use imputation",
   "perc_full_data": 0.08,
   "n_epochs_no_selection": 0,
   "Frequency % cutoff": 0.33,
   "hidden_size": 32,
   "random_state": 7,
   "train_errors": [
      0.3642370402812958,
      0.26895228028297424,
      0.18493157625198364,
      0.11342990398406982,
      0.06107297167181969,
      0.0346517376601696,
      0.03833945840597153,
      0.05627380684018135,
      0.058049604296684265,
      0.048409394919872284,
      0.037631336599588394,
      0.03191998228430748,
      0.029979195445775986,
      0.03299872949719429,
      0.0352301225066185,
      0.03641270473599434,
      0.03486129269003868,
      0.033573828637599945,
      0.03171151876449585,
      0.03002912364900112
   ],
   "valid_errors": [
      0.3162331283092499,
      0.03460811451077461,
      0.03455377370119095,
      0.035994332283735275,
      0.02971717156469822
   ],
   "val_epochs": [
      0,
      5,
      10,
      15,
      19
   ],
   "input_data_path": "../data/airfoil_self_noise/data.csv",
   "gradwcontext": true,
   "Encompassing Param": 0.1,
   "Normalize Grads & Contx": false,
   "cluster_all_classes": false,
   "imputation method": "Matrix Factorization",
   "model_dropout": 0.05,
   "model_type": "mlp",
   "problem_type": "regression"
}