{
   "number_epochs": 20,
   "info_used": "use imputation",
   "perc_full_data": 0.08,
   "n_epochs_no_selection": 0,
   "Frequency % cutoff": 0.33,
   "hidden_size": 32,
   "random_state": 12,
   "train_errors": [
      0.2431386262178421,
      0.16577401757240295,
      0.10436385124921799,
      0.06119288131594658,
      0.03876201808452606,
      0.03508485481142998,
      0.04581261798739433,
      0.05135253816843033,
      0.04651205986738205,
      0.03874693810939789,
      0.033536285161972046,
      0.030605578795075417,
      0.03216344490647316,
      0.0333104208111763,
      0.03402036800980568,
      0.03287815675139427,
      0.03180132433772087,
      0.029712557792663574,
      0.028545815497636795,
      0.027988949790596962
   ],
   "valid_errors": [
      0.20348982512950897,
      0.04666784033179283,
      0.03744683042168617,
      0.037346698343753815,
      0.03388426825404167
   ],
   "val_epochs": [
      0,
      5,
      10,
      15,
      19
   ],
   "input_data_path": "../data/airfoil_self_noise/data.csv",
   "gradwcontext": true,
   "Encompassing Param": 0.1,
   "Normalize Grads & Contx": false,
   "cluster_all_classes": false,
   "imputation method": "Matrix Factorization",
   "model_dropout": 0.05,
   "model_type": "mlp",
   "problem_type": "regression"
}