{
   "number_epochs": 20,
   "info_used": "use imputation",
   "perc_full_data": 0.08,
   "n_epochs_no_selection": 0,
   "Frequency % cutoff": 0.33,
   "hidden_size": 32,
   "random_state": 3,
   "train_errors": [
      0.25958338379859924,
      0.17119047045707703,
      0.10234112292528152,
      0.05815888196229935,
      0.042786575853824615,
      0.052363064140081406,
      0.06385300308465958,
      0.0631069764494896,
      0.05442197620868683,
      0.045087508857250214,
      0.040367670357227325,
      0.03877710923552513,
      0.039914570748806,
      0.040145035833120346,
      0.041563116014003754,
      0.03940682113170624,
      0.03799910843372345,
      0.03609378635883331,
      0.03420861065387726,
      0.034282341599464417
   ],
   "valid_errors": [
      0.19702266156673431,
      0.058548856526613235,
      0.03742358833551407,
      0.03617774695158005,
      0.034464817494153976
   ],
   "val_epochs": [
      0,
      5,
      10,
      15,
      19
   ],
   "input_data_path": "../data/airfoil_self_noise/data.csv",
   "gradwcontext": true,
   "Encompassing Param": 0.1,
   "Normalize Grads & Contx": false,
   "cluster_all_classes": false,
   "imputation method": "Matrix Factorization",
   "model_dropout": 0.05,
   "model_type": "mlp",
   "problem_type": "regression"
}