{
   "number_epochs": 400,
   "info_used": "use imputation",
   "perc_full_data": 0.08,
   "n_epochs_no_selection": 0,
   "Frequency % cutoff": 0.33,
   "hidden_size": 32,
   "random_state": 4,
   "train_errors": [
      0.2838687300682068,
      0.20614154636859894,
      0.1396191567182541,
      0.09012307971715927,
      0.06393542885780334,
      0.06235942617058754,
      0.07104658335447311,
      0.07246848195791245,
      0.06419739127159119,
      0.0535648949444294,
      0.0468328595161438,
      0.04568108916282654,
      0.045479532331228256,
      0.04499495401978493,
      0.044002097100019455,
      0.04186336323618889,
      0.04035012423992157,
      0.037519656121730804,
      0.03606018051505089,
      0.035254377871751785,
      0.03549524396657944,
      0.035448744893074036,
      0.03413532301783562,
      0.032534610480070114,
      0.03202974796295166,
      0.03198706731200218,
      0.0311888474971056,
      0.030514463782310486,
      0.030876025557518005,
      0.029797645285725594,
      0.029571814462542534,
      0.028418418020009995,
      0.028670763596892357,
      0.028542138636112213,
      0.027250705286860466,
      0.02689821831882,
      0.02677271142601967,
      0.026486165821552277,
      0.025969255715608597,
      0.026062287390232086,
      0.025619028136134148,
      0.02462972328066826,
      0.02503870613873005,
      0.024525009095668793,
      0.024975042790174484,
      0.02409239485859871,
      0.023766065016388893,
      0.022997502237558365,
      0.02289094217121601,
      0.023007303476333618,
      0.02333897165954113,
      0.022719981148838997,
      0.02315560169517994,
      0.021973293274641037,
      0.022003445774316788,
      0.021373173221945763,
      0.02135680802166462,
      0.021167704835534096,
      0.02160957269370556,
      0.021341385319828987,
      0.02038896083831787,
      0.02024504914879799,
      0.019944511353969574,
      0.020336754620075226,
      0.02027072198688984,
      0.020233942195773125,
      0.019495030865073204,
      0.01995105668902397,
      0.01938771642744541,
      0.019111156463623047,
      0.018987491726875305,
      0.019567275419831276,
      0.019173890352249146,
      0.018936803564429283,
      0.018415141850709915,
      0.01871352829039097,
      0.01828353852033615,
      0.017495686188340187,
      0.018141278997063637,
      0.017950350418686867,
      0.016878852620720863,
      0.017272314056754112,
      0.01646149531006813,
      0.01679695025086403,
      0.01680680736899376,
      0.016242435202002525,
      0.015184679999947548,
      0.014679293148219585,
      0.015511767007410526,
      0.015928518027067184,
      0.015016569755971432,
      0.014337122440338135,
      0.014207897707819939,
      0.014975271187722683,
      0.013906700536608696,
      0.013852200470864773,
      0.012949393130838871,
      0.01308145746588707,
      0.01314228493720293,
      0.012916202656924725,
      0.013423564843833447,
      0.012813497334718704,
      0.012341744266450405,
      0.012313886545598507,
      0.011809219606220722,
      0.012533007189631462,
      0.011234331876039505,
      0.011310087516903877,
      0.011348486877977848,
      0.01098841242492199,
      0.010888523422181606,
      0.010544313117861748,
      0.010750602930784225,
      0.010443223640322685,
      0.010148020461201668,
      0.010676782578229904,
      0.01059025339782238,
      0.010265910997986794,
      0.011072251945734024,
      0.010259396396577358,
      0.010012751445174217,
      0.010037300176918507,
      0.009175802581012249,
      0.009975274093449116,
      0.009474994614720345,
      0.009992286562919617,
      0.009735874831676483,
      0.010140451602637768,
      0.009400835260748863,
      0.009826596826314926,
      0.009267041459679604,
      0.009994270280003548,
      0.008722205646336079,
      0.009042678400874138,
      0.009291320107877254,
      0.008893365040421486,
      0.008987856097519398,
      0.008759086951613426,
      0.008893619291484356,
      0.00891290232539177,
      0.008145646192133427,
      0.00833542738109827,
      0.009071221575140953,
      0.008615799248218536,
      0.008875836618244648,
      0.009032023139297962,
      0.008755655027925968,
      0.008115019649267197,
      0.008832399733364582,
      0.008624665439128876,
      0.00858585350215435,
      0.008852628991007805,
      0.008496889844536781,
      0.007961726747453213,
      0.008264970034360886,
      0.008110315538942814,
      0.008975968696177006,
      0.008870858699083328,
      0.008394138887524605,
      0.007894143462181091,
      0.008071995340287685,
      0.008270946331322193,
      0.007929067127406597,
      0.008480148389935493,
      0.008214716799557209,
      0.00829225778579712,
      0.00811807718127966,
      0.008211825042963028,
      0.007932895794510841,
      0.008259803988039494,
      0.008234377950429916,
      0.0079942736774683,
      0.00818987749516964,
      0.007607483305037022,
      0.007922769524157047,
      0.008177489042282104,
      0.008191855624318123,
      0.008009035140275955,
      0.007989022880792618,
      0.007413909304887056,
      0.00791044719517231,
      0.007876938208937645,
      0.007850218564271927,
      0.008280640468001366,
      0.007973238825798035,
      0.0078029208816587925,
      0.00736978929489851,
      0.0074648018926382065,
      0.008212157525122166,
      0.0077390531077980995,
      0.007726848591119051,
      0.00782632827758789,
      0.007846619933843613,
      0.007814135402441025,
      0.0077729541808366776,
      0.007460910361260176,
      0.007378363516181707,
      0.007306287065148354,
      0.0076608676463365555,
      0.007880618795752525,
      0.007152322679758072,
      0.007332678884267807,
      0.0072783916257321835,
      0.0073738438077270985,
      0.007419805508106947,
      0.007263363339006901,
      0.007662099786102772,
      0.007183352019637823,
      0.007301251869648695,
      0.007313558366149664,
      0.007531118579208851,
      0.007556581869721413,
      0.007593292742967606,
      0.006944494787603617,
      0.007292135152965784,
      0.0073470305651426315,
      0.007511973846703768,
      0.007717567030340433,
      0.007058467250317335,
      0.007667500525712967,
      0.007311550434678793,
      0.006735470611602068,
      0.006874709855765104,
      0.006961289327591658,
      0.006920125801116228,
      0.0070123858749866486,
      0.007020144257694483,
      0.006917300634086132,
      0.007163031492382288,
      0.007241204846650362,
      0.007033756468445063,
      0.006985715124756098,
      0.007557392120361328,
      0.006950950715690851,
      0.006912657991051674,
      0.0075583308935165405,
      0.007177361287176609,
      0.0068918210454285145,
      0.006926512811332941,
      0.006789686623960733,
      0.006822097580879927,
      0.007304507773369551,
      0.006664212327450514,
      0.006849137134850025,
      0.0069429026916623116,
      0.00712196622043848,
      0.006759228650480509,
      0.006983878090977669,
      0.0070124296471476555,
      0.006859182845801115,
      0.0065467036329209805,
      0.007143043912947178,
      0.006600791588425636,
      0.006543240509927273,
      0.006891255732625723,
      0.0068456376902759075,
      0.006741682067513466,
      0.006507214158773422,
      0.006664404645562172,
      0.006483812350779772,
      0.00697003398090601,
      0.006563384551554918,
      0.00692913681268692,
      0.006509650964289904,
      0.006569801829755306,
      0.006729349959641695,
      0.006460975855588913,
      0.006482848431915045,
      0.007003830745816231,
      0.006858105771243572,
      0.006566760130226612,
      0.006899494677782059,
      0.007381306029856205,
      0.0066706291399896145,
      0.006933499127626419,
      0.006735353730618954,
      0.006770020816475153,
      0.0066166105680167675,
      0.006416250951588154,
