{
   "number_epochs": 400,
   "info_used": "use imputation",
   "perc_full_data": 0.08,
   "n_epochs_no_selection": 0,
   "Frequency % cutoff": 0.33,
   "hidden_size": 32,
   "random_state": 1,
   "train_errors": [
      0.28282952308654785,
      0.1937071979045868,
      0.11980263888835907,
      0.06717344373464584,
      0.043304428458213806,
      0.052433326840400696,
      0.06241225078701973,
      0.059098079800605774,
      0.04794576019048691,
      0.039167776703834534,
      0.035521212965250015,
      0.03531789034605026,
      0.03605681657791138,
      0.0362650491297245,
      0.03531068190932274,
      0.03398507088422775,
      0.0314597524702549,
      0.02985336259007454,
      0.027869148179888725,
      0.02812267281115055,
      0.027440251782536507,
      0.027313105762004852,
      0.026327837258577347,
      0.025879282504320145,
      0.026115501299500465,
      0.026716498658061028,
      0.025321701541543007,
      0.02508842945098877,
      0.024561703205108643,
      0.024133266881108284,
      0.023092862218618393,
      0.02361605316400528,
      0.022440850734710693,
      0.02237105742096901,
      0.02104414999485016,
      0.02121405489742756,
      0.020848466083407402,
      0.020507680252194405,
      0.01969740353524685,
      0.020489605143666267,
      0.02005096711218357,
      0.02085103653371334,
      0.019715886563062668,
      0.019948521628975868,
      0.019865090027451515,
      0.01939939707517624,
      0.019649548456072807,
      0.018928974866867065,
      0.01895059272646904,
      0.018597064539790154,
      0.01835402101278305,
      0.018423454836010933,
      0.018281497061252594,
      0.018093673512339592,
      0.01727204956114292,
      0.01820828579366207,
      0.01703348569571972,
      0.01749763824045658,
      0.016462910920381546,
      0.01615658961236477,
      0.01675356924533844,
      0.01605491153895855,
      0.017332496121525764,
      0.015340342186391354,
      0.01488291285932064,
      0.015211507678031921,
      0.014445590786635876,
      0.01460430957376957,
      0.01409479696303606,
      0.014950217679142952,
      0.013433597050607204,
      0.013846940360963345,
      0.013772460632026196,
      0.013716675341129303,
      0.014061957597732544,
      0.014177748002111912,
      0.012800950556993484,
      0.013013849034905434,
      0.012374917045235634,
      0.013379420153796673,
      0.013558474369347095,
      0.013055778108537197,
      0.012365107424557209,
      0.012566794641315937,
      0.01324777863919735,
      0.012615887448191643,
      0.013078683987259865,
      0.012098881416022778,
      0.01279330812394619,
      0.012758733704686165,
      0.012169121764600277,
      0.011481908150017262,
      0.012505128979682922,
      0.011288803070783615,
      0.012170732952654362,
      0.01210770569741726,
      0.011772535741329193,
      0.012340709567070007,
      0.012552267871797085,
      0.012363431975245476,
      0.011286570690572262,
      0.011836226098239422,
      0.011517566628754139,
      0.012065271846950054,
      0.011925012804567814,
      0.011311085894703865,
      0.009979677386581898,
      0.011683564633131027,
      0.011397277005016804,
      0.01123212743550539,
      0.011691593565046787,
      0.012709468603134155,
      0.011409368366003036,
      0.011850239709019661,
      0.011200161650776863,
      0.01164993830025196,
      0.010352338664233685,
      0.01148761622607708,
      0.011681871488690376,
      0.011437979526817799,
      0.011625966988503933,
      0.011115075089037418,
      0.011803063564002514,
      0.011109881103038788,
      0.01120846625417471,
      0.011515571735799313,
      0.010649477131664753,
      0.011310041882097721,
      0.010523810051381588,
      0.010805423371493816,
      0.010636921972036362,
      0.01147921197116375,
      0.01089758425951004,
      0.011402933858335018,
      0.010387580841779709,
      0.01087012980133295,
      0.0113266846165061,
      0.011032638140022755,
      0.010800005868077278,
      0.010485256090760231,
      0.010341309010982513,
      0.010987690649926662,
      0.010727602057158947,
      0.010461959056556225,
      0.010605369694530964,
      0.011062247678637505,
      0.01028043869882822,
      0.010835136286914349,
      0.010450968518853188,
      0.010319978930056095,
      0.010405420325696468,
      0.010214061476290226,
      0.009995349682867527,
      0.010539109818637371,
      0.009975959546864033,
      0.010216711089015007,
      0.009027204476296902,
      0.010422958992421627,
      0.010334319435060024,
      0.009878905490040779,
      0.010196053422987461,
      0.01031585969030857,
      0.01042306050658226,
      0.009977072477340698,
      0.009339706972241402,
      0.00868565309792757,
      0.00994621217250824,
      0.00939805619418621,
      0.009741238318383694,
      0.009320353157818317,
      0.009428346529603004,
      0.008967963047325611,
      0.009766777977347374,
      0.009252834133803844,
      0.008915186859667301,
      0.008894331753253937,
      0.0092079546302557,
      0.00902649573981762,
      0.00928440596908331,
      0.009036991745233536,
      0.009280663914978504,
      0.008448070846498013,
      0.008310828357934952,
      0.009009717032313347,
      0.008827620185911655,
      0.008600907400250435,
      0.008643832989037037,
      0.008522828109562397,
      0.008754930458962917,
      0.00840460229665041,
      0.008352520875632763,
      0.008865522220730782,
      0.00836043432354927,
      0.008210421539843082,
      0.008523429743945599,
      0.008129195310175419,
      0.008072045631706715,
      0.008126389235258102,
      0.008377719670534134,
      0.008033686317503452,
      0.00803995318710804,
      0.00785373616963625,
      0.007853767834603786,
      0.007556497119367123,
      0.007826176472008228,
      0.007843058556318283,
      0.007896052673459053,
      0.007481519598513842,
      0.00791389960795641,
      0.007843426428735256,
      0.007650560699403286,
      0.0076154302805662155,
      0.007274037227034569,
      0.008206312544643879,
      0.007732293102890253,
      0.008488757535815239,
      0.00836265180259943,
      0.008083095774054527,
      0.0074681444093585014,
      0.007981017231941223,
      0.007643392775207758,
      0.008006538264453411,
      0.007022001314908266,
      0.007020505610853434,
      0.0070524029433727264,
      0.008063631132245064,
      0.007149090990424156,
      0.00698194419965148,
      0.007120687980204821,
      0.006953238043934107,
      0.007364398334175348,
      0.006969836074858904,
      0.007699340116232634,
      0.007235369645059109,
      0.007541455328464508,
      0.007582998834550381,
      0.007360244635492563,
      0.0065523176454007626,
      0.007061670534312725,
      0.006637270096689463,
      0.007040074560791254,
      0.006799688097089529,
      0.007148379925638437,
      0.007426819298416376,
      0.007222682237625122,
      0.007024520542472601,
      0.007412917912006378,
      0.006969816982746124,
      0.006539568770676851,
      0.006905139423906803,
      0.007234778255224228,
      0.00707976846024394,
      0.007326819468289614,
      0.007520359009504318,
      0.006687522400170565,
      0.007587228901684284,
      0.006898398045450449,
      0.0069580283015966415,
      0.006455424707382917,
      0.006990431807935238,
      0.007717714179307222,
      0.007078725378960371,
      0.007018361706286669,
      0.007519730366766453,
      0.006906106136739254,
      0.0064696515910327435,
      0.006890409160405397,
      0.006155586335808039,
      0.007047553081065416,
      0.007459810469299555,
      0.006606119219213724,
      0.006636527366936207,
      0.006951735820621252,
      0.00689513236284256,
      0.006868776399642229,
      0.006557024549692869,
      0.0065163117833435535,
      0.006471265573054552,
      0.006743466481566429,
      0.006514182314276695,
