{
   "number_epochs": 400,
   "info_used": "use imputation",
   "perc_full_data": 0.08,
   "n_epochs_no_selection": 0,
   "Frequency % cutoff": 0.33,
   "hidden_size": 32,
   "random_state": 9,
   "train_errors": [
      0.17915727198123932,
      0.120257668197155,
      0.07388612627983093,
      0.04526648670434952,
      0.039853982627391815,
      0.051375579088926315,
      0.056613899767398834,
      0.04989873245358467,
      0.04109986871480942,
      0.03599053621292114,
      0.035667289048433304,
      0.03634967282414436,
      0.03730006888508797,
      0.036919672042131424,
      0.03611470386385918,
      0.03364556282758713,
      0.03262004256248474,
      0.032250408083200455,
      0.03223397582769394,
      0.03248504549264908,
      0.032377757132053375,
      0.030758753418922424,
      0.030081121250987053,
      0.028842544183135033,
      0.02809237688779831,
      0.027865977957844734,
      0.02753484435379505,
      0.027076859027147293,
      0.026334771886467934,
      0.026030423119664192,
      0.025317568331956863,
      0.025935271754860878,
      0.024904120713472366,
      0.023517411202192307,
      0.023767126724123955,
      0.02257526107132435,
      0.022741109132766724,
      0.02226279117166996,
      0.02209976129233837,
      0.021281221881508827,
      0.021697334945201874,
      0.02208898961544037,
      0.020405378192663193,
      0.019526563584804535,
      0.020344583317637444,
      0.019307151436805725,
      0.019297009333968163,
      0.018873106688261032,
      0.01959487795829773,
      0.018593784421682358,
      0.01857590489089489,
      0.01897512748837471,
      0.018181603401899338,
      0.01860460825264454,
      0.017609627917408943,
      0.01733086071908474,
      0.01771361380815506,
      0.017038270831108093,
      0.016757158562541008,
      0.01657932996749878,
      0.016433492302894592,
      0.015448888763785362,
      0.01573784090578556,
      0.0150870056822896,
      0.015923723578453064,
      0.01497009489685297,
      0.01402969378978014,
      0.014262164942920208,
      0.014090951532125473,
      0.01366677787154913,
      0.01352787110954523,
      0.012900744564831257,
      0.012209002859890461,
      0.011037792079150677,
      0.012342589907348156,
      0.012195346876978874,
      0.011185063980519772,
      0.012021350674331188,
      0.011948877945542336,
      0.011652805842459202,
      0.01079432014375925,
      0.01195700466632843,
      0.011437731795012951,
      0.011046593077480793,
      0.01133590005338192,
      0.01048341765999794,
      0.010454759933054447,
      0.009035874158143997,
      0.010285453870892525,
      0.010191851295530796,
      0.00859525054693222,
      0.010330392979085445,
      0.010381670668721199,
      0.010702187195420265,
      0.010432506911456585,
      0.010458535514771938,
      0.010631788522005081,
      0.010423832572996616,
      0.010047560557723045,
      0.010484527796506882,
      0.009922672994434834,
      0.010919073596596718,
      0.00981584470719099,
      0.009583341889083385,
      0.01081001665443182,
      0.010712486691772938,
      0.008785635232925415,
      0.010063226334750652,
      0.010194606147706509,
      0.010058518499135971,
      0.010125560685992241,
      0.010604051873087883,
      0.009973418898880482,
      0.01015505101531744,
      0.009926012717187405,
      0.01060213427990675,
      0.01007347833365202,
      0.010656129568815231,
      0.010510370135307312,
      0.00978758279234171,
      0.01005445048213005,
      0.00908384844660759,
      0.010234509594738483,
      0.008528472855687141,
      0.009556387551128864,
      0.010194727219641209,
      0.009489388205111027,
      0.009182648733258247,
      0.009412688203155994,
      0.00942823477089405,
      0.009796333499252796,
      0.009904681704938412,
      0.009533881209790707,
      0.009010296314954758,
      0.008736447431147099,
      0.009758266620337963,
      0.009391030296683311,
      0.009075635112822056,
      0.009166705422103405,
      0.009920468553900719,
      0.008389301598072052,
      0.009400666691362858,
      0.009568236768245697,
      0.009376775473356247,
      0.01014599110931158,
      0.009072546847164631,
      0.009440340101718903,
      0.009105393663048744,
      0.008235013112425804,
      0.009144569747149944,
      0.0077361008152365685,
      0.009554912336170673,
      0.009662210941314697,
      0.00987070333212614,
      0.009412642568349838,
      0.009481697343289852,
      0.009548056870698929,
      0.009612968191504478,
      0.009587514214217663,
      0.008628004230558872,
      0.009108750149607658,
      0.009533132426440716,
      0.009634695947170258,
      0.009198565967381,
      0.008589412085711956,
      0.008935272693634033,
      0.009330525994300842,
      0.009510040283203125,
      0.009979489259421825,
      0.01010451465845108,
      0.010319250635802746,
      0.009151996113359928,
      0.009847593493759632,
      0.00992486160248518,
      0.009271099232137203,
      0.009891560301184654,
      0.009216763079166412,
      0.010300727561116219,
      0.009412039071321487,
      0.008796853944659233,
      0.00919966772198677,
      0.008386542089283466,
      0.00870675127953291,
      0.008600247092545033,
      0.009303002618253231,
      0.009261328727006912,
      0.00892698485404253,
      0.009759006090462208,
      0.009095611050724983,
      0.0093317162245512,
      0.009045425802469254,
      0.009288192726671696,
      0.00923875905573368,
      0.008744272403419018,
      0.009105077013373375,
      0.009133274666965008,
      0.009346423670649529,
      0.00927991233766079,
      0.009664943441748619,
      0.008973883464932442,
      0.008239224553108215,
      0.008966018445789814,
      0.00883104745298624,
      0.009396126493811607,
      0.00900165643543005,
      0.009739086031913757,
      0.008621221408247948,
      0.009250469505786896,
      0.007802949286997318,
      0.008556566201150417,
      0.008945099078118801,
      0.008607939817011356,
      0.009178386069834232,
      0.008245812729001045,
      0.00932983960956335,
      0.008696495555341244,
      0.008047644980251789,
      0.01006301585584879,
      0.009853369556367397,
      0.008798325434327126,
      0.008909777738153934,
      0.009330634027719498,
      0.009515533223748207,
      0.009142918512225151,
      0.008205462247133255,
      0.009049640968441963,
      0.0093296580016613,
      0.00925024226307869,
      0.008127677254378796,
      0.00930541567504406,
      0.009114839136600494,
      0.009341718629002571,
      0.008238352835178375,
      0.008711841888725758,
      0.00865876767784357,
      0.008415079675614834,
      0.008608289062976837,
      0.007870390079915524,
      0.008273640647530556,
      0.009300966747105122,
      0.008654214441776276,
      0.00881781242787838,
      0.010107345879077911,
      0.009505442343652248,
      0.008729509077966213,
      0.008792613632977009,
      0.008216512389481068,
      0.00913348700851202,
      0.009063249453902245,
      0.008150477893650532,
      0.008875547908246517,
      0.008005009032785892,
      0.008026870898902416,
      0.008449709974229336,
      0.009022857062518597,
      0.008115517906844616,
      0.008565853349864483,
      0.008565845899283886,
      0.008871599100530148,
      0.008689054287970066,
      0.008851084858179092,
      0.009465297684073448,
      0.008219444192945957,
      0.00847293995320797,
      0.008930870331823826,
      0.007921967655420303,
      0.0091187609359622,
      0.008756253868341446,
      0.008021654561161995,
      0.008604631759226322,
      0.00822801049798727,
      0.00869161169975996,
      0.008235232904553413,
      0.007823340594768524,
      0.008294379338622093,
      0.009267040528357029,
      0.008773689158260822,
      0.008219365030527115,
      0.009088783524930477,
      0.007850914262235165,
