{
   "number_epochs": 30,
   "info_used": "use hypothesis",
   "perc_full_data": 0.1,
   "n_epochs_no_selection": 0,
   "Frequency % cutoff": 0.25,
   "hidden_size": 32,
   "random_state": 5,
   "train_errors": [
      0.8627060055732727,
      0.8459441065788269,
      0.8235519528388977,
      0.7992096543312073,
      0.7722072005271912,
      0.7450994253158569,
      0.7266055941581726,
      0.7126123309135437,
      0.7032804489135742,
      0.6986696124076843,
      0.6973360180854797,
      0.694918155670166,
      0.6943013072013855,
      0.6939907073974609,
      0.693651556968689,
      0.693501889705658,
      0.6934723854064941,
      0.6933867931365967,
      0.6933300495147705,
      0.6932971477508545,
      0.6933406591415405,
      0.6932734847068787,
      0.693286657333374,
      0.6932631134986877,
      0.6932443380355835,
      0.6932770013809204,
      0.6932123899459839,
      0.6932108998298645,
      0.6932256817817688,
      0.6931867003440857
   ],
   "valid_errors": [
      0.6652458310127258,
      0.6195468306541443,
      1.222428560256958,
      1.7790037393569946,
      2.044857978820801,
      2.204942464828491,
      2.295758008956909
   ],
   "val_epochs": [
      0,
      5,
      10,
      15,
      20,
      25,
      29
   ],
   "input_data_path": "../data/donated_blood/donated_blood_subsampled_balance.csv",
   "gradwcontext": false,
   "Encompassing Param": 0.1,
   "Normalize Grads & Contx": false,
   "cluster_all_classes": false,
   "imputation method": "",
   "model_dropout": 0.15
}