{
   "number_epochs": 30,
   "info_used": "use hypothesis",
   "perc_full_data": 0.1,
   "n_epochs_no_selection": 0,
   "Frequency % cutoff": 0.25,
   "hidden_size": 32,
   "random_state": 12,
   "train_errors": [
      0.7630221843719482,
      0.7461593747138977,
      0.7303176522254944,
      0.7120500802993774,
      0.6991920471191406,
      0.6944577693939209,
      0.6909481287002563,
      0.6912372708320618,
      0.6924135088920593,
      0.6925404071807861,
      0.6926092505455017,
      0.6928430795669556,
      0.6929023861885071,
      0.6927536129951477,
      0.6929718255996704,
      0.6930543184280396,
      0.6930075883865356,
      0.6929650902748108,
      0.6930878162384033,
      0.6930380463600159,
      0.6931068301200867,
      0.6930791139602661,
      0.6931012868881226,
      0.6930713653564453,
      0.6931194067001343,
      0.6931015849113464,
      0.6930719017982483,
      0.693087637424469,
      0.693105161190033,
      0.693113386631012
   ],
   "valid_errors": [
      0.6913140416145325,
      1.2842857837677002,
      2.7192766666412354,
      3.3995208740234375,
      3.7918643951416016,
      4.105358123779297,
      4.29762077331543
   ],
   "val_epochs": [
      0,
      5,
      10,
      15,
      20,
      25,
      29
   ],
   "input_data_path": "../data/donated_blood/donated_blood_subsampled_balance.csv",
   "gradwcontext": false,
   "Encompassing Param": 0.1,
   "Normalize Grads & Contx": false,
   "cluster_all_classes": false,
   "imputation method": "",
   "model_dropout": 0.15
}