{
   "number_epochs": 30,
   "info_used": "use hypothesis",
   "perc_full_data": 0.1,
   "n_epochs_no_selection": 0,
   "Frequency % cutoff": 0.25,
   "hidden_size": 32,
   "random_state": 0,
   "train_errors": [
      0.8158310651779175,
      0.7956843376159668,
      0.7723720669746399,
      0.7451596260070801,
      0.7232040166854858,
      0.7102170586585999,
      0.7005786895751953,
      0.6963567733764648,
      0.6945177912712097,
      0.6936708688735962,
      0.6934913396835327,
      0.6934223175048828,
      0.6932780742645264,
      0.6933161616325378,
      0.6932036876678467,
      0.6932104229927063,
      0.6932204961776733,
      0.6932454705238342,
      0.6932047009468079,
      0.6931905150413513,
      0.6932232975959778,
      0.6931986212730408,
      0.6931800842285156,
      0.6932191252708435,
      0.6931934952735901,
      0.6931836009025574,
      0.6931816339492798,
      0.6932012438774109,
      0.6931816339492798,
      0.6931665539741516
   ],
   "valid_errors": [
      0.6850727200508118,
      1.2909882068634033,
      2.858489751815796,
      3.4753401279449463,
      3.6817243099212646,
      3.8100485801696777,
      4.044732093811035
   ],
   "val_epochs": [
      0,
      5,
      10,
      15,
      20,
      25,
      29
   ],
   "input_data_path": "../data/donated_blood/donated_blood_subsampled_balance.csv",
   "gradwcontext": false,
   "Encompassing Param": 0.1,
   "Normalize Grads & Contx": false,
   "cluster_all_classes": false,
   "imputation method": "",
   "model_dropout": 0.15
}