{
   "number_epochs": 30,
   "info_used": "use hypothesis",
   "perc_full_data": 0.1,
   "n_epochs_no_selection": 0,
   "Frequency % cutoff": 0.25,
   "hidden_size": 32,
   "random_state": 7,
   "train_errors": [
      0.7693169713020325,
      0.7587348222732544,
      0.7454773783683777,
      0.7314319610595703,
      0.716910183429718,
      0.7078307271003723,
      0.6979188919067383,
      0.6954505443572998,
      0.694697380065918,
      0.6936078667640686,
      0.6932885646820068,
      0.6933046579360962,
      0.6934362053871155,
      0.6931299567222595,
      0.6931920647621155,
      0.6932600736618042,
      0.6931576132774353,
      0.6932306289672852,
      0.6931635737419128,
      0.6932585835456848,
      0.693126380443573,
      0.6931743621826172,
      0.693196713924408,
      0.6931656002998352,
      0.6932777166366577,
      0.6931513547897339,
      0.6931483149528503,
      0.6931478381156921,
      0.6931543946266174,
      0.6931545734405518
   ],
   "valid_errors": [
      0.6716451644897461,
      0.9026526808738708,
      2.026826858520508,
      2.6268820762634277,
      2.9317941665649414,
      3.188260078430176,
      3.4957027435302734
   ],
   "val_epochs": [
      0,
      5,
      10,
      15,
      20,
      25,
      29
   ],
   "input_data_path": "../data/donated_blood/donated_blood_subsampled_balance.csv",
   "gradwcontext": false,
   "Encompassing Param": 0.1,
   "Normalize Grads & Contx": false,
   "cluster_all_classes": false,
   "imputation method": "",
   "model_dropout": 0.15
}