{
   "number_epochs": 20,
   "info_used": "use imputation",
   "perc_full_data": 0.08,
   "n_epochs_no_selection": 0,
   "Frequency % cutoff": 0.33,
   "hidden_size": 32,
   "random_state": 11,
   "train_errors": [
      0.456974059343338,
      0.3364206850528717,
      0.2342374175786972,
      0.14949189126491547,
      0.0864618569612503,
      0.050084829330444336,
      0.04763198643922806,
      0.0704755038022995,
      0.08575790375471115,
      0.07579055428504944,
      0.06048977002501488,
      0.047211334109306335,
      0.03970159590244293,
      0.040853239595890045,
      0.03947500139474869,
      0.04177936539053917,
      0.041856300085783005,
      0.03975856304168701,
      0.038531918078660965,
      0.03648829832673073
   ],
   "valid_errors": [
      0.4143403172492981,
      0.04383262246847153,
      0.04456765204668045,
      0.043479543179273605,
      0.03455066680908203
   ],
   "val_epochs": [
      0,
      5,
      10,
      15,
      19
   ],
   "input_data_path": "../data/airfoil_self_noise/data.csv",
   "gradwcontext": true,
   "Encompassing Param": 0.1,
   "Normalize Grads & Contx": false,
   "cluster_all_classes": false,
   "imputation method": "KNN Imputer",
   "model_dropout": 0.05,
   "model_type": "mlp",
   "problem_type": "regression"
}