{
   "number_epochs": 20,
   "info_used": "use imputation",
   "perc_full_data": 0.08,
   "n_epochs_no_selection": 0,
   "Frequency % cutoff": 0.33,
   "hidden_size": 32,
   "random_state": 2,
   "train_errors": [
      0.2192472666501999,
      0.17548583447933197,
      0.13527147471904755,
      0.09902054071426392,
      0.06806837022304535,
      0.04430000111460686,
      0.035065289586782455,
      0.0401633195579052,
      0.04747674614191055,
      0.047006163746118546,
      0.041133761405944824,
      0.03550085797905922,
      0.03240830823779106,
      0.03293992206454277,
      0.033354707062244415,
      0.03419027850031853,
      0.03364722058176994,
      0.032660115510225296,
      0.031189193949103355,
      0.030558910220861435
   ],
   "valid_errors": [
      0.19305534660816193,
      0.03531729802489281,
      0.036330800503492355,
      0.03292323276400566,
      0.029048224911093712
   ],
   "val_epochs": [
      0,
      5,
      10,
      15,
      19
   ],
   "input_data_path": "../data/airfoil_self_noise/data.csv",
   "gradwcontext": true,
   "Encompassing Param": 0.1,
   "Normalize Grads & Contx": false,
   "cluster_all_classes": false,
   "imputation method": "KNN Imputer",
   "model_dropout": 0.05,
   "model_type": "mlp",
   "problem_type": "regression"
}