{
   "number_epochs": 400,
   "info_used": "use imputation",
   "perc_full_data": 0.08,
   "n_epochs_no_selection": 0,
   "Frequency % cutoff": 0.33,
   "hidden_size": 32,
   "random_state": 2,
   "train_errors": [
      0.21848656237125397,
      0.1755753606557846,
      0.1356692910194397,
      0.09916523844003677,
      0.06710468977689743,
      0.044877879321575165,
      0.03452974930405617,
      0.04041237756609917,
      0.04722885414958,
      0.0469704307615757,
      0.04175247997045517,
      0.03457734361290932,
      0.033037178218364716,
      0.03219481557607651,
      0.03368992358446121,
      0.03434067964553833,
      0.03425063565373421,
      0.03296542540192604,
      0.03162122517824173,
      0.030806496739387512,
      0.02967693656682968,
      0.029359707608819008,
      0.02896183915436268,
      0.029150599613785744,
      0.029048683121800423,
      0.02790161408483982,
      0.028019463643431664,
      0.027375590056180954,
      0.027552949264645576,
      0.026890095323324203,
      0.026385584846138954,
      0.02587858773767948,
      0.025347847491502762,
      0.025084925815463066,
      0.02516661025583744,
      0.024255160242319107,
      0.024374553933739662,
      0.02430121600627899,
      0.023897778242826462,
      0.0236272681504488,
      0.02341851033270359,
      0.022925525903701782,
      0.02276267483830452,
      0.02255399338901043,
      0.02228240668773651,
      0.02218160405755043,
      0.02181638777256012,
      0.020700018852949142,
      0.02054588310420513,
      0.021457532420754433,
      0.02127763256430626,
      0.020153280347585678,
      0.020158840343356133,
      0.020350581035017967,
      0.01981210522353649,
      0.0189062412828207,
      0.019298430532217026,
      0.01918456330895424,
      0.018813345581293106,
      0.018805548548698425,
      0.019163796678185463,
      0.01843802072107792,
      0.01796153374016285,
      0.018597781658172607,
      0.017847897484898567,
      0.01763003133237362,
      0.018241463229060173,
      0.01787109486758709,
      0.017380865290760994,
      0.017525138333439827,
      0.017549661919474602,
      0.01745413988828659,
      0.01763855293393135,
      0.017355145886540413,
      0.017066417261958122,
      0.01657022163271904,
      0.017436422407627106,
      0.017025457695126534,
      0.016977012157440186,
      0.01602758653461933,
      0.017663607373833656,
      0.016511280089616776,
      0.01745733991265297,
      0.017174571752548218,
      0.016374029219150543,
      0.01626157946884632,
      0.016485139727592468,
      0.016407964751124382,
      0.015453892759978771,
      0.01617519184947014,
      0.01674598455429077,
      0.015830764546990395,
      0.015798989683389664,
      0.01596173085272312,
      0.015897298231720924,
      0.015280911698937416,
      0.015568424947559834,
      0.01608625426888466,
      0.016403594985604286,
      0.014795920811593533,
      0.015516284853219986,
      0.016156036406755447,
      0.0149525236338377,
      0.014844018034636974,
      0.015637937933206558,
      0.01594930700957775,
      0.014866278506815434,
      0.014093474484980106,
      0.01494500320404768,
      0.015620877966284752,
      0.015121281147003174,
      0.014890266582369804,
      0.015210281126201153,
      0.014128070324659348,
      0.014598320238292217,
      0.014450183138251305,
      0.016688741743564606,
      0.015383763238787651,
      0.015200731344521046,
      0.01529945619404316,
      0.015404744073748589,
      0.015398499555885792,
      0.01496027410030365,
      0.014519069343805313,
      0.014721786603331566,
      0.014960500411689281,
      0.014372510835528374,
      0.01435636356472969,
      0.014775819145143032,
      0.015406571328639984,
      0.015383194200694561,
      0.014144529588520527,
      0.014894215390086174,
      0.015403850004076958,
      0.014580316841602325,
      0.015204574912786484,
      0.013215702027082443,
      0.01524637546390295,
      0.014420433901250362,
      0.014284503646194935,
      0.01391318254172802,
      0.013776959851384163,
      0.014277738519012928,
      0.014811232686042786,
      0.014091775752604008,
      0.014581161551177502,
      0.014968951232731342,
      0.013189993798732758,
      0.014989618211984634,
      0.014257443137466908,
      0.014306202530860901,
      0.013714923523366451,
      0.01418353896588087,
      0.014975483529269695,
      0.013664120808243752,
      0.014904006384313107,
      0.013581697829067707,
      0.013534672558307648,
      0.013043970800936222,
      0.0129762077704072,
      0.01349800918251276,
      0.013430038467049599,
      0.013244734145700932,
      0.013825441710650921,
      0.01285627018660307,
      0.014132916927337646,
      0.013077329844236374,
      0.013169786892831326,
      0.013928291387856007,
      0.014389023184776306,
      0.013116920366883278,
      0.013277482241392136,
      0.01401656772941351,
      0.013445073738694191,
      0.01364141795784235,
      0.013130969367921352,
      0.013516304083168507,
      0.013296759687364101,
      0.012880492955446243,
      0.013478673994541168,
      0.013065109960734844,
      0.012584283016622066,
      0.013171317055821419,
      0.013896815478801727,
      0.013525989837944508,
      0.01377708651125431,
      0.012917188927531242,
      0.01310444250702858,
      0.013780946843326092,
      0.01338496059179306,
      0.012409267947077751,
      0.012673651799559593,
      0.012694226577877998,
      0.013312560506165028,
      0.013481850735843182,
      0.012652006931602955,
      0.01254747062921524,
      0.01319059357047081,
      0.01217593252658844,
      0.012625153176486492,
      0.011811057105660439,
      0.011953767389059067,
      0.012578612193465233,
      0.011616197414696217,
      0.012133804149925709,
      0.011913728900253773,
      0.012456035241484642,
      0.011912982910871506,
      0.013227049261331558,
      0.012455678544938564,
      0.012785152532160282,
      0.011823367327451706,
      0.011826461181044579,
      0.011371104046702385,
      0.011991720646619797,
      0.011743872426450253,
      0.01241639070212841,
      0.011272002942860126,
      0.011463847942650318,
      0.011425869539380074,
      0.011903250589966774,
      0.011500915512442589,
      0.01186880562454462,
      0.011738664470613003,
      0.011425160802900791,
      0.011454341001808643,
      0.011782975867390633,
      0.011259175837039948,
      0.011839216575026512,
      0.01135827787220478,
      0.011873997747898102,
      0.011850668117403984,
      0.01170157827436924,
      0.011882840655744076,
      0.01174433995038271,
      0.011297057382762432,
      0.011624258011579514,
      0.01126684807240963,
      0.011451481841504574,
      0.011758629232645035,
      0.010627101175487041,
      0.011040403507649899,
      0.011398570612072945,
      0.011537020094692707,
      0.010929727926850319,
      0.011195327155292034,
      0.011233838275074959,
      0.01164539810270071,
      0.01099039800465107,
      0.010914756916463375,
      0.010721830651164055,
      0.010622942820191383,
      0.011076701804995537,
      0.011183904483914375,
      0.011286439374089241,
      0.010606148280203342,
      0.010856229811906815,
      0.010634837672114372,
      0.011314312927424908,
      0.01085954625159502,
      0.010864072479307652,
      0.01072242483496666,
      0.010314937680959702,
      0.010710272938013077,
      0.011049768887460232,
      0.010395359247922897,
      0.010750208050012589,
      0.010184256359934807,
      0.009959685616195202,
      0.010809311643242836,
      0.010465827770531178,
      0.010636785067617893,
      0.010334227234125137,
      0.010913832113146782,
      0.009918976575136185,
      0.00996807124465704,
      0.011324182152748108,
      0.010655762627720833,
      0.01091483049094677,
      0.010555212385952473,
      0.010818365961313248,
