{
   "number_epochs": 400,
   "info_used": "use imputation",
   "perc_full_data": 0.08,
   "n_epochs_no_selection": 0,
   "Frequency % cutoff": 0.33,
   "hidden_size": 32,
   "random_state": 7,
   "train_errors": [
      0.36328786611557007,
      0.2692992687225342,
      0.18559958040714264,
      0.11492206156253815,
      0.06397084146738052,
      0.037269227206707,
      0.03942037746310234,
      0.05439084768295288,
      0.058031126856803894,
      0.05045235902070999,
      0.03955983370542526,
      0.03259158134460449,
      0.03197083994746208,
      0.033047858625650406,
      0.03506244346499443,
      0.036373887211084366,
      0.03582038730382919,
      0.03442906588315964,
      0.03153819590806961,
      0.029517842456698418,
      0.0284276083111763,
      0.02812192589044571,
      0.028657902032136917,
      0.028389083221554756,
      0.02862214297056198,
      0.027699345722794533,
      0.027368590235710144,
      0.02685469761490822,
      0.02599547803401947,
      0.02601253055036068,
      0.02572839893400669,
      0.02499905787408352,
      0.02505527064204216,
      0.025389092043042183,
      0.02437273971736431,
      0.024355238303542137,
      0.0240041334182024,
      0.023310525342822075,
      0.02272139862179756,
      0.022947033867239952,
      0.021969176828861237,
      0.021999046206474304,
      0.02144918031990528,
      0.020851939916610718,
      0.020855259150266647,
      0.02052227035164833,
      0.02030201256275177,
      0.019838642328977585,
      0.019646815955638885,
      0.019255563616752625,
      0.01957603730261326,
      0.018860043957829475,
      0.018287036567926407,
      0.01787262037396431,
      0.018017200753092766,
      0.018321791663765907,
      0.018119851127266884,
      0.017896177247166634,
      0.016557298600673676,
      0.01693877950310707,
      0.01626952923834324,
      0.016404150053858757,
      0.016976894810795784,
      0.016721678897738457,
      0.016721731051802635,
      0.016299162060022354,
      0.015951115638017654,
      0.01560461986809969,
      0.014905925840139389,
      0.015965726226568222,
      0.014866279438138008,
      0.015691522508859634,
      0.014929291792213917,
      0.014909814111888409,
      0.015307169407606125,
      0.015067145228385925,
      0.014505679719150066,
      0.014970731921494007,
      0.014799835160374641,
      0.013876241631805897,
      0.014146718196570873,
      0.014982005581259727,
      0.01351449079811573,
      0.014664827845990658,
      0.013598019257187843,
      0.013295398093760014,
      0.013161233626306057,
      0.014436609111726284,
      0.012849622406065464,
      0.013709581457078457,
      0.013806864619255066,
      0.013592471368610859,
      0.013038546778261662,
      0.013395705260336399,
      0.015071449801325798,
      0.014267460443079472,
      0.01366639044135809,
      0.014449253678321838,
      0.01363392174243927,
      0.013175331056118011,
      0.013296212069690228,
      0.013062584213912487,
      0.01346510834991932,
      0.012983392924070358,
      0.013079946860671043,
      0.013902238570153713,
      0.013103129342198372,
      0.013147522695362568,
      0.013081871904432774,
      0.012736338190734386,
      0.012328971177339554,
      0.013934806920588017,
      0.013354947790503502,
      0.013421421870589256,
      0.01348982471972704,
      0.013624685816466808,
      0.012755554169416428,
      0.012867751531302929,
      0.01262518111616373,
      0.0126334922388196,
      0.013739322312176228,
      0.012867286801338196,
      0.01207153219729662,
      0.012810803949832916,
      0.012668938376009464,
      0.013724052347242832,
      0.011982577852904797,
      0.013161621987819672,
      0.01289711706340313,
      0.012350563891232014,
      0.01330269780009985,
      0.012175989337265491,
      0.012386593036353588,
      0.01296676229685545,
      0.012858089059591293,
      0.012681062333285809,
      0.013025526888668537,
      0.012740653939545155,
      0.012572890147566795,
      0.013151301071047783,
      0.012068281881511211,
      0.012195446528494358,
      0.011631261557340622,
      0.012511537410318851,
      0.012624925933778286,
      0.013036664575338364,
      0.012612761929631233,
      0.012574960477650166,
      0.012411024421453476,
      0.012464096769690514,
      0.013095123693346977,
      0.012061016634106636,
      0.012380694039165974,
      0.012090381234884262,
      0.01234335359185934,
      0.012090207077562809,
      0.012157822027802467,
      0.011834098957479,
      0.012528820894658566,
      0.012208424508571625,
      0.012490049004554749,
      0.012104127556085587,
      0.012180466204881668,
      0.01245814934372902,
      0.012918464839458466,
      0.012365167029201984,
      0.012980840168893337,
      0.012585102580487728,
      0.011638883501291275,
      0.012037365697324276,
      0.012008469551801682,
      0.011734274215996265,
      0.01217595487833023,
      0.011931494809687138,
      0.011519505642354488,
      0.011772079393267632,
      0.0120430001989007,
      0.01223350316286087,
      0.01185021735727787,
      0.011553758755326271,
      0.013150211423635483,
      0.012079189531505108,
      0.011490656062960625,
      0.012055261060595512,
      0.012159891426563263,
      0.012398662976920605,
      0.012079048901796341,
      0.01179781835526228,
      0.012514371424913406,
      0.012712632305920124,
      0.011764606460928917,
      0.01188537199050188,
      0.01185806468129158,
      0.012648035772144794,
      0.011967220343649387,
      0.01169823482632637,
      0.011684497818350792,
      0.012146932072937489,
      0.01116570457816124,
      0.012319650501012802,
      0.01149800606071949,
      0.011768346652388573,
      0.012188439257442951,
      0.01125805638730526,
      0.01197004783898592,
      0.012169276364147663,
      0.012255963869392872,
      0.011864393018186092,
      0.012530729174613953,
      0.012327458709478378,
      0.011431827209889889,
      0.011135969310998917,
      0.01226100604981184,
      0.012132224626839161,
      0.011047091335058212,
      0.011442960239946842,
      0.011637324467301369,
      0.011701139621436596,
      0.011376780457794666,
      0.011966832913458347,
      0.01204945519566536,
      0.010856496170163155,
      0.011175993829965591,
      0.011291176080703735,
      0.012259150855243206,
      0.012255883775651455,
      0.010722832754254341,
      0.011830748990178108,
      0.012123662047088146,
      0.011988728307187557,
      0.011223775334656239,
      0.011452995240688324,
      0.011989331804215908,
      0.011485226452350616,
      0.01161164604127407,
      0.011761425994336605,
      0.011913779191672802,
      0.011658611707389355,
      0.011615525931119919,
      0.011272366158664227,
      0.01218834426254034,
      0.011022599413990974,
      0.011388828977942467,
      0.011186297982931137,
      0.011790286749601364,
      0.011670795269310474,
      0.011289199814200401,
      0.011555319651961327,
      0.011252086609601974,
      0.011216716840863228,
      0.01116903219372034,
      0.01138034462928772,
      0.011310632340610027,
      0.011629262939095497,
      0.011677216738462448,
      0.011603191494941711,
      0.011087179183959961,
      0.011677722446620464,
      0.011254248209297657,
      0.012417160905897617,
      0.01168900914490223,
      0.011281125247478485,
      0.012166143395006657,
      0.011207632720470428,
      0.011454484425485134,
      0.011029939167201519,
      0.011631944216787815,
      0.011067601852118969,
      0.010781700722873211,
      0.011703703552484512,
      0.011444463394582272,
      0.010954112745821476,
      0.011845952831208706,
      0.011026931926608086,
      0.011477976106107235,
      0.010850855149328709,
      0.011536766774952412,
      0.011060907505452633,
      0.011561759747564793,
      0.011415882967412472,
