{
   "number_epochs": 400,
   "info_used": "use imputation",
   "perc_full_data": 0.08,
   "n_epochs_no_selection": 0,
   "Frequency % cutoff": 0.33,
   "hidden_size": 32,
   "random_state": 10,
   "train_errors": [
      0.2951829433441162,
      0.19309620559215546,
      0.11280552297830582,
      0.060970060527324677,
      0.04668325558304787,
      0.06155131012201309,
      0.06957452744245529,
      0.05673423781991005,
      0.04543893411755562,
      0.04101695120334625,
      0.039577215909957886,
      0.040493447333574295,
      0.042248815298080444,
      0.041969697922468185,
      0.04060740023851395,
      0.03803315386176109,
      0.03699164465069771,
      0.035257287323474884,
      0.03415745869278908,
      0.03408852964639664,
      0.03356192633509636,
      0.033292338252067566,
      0.032139599323272705,
      0.031764738261699677,
      0.03090355545282364,
      0.030132269486784935,
      0.029800953343510628,
      0.029860330745577812,
      0.028708316385746002,
      0.028881408274173737,
      0.027690358459949493,
      0.028435448184609413,
      0.0274455938488245,
      0.026863351464271545,
      0.027014298364520073,
      0.026720423251390457,
      0.026767738163471222,
      0.027198677882552147,
      0.026633407920598984,
      0.025981057435274124,
      0.026008475571870804,
      0.02570442669093609,
      0.02523679845035076,
      0.025245564058423042,
      0.025081738829612732,
      0.025093497708439827,
      0.02413673885166645,
      0.02431079000234604,
      0.024682199582457542,
      0.024122003465890884,
      0.0236633513122797,
      0.023453962057828903,
      0.024493563920259476,
      0.02374308742582798,
      0.023843320086598396,
      0.023319590836763382,
      0.023515423759818077,
      0.02202276699244976,
      0.022798879072070122,
      0.023409664630889893,
      0.022756576538085938,
      0.021607961505651474,
      0.023396441712975502,
      0.022221986204385757,
      0.021537961438298225,
      0.021302828565239906,
      0.02167792059481144,
      0.021277140825986862,
      0.021696969866752625,
      0.021183259785175323,
      0.021386809647083282,
      0.02104985900223255,
      0.020653236657381058,
      0.020500624552369118,
      0.02031608298420906,
      0.020840872079133987,
      0.020824171602725983,
      0.020736394450068474,
      0.01961727999150753,
      0.020353753119707108,
      0.020078344270586967,
      0.020178470760583878,
      0.01952531933784485,
      0.01988845132291317,
      0.019111137837171555,
      0.019857756793498993,
      0.01944076642394066,
      0.019696420058608055,
      0.018511954694986343,
      0.018791522830724716,
      0.018865253776311874,
      0.018483296036720276,
      0.018292272463440895,
      0.018206244334578514,
      0.018471401184797287,
      0.01803535223007202,
      0.017915768548846245,
      0.017892103642225266,
      0.01826626993715763,
      0.01811360754072666,
      0.017769156023859978,
      0.017606277018785477,
      0.017234858125448227,
      0.018634475767612457,
      0.01702740602195263,
      0.01765463501214981,
      0.017502697184681892,
      0.01746545359492302,
      0.01685219816863537,
      0.016567746177315712,
      0.016849296167492867,
      0.0173740666359663,
      0.01760305091738701,
      0.016734039410948753,
      0.016917938366532326,
      0.016566459089517593,
      0.016766145825386047,
      0.01686222292482853,
      0.016584834083914757,
      0.017009258270263672,
      0.017154542729258537,
      0.016457373276352882,
      0.016856739297509193,
      0.016029832884669304,
      0.01641637086868286,
      0.016903676092624664,
      0.01598500832915306,
      0.01614150032401085,
      0.01655207760632038,
      0.014873399399220943,
      0.016617784276604652,
      0.016311166808009148,
      0.015496598556637764,
      0.015592203475534916,
      0.016486383974552155,
      0.015497613698244095,
      0.01581379771232605,
      0.01569906435906887,
      0.015442662872374058,
      0.01621703989803791,
      0.015944667160511017,
      0.015250620432198048,
      0.015867942944169044,
      0.016177242621779442,
      0.01577036827802658,
      0.015540726482868195,
      0.01636509597301483,
      0.015596261247992516,
      0.015404964797198772,
      0.01513589546084404,
      0.015676993876695633,
      0.015587987378239632,
      0.015558173879981041,
      0.014658217318356037,
      0.016212768852710724,
      0.015342884697020054,
      0.015436931513249874,
      0.015315016731619835,
      0.015600659884512424,
      0.0157478004693985,
      0.015038792975246906,
      0.015510081313550472,
      0.014804867096245289,
      0.015550500713288784,
      0.015028353780508041,
      0.014895651489496231,
      0.014540094882249832,
      0.014831792563199997,
      0.015133795328438282,
      0.014371468685567379,
      0.015266179107129574,
      0.015048620291054249,
      0.014754991978406906,
      0.015058198943734169,
      0.014493053779006004,
      0.014802049845457077,
      0.014860079623758793,
      0.014727529138326645,
      0.014531672932207584,
      0.014206437394022942,
      0.014421222731471062,
      0.014097997918725014,
      0.01452870387583971,
      0.013962392695248127,
      0.014750526286661625,
      0.01395443920046091,
      0.014539518393576145,
      0.014560559764504433,
      0.014205985702574253,
      0.014594300650060177,
      0.014021594077348709,
      0.013767872005701065,
      0.014374938793480396,
      0.014183326624333858,
      0.01348123885691166,
      0.013805697672069073,
      0.01304039265960455,
      0.014058376662433147,
      0.014382293447852135,
      0.014715466648340225,
      0.014976280741393566,
      0.013740496709942818,
      0.014800744131207466,
      0.01386247668415308,
      0.01422966830432415,
      0.014110712334513664,
      0.014573777094483376,
      0.013924888335168362,
      0.013706114143133163,
      0.014837004244327545,
      0.01349574513733387,
      0.014047184027731419,
      0.014267893508076668,
      0.013345658779144287,
      0.013785713352262974,
      0.014838379807770252,
      0.014234623871743679,
      0.014220444485545158,
      0.013380900025367737,
      0.01392851211130619,
      0.013911851681768894,
      0.014153252355754375,
      0.014368093572556973,
      0.013991311192512512,
      0.0143294557929039,
      0.014139184728264809,
      0.013507395051419735,
      0.014645875431597233,
      0.013771473430097103,
      0.013311989605426788,
      0.013361473567783833,
      0.013413086533546448,
      0.014838519506156445,
      0.014209245331585407,
      0.013786430470645428,
      0.01396239548921585,
      0.013701132498681545,
      0.014475557953119278,
      0.013722849078476429,
      0.013768285512924194,
      0.01363381277769804,
      0.012658913619816303,
      0.013903547078371048,
      0.01310503389686346,
      0.013988180086016655,
      0.013634423725306988,
      0.014377041719853878,
      0.013440271839499474,
      0.013641765341162682,
      0.013630561530590057,
      0.013850599527359009,
      0.014169227331876755,
      0.013844732195138931,
      0.01438992377370596,
      0.01377878524363041,
      0.013546227477490902,
      0.013445587828755379,
      0.013443912379443645,
      0.013728293590247631,
      0.013636698015034199,
      0.013133995234966278,
      0.012868324294686317,
      0.012638548389077187,
      0.01416785642504692,
      0.013725410215556622,
      0.01440072525292635,
      0.013402177952229977,
      0.013275934383273125,
      0.01393536850810051,
      0.013662846758961678,
      0.013186199590563774,
      0.013691943138837814,
      0.013721366412937641,
      0.013795639388263226,
      0.01339531410485506,
      0.01378651987761259,
      0.013308948837220669,
      0.013354256749153137,
      0.015294992364943027,
      0.013649231754243374,
