{
   "number_epochs": 150,
   "info_used": "partial info",
   "perc_full_data": 0.25,
   "n_epochs_no_selection": 0,
   "Frequency % cutoff": 0.25,
   "hidden_size": 32,
   "random_state": 0,
   "train_errors": [
      0.19169758260250092,
      0.99151611328125,
      0.033669181168079376,
      0.10551954060792923,
      0.1351780891418457,
      0.13831119239330292,
      0.12755005061626434,
      0.10933201760053635,
      0.08885946124792099,
      0.06912247836589813,
      0.05201306194067001,
      0.03879464790225029,
      0.030196841806173325,
      0.02609831839799881,
      0.02580195665359497,
      0.028382068499922752,
      0.03260914236307144,
      0.03734799101948738,
      0.04158997908234596,
      0.044603198766708374,
      0.045969408005476,
      0.04560407996177673,
      0.043703194707632065,
      0.04067123308777809,
      0.037027645856142044,
      0.033316031098365784,
      0.030022595077753067,
      0.02751193940639496,
      0.025985663756728172,
      0.025467291474342346,
      0.025815125554800034,
      0.026761554181575775,
      0.027972590178251266,
      0.02911648526787758,
      0.029927093535661697,
      0.03024817630648613,
      0.030049625784158707,
      0.029414599761366844,
      0.028504036366939545,
      0.027510277926921844,
      0.026611996814608574,
      0.025940094143152237,
      0.02555975504219532,
      0.025469021871685982,
      0.02561103366315365,
      0.025894783437252045,
      0.02621888928115368,
      0.02649332955479622,
      0.02665519341826439,
      0.026676610112190247,
      0.026564503088593483,
      0.0263533815741539,
      0.026093851774930954,
      0.025839470326900482,
      0.025634989142417908,
      0.02550809644162655,
      0.02546592801809311,
      0.025496525689959526,
      0.025574268773198128,
      0.02566763572394848,
      0.025747239589691162,
      0.025792216882109642,
      0.025793706998229027,
      0.025754952803254128,
      0.025688569992780685,
      0.025611942633986473,
      0.0255422480404377,
      0.025492332875728607,
      0.02546829730272293,
      0.02546914853155613,
      0.02548820711672306,
      0.025515681132674217,
      0.025541571900248528,
      0.025558169931173325,
      0.025561556220054626,
      0.02555193193256855,
      0.025532884523272514,
      0.025509899482131004,
      0.025488633662462234,
      0.02547343447804451,
      0.02546641230583191,
      0.02546725422143936,
      0.025473691523075104,
      0.02548242174088955,
      0.02549014426767826,
      0.02549445442855358,
      0.025494344532489777,
      0.02549021504819393,
      0.02548355795443058,
      0.025476332753896713,
      0.025470340624451637,
      0.025466768071055412,
      0.025465935468673706,
      0.025467349216341972,
      0.025470007210969925,
      0.025472739711403847,
      0.02547457255423069,
      0.025474991649389267,
      0.025473985821008682,
      0.025471976026892662,
      0.025469616055488586,
      0.025467557832598686,
      0.02546626701951027,
      0.025465896353125572,
      0.0254663173109293,
      0.02546718902885914,
      0.02546810545027256,
      0.025468716397881508,
      0.025468839332461357,
      0.025468479841947556,
      0.02546778693795204,
      0.025466999039053917,
      0.02546634152531624,
      0.025465965270996094,
      0.02546590566635132,
      0.02546609938144684,
      0.025466417893767357,
      0.025466712191700935,
      0.02546686679124832,
      0.02546685002744198,
      0.02546667866408825,
      0.025466419756412506,
      0.025466157123446465,
      0.025465968996286392,
      0.025465894490480423,
      0.02546592243015766,
      0.02546601928770542,
      0.025466129183769226,
      0.025466209277510643,
      0.025466229766607285,
      0.02546619065105915,
      0.025466104969382286,
      0.025466011837124825,
      0.025465935468673706,
      0.025465896353125572,
      0.02546589821577072,
      0.02546592801809311,
      0.025465968996286392,
      0.02546600252389908,
      0.025466013699769974,
      0.02546600066125393,
      0.02546597272157669,
      0.025465939193964005,
      0.025465911254286766,
      0.025465896353125572,
      0.025465892627835274,
      0.02546590566635132,
      0.02546592243015766,
      0.02546592988073826,
      0.025465935468673706
   ],
   "valid_errors": [
      0.9542793035507202,
      0.14571154117584229,
      0.04756386950612068,
      0.03216084837913513,
      0.042491208761930466,
      0.030361594632267952,
      0.031901463866233826,
      0.03666037693619728,
      0.030420435592532158,
      0.028416242450475693,
      0.028441738337278366,
      0.02892693690955639,
      0.03010040521621704,
      0.02941782772541046,
      0.028658634051680565,
      0.028623469173908234,
      0.028991617262363434,
      0.02921200916171074,
      0.028980426490306854,
      0.028808167204260826,
      0.028877947479486465,
      0.029007330536842346,
      0.028986036777496338,
      0.028903156518936157,
      0.028903048485517502,
      0.02895272523164749,
      0.028957752510905266,
      0.028927531093358994,
      0.02892320230603218,
      0.028941230848431587,
      0.0289452001452446
   ],
   "val_epochs": [
      0,
      5,
      10,
      15,
      20,
      25,
      30,
      35,
      40,
      45,
      50,
      55,
      60,
      65,
      70,
      75,
      80,
      85,
      90,
      95,
      100,
      105,
      110,
      115,
      120,
      125,
      130,
      135,
      140,
      145,
      149
   ],
   "input_data_path": "../data/wine/red_wine.csv",
   "gradwcontext": true,
   "Encompassing Param": true,
   "Normalize Grads & Contx": false,
   "cluster_all_classes": false,
   "imputation method": "",
   "model_dropout": 0.1,
   "model_type": "mlp"
}