{
   "number_epochs": 150,
   "info_used": "partial info",
   "perc_full_data": 0.25,
   "n_epochs_no_selection": 0,
   "Frequency % cutoff": 0.25,
   "hidden_size": 32,
   "random_state": 1,
   "train_errors": [
      0.5263586044311523,
      1.8603779077529907,
      0.08037558197975159,
      0.32104185223579407,
      0.3813381791114807,
      0.3682975172996521,
      0.3322926163673401,
      0.2881436347961426,
      0.2401067167520523,
      0.19240102171897888,
      0.14873461425304413,
      0.11069726943969727,
      0.07972422242164612,
      0.05599062517285347,
      0.039562828838825226,
      0.030009834095835686,
      0.026485396549105644,
      0.02776072546839714,
      0.03241400793194771,
      0.03908928111195564,
      0.046506933867931366,
      0.05355984345078468,
      0.05938338488340378,
      0.06339390575885773,
      0.06529554724693298,
      0.06505882740020752,
      0.06287835538387299,
      0.05911734700202942,
      0.054246630519628525,
      0.048784226179122925,
      0.043240323662757874,
      0.03807065263390541,
      0.033640433102846146,
      0.03019997850060463,
      0.02787267416715622,
      0.026655634865164757,
      0.0264324601739645,
      0.026996975764632225,
      0.028085442259907722,
      0.029413625597953796,
      0.030713802203536034,
      0.03176679089665413,
      0.032424334436655045,
      0.03261901065707207,
      0.03236127272248268,
      0.03172542154788971,
      0.030828336253762245,
      0.029805419966578484,
      0.028788141906261444,
      0.027886198833584785,
      0.027176188305020332,
      0.026697052642703056,
      0.02645156905055046,
      0.02641243301331997,
      0.026531200855970383,
      0.026748428121209145,
      0.027003368362784386,
      0.027242178097367287,
      0.027423815801739693,
      0.027523253113031387,
      0.027532055974006653,
      0.027456656098365784,
      0.02731497772037983,
      0.0271319430321455,
      0.026934847235679626,
      0.0267490241676569,
      0.02659451961517334,
      0.026483962312340736,
      0.02642187662422657,
      0.026405250653624535,
      0.02642510086297989,
      0.026468781754374504,
      0.026522420346736908,
      0.02657323144376278,
      0.02661128342151642,
      0.026630576699972153,
      0.02662932313978672,
      0.026609506458044052,
      0.026575926691293716,
      0.026534929871559143,
      0.026493128389120102,
      0.026456238701939583,
      0.026428306475281715,
      0.026411306113004684,
      0.02640516124665737,
      0.02640809491276741,
      0.026417216286063194,
      0.02642916887998581,
      0.026440782472491264,
      0.026449546217918396,
      0.02645394764840603,
      0.026453524827957153,
      0.026448778808116913,
      0.02644091285765171,
      0.026431504637002945,
      0.026422157883644104,
      0.026414230465888977,
      0.02640860714018345,
      0.02640564553439617,
      0.026405172422528267,
      0.02640664018690586,
      0.02640923671424389,
      0.026412131264805794,
      0.026414575055241585,
      0.02641606517136097,
      0.026416370645165443,
      0.02641553245484829,
      0.026413816958665848,
      0.02641160972416401,
      0.026409342885017395,
      0.026407374069094658,
      0.02640596218407154,
      0.026405220851302147,
      0.026405109092593193,
      0.02640548348426819,
      0.026406142860651016,
      0.026406854391098022,
      0.02640743926167488,
      0.026407767087221146,
      0.026407787576317787,
      0.026407524943351746,
      0.02640705183148384,
      0.026406489312648773,
      0.02640593610703945,
      0.026405489072203636,
      0.026405200362205505,
      0.026405084878206253,
      0.026405125856399536,
      0.02640526369214058,
      0.026405444368720055,
      0.026405617594718933,
      0.026405731216073036,
      0.02640577033162117,
      0.026405727490782738,
      0.026405619457364082,
      0.02640547789633274,
      0.02640533074736595,
      0.026405207812786102,
      0.026405122131109238,
      0.026405083015561104,
      0.0264050904661417,
      0.026405125856399536,
      0.026405172422528267,
      0.026405218988656998,
      0.026405250653624535,
      0.02640526182949543,
      0.026405250653624535,
      0.026405220851302147,
      0.026405179873108864,
      0.02640514262020588
   ],
   "valid_errors": [
      1.8844552040100098,
      0.3179488778114319,
      0.10212577879428864,
      0.02402706816792488,
      0.05487767979502678,
      0.06476543843746185,
      0.038154471665620804,
      0.024055184796452522,
      0.027911830693483353,
      0.027119338512420654,
      0.024062134325504303,
      0.02527141012251377,
      0.025897875428199768,
      0.024630093947052956,
      0.02403176575899124,
      0.02404031530022621,
      0.024037236347794533,
      0.024229373782873154,
      0.024341236799955368,
      0.024216409772634506,
      0.024101359769701958,
      0.024081718176603317,
      0.02412198856472969,
      0.02417224831879139,
      0.024174032732844353,
      0.024142835289239883,
      0.0241246335208416,
      0.02413092367351055,
      0.024146046489477158,
      0.02415059693157673,
      0.024145254865288734
   ],
   "val_epochs": [
      0,
      5,
      10,
      15,
      20,
      25,
      30,
      35,
      40,
      45,
      50,
      55,
      60,
      65,
      70,
      75,
      80,
      85,
      90,
      95,
      100,
      105,
      110,
      115,
      120,
      125,
      130,
      135,
      140,
      145,
      149
   ],
   "input_data_path": "../data/wine/red_wine.csv",
   "gradwcontext": true,
   "Encompassing Param": true,
   "Normalize Grads & Contx": false,
   "cluster_all_classes": false,
   "imputation method": "",
   "model_dropout": 0.1,
   "model_type": "mlp"
}