{
   "number_epochs": 300,
   "info_used": "partial info",
   "perc_full_data": 0.3,
   "n_epochs_no_selection": 0,
   "Frequency % cutoff": 0.3,
   "hidden_size": 32,
   "random_state": 48,
   "train_errors": [
      0.05353746563196182,
      0.05290701612830162,
      0.05161440744996071,
      0.05098872259259224,
      0.04990763962268829,
      0.0500771589577198,
      0.04966874420642853,
      0.04902532696723938,
      0.04893960803747177,
      0.04880211874842644,
      0.048931099474430084,
      0.04841775447130203,
      0.04783974960446358,
      0.047640446573495865,
      0.0475616417825222,
      0.04683420807123184,
      0.0466911606490612,
      0.04660587012767792,
      0.04617806151509285,
      0.04584062844514847,
      0.045427124947309494,
      0.045720573514699936,
      0.04506831243634224,
      0.04479768127202988,
      0.0444110631942749,
      0.044421982020139694,
      0.04372518137097359,
      0.04366488382220268,
      0.043322376906871796,
      0.0431424044072628,
      0.04287221282720566,
      0.042333777993917465,
      0.04161562770605087,
      0.041429948061704636,
      0.041699785739183426,
      0.040237557142972946,
      0.04061451554298401,
      0.03982022404670715,
      0.03920109197497368,
      0.038881152868270874,
      0.03828390687704086,
      0.03745764121413231,
      0.03703554347157478,
      0.03657102584838867,
      0.036742549389600754,
      0.0355960987508297,
      0.034953974187374115,
      0.03452157601714134,
      0.03432251513004303,
      0.033795442432165146,
      0.03279156982898712,
      0.031935807317495346,
      0.0318436436355114,
      0.03152379393577576,
      0.030687369406223297,
      0.030251644551753998,
      0.029052715748548508,
      0.02872624807059765,
      0.029081087559461594,
      0.027727622538805008,
      0.027575785294175148,
      0.026738883927464485,
      0.026285042986273766,
      0.025533778592944145,
      0.02511383220553398,
      0.02493191510438919,
      0.0234600268304348,
      0.023293931037187576,
      0.023524204269051552,
      0.022689202800393105,
      0.02177470549941063,
      0.02242211624979973,
      0.021402809768915176,
      0.020361214876174927,
      0.01974017545580864,
      0.020334841683506966,
      0.019101794809103012,
      0.019212428480386734,
      0.019136900082230568,
      0.017640549689531326,
      0.017085349187254906,
      0.017869777977466583,
      0.017414715141057968,
      0.01729189231991768,
      0.017013516277074814,
      0.016199979931116104,
      0.017163356766104698,
      0.015778305009007454,
      0.01541878841817379,
      0.014749773778021336,
      0.01488001924008131,
      0.014518026262521744,
      0.0145452581346035,
      0.014349392615258694,
      0.013609488494694233,
      0.0136350616812706,
      0.012520563788712025,
      0.013388074934482574,
      0.013020218349993229,
      0.012705827131867409,
      0.01370436791330576,
      0.012563173659145832,
      0.012108081951737404,
      0.01226024143397808,
      0.011621682904660702,
      0.011563952080905437,
      0.011830925941467285,
      0.011253041215240955,
      0.01194133423268795,
      0.0107963215559721,
      0.01094862725585699,
      0.010462792590260506,
      0.010183827020227909,
      0.011186234652996063,
      0.010185384191572666,
      0.009420134127140045,
      0.01245081052184105,
      0.009823931381106377,
      0.010003965348005295,
      0.00889280904084444,
      0.009470087476074696,
      0.009101515635848045,
      0.009603404439985752,
      0.00846745166927576,
      0.009894831106066704,
      0.009324909187853336,
      0.008809341117739677,
      0.008782260119915009,
      0.0074642617255449295,
      0.008757954463362694,
      0.008440571837127209,
      0.007921295240521431,
      0.008895615115761757,
      0.008398527279496193,
      0.0073630171827971935,
      0.008074737153947353,
      0.00865741167217493,
      0.006860313005745411,
      0.007149981800466776,
      0.008191131055355072,
      0.006751956418156624,
      0.0069990986958146095,
      0.00691599864512682,
      0.008072338998317719,
      0.007606883998960257,
      0.007722286507487297,
      0.0070398421958088875,
      0.006817477289587259,
      0.006999286822974682,
      0.006568230222910643,
      0.006953760981559753,
      0.007089182268828154,
      0.00638990942388773,
      0.0066485232673585415,
      0.0060634370893239975,
      0.006392610725015402,
      0.006215916480869055,
      0.007244066800922155,
      0.0064222551882267,
      0.005683296360075474,
      0.005888054147362709,
      0.005892415530979633,
      0.005861248355358839,
      0.005665213335305452,
      0.0059556202031672,
      0.005345651414245367,
      0.006288766860961914,
      0.005872124340385199,
      0.00600133603438735,
      0.00626385398209095,
      0.006072770804166794,
      0.005405501928180456,
      0.005545885767787695,
      0.004671395290642977,
      0.00527700362727046,
      0.005596666596829891,
      0.005415822844952345,
      0.004758726805448532,
      0.006648348178714514,
      0.005001482553780079,
      0.00584745267406106,
      0.005088146775960922,
      0.004874696955084801,
      0.004808032885193825,
      0.005350898951292038,
      0.005029796157032251,
      0.005520096514374018,
      0.005503608379513025,
      0.004630980547517538,
      0.004697139840573072,
      0.005571442190557718,
      0.004657570738345385,
      0.005219272803515196,
      0.005225410684943199,
      0.005416571628302336,
      0.005191231146454811,
      0.00528442719951272,
      0.004286303650587797,
      0.004734362941235304,
      0.0037877659779042006,
      0.004475320689380169,
      0.0044432831928133965,
      0.004841151647269726,
      0.004927932750433683,
      0.004797042813152075,
      0.004382296930998564,
      0.004077269695699215,
      0.004082041326910257,
      0.0040417807176709175,
      0.004616535734385252,
      0.004586418159306049,
      0.00384516385383904,
      0.0033697555772960186,
      0.004474181681871414,
      0.004636102821677923,
      0.004124131053686142,
      0.003783129621297121,
      0.0048306649550795555,
      0.004104017745703459,
      0.004018033389002085,
      0.003905694466084242,
      0.005005476996302605,
      0.004005477298051119,
      0.0034114650916308165,
      0.0037075141444802284,
      0.005426687654107809,
      0.003403901355341077,
      0.004026597831398249,
      0.0037911697290837765,
      0.0038196383975446224,
      0.0039499681442976,
      0.003998070955276489,
      0.0035712383687496185,
      0.004104573279619217,
      0.004317278508096933,
      0.003773947013542056,
      0.004217254463583231,
      0.004069292452186346,
      0.003455604426562786,
      0.003576327348127961,
      0.0036096679978072643,
      0.0033386892173439264,
      0.003721790388226509,
      0.003540109610185027,
      0.0038272920064628124,
      0.0031161613296717405,
      0.003390316851437092,
      0.0029477206990122795,
      0.003984023816883564,
      0.004172758664935827,
      0.003620338626205921,
      0.003577043069526553,
      0.004243879579007626,
      0.003453997429460287,
      0.0032684721518307924,
      0.00359075958840549,
      0.0032269558869302273,
      0.002837609965354204,
      0.003349338425323367,
      0.003191070631146431,
      0.0029362246859818697,
      0.002892455318942666,
      0.0033131304662674665,
      0.0032172598876059055,
      0.003857957199215889,
      0.0036325615365058184,
      0.0037075900472700596,
      0.0030964200850576162,
      0.0029785463120788336,
      0.0033403467386960983,
      0.0033627718221396208,
      0.0031747641041874886,
      0.003215775126591325,
      0.0034571329597383738,
      0.002887961221858859,
      0.003301867051050067,
      0.0031109126284718513,
      0.002818319946527481,
      0.0034858735743910074,
