{
   "number_epochs": 300,
   "info_used": "partial info",
   "perc_full_data": 0.3,
   "n_epochs_no_selection": 0,
   "Frequency % cutoff": 0.3,
   "hidden_size": 32,
   "random_state": 51,
   "train_errors": [
      0.057034239172935486,
      0.05535237863659859,
      0.05482568219304085,
      0.05425406992435455,
      0.054034408181905746,
      0.05315379798412323,
      0.05319604277610779,
      0.05250055342912674,
      0.052043426781892776,
      0.05203278735280037,
      0.05149926617741585,
      0.05065223574638367,
      0.05039375647902489,
      0.05011652410030365,
      0.04985552281141281,
      0.0495331734418869,
      0.04951333999633789,
      0.04855974018573761,
      0.048203542828559875,
      0.04826357588171959,
      0.04777124896645546,
      0.04738830029964447,
      0.046394821256399155,
      0.04647302255034447,
      0.04572111368179321,
      0.04542623087763786,
      0.044229697436094284,
      0.0440540574491024,
      0.043474361300468445,
      0.04250667244195938,
      0.042165227234363556,
      0.04148241505026817,
      0.040784794837236404,
      0.039893459528684616,
      0.039222750812768936,
      0.03901209682226181,
      0.03692682459950447,
      0.037335287779569626,
      0.03647943213582039,
      0.035692766308784485,
      0.035151295363903046,
      0.034741684794425964,
      0.033668603748083115,
      0.03350410237908363,
      0.03195175528526306,
      0.03079402819275856,
      0.03147134184837341,
      0.02930540218949318,
      0.02844897285103798,
      0.029464619234204292,
      0.027595752850174904,
      0.02711767889559269,
      0.025971490889787674,
      0.025568367913365364,
      0.02552725560963154,
      0.024216240271925926,
      0.024082915857434273,
      0.023166511207818985,
      0.023682385683059692,
      0.02277064137160778,
      0.021511586382985115,
      0.020731091499328613,
      0.021443001925945282,
      0.020611470565199852,
      0.019945528358221054,
      0.0198184996843338,
      0.01895776018500328,
      0.019067268818616867,
      0.018071457743644714,
      0.017396902665495872,
      0.01740960404276848,
      0.017595648765563965,
      0.016839649528265,
      0.01734047196805477,
      0.016680235043168068,
      0.017212728038430214,
      0.015578893013298512,
      0.014826558530330658,
      0.01578429527580738,
      0.015296593308448792,
      0.015454491600394249,
      0.014474846422672272,
      0.01375755574554205,
      0.013698733411729336,
      0.015051380731165409,
      0.015136070549488068,
      0.01414316426962614,
      0.013431483879685402,
      0.012828098610043526,
      0.014012044295668602,
      0.013315239921212196,
      0.013233939185738564,
      0.012390227988362312,
      0.012942210771143436,
      0.013317110948264599,
      0.012126825749874115,
      0.011678079143166542,
      0.01119865570217371,
      0.011906026862561703,
      0.011702497489750385,
      0.010977288708090782,
      0.01183831412345171,
      0.011259308084845543,
      0.010915352031588554,
      0.010029598139226437,
      0.010166199877858162,
      0.009831392206251621,
      0.00983895268291235,
      0.009351412765681744,
      0.00941277202218771,
      0.009312654845416546,
      0.009831505827605724,
      0.00923832505941391,
      0.009197977371513844,
      0.008657965809106827,
      0.008960041217505932,
      0.009081851691007614,
      0.00869847647845745,
      0.008494352921843529,
      0.007933231070637703,
      0.008525862358510494,
      0.008301733992993832,
      0.007105971220880747,
      0.008924499154090881,
      0.007946263998746872,
      0.007941300980746746,
      0.008404208347201347,
      0.008020532317459583,
      0.008000451140105724,
      0.008246278390288353,
      0.008009133860468864,
      0.0076109059154987335,
      0.006872198544442654,
      0.0070388419553637505,
      0.0066983806900680065,
      0.007191333919763565,
      0.007022240199148655,
      0.007561652921140194,
      0.008320094086229801,
      0.005986922420561314,
      0.006633301731199026,
      0.006178379058837891,
      0.006878672167658806,
      0.006600907072424889,
      0.006430401466786861,
      0.006610345095396042,
      0.005896383430808783,
      0.005866695661097765,
      0.005193094722926617,
      0.006058916449546814,
      0.005328071303665638,
      0.005952573847025633,
      0.0057121082209050655,
      0.005904435645788908,
      0.0059182350523769855,
      0.005397805478423834,
      0.0051956260576844215,
      0.006109186913818121,
      0.004651091527193785,
      0.0049397507682442665,
      0.005393331404775381,
      0.004798459354788065,
      0.005559609737247229,
      0.005334673915058374,
      0.005814758129417896,
      0.0055368258617818356,
      0.0048929438926279545,
      0.004591352306306362,
      0.004728133790194988,
      0.0049477508291602135,
      0.005897924304008484,
      0.004434460308402777,
      0.004865856841206551,
      0.0043495651334524155,
      0.004732232075184584,
      0.0041238185949623585,
      0.004624065011739731,
      0.004219633527100086,
      0.004353550262749195,
      0.004225773736834526,
      0.004007453098893166,
      0.004427716601639986,
      0.005271465051919222,
      0.0038355442229658365,
      0.0046416036784648895,
      0.004508524667471647,
      0.0039270371198654175,
      0.004925941117107868,
      0.003971275873482227,
      0.0035346271470189095,
      0.004092032089829445,
      0.004385952837765217,
      0.00434303842484951,
      0.004318255465477705,
      0.004424154292792082,
      0.0044445316307246685,
      0.003526936052367091,
      0.004545619245618582,
      0.004164742771536112,
      0.003600410418584943,
      0.0041830092668533325,
      0.004472566302865744,
      0.003637708956375718,
      0.0036583375185728073,
      0.0036843714769929647,
      0.003380745882168412,
      0.0032623300794512033,
      0.003991851583123207,
      0.00302429823204875,
      0.003495599841699004,
      0.003482509171590209,
      0.0037783561274409294,
      0.0034339679405093193,
      0.003595782443881035,
      0.003785864682868123,
      0.003729098243638873,
      0.0033371075987815857,
      0.0038628121837973595,
      0.0033031932543963194,
      0.0032574853394180536,
      0.0031455219723284245,
      0.0037746040616184473,
      0.003533409908413887,
      0.003304669400677085,
      0.0035406150855123997,
      0.003558813827112317,
      0.0030552945099771023,
      0.003806897671893239,
      0.0033120750449597836,
      0.004070261027663946,
      0.0033720568753778934,
      0.0038712765090167522,
      0.0033764569088816643,
      0.0034357444383203983,
      0.003614953951910138,
      0.003150393022224307,
      0.003018818097189069,
      0.0032679103314876556,
      0.003974452149122953,
      0.0028226810973137617,
      0.003310251049697399,
      0.003346226178109646,
      0.002745783654972911,
      0.003963268827646971,
      0.0028749858029186726,
      0.0026835415046662092,
      0.003351367311552167,
      0.002886498812586069,
      0.0027908117044717073,
      0.002854578662663698,
      0.0027923965826630592,
      0.00295440130867064,
      0.0032709776423871517,
      0.003120680106803775,
      0.0027717766351997852,
      0.002618746366351843,
      0.0031381892040371895,
      0.003177599050104618,
      0.002955259522423148,
      0.0024492719676345587,
      0.0032103743869811296,
      0.0031043437775224447,
      0.0033945252653211355,
      0.003139480482786894,
      0.0029777816962450743,
      0.0028737755492329597,
      0.0032789006363600492,
      0.002401230623945594,
      0.002566755749285221,
      0.0026487393770366907,
      0.002990874694660306,
      0.00258919526822865,
      0.003072072984650731,
      0.0029923180118203163,
      0.0031131561845541,
      0.0027205629739910364,
      0.002403915161266923,
      0.0026761009357869625,
