{
   "number_epochs": 300,
   "info_used": "partial info",
   "perc_full_data": 0.3,
   "n_epochs_no_selection": 0,
   "Frequency % cutoff": 0.3,
   "hidden_size": 32,
   "random_state": 50,
   "train_errors": [
      0.09464474767446518,
      0.09068354964256287,
      0.0869850441813469,
      0.08283297717571259,
      0.07946617156267166,
      0.07572811841964722,
      0.07311999797821045,
      0.07003732025623322,
      0.06825810670852661,
      0.06534173339605331,
      0.06336788833141327,
      0.06117476895451546,
      0.05982806533575058,
      0.0583365373313427,
      0.05644248053431511,
      0.05592304840683937,
      0.05444434657692909,
      0.05374547466635704,
      0.052401747554540634,
      0.05195332691073418,
      0.05218735337257385,
      0.05095725134015083,
      0.05038505047559738,
      0.050004445016384125,
      0.049117330461740494,
      0.04947609826922417,
      0.049198050051927567,
      0.04844613000750542,
      0.04806952551007271,
      0.04702070727944374,
      0.047563906759023666,
      0.04767715930938721,
      0.046437591314315796,
      0.04682685434818268,
      0.04614628478884697,
      0.0452125146985054,
      0.044399943202733994,
      0.045155834406614304,
      0.04416128247976303,
      0.04420808330178261,
      0.04399252310395241,
      0.04316321015357971,
      0.04342741146683693,
      0.04257991164922714,
      0.04256478697061539,
      0.04173329100012779,
      0.04145911708474159,
      0.0411786288022995,
      0.04110950976610184,
      0.040985964238643646,
      0.04095878452062607,
      0.040356650948524475,
      0.03984469920396805,
      0.03957827016711235,
      0.03966090828180313,
      0.03923233970999718,
      0.03890413045883179,
      0.03836025297641754,
      0.03810235485434532,
      0.037951067090034485,
      0.03693476319313049,
      0.03763725608587265,
      0.036204416304826736,
      0.03612682223320007,
      0.03554835915565491,
      0.03603116422891617,
      0.03504674881696701,
      0.034698694944381714,
      0.03440176323056221,
      0.03409958630800247,
      0.03434920683503151,
      0.03359546884894371,
      0.03305072709918022,
      0.033316563814878464,
      0.032351989299058914,
      0.03259314224123955,
      0.03195272013545036,
      0.031131040304899216,
      0.03125951066613197,
      0.031616274267435074,
      0.03035379759967327,
      0.02996859699487686,
      0.029480811208486557,
      0.028734415769577026,
      0.028540942817926407,
      0.028176581487059593,
      0.02882891334593296,
      0.027240216732025146,
      0.02669857256114483,
      0.02644566260278225,
      0.026267938315868378,
      0.02595696784555912,
      0.02510862983763218,
      0.025546934455633163,
      0.02493368089199066,
      0.025005849078297615,
      0.0242124292999506,
      0.024319930002093315,
      0.023459136486053467,
      0.0226772241294384,
      0.022847045212984085,
      0.02195185422897339,
      0.02223813906311989,
      0.024022798985242844,
      0.02152164652943611,
      0.021533966064453125,
      0.021469710394740105,
      0.020994435995817184,
      0.022238057106733322,
      0.022004401311278343,
      0.020694784820079803,
      0.020300697535276413,
      0.020755166187882423,
      0.019132021814584732,
      0.020184671506285667,
      0.019101696088910103,
      0.019213460385799408,
      0.019530106335878372,
      0.018774857744574547,
      0.018206236883997917,
      0.01766205206513405,
      0.01832989975810051,
      0.01878560334444046,
      0.01924431324005127,
      0.01700015179812908,
      0.016388818621635437,
      0.01751115545630455,
      0.017837760969996452,
      0.01728241518139839,
      0.017405293881893158,
      0.0168599896132946,
      0.01739167608320713,
      0.01603734865784645,
      0.01568847894668579,
      0.016669346019625664,
      0.016493014991283417,
      0.016115829348564148,
      0.016869867220520973,
      0.015205384232103825,
      0.015780972316861153,
      0.01545808557420969,
      0.015880517661571503,
      0.015036188066005707,
      0.015904096886515617,
      0.01487741619348526,
      0.014730884693562984,
      0.013671095483005047,
      0.013856802135705948,
      0.014399122446775436,
      0.014703023247420788,
      0.014707455411553383,
      0.01515308115631342,
      0.014419561251997948,
      0.013903657905757427,
      0.01278487779200077,
      0.012262760661542416,
      0.014363798312842846,
      0.014217850752174854,
      0.014012583531439304,
      0.013889096677303314,
      0.012879923917353153,
      0.012701380997896194,
      0.013569517992436886,
      0.01354372501373291,
      0.012530998326838017,
      0.013836218975484371,
      0.01320730522274971,
      0.013578716665506363,
      0.011696724221110344,
      0.012728337198495865,
      0.012657858431339264,
      0.014281312935054302,
      0.012164968997240067,
      0.012555635534226894,
      0.012550050392746925,
      0.01185752172023058,
      0.01143472921103239,
      0.01092101726680994,
      0.010917674750089645,
      0.011518346145749092,
      0.011595998890697956,
      0.01145881973206997,
      0.010626891627907753,
      0.011112579144537449,
      0.010970866307616234,
      0.011759632267057896,
      0.011170605197548866,
      0.010724707506597042,
      0.011369295418262482,
      0.011895515955984592,
      0.010594269260764122,
      0.010705238208174706,
      0.010261362418532372,
      0.010342253372073174,
      0.010902754962444305,
      0.009961631149053574,
      0.010132336989045143,
      0.009657448157668114,
      0.00983468908816576,
      0.009807046502828598,
      0.01031267736107111,
      0.010014127008616924,
      0.01091730035841465,
      0.009601534344255924,
      0.009337774477899075,
      0.009841680526733398,
      0.009498490020632744,
      0.009659660048782825,
      0.009908460080623627,
      0.009238205850124359,
      0.009063643403351307,
      0.008797479793429375,
      0.008677156642079353,
      0.009432019665837288,
      0.008888407610356808,
      0.009293442592024803,
      0.009014538489282131,
      0.008854244835674763,
      0.00843680091202259,
      0.00919052492827177,
      0.008733812719583511,
      0.0078086405992507935,
      0.008655253797769547,
      0.009245659224689007,
      0.008243227377533913,
      0.007845026440918446,
      0.008503317832946777,
      0.007455263752490282,
      0.0070015848614275455,
      0.007906746119260788,
      0.007408092729747295,
      0.0077254679054021835,
      0.008217135444283485,
      0.008156991563737392,
      0.008327408693730831,
      0.007848445326089859,
      0.009299743920564651,
      0.00789519865065813,
      0.008115001954138279,
      0.007386285346001387,
      0.007873483002185822,
      0.006872698664665222,
      0.007053442299365997,
      0.007101541385054588,
      0.006860694382339716,
      0.0071593462489545345,
      0.006731103174388409,
      0.007565237116068602,
      0.007460903376340866,
      0.008606706745922565,
      0.0071310619823634624,
      0.007076969835907221,
      0.008239725604653358,
      0.007121773902326822,
      0.007149048149585724,
      0.0061903758905828,
      0.006948655471205711,
      0.006851037032902241,
      0.005752221215516329,
      0.007012838032096624,
      0.006304335780441761,
      0.00681183161213994,
      0.006762160919606686,
      0.006932628806680441,
      0.0070032998919487,
      0.006833360530436039,
      0.006490135565400124,
      0.006339469458907843,
      0.0060663907788693905,
      0.006949325557798147,
      0.007440218701958656,
      0.006754869129508734,
      0.0063877529464662075,
      0.006131777539849281,
      0.0051607396453619,
      0.005758190993219614,
      0.005958047695457935,
      0.005716461222618818,
      0.006034353282302618,
      0.005628606770187616,
      0.006980495993047953,
      0.0057876016944646835,
