{
   "number_epochs": 300,
   "info_used": "partial info",
   "perc_full_data": 0.3,
   "n_epochs_no_selection": 0,
   "Frequency % cutoff": 0.3,
   "hidden_size": 32,
   "random_state": 53,
   "train_errors": [
      0.10827326774597168,
      0.10521987080574036,
      0.10179173201322556,
      0.09894543886184692,
      0.09644977748394012,
      0.09355900436639786,
      0.09144927561283112,
      0.08919167518615723,
      0.0872715637087822,
      0.08516845107078552,
      0.08330781012773514,
      0.08081276714801788,
      0.0789833664894104,
      0.07826965302228928,
      0.07655475288629532,
      0.07342392951250076,
      0.07251299172639847,
      0.0708068385720253,
      0.06994304805994034,
      0.06856772303581238,
      0.06719030439853668,
      0.06614740937948227,
      0.06419263035058975,
      0.06421011686325073,
      0.0626072958111763,
      0.06148265302181244,
      0.06161465868353844,
      0.059476807713508606,
      0.058984316885471344,
      0.05967366695404053,
      0.057400040328502655,
      0.05659400671720505,
      0.05658990889787674,
      0.05601862072944641,
      0.05513345077633858,
      0.05509230121970177,
      0.05487540736794472,
      0.05438648536801338,
      0.05210140347480774,
      0.051701292395591736,
      0.05195054039359093,
      0.05183016136288643,
      0.050463929772377014,
      0.04980885982513428,
      0.050356071442365646,
      0.048960182815790176,
      0.048938825726509094,
      0.047532375901937485,
      0.04601999744772911,
      0.04685688391327858,
      0.045707546174526215,
      0.04718143865466118,
      0.04440172761678696,
      0.0436941534280777,
      0.04344796761870384,
      0.04217667877674103,
      0.04102944955229759,
      0.04047466814517975,
      0.04046811908483505,
      0.03988434001803398,
      0.03879591450095177,
      0.03832800313830376,
      0.037117816507816315,
      0.036511678248643875,
      0.03553016111254692,
      0.036216702312231064,
      0.03495286405086517,
      0.03253771364688873,
      0.03284451737999916,
      0.03371769189834595,
      0.03150608018040657,
      0.030356498435139656,
      0.029095232486724854,
      0.029964739456772804,
      0.02833590656518936,
      0.02860691025853157,
      0.027601871639490128,
      0.026075217872858047,
      0.026267750188708305,
      0.0266860518604517,
      0.024224160239100456,
      0.02374604530632496,
      0.024581659585237503,
      0.022459447383880615,
      0.022572260349988937,
      0.02192331850528717,
      0.021509621292352676,
      0.021230332553386688,
      0.020893147215247154,
      0.019517172127962112,
      0.0186040960252285,
      0.019561346620321274,
      0.018004678189754486,
      0.021118324249982834,
      0.018282219767570496,
      0.017443357035517693,
      0.017823776230216026,
      0.017650451511144638,
      0.016059691086411476,
      0.015525169670581818,
      0.01564902253448963,
      0.015585502609610558,
      0.014775628224015236,
      0.015158168040215969,
      0.016520164906978607,
      0.014874914661049843,
      0.014543319121003151,
      0.014107929542660713,
      0.014711865223944187,
      0.01469459943473339,
      0.013180851936340332,
      0.013371673412621021,
      0.013469595462083817,
      0.01320837065577507,
      0.012097437866032124,
      0.012509651482105255,
      0.012912144884467125,
      0.012863479554653168,
      0.014157912693917751,
      0.013222895562648773,
      0.01347020547837019,
      0.011837085708975792,
      0.012719780206680298,
      0.011620057746767998,
      0.013145485892891884,
      0.010964480228722095,
      0.01223265752196312,
      0.011505057103931904,
      0.012335461564362049,
      0.01258391048759222,
      0.011168135330080986,
      0.010956789366900921,
      0.011292331852018833,
      0.011830439791083336,
      0.011391784064471722,
      0.010851159691810608,
      0.01158058736473322,
      0.011617293581366539,
      0.010588127188384533,
      0.010599948465824127,
      0.010256228037178516,
      0.010280348360538483,
      0.01159684732556343,
      0.01101354043930769,
      0.01080743782222271,
      0.009073915891349316,
      0.009638210758566856,
      0.009594414383172989,
      0.008768097497522831,
      0.009949082508683205,
      0.009486189112067223,
      0.00979201216250658,
      0.00918538961559534,
      0.009582501836121082,
      0.010397256352007389,
      0.010123401880264282,
      0.009557012468576431,
      0.007697753608226776,
      0.008953753858804703,
      0.009810038842260838,
      0.00864214263856411,
      0.01015879213809967,
      0.008509195409715176,
      0.007484442554414272,
      0.00829262100160122,
      0.007951853796839714,
      0.007779987528920174,
      0.007537695579230785,
      0.009202728979289532,
      0.008221050724387169,
      0.00846453569829464,
      0.008171821013092995,
      0.008248014375567436,
      0.007486332207918167,
      0.007992670871317387,
      0.008814338594675064,
      0.007472609635442495,
      0.007878255099058151,
      0.007665050216019154,
      0.007515253033488989,
      0.007774347439408302,
      0.00744413398206234,
      0.0072332085110247135,
      0.007755335886031389,
      0.006928572431206703,
      0.0078106839209795,
      0.006646394729614258,
      0.0064701419323682785,
      0.007197613827884197,
      0.007006538566201925,
      0.00718649523332715,
      0.0060541629791259766,
      0.006937514059245586,
      0.007054760120809078,
      0.006593917030841112,
      0.007023894228041172,
      0.007274916861206293,
      0.006629787851125002,
      0.006445851176977158,
      0.006142240017652512,
      0.007019047159701586,
      0.006431599147617817,
      0.006904291920363903,
      0.006792202591896057,
      0.006714498624205589,
      0.005873287562280893,
      0.0064499517902731895,
      0.005612645298242569,
      0.006325963418930769,
      0.007051354739814997,
      0.006326350383460522,
      0.006513942964375019,
      0.005628161132335663,
      0.006280907895416021,
      0.0066686668433249,
      0.006606583017855883,
      0.005620718002319336,
      0.006159796379506588,
      0.005364699754863977,
      0.005928220227360725,
      0.005505989771336317,
      0.006406883243471384,
      0.005952327512204647,
      0.005881288088858128,
      0.006071495357900858,
      0.006045827642083168,
      0.005759956315159798,
      0.006010919343680143,
      0.005377498921006918,
      0.005700182169675827,
      0.00535303819924593,
      0.005358352791517973,
      0.005814817734062672,
      0.006539178546518087,
      0.005150713492184877,
      0.005881655029952526,
      0.0052816481329500675,
      0.0062235137447714806,
      0.0054051438346505165,
      0.006078722886741161,
      0.004711944609880447,
      0.006172395311295986,
      0.004811086226254702,
      0.004959966521710157,
      0.0053710476495325565,
      0.005032072775065899,
      0.006057894788682461,
      0.005323363933712244,
      0.005180515814572573,
      0.0043966397643089294,
      0.005007829051464796,
      0.004947694018483162,
      0.005856092553585768,
      0.005574572831392288,
      0.005649574566632509,
      0.0058855633251369,
      0.005348226521164179,
      0.005571019370108843,
      0.005826030392199755,
      0.005443729925900698,
      0.005070383194833994,
      0.005175466183573008,
      0.005142495036125183,
      0.004344737622886896,
      0.00497101154178381,
      0.004394005052745342,
      0.004987179767340422,
      0.004709044471383095,
      0.004653205629438162,
      0.005040658172219992,
      0.0052386741153895855,
      0.0048642936162650585,
      0.004952224437147379,
      0.0052789016626775265,
      0.004702286329120398,
      0.004982207901775837,
      0.005382107570767403,
      0.005087222903966904,
      0.004789591301232576,
      0.005304588936269283,
      0.00441076559945941,
