{
   "number_epochs": 300,
   "info_used": "partial info",
   "perc_full_data": 0.3,
   "n_epochs_no_selection": 0,
   "Frequency % cutoff": 0.3,
   "hidden_size": 32,
   "random_state": 42,
   "train_errors": [
      0.063548743724823,
      0.06272148340940475,
      0.06171107664704323,
      0.06108474358916283,
      0.06052932143211365,
      0.06029382348060608,
      0.059453804045915604,
      0.0594145841896534,
      0.05877172201871872,
      0.05855266749858856,
      0.05809883773326874,
      0.05765712261199951,
      0.05684119835495949,
      0.05638172850012779,
      0.056314606219530106,
      0.055605437606573105,
      0.05573458969593048,
      0.05494777113199234,
      0.054086990654468536,
      0.054175134748220444,
      0.053578730672597885,
      0.05257487669587135,
      0.05268760025501251,
      0.05235954374074936,
      0.05173566937446594,
      0.0505247563123703,
      0.05026674643158913,
      0.0496881902217865,
      0.0484028086066246,
      0.048364393413066864,
      0.047215770930051804,
      0.0465378537774086,
      0.04625936597585678,
      0.04526958987116814,
      0.0454484224319458,
      0.04384823516011238,
      0.043505407869815826,
      0.041840795427560806,
      0.04181402176618576,
      0.04044635593891144,
      0.03954925760626793,
      0.03924280405044556,
      0.038145143538713455,
      0.037317149341106415,
      0.03772420436143875,
      0.036891140043735504,
      0.0360320508480072,
      0.03342654928565025,
      0.034156493842601776,
      0.033365726470947266,
      0.03306419029831886,
      0.032127268612384796,
      0.03086203895509243,
      0.0292830727994442,
      0.032006315886974335,
      0.029061513021588326,
      0.027906296774744987,
      0.030450528487563133,
      0.02736237831413746,
      0.026738667860627174,
      0.02697434090077877,
      0.025775263085961342,
      0.026306159794330597,
      0.025624744594097137,
      0.024832414463162422,
      0.024283714592456818,
      0.02348334901034832,
      0.023260826244950294,
      0.021880771964788437,
      0.022458679974079132,
      0.02203291282057762,
      0.023451706394553185,
      0.022085025906562805,
      0.02140337973833084,
      0.021547844633460045,
      0.020511964336037636,
      0.019685048609972,
      0.018989931792020798,
      0.019658364355564117,
      0.020754264667630196,
      0.019600823521614075,
      0.019019704312086105,
      0.0170710738748312,
      0.0183098204433918,
      0.017883755266666412,
      0.017413942143321037,
      0.016876256093382835,
      0.017838943749666214,
      0.016315080225467682,
      0.01736203208565712,
      0.016516095027327538,
      0.016998017206788063,
      0.01602521724998951,
      0.01502885203808546,
      0.015588157810270786,
      0.015075691975653172,
      0.015073815360665321,
      0.015195165760815144,
      0.014781070873141289,
      0.014086226001381874,
      0.014042533002793789,
      0.01418659370392561,
      0.01262930128723383,
      0.01410797517746687,
      0.014057108201086521,
      0.013225426897406578,
      0.013688717037439346,
      0.013192965649068356,
      0.013501351699233055,
      0.0132736936211586,
      0.012178036384284496,
      0.012384072877466679,
      0.013068745844066143,
      0.012540892697870731,
      0.01176366675645113,
      0.011339031159877777,
      0.01175119262188673,
      0.01141531951725483,
      0.011209334246814251,
      0.011072257533669472,
      0.011319421231746674,
      0.011621440760791302,
      0.009989965707063675,
      0.010115638375282288,
      0.010653597302734852,
      0.01061308104544878,
      0.010354507714509964,
      0.009484310634434223,
      0.00989437010139227,
      0.009956808760762215,
      0.009399217553436756,
      0.010279880836606026,
      0.008799005299806595,
      0.010054932907223701,
      0.008946176618337631,
      0.009062444791197777,
      0.008912631310522556,
      0.008748683147132397,
      0.008612055331468582,
      0.008453689515590668,
      0.008557830937206745,
      0.00883511733263731,
      0.009956363588571548,
      0.008466974832117558,
      0.008517316542565823,
      0.00803738459944725,
      0.007668608333915472,
      0.007413715589791536,
      0.008429350331425667,
      0.007794424891471863,
      0.00744649488478899,
      0.006696600466966629,
      0.009057625196874142,
      0.0083218514919281,
      0.00875784270465374,
      0.007890969514846802,
      0.008156146854162216,
      0.007946234196424484,
      0.0074621946550905704,
      0.007170464377850294,
      0.007559962570667267,
      0.0064476546831429005,
      0.007183076813817024,
      0.00673197815194726,
      0.006317436695098877,
      0.007235188037157059,
      0.006329474970698357,
      0.006653849501162767,
      0.006395893171429634,
      0.007511990610510111,
      0.008348284289240837,
      0.006046316586434841,
      0.006406335160136223,
      0.005616334732621908,
      0.005681953858584166,
      0.005298812873661518,
      0.005446010269224644,
      0.006674372591078281,
      0.006438755430281162,
      0.005543756298720837,
      0.0064260209910571575,
      0.006432750727981329,
      0.0047832573764026165,
      0.005307566374540329,
      0.005833223927766085,
      0.0049416180700063705,
      0.006043541245162487,
      0.006423703860491514,
      0.006199356634169817,
      0.005701504182070494,
      0.005272136069834232,
      0.006757217925041914,
      0.005226839333772659,
      0.005357703659683466,
      0.0051598683930933475,
      0.0060944934375584126,
      0.005351131781935692,
      0.005687760654836893,
      0.005283328704535961,
      0.004893661011010408,
      0.005170352756977081,
      0.004498849622905254,
      0.005285278894007206,
      0.004396045580506325,
      0.005546835251152515,
      0.005065251607447863,
      0.004685825668275356,
      0.005586746148765087,
      0.004025052301585674,
      0.0044009145349264145,
      0.0042742458172142506,
      0.0052610961720347404,
      0.0046041300520300865,
      0.004717135801911354,
      0.004750364925712347,
      0.005265756975859404,
      0.004575582221150398,
      0.0037497244775295258,
      0.004577537067234516,
      0.004676532000303268,
      0.004261533264070749,
      0.00385718303732574,
      0.00506138289347291,
      0.004549004603177309,
      0.003720686072483659,
      0.0036731285508722067,
      0.0044438187032938,
      0.004185668658465147,
      0.0043393452651798725,
      0.004557105712592602,
      0.00403607590124011,
      0.004076565150171518,
      0.0049916584976017475,
      0.0044350228272378445,
      0.0036441811826080084,
      0.004034442361444235,
      0.004279255401343107,
      0.00371323199942708,
      0.00381257850676775,
      0.003205637913197279,
      0.004003755748271942,
      0.0037112971767783165,
      0.003466855501756072,
      0.0031429014634341,
      0.004359889775514603,
      0.003411458106711507,
      0.0038732390385121107,
      0.003558765398338437,
      0.003635596949607134,
      0.003423015121370554,
      0.0035648962948471308,
      0.003353833220899105,
      0.0033954207319766283,
      0.003787972731515765,
      0.003625626675784588,
      0.003463233821094036,
      0.0035210386849939823,
      0.003220217302441597,
      0.0031397235579788685,
      0.0037112263962626457,
      0.0033660116605460644,
      0.0033847244922071695,
      0.0028032546397298574,
      0.003287763334810734,
      0.0028431429527699947,
      0.00294145243242383,
      0.002899102633818984,
      0.003863777732476592,
      0.0033274604938924313,
      0.00227225455455482,
      0.002742677228525281,
      0.0036419883836060762,
      0.0029931680765002966,
      0.003455246100202203,
      0.0026448320131748915,
      0.0032894571777433157,
      0.0029624251183122396,
      0.003311477368697524,
      0.003089349949732423,
      0.002578141400590539,
