{
   "number_epochs": 300,
   "info_used": "partial info",
   "perc_full_data": 0.3,
   "n_epochs_no_selection": 0,
   "Frequency % cutoff": 0.3,
   "hidden_size": 32,
   "random_state": 56,
   "train_errors": [
      0.08136536180973053,
      0.07735589891672134,
      0.07365565001964569,
      0.07106913626194,
      0.06701813638210297,
      0.06431595981121063,
      0.06227332726120949,
      0.06017967313528061,
      0.05844060331583023,
      0.05751408264040947,
      0.05631332844495773,
      0.055179279297590256,
      0.05427824333310127,
      0.05404593423008919,
      0.05327807739377022,
      0.052729301154613495,
      0.05309039726853371,
      0.05197000503540039,
      0.0523630790412426,
      0.0515311174094677,
      0.05117499828338623,
      0.051244258880615234,
      0.050723470747470856,
      0.050218094140291214,
      0.04993769899010658,
      0.04995574429631233,
      0.04931403324007988,
      0.048601746559143066,
      0.048450686037540436,
      0.04782672971487045,
      0.04763346537947655,
      0.04741750657558441,
      0.04669366404414177,
      0.04668772593140602,
      0.04633393511176109,
      0.045752547681331635,
      0.0460829958319664,
      0.04505416378378868,
      0.044765111058950424,
      0.04463646933436394,
      0.043443888425827026,
      0.04400455206632614,
      0.04319646954536438,
      0.04232470691204071,
      0.042194243520498276,
      0.04180818796157837,
      0.04143233597278595,
      0.041549619287252426,
      0.04036258906126022,
      0.03973184898495674,
      0.03874226659536362,
      0.03892284631729126,
      0.03879515454173088,
      0.03784496709704399,
      0.037889912724494934,
      0.036864664405584335,
      0.03752647340297699,
      0.03701310232281685,
      0.035088878124952316,
      0.035398051142692566,
      0.03464972972869873,
      0.03323215991258621,
      0.03352418541908264,
      0.03246406093239784,
      0.03202087804675102,
      0.03221232071518898,
      0.03220851346850395,
      0.030949266627430916,
      0.030000582337379456,
      0.029936565086245537,
      0.028979122638702393,
      0.02814726158976555,
      0.02802870236337185,
      0.027606628835201263,
      0.02592923864722252,
      0.025650933384895325,
      0.02631017006933689,
      0.02681906893849373,
      0.023609178140759468,
      0.02454233355820179,
      0.023475052788853645,
      0.023559696972370148,
      0.02218802273273468,
      0.022095195949077606,
      0.023812659084796906,
      0.02136991173028946,
      0.022530201822519302,
      0.02199491672217846,
      0.021959446370601654,
      0.01988300122320652,
      0.01901724562048912,
      0.020221691578626633,
      0.019433895125985146,
      0.01781304180622101,
      0.017760422080755234,
      0.018022948876023293,
      0.017824044451117516,
      0.016518214717507362,
      0.016552560031414032,
      0.017250053584575653,
      0.016352802515029907,
      0.0168113112449646,
      0.016148105263710022,
      0.015194401144981384,
      0.016492756083607674,
      0.0177411250770092,
      0.014688514173030853,
      0.014286802150309086,
      0.01563347317278385,
      0.015464644879102707,
      0.015123351477086544,
      0.014272483997046947,
      0.014058336615562439,
      0.013665074482560158,
      0.015038199722766876,
      0.013488329015672207,
      0.013217960484325886,
      0.013708744198083878,
      0.013461766764521599,
      0.013885697349905968,
      0.013577974401414394,
      0.012616071850061417,
      0.01267287041991949,
      0.012456625699996948,
      0.012949835509061813,
      0.012795420363545418,
      0.011863301508128643,
      0.01297226082533598,
      0.011197722516953945,
      0.011272278614342213,
      0.01145219523459673,
      0.011281334795057774,
      0.011569861322641373,
      0.01237280759960413,
      0.01117561012506485,
      0.01097989734262228,
      0.010239404626190662,
      0.010615788400173187,
      0.011292698793113232,
      0.010059641674160957,
      0.010705766268074512,
      0.010276459157466888,
      0.009669709019362926,
      0.009456449188292027,
      0.01012336928397417,
      0.009473594836890697,
      0.008799396455287933,
      0.00965833105146885,
      0.00904147233814001,
      0.009226521477103233,
      0.00920958910137415,
      0.009211317636072636,
      0.008692074567079544,
      0.009078877046704292,
      0.008561146445572376,
      0.008349115028977394,
      0.00859710294753313,
      0.008779315277934074,
      0.00949452817440033,
      0.008653951808810234,
      0.008247516117990017,
      0.008279000408947468,
      0.008259295485913754,
      0.008191226050257683,
      0.008441015146672726,
      0.008462347090244293,
      0.008869792334735394,
      0.008079677820205688,
      0.007422897033393383,
      0.00730408588424325,
      0.007436386775225401,
      0.006709152366966009,
      0.007197093218564987,
      0.007585097104310989,
      0.007133789360523224,
      0.006707935594022274,
      0.00767972506582737,
      0.007014187518507242,
      0.007140862289816141,
      0.006088877096772194,
      0.006217924412339926,
      0.007114372681826353,
      0.006437355652451515,
      0.007122513372451067,
      0.0067821042612195015,
      0.0065150014124810696,
      0.006255915388464928,
      0.007578808814287186,
      0.006620013155043125,
      0.005288778338581324,
      0.006322316359728575,
      0.007178713567554951,
      0.006597273051738739,
      0.006162920035421848,
      0.005541021935641766,
      0.0054159522987902164,
      0.006452495232224464,
      0.006458331365138292,
      0.00506937550380826,
      0.005822653882205486,
      0.005240275990217924,
      0.005791208706796169,
      0.00539668882265687,
      0.005707711912691593,
      0.0062851267866790295,
      0.006011714227497578,
      0.00563404243439436,
      0.005409143399447203,
      0.005126580595970154,
      0.005694423336535692,
      0.004925103858113289,
      0.005099646281450987,
      0.004846835508942604,
      0.005535331089049578,
      0.006435335148125887,
      0.005912136286497116,
      0.005592054687440395,
      0.0056113083846867085,
      0.0054889945313334465,
      0.0046051423996686935,
      0.005416036117821932,
      0.006045013200491667,
      0.004891167860478163,
      0.005052498541772366,
      0.005073540844023228,
      0.005639900453388691,
      0.004830488469451666,
      0.004445041064172983,
      0.005502387415617704,
      0.005484446883201599,
      0.005760024301707745,
      0.00569169083610177,
      0.004752318374812603,
      0.004838518798351288,
      0.004909080918878317,
      0.0051735034212470055,
      0.004421458579599857,
      0.005308785010129213,
      0.005066244397312403,
      0.004641569685190916,
      0.005414183251559734,
      0.004825057461857796,
      0.005671186838299036,
      0.004755805246531963,
      0.005666354205459356,
      0.005289961583912373,
      0.004948137328028679,
      0.004364481195807457,
      0.0049491263926029205,
      0.004891316406428814,
      0.004410280380398035,
      0.0039946893230080605,
      0.003994928672909737,
      0.005018668714910746,
      0.004699189681559801,
      0.004189020954072475,
      0.004298460204154253,
      0.004517809953540564,
      0.004195730201900005,
      0.00400913879275322,
      0.004889895208179951,
      0.004085392691195011,
      0.0034364957828074694,
      0.004557587672024965,
      0.004262910690158606,
      0.004192097578197718,
      0.0042108274064958096,
      0.004943261854350567,
      0.004030948039144278,
      0.004997266456484795,
      0.004460516385734081,
      0.00419773580506444,
      0.005447869189083576,
      0.003711048047989607,
      0.004325618967413902,
      0.003801163984462619,
      0.0037203843239694834,
      0.004061857704073191,
      0.003872028784826398,
      0.0038685339968651533,
      0.00406468752771616,
