{
   "number_epochs": 300,
   "info_used": "full info",
   "perc_full_data": 0.3,
   "n_epochs_no_selection": 0,
   "Frequency % cutoff": 0.3,
   "hidden_size": 32,
   "random_state": 42,
   "train_errors": [
      0.06953910738229752,
      0.06137736514210701,
      0.05558760091662407,
      0.05182980000972748,
      0.050336092710494995,
      0.04839067533612251,
      0.048168256878852844,
      0.04780365154147148,
      0.04608481004834175,
      0.0452771857380867,
      0.04342621937394142,
      0.04252086952328682,
      0.04162197932600975,
      0.04040289297699928,
      0.03900396078824997,
      0.03748749569058418,
      0.03709501773118973,
      0.03591897711157799,
      0.03377055749297142,
      0.03240921348333359,
      0.031810496002435684,
      0.029651734977960587,
      0.027812711894512177,
      0.028094155713915825,
      0.025803092867136,
      0.02302584797143936,
      0.022236205637454987,
      0.021474603563547134,
      0.0205934289842844,
      0.01927782967686653,
      0.01913456805050373,
      0.017017170786857605,
      0.01657099649310112,
      0.016945699229836464,
      0.015829628333449364,
      0.01502992119640112,
      0.014670731499791145,
      0.01444479264318943,
      0.013905155472457409,
      0.013240603730082512,
      0.01413563173264265,
      0.013148248195648193,
      0.013656574301421642,
      0.013014568947255611,
      0.012268814258277416,
      0.012947209179401398,
      0.011707537807524204,
      0.01145397312939167,
      0.012018872424960136,
      0.011406815610826015,
      0.009921733289957047,
      0.009716736152768135,
      0.010556567460298538,
      0.010334035381674767,
      0.009680368937551975,
      0.009527674876153469,
      0.008966293185949326,
      0.00977131724357605,
      0.008686142973601818,
      0.00832644198089838,
      0.008774463087320328,
      0.008321624249219894,
      0.009186286479234695,
      0.00815811287611723,
      0.008475225418806076,
      0.00757524324581027,
      0.007919011637568474,
      0.007477241568267345,
      0.007614757865667343,
      0.008300494402647018,
      0.00712808920070529,
      0.006569665390998125,
      0.007084942422807217,
      0.007545251864939928,
      0.006332750897854567,
      0.007152227684855461,
      0.006872395984828472,
      0.006829454097896814,
      0.006513543426990509,
      0.006666780449450016,
      0.007310850545763969,
      0.005942570045590401,
      0.0058150216937065125,
      0.006180957425385714,
      0.0062517933547496796,
      0.006827411707490683,
      0.006479266565293074,
      0.006216851528733969,
      0.005949151702225208,
      0.00548254931345582,
      0.00590934045612812,
      0.006213894113898277,
      0.005439333152025938,
      0.006586892995983362,
      0.005316990427672863,
      0.005245796404778957,
      0.00518509466201067,
      0.005556779447942972,
      0.005515043158084154,
      0.005088575650006533,
      0.005773936863988638,
      0.005020315293222666,
      0.005843973718583584,
      0.005355989560484886,
      0.005029293708503246,
      0.005337415728718042,
      0.005572095513343811,
      0.005101596936583519,
      0.005073624197393656,
      0.005155647173523903,
      0.0049364143051207066,
      0.004545582924038172,
      0.004888509400188923,
      0.004916403442621231,
      0.00565056037157774,
      0.005346446763724089,
      0.004999600350856781,
      0.004904507659375668,
      0.0044263252057135105,
      0.0051088882610201836,
      0.004242972936481237,
      0.005361153278499842,
      0.005021526012569666,
      0.004761858377605677,
      0.0049463966861367226,
      0.004780433140695095,
      0.00504280487075448,
      0.004334887955337763,
      0.004131474997848272,
      0.004014138597995043,
      0.00421150354668498,
      0.004528948105871677,
      0.004178148228675127,
      0.004339359700679779,
      0.004608452320098877,
      0.00400468660518527,
      0.004311260301619768,
      0.004172387532889843,
      0.004376045428216457,
      0.004367829766124487,
      0.0038065065164119005,
      0.003669731318950653,
      0.004201259929686785,
      0.004905560053884983,
      0.004230738617479801,
      0.0037622754462063313,
      0.004702067002654076,
      0.0039761862717568874,
      0.004330331459641457,
      0.004930651746690273,
      0.004158864263445139,
      0.004219974856823683,
      0.0037056696601212025,
      0.003596613882109523,
      0.00410802336409688,
      0.003435058519244194,
      0.003764424007385969,
      0.003505489556118846,
      0.004544530529528856,
      0.0033880320843309164,
      0.0041213249787688255,
      0.003321297001093626,
      0.0036650439724326134,
      0.0038186709862202406,
      0.004016734194010496,
      0.0037699267268180847,
      0.0037323106080293655,
      0.0029999760445207357,
      0.003573547350242734,
      0.0034082545898854733,
      0.0034935048315674067,
      0.0032776801381260157,
      0.0037588842678815126,
      0.00421450799331069,
      0.0037204502150416374,
      0.0033645934890955687,
      0.0037428284995257854,
      0.003731575096026063,
      0.0030889727640897036,
      0.003477667458355427,
      0.0030742762610316277,
      0.003508731722831726,
      0.004113151691854,
      0.0034164858516305685,
      0.0039076246321201324,
      0.003187194699421525,
      0.003543107770383358,
      0.0032426805701106787,
      0.0032990751788020134,
      0.00400293106213212,
      0.0030303047969937325,
      0.002896052086725831,
      0.0034068867098540068,
      0.003088846802711487,
      0.0030052331276237965,
      0.002768525155261159,
      0.0030191661790013313,
      0.0036940700374543667,
      0.0026276528369635344,
      0.0038539296947419643,
      0.0033562136813998222,
      0.0032649515196681023,
      0.003339161863550544,
      0.00325071532279253,
      0.0031220808159559965,
      0.0035526405554264784,
      0.00338266440667212,
      0.003184706438332796,
      0.003559308359399438,
      0.0038273700047284365,
      0.0033547512721270323,
      0.0035908175632357597,
      0.0030284137465059757,
      0.004024829249829054,
      0.0036547700874507427,
      0.003243575803935528,
      0.0031895707361400127,
      0.0024068295024335384,
      0.0030827007722109556,
      0.002868053736165166,
      0.0036597861908376217,
      0.003058992326259613,
      0.0029240958392620087,
      0.002851625671610236,
      0.00287769827991724,
      0.003091094782575965,
      0.002974571194499731,
      0.0027352257166057825,
      0.002914781915023923,
      0.0027799285016953945,
      0.0031900161411613226,
      0.00334646413102746,
      0.0028443404007703066,
      0.0027347153518348932,
      0.002733531640842557,
      0.0028467809315770864,
      0.0026906707789748907,
      0.0032340497709810734,
      0.0032530040480196476,
      0.002899579703807831,
      0.0037277452647686005,
      0.0030436457600444555,
      0.003190558170899749,
      0.003034414956346154,
      0.002917360281571746,
      0.0029410975985229015,
      0.0023912398610264063,
      0.0030091002117842436,
      0.002603519707918167,
      0.0034847212955355644,
      0.003278142074123025,
      0.002781722228974104,
      0.002820411464199424,
      0.002607344649732113,
      0.0032676351256668568,
      0.0033331033773720264,
      0.002991455839946866,
      0.0024739934597164392,
      0.002639481332153082,
      0.002562535461038351,
      0.0031157780904322863,
      0.0026325732469558716,
      0.003249085508286953,
      0.0038410441484302282,
      0.003122645663097501,
      0.0029094526544213295,
      0.003021631157025695,
      0.0031549385748803616,
      0.00316688884049654,
      0.0033626616932451725,
      0.0030999304726719856,
      0.0026966333389282227,
      0.0030430404003709555,
      0.002821788191795349,
      0.00302570266649127,
      0.002540349029004574,
      0.0032117480877786875,
