{
   "number_epochs": 200,
   "info_used": "use hypothesis",
   "perc_full_data": 0.03,
   "n_epochs_no_selection": 0,
   "Frequency % cutoff": 0.33,
   "hidden_size": 32,
   "random_state": 5,
   "train_errors": [
      0.02694595977663994,
      0.023572489619255066,
      0.013411542400717735,
      0.01507881935685873,
      0.013022609055042267,
      0.013577505014836788,
      0.012324254028499126,
      0.012574955821037292,
      0.01228352077305317,
      0.012157788500189781,
      0.011687196791172028,
      0.012298707850277424,
      0.01199057325720787,
      0.011461163870990276,
      0.012887520715594292,
      0.01278642937541008,
      0.012803089804947376,
      0.01278646383434534,
      0.01321425661444664,
      0.013455153442919254,
      0.012603369541466236,
      0.013992018066346645,
      0.012882830575108528,
      0.012900331988930702,
      0.012829740531742573,
      0.012932978570461273,
      0.01268378458917141,
      0.012916464358568192,
      0.012649375945329666,
      0.012964051216840744,
      0.01258862391114235,
      0.012945231981575489,
      0.01280673686414957,
      0.01274580042809248,
      0.013291517272591591,
      0.012846449390053749,
      0.01344504114240408,
      0.012567725032567978,
      0.013942409306764603,
      0.01354438066482544,
      0.014082180336117744,
      0.013565202243626118,
      0.013667404651641846,
      0.01420957874506712,
      0.014025356620550156,
      0.0144173139706254,
      0.01392205897718668,
      0.013959650881588459,
      0.014907855540513992,
      0.014923770911991596,
      0.013888616114854813,
      0.015036906115710735,
      0.01492406241595745,
      0.014395326375961304,
      0.015298000536859035,
      0.015295716002583504,
      0.0149791045114398,
      0.014926835894584656,
      0.01559246052056551,
      0.014876195229589939,
      0.015234728343784809,
      0.015405735932290554,
      0.015454924665391445,
      0.014868510887026787,
      0.016130022704601288,
      0.016045253723859787,
      0.015422294847667217,
      0.016246462240815163,
      0.014616955071687698,
      0.01750091463327408,
      0.01590229757130146,
      0.015993885695934296,
      0.016539905220270157,
      0.015589548274874687,
      0.016731536015868187,
      0.016821671277284622,
      0.016515692695975304,
      0.018160682171583176,
      0.016978226602077484,
      0.016919925808906555,
      0.016803866252303123,
      0.016831615939736366,
      0.01752445660531521,
      0.017094634473323822,
      0.016387009993195534,
      0.017866022884845734,
      0.01637865975499153,
      0.017225168645381927,
      0.017023788765072823,
      0.01729193702340126,
      0.016383642330765724,
      0.0165591798722744,
      0.017217300832271576,
      0.017525723204016685,
      0.01709454506635666,
      0.01834491267800331,
      0.016279276460409164,
      0.017302770167589188,
      0.018251873552799225,
      0.017157528549432755,
      0.017173027619719505,
      0.01677338406443596,
      0.017344258725643158,
      0.01709555834531784,
      0.016754671931266785,
      0.016675811260938644,
      0.01712285540997982,
      0.016023658215999603,
      0.017437444999814034,
      0.017870604991912842,
      0.01691010780632496,
      0.017740055918693542,
      0.01686318963766098,
      0.01589147560298443,
      0.01738346368074417,
      0.01665620692074299,
      0.01772891916334629,
      0.017005495727062225,
      0.018061134964227676,
      0.01649804785847664,
      0.017882458865642548,
      0.017101556062698364,
      0.017451966181397438,
      0.017393073067069054,
      0.016922561451792717,
      0.015434692613780499,
      0.01806923747062683,
      0.015764648094773293,
      0.016809038817882538,
      0.017255239188671112,
      0.016788650304079056,
      0.018265526741743088,
      0.016983238980174065,
      0.017881469801068306,
      0.01605292782187462,
      0.017152627930045128,
      0.0164059828966856,
      0.0172925665974617,
      0.016741693019866943,
      0.017851175740361214,
      0.016339847818017006,
      0.018063955008983612,
      0.015664614737033844,
      0.01666591502726078,
      0.016956448554992676,
      0.01701486110687256,
      0.01799989491701126,
      0.015618694946169853,
      0.01729491725564003,
      0.016373876482248306,
      0.016648082062602043,
      0.016655366867780685,
      0.01721525937318802,
      0.01683739200234413,
      0.016939042136073112,
      0.016829058527946472,
      0.017345061525702477,
      0.015889577567577362,
      0.01597900688648224,
      0.01590968295931816,
      0.01664922386407852,
      0.016152800992131233,
      0.01715163141489029,
      0.015077660791575909,
      0.016938015818595886,
      0.01577838510274887,
      0.01695508323609829,
      0.016187824308872223,
      0.017168015241622925,
      0.014892395585775375,
      0.016522526741027832,
      0.015714064240455627,
      0.016371240839362144,
      0.01622696965932846,
      0.016107432544231415,
      0.017263032495975494,
      0.015820950269699097,
      0.01706879772245884,
      0.01606295257806778,
      0.016412682831287384,
      0.016183417290449142,
      0.015809178352355957,
      0.01607668213546276,
      0.016443438827991486,
      0.01662207394838333,
      0.015425171703100204,
      0.015924744307994843,
      0.014920428395271301,
      0.017018774524331093,
      0.015438560396432877,
      0.015913652256131172,
      0.016334064304828644,
      0.014689173549413681,
      0.016851432621479034,
      0.014275621622800827,
      0.01669779047369957,
      0.015529181808233261,
      0.01559106633067131,
      0.016735441982746124,
      0.014609353616833687
   ],
   "valid_errors": [
      0.01831190474331379,
      0.009706839919090271,
      0.008592688478529453,
      0.008727164007723331,
      0.009230322204530239,
      0.007990025915205479,
      0.007015745621174574,
      0.006085281725972891,
      0.0054733846336603165,
      0.004971581511199474,
      0.0045515489764511585,
      0.004400675650686026,
      0.004159012343734503,
      0.004095037467777729,
      0.004124518018215895,
      0.004003800451755524,
      0.003950522746890783,
      0.00391389150172472,
      0.003909336403012276,
      0.003905140096321702,
      0.0038645502645522356,
      0.0038930149748921394,
      0.0038497422356158495,
      0.003976126667112112,
      0.0038204167503863573,
      0.003915898967534304,
      0.0039727031253278255,
      0.003837273456156254,
      0.004102634731680155,
      0.003984979819506407,
      0.003931504674255848,
      0.004022452048957348,
      0.0040196385234594345,
      0.00414300337433815,
      0.00369641138240695,
      0.003978422377258539,
      0.003645126009359956,
      0.0039826808497309685,
      0.003852252848446369,
      0.0036449236795306206,
      0.004328204318881035
   ],
   "val_epochs": [
      0,
      5,
      10,
      15,
      20,
      25,
      30,
      35,
      40,
      45,
      50,
      55,
      60,
      65,
      70,
      75,
      80,
      85,
      90,
      95,
      100,
      105,
      110,
      115,
      120,
      125,
      130,
      135,
      140,
      145,
      150,
      155,
      160,
      165,
      170,
      175,
      180,
      185,
      190,
      195,
      199
   ],
   "input_data_path": "../data/dataset_photo_pce10/data.csv",
   "gradwcontext": true,
   "Encompassing Param": 0.1,
   "Normalize Grads & Contx": false,
   "cluster_all_classes": false,
   "imputation method": "",
   "model_dropout": 0.05
}