{
   "number_epochs": 200,
   "info_used": "use hypothesis",
   "perc_full_data": 0.02,
   "n_epochs_no_selection": 0,
   "Frequency % cutoff": 0.33,
   "hidden_size": 32,
   "random_state": 6,
   "train_errors": [
      0.016224009916186333,
      0.014937788248062134,
      0.019645847380161285,
      0.01765257865190506,
      0.014833501540124416,
      0.015109298750758171,
      0.015954453498125076,
      0.015673689544200897,
      0.014752396382391453,
      0.015199891291558743,
      0.01535196416079998,
      0.01480919774621725,
      0.014554351568222046,
      0.01463631633669138,
      0.014467654749751091,
      0.014531741850078106,
      0.014346659183502197,
      0.014414157718420029,
      0.014108646661043167,
      0.014199882745742798,
      0.013888020068407059,
      0.01394781842827797,
      0.013698778115212917,
      0.013807014562189579,
      0.013217117637395859,
      0.013407628983259201,
      0.013282856903970242,
      0.0135218920186162,
      0.013018033467233181,
      0.0127471424639225,
      0.013017472811043262,
      0.013059641234576702,
      0.013038014061748981,
      0.012775291688740253,
      0.012922350317239761,
      0.013089943677186966,
      0.01327384915202856,
      0.013053308241069317,
      0.013070384040474892,
      0.013088114559650421,
      0.013137485831975937,
      0.01311570592224598,
      0.01307846512645483,
      0.013485847041010857,
      0.012989077717065811,
      0.013109929859638214,
      0.01304392796009779,
      0.013407043181359768,
      0.01297749299556017,
      0.013275987468659878,
      0.013905998319387436,
      0.013586295768618584,
      0.01408352144062519,
      0.013587786816060543,
      0.013551752083003521,
      0.014121930114924908,
      0.014131547883152962,
      0.01413094624876976,
      0.014331885613501072,
      0.013857460580766201,
      0.014642206951975822,
      0.014237303286790848,
      0.014632884413003922,
      0.01461645495146513,
      0.014270401559770107,
      0.014355904422700405,
      0.01463678665459156,
      0.014586140401661396,
      0.014695101417601109,
      0.014933953993022442,
      0.014948257245123386,
      0.014811711385846138,
      0.014656241051852703,
      0.014326853677630424,
      0.014634419232606888,
      0.01494826190173626,
      0.015047136694192886,
      0.015466385520994663,
      0.015403477475047112,
      0.014126651920378208,
      0.01520046778023243,
      0.014900392852723598,
      0.015587802045047283,
      0.015434116125106812,
      0.015658549964427948,
      0.015531390905380249,
      0.015300684608519077,
      0.015821730718016624,
      0.015086662024259567,
      0.015179417096078396,
      0.015020153485238552,
      0.016135461628437042,
      0.014997788704931736,
      0.015575427561998367,
      0.01584603451192379,
      0.01518966630101204,
      0.015438450500369072,
      0.01585465297102928,
      0.015420226380228996,
      0.015346969477832317,
      0.015398699790239334,
      0.01605428010225296,
      0.015594350174069405,
      0.01562089379876852,
      0.015873534604907036,
      0.01548216212540865,
      0.015211622230708599,
      0.016011927276849747,
      0.015993090346455574,
      0.015277726575732231,
      0.015609178692102432,
      0.016001315787434578,
      0.015850063413381577,
      0.015805000439286232,
      0.015754174441099167,
      0.015778012573719025,
      0.015956968069076538,
      0.015501249581575394,
      0.015728013589978218,
      0.01604468934237957,
      0.015792828053236008,
      0.016460008919239044,
      0.015577103942632675,
      0.0156085891649127,
      0.015965931117534637,
      0.015545033849775791,
      0.016217129305005074,
      0.015512443147599697,
      0.01585301198065281,
      0.015565316192805767,
      0.01589466631412506,
      0.01622643508017063,
      0.01577357016503811,
      0.01596674881875515,
      0.016164680942893028,
      0.01604795828461647,
      0.01621164381504059,
      0.015926159918308258,
      0.015463615767657757,
      0.016984574496746063,
      0.015857921913266182,
      0.01642215996980667,
      0.01625148020684719,
      0.017042318359017372,
      0.016374735161662102,
      0.016753489151597023,
      0.016347117722034454,
      0.016633672639727592,
      0.016159918159246445,
      0.016235476359725,
      0.016910051926970482,
      0.016886161640286446,
      0.016087371855974197,
      0.016276447102427483,
      0.016029497608542442,
      0.017034675925970078,
      0.016228534281253815,
      0.01644504815340042,
      0.016301877796649933,
      0.01646936498582363,
      0.016849543899297714,
      0.016878467053174973,
      0.016495270654559135,
      0.016371771693229675,
      0.017274774610996246,
      0.01691087707877159,
      0.016989469528198242,
      0.016927722841501236,
      0.016849808394908905,
      0.016016880050301552,
      0.01656605303287506,
      0.01715383306145668,
      0.017440935596823692,
      0.016537673771381378,
      0.017071403563022614,
      0.016553856432437897,
      0.017201250419020653,
      0.01688539795577526,
      0.016917336732149124,
      0.0168018639087677,
      0.01681147888302803,
      0.01731889694929123,
      0.016665320843458176,
      0.01710868626832962,
      0.016674505546689034,
      0.017277639359235764,
      0.016874166205525398,
      0.016725176945328712,
      0.017851058393716812,
      0.017114434391260147,
      0.017263280227780342,
      0.017165273427963257,
      0.017165077850222588,
      0.017012670636177063,
      0.017110709100961685,
      0.017019979655742645,
      0.0172942653298378,
      0.017404848709702492,
      0.016752174124121666,
      0.016921430826187134
   ],
   "valid_errors": [
      0.017172707244753838,
      0.011134376749396324,
      0.011136173270642757,
      0.010694441385567188,
      0.010377785190939903,
      0.010121533647179604,
      0.010028325021266937,
      0.009982092306017876,
      0.009876350872218609,
      0.009681714698672295,
      0.009579243138432503,
      0.00930712465196848,
      0.00936717726290226,
      0.009121183305978775,
      0.009059106931090355,
      0.00929707009345293,
      0.009254727512598038,
      0.009482352994382381,
      0.00943575706332922,
      0.009653001092374325,
      0.009353390894830227,
      0.009526651352643967,
      0.009367330931127071,
      0.009477995336055756,
      0.009556193836033344,
      0.009394989348948002,
      0.009647220373153687,
      0.009302695281803608,
      0.009328640066087246,
      0.0092657171189785,
      0.00911855697631836,
      0.009524190798401833,
      0.00916388537734747,
      0.009714900515973568,
      0.009632444940507412,
      0.009410607628524303,
      0.009507663547992706,
      0.009610268287360668,
      0.009355020709335804,
      0.00957587081938982,
      0.009011100977659225
   ],
   "val_epochs": [
      0,
      5,
      10,
      15,
      20,
      25,
      30,
      35,
      40,
      45,
      50,
      55,
      60,
      65,
      70,
      75,
      80,
      85,
      90,
      95,
      100,
      105,
      110,
      115,
      120,
      125,
      130,
      135,
      140,
      145,
      150,
      155,
      160,
      165,
      170,
      175,
      180,
      185,
      190,
      195,
      199
   ],
   "input_data_path": "../data/dataset_photo_pce10/data.csv",
   "gradwcontext": true,
   "Encompassing Param": 0.1,
   "Normalize Grads & Contx": false,
   "cluster_all_classes": false,
   "imputation method": "",
   "model_dropout": 0.05
}