{
   "number_epochs": 200,
   "info_used": "use hypothesis",
   "perc_full_data": 0.03,
   "n_epochs_no_selection": 0,
   "Frequency % cutoff": 0.33,
   "hidden_size": 32,
   "random_state": 11,
   "train_errors": [
      0.008430794812738895,
      0.0076142167672514915,
      0.008137035183608532,
      0.009533618576824665,
      0.011058741249144077,
      0.009493826888501644,
      0.008398461155593395,
      0.00954804290086031,
      0.010255667380988598,
      0.009450878947973251,
      0.010050778277218342,
      0.010698560625314713,
      0.010787342675030231,
      0.01082321535795927,
      0.010950067080557346,
      0.01071361918002367,
      0.012238401919603348,
      0.011827043257653713,
      0.011811301112174988,
      0.013870800845324993,
      0.012206793762743473,
      0.011039837263524532,
      0.01359100453555584,
      0.013632980175316334,
      0.012113528326153755,
      0.013671312481164932,
      0.012728867121040821,
      0.013560283929109573,
      0.013411344029009342,
      0.013530049473047256,
      0.01591998152434826,
      0.015602007508277893,
      0.014133546501398087,
      0.014970679767429829,
      0.014813517220318317,
      0.018500695005059242,
      0.01563837006688118,
      0.01740279421210289,
      0.014199944213032722,
      0.01594124548137188,
      0.014857901260256767,
      0.01601404696702957,
      0.014273603446781635,
      0.014812522567808628,
      0.016331670805811882,
      0.015506082214415073,
      0.01594066061079502,
      0.0171162448823452,
      0.014377132058143616,
      0.015069757588207722,
      0.016280515119433403,
      0.015543916262686253,
      0.016511788591742516,
      0.015133167617022991,
      0.015097520314157009,
      0.015650000423192978,
      0.01641634665429592,
      0.015185266733169556,
      0.01614282839000225,
      0.017076941207051277,
      0.015027889050543308,
      0.014647064730525017,
      0.016809912398457527,
      0.01623174361884594,
      0.015170242637395859,
      0.014601396396756172,
      0.016488172113895416,
      0.015285988338291645,
      0.01629486493766308,
      0.015166529454290867,
      0.016780128702521324,
      0.01816713996231556,
      0.015163464471697807,
      0.017693813890218735,
      0.01674928516149521,
      0.016092078760266304,
      0.020165162160992622,
      0.01813015155494213,
      0.016375327482819557,
      0.016827814280986786,
      0.017450299113988876,
      0.016852177679538727,
      0.016566826030611992,
      0.016428707167506218,
      0.01695065200328827,
      0.02028174139559269,
      0.015319762751460075,
      0.01752523146569729,
      0.019043156877160072,
      0.015834946185350418,
      0.018146295100450516,
      0.015649382025003433,
      0.01592913642525673,
      0.015218625776469707,
      0.018752479925751686,
      0.014644050039350986,
      0.01524654496461153,
      0.016846736893057823,
      0.014816926792263985,
      0.01650102809071541,
      0.017501359805464745,
      0.01426220778375864,
      0.018787553533911705,
      0.018818674609065056,
      0.014949258416891098,
      0.016005493700504303,
      0.015650730580091476,
      0.02022051252424717,
      0.016428060829639435,
      0.017093289643526077,
      0.015096376650035381,
      0.015665719285607338,
      0.01641220599412918,
      0.01494203694164753,
      0.01777135580778122,
      0.015264312736690044,
      0.019434025511145592,
      0.01687658578157425,
      0.016424929723143578,
      0.019640911370515823,
      0.01448601670563221,
      0.013965134508907795,
      0.01715199090540409,
      0.01685745269060135,
      0.01597856730222702,
      0.01756543479859829,
      0.016127027571201324,
      0.016929280012845993,
      0.017149297520518303,
      0.014917840249836445,
      0.016718946397304535,
      0.015605483204126358,
      0.017283320426940918,
      0.015837490558624268,
      0.01767478510737419,
      0.014839131385087967,
      0.01752045378088951,
      0.01510628405958414,
      0.01713474839925766,
      0.014801268465816975,
      0.01658478192985058,
      0.01641298271715641,
      0.016770541667938232,
      0.01697622984647751,
      0.014488441869616508,
      0.015991726890206337,
      0.016953254118561745,
      0.016850873827934265,
      0.015821831300854683,
      0.014810389839112759,
      0.016248412430286407,
      0.018012212589383125,
      0.017567802220582962,
      0.016467638313770294,
      0.01671675406396389,
      0.01798165589570999,
      0.017448732629418373,
      0.015460140071809292,
      0.01722528785467148,
      0.016515351831912994,
      0.01788990944623947,
      0.017005356028676033,
      0.018093885853886604,
      0.018632112070918083,
      0.01644124835729599,
      0.01631121151149273,
      0.017370272427797318,
      0.016274578869342804,
      0.01635832153260708,
      0.01731184683740139,
      0.015147696249186993,
      0.01611361652612686,
      0.015521258115768433,
      0.01535347942262888,
      0.01606774888932705,
      0.016078533604741096,
      0.016414795070886612,
      0.0160079225897789,
      0.014883220195770264,
      0.018021218478679657,
      0.016522573307156563,
      0.015156141482293606,
      0.018272966146469116,
      0.013739396817982197,
      0.01837928034365177,
      0.015224501490592957,
      0.016750486567616463,
      0.015220660716295242,
      0.015127692371606827,
      0.014943025074899197,
      0.01561094168573618,
      0.014900079928338528,
      0.014985357411205769,
      0.015168179757893085,
      0.01915060542523861,
      0.015766417607665062,
      0.014507530257105827,
      0.015394555404782295,
      0.01687476597726345,
      0.014539175666868687
   ],
   "valid_errors": [
      0.013512675650417805,
      0.011416603811085224,
      0.010836159810423851,
      0.010663226246833801,
      0.011567615903913975,
      0.012240680865943432,
      0.01311019342392683,
      0.014883833937346935,
      0.013155310414731503,
      0.013097093440592289,
      0.01348833367228508,
      0.013914932496845722,
      0.013183199800550938,
      0.014289387501776218,
      0.015293817967176437,
      0.015379197895526886,
      0.015673106536269188,
      0.01617494411766529,
      0.015895841643214226,
      0.014666439034044743,
      0.01567370444536209,
      0.01554025150835514,
      0.01599075272679329,
      0.015757570043206215,
      0.015089326538145542,
      0.01663975790143013,
      0.015092022716999054,
      0.014934822916984558,
      0.015559329651296139,
      0.01591862551867962,
      0.01558686327189207,
      0.016981709748506546,
      0.01705353520810604,
      0.017078472301363945,
      0.015742864459753036,
      0.016075916588306427,
      0.016936205327510834,
      0.015425343997776508,
      0.015427122823894024,
      0.015707015991210938,
      0.0154321463778615
   ],
   "val_epochs": [
      0,
      5,
      10,
      15,
      20,
      25,
      30,
      35,
      40,
      45,
      50,
      55,
      60,
      65,
      70,
      75,
      80,
      85,
      90,
      95,
      100,
      105,
      110,
      115,
      120,
      125,
      130,
      135,
      140,
      145,
      150,
      155,
      160,
      165,
      170,
      175,
      180,
      185,
      190,
      195,
      199
   ],
   "input_data_path": "../data/dataset_photo_pce10/data.csv",
   "gradwcontext": true,
   "Encompassing Param": 0.1,
   "Normalize Grads & Contx": false,
   "cluster_all_classes": false,
   "imputation method": "",
   "model_dropout": 0.05
}