{
   "number_epochs": 200,
   "info_used": "use hypothesis",
   "perc_full_data": 0.03,
   "n_epochs_no_selection": 0,
   "Frequency % cutoff": 0.33,
   "hidden_size": 32,
   "random_state": 3,
   "train_errors": [
      0.009395229630172253,
      0.010251054540276527,
      0.009966772049665451,
      0.010272428393363953,
      0.010027495212852955,
      0.010311610996723175,
      0.0106503302231431,
      0.010742629878222942,
      0.010245103389024734,
      0.01042187586426735,
      0.011077087372541428,
      0.010855559259653091,
      0.01060469076037407,
      0.011237066239118576,
      0.011272081173956394,
      0.01181865856051445,
      0.011684172786772251,
      0.011869270354509354,
      0.01202438399195671,
      0.012975010089576244,
      0.012290602549910545,
      0.012659035623073578,
      0.012322944588959217,
      0.012978692539036274,
      0.01322149857878685,
      0.013355066999793053,
      0.013163554482161999,
      0.012939628213644028,
      0.013175209052860737,
      0.013940696604549885,
      0.013466443866491318,
      0.014287935569882393,
      0.013703396543860435,
      0.014201248995959759,
      0.014315892942249775,
      0.014809083193540573,
      0.013893627561628819,
      0.014645765535533428,
      0.014729090966284275,
      0.0142091428861022,
      0.015236571431159973,
      0.01438648160547018,
      0.015265264548361301,
      0.015222031623125076,
      0.014528949744999409,
      0.01588706485927105,
      0.015098558738827705,
      0.015510345809161663,
      0.014877257868647575,
      0.01626317761838436,
      0.015932800248265266,
      0.016173815354704857,
      0.015220077708363533,
      0.01653624139726162,
      0.01591661386191845,
      0.017090890556573868,
      0.015163181349635124,
      0.017465800046920776,
      0.017178751528263092,
      0.016727840527892113,
      0.017263256013393402,
      0.017448389902710915,
      0.016290128231048584,
      0.01694466732442379,
      0.01734614185988903,
      0.01699865236878395,
      0.016465581953525543,
      0.017224308103322983,
      0.01802549697458744,
      0.016286037862300873,
      0.018431948497891426,
      0.017074521631002426,
      0.01739381067454815,
      0.016679270192980766,
      0.018920721486210823,
      0.017407044768333435,
      0.01997082680463791,
      0.018214834854006767,
      0.018489595502614975,
      0.017498018220067024,
      0.01876351423561573,
      0.017573991790413857,
      0.018023759126663208,
      0.01904732547700405,
      0.01871752180159092,
      0.01873537339270115,
      0.019552940502762794,
      0.019690345972776413,
      0.01916690729558468,
      0.017149876803159714,
      0.019985796883702278,
      0.018970288336277008,
      0.02069525420665741,
      0.018480155616998672,
      0.020827891305088997,
      0.01920042186975479,
      0.01982172578573227,
      0.02099045366048813,
      0.02059917338192463,
      0.0196724571287632,
      0.02167164534330368,
      0.019807962700724602,
      0.020278200507164,
      0.020479554310441017,
      0.018377095460891724,
      0.020783167332410812,
      0.021086229011416435,
      0.022447364404797554,
      0.0222355704754591,
      0.01883751153945923,
      0.021461766213178635,
      0.020202787593007088,
      0.021914437413215637,
      0.019315775483846664,
      0.02210337109863758,
      0.02112918347120285,
      0.02391391433775425,
      0.022513795644044876,
      0.021245352923870087,
      0.019367877393960953,
      0.022559281438589096,
      0.021142320707440376,
      0.021803127601742744,
      0.020338894799351692,
      0.022150224074721336,
      0.021574445068836212,
      0.020982252433896065,
      0.022210296243429184,
      0.020003924146294594,
      0.019929751753807068,
      0.022759996354579926,
      0.020805509760975838,
      0.02229546569287777,
      0.020652614533901215,
      0.02284383960068226,
      0.021318428218364716,
      0.021907061338424683,
      0.02269444800913334,
      0.024016402661800385,
      0.02189321629703045,
      0.0226952712982893,
      0.02106473222374916,
      0.022524353116750717,
      0.02173096500337124,
      0.023355640470981598,
      0.02190442569553852,
      0.023013168945908546,
      0.021631669253110886,
      0.024079622700810432,
      0.0221303291618824,
      0.023142937570810318,
      0.022089378908276558,
      0.02398855797946453,
      0.021017365157604218,
      0.022208552807569504,
      0.021993286907672882,
      0.022433646023273468,
      0.025253556668758392,
      0.02230246551334858,
      0.021398242563009262,
      0.02309539169073105,
      0.02185695618391037,
      0.022040076553821564,
      0.02290300838649273,
      0.023372162133455276,
      0.020965810865163803,
      0.023288901895284653,
      0.023544957861304283,
      0.02409232221543789,
      0.02275751903653145,
      0.024129794910550117,
      0.023389454931020737,
      0.02287406474351883,
      0.024501187726855278,
      0.022089587524533272,
      0.02628636732697487,
      0.023990007117390633,
      0.02487814612686634,
      0.023952430114150047,
      0.025624005123972893,
      0.022945130243897438,
      0.02371431328356266,
      0.023495426401495934,
      0.0247171763330698,
      0.022886671125888824,
      0.024359624832868576,
      0.024044089019298553,
      0.024169661104679108,
      0.02355320379137993,
      0.022871864959597588,
      0.021212788298726082,
      0.023492801934480667,
      0.02293717861175537,
      0.018315251916646957,
      0.02382964827120304,
      0.021617552265524864,
      0.02135017141699791,
      0.02269248478114605,
      0.022515689954161644,
      0.024384895339608192
   ],
   "valid_errors": [
      0.01269141398370266,
      0.010449552908539772,
      0.009781132452189922,
      0.008288401179015636,
      0.007694876287132502,
      0.00678988778963685,
      0.00640549510717392,
      0.0059806895442306995,
      0.005702141672372818,
      0.005541857331991196,
      0.005241471342742443,
      0.005147658288478851,
      0.005029894411563873,
      0.0054096681997179985,
      0.00567199382930994,
      0.005572052672505379,
      0.005663519259542227,
      0.0053619807586073875,
      0.005534642841666937,
      0.006160100921988487,
      0.005619163159281015,
      0.005742745473980904,
      0.006014573387801647,
      0.006041568238288164,
      0.005944245494902134,
      0.0062417821027338505,
      0.005858020856976509,
      0.005973573308438063,
      0.0060408045537769794,
      0.005954972468316555,
      0.006141696125268936,
      0.0061352490447461605,
      0.006140158511698246,
      0.005807615350931883,
      0.005977972410619259,
      0.005756249651312828,
      0.0057819923385977745,
      0.005944475065916777,
      0.005743897520005703,
      0.005583528894931078,
      0.005622901488095522
   ],
   "val_epochs": [
      0,
      5,
      10,
      15,
      20,
      25,
      30,
      35,
      40,
      45,
      50,
      55,
      60,
      65,
      70,
      75,
      80,
      85,
      90,
      95,
      100,
      105,
      110,
      115,
      120,
      125,
      130,
      135,
      140,
      145,
      150,
      155,
      160,
      165,
      170,
      175,
      180,
      185,
      190,
      195,
      199
   ],
   "input_data_path": "../data/dataset_photo_pce10/data.csv",
   "gradwcontext": true,
   "Encompassing Param": 0.1,
   "Normalize Grads & Contx": false,
   "cluster_all_classes": false,
   "imputation method": "",
   "model_dropout": 0.05
}