{
   "number_epochs": 200,
   "info_used": "use hypothesis",
   "perc_full_data": 0.03,
   "n_epochs_no_selection": 0,
   "Frequency % cutoff": 0.33,
   "hidden_size": 32,
   "random_state": 16,
   "train_errors": [
      0.02037101238965988,
      0.015850616618990898,
      0.018086472526192665,
      0.014681464992463589,
      0.014392889104783535,
      0.014919783920049667,
      0.013866106979548931,
      0.014110916294157505,
      0.013597365468740463,
      0.013681918382644653,
      0.013880555517971516,
      0.013905697502195835,
      0.013708368875086308,
      0.014168624766170979,
      0.014319909736514091,
      0.014032936654984951,
      0.013697218149900436,
      0.014118154533207417,
      0.014002718962728977,
      0.01394029799848795,
      0.014652680605649948,
      0.014383009634912014,
      0.01453863549977541,
      0.014465752989053726,
      0.0145720224827528,
      0.013783159665763378,
      0.015499887987971306,
      0.014786298386752605,
      0.014953098259866238,
      0.015094841830432415,
      0.015492207370698452,
      0.01511058583855629,
      0.01513176690787077,
      0.015246874652802944,
      0.015082846395671368,
      0.01418642234057188,
      0.01610230654478073,
      0.01517803780734539,
      0.0147918201982975,
      0.015424498356878757,
      0.01540924608707428,
      0.015604530461132526,
      0.014970325864851475,
      0.015624278225004673,
      0.015300086699426174,
      0.016152793541550636,
      0.01583760790526867,
      0.016300899907946587,
      0.01572839356958866,
      0.015773599967360497,
      0.015395432710647583,
      0.01553948875516653,
      0.015334874391555786,
      0.015048487111926079,
      0.01523771695792675,
      0.015224352478981018,
      0.015307833440601826,
      0.01531668845564127,
      0.015458716079592705,
      0.015733221545815468,
      0.015098808333277702,
      0.015363301150500774,
      0.014984311535954475,
      0.01584196649491787,
      0.015144997276365757,
      0.015493201091885567,
      0.015394167974591255,
      0.015547285787761211,
      0.015643559396266937,
      0.015039467252790928,
      0.014736811630427837,
      0.014491192065179348,
      0.015417737886309624,
      0.015549685806035995,
      0.015665972605347633,
      0.015641801059246063,
      0.015114013105630875,
      0.015817858278751373,
      0.016071045771241188,
      0.016173280775547028,
      0.016248812898993492,
      0.016444450244307518,
      0.017350580543279648,
      0.016553407534956932,
      0.01622171513736248,
      0.01646701619029045,
      0.017006225883960724,
      0.01705128699541092,
      0.01706467568874359,
      0.017358146607875824,
      0.017388423904776573,
      0.01739518903195858,
      0.016821689903736115,
      0.019943581894040108,
      0.01939154975116253,
      0.019059693440794945,
      0.01893679052591324,
      0.01885901764035225,
      0.017831921577453613,
      0.018629537895321846,
      0.01864558458328247,
      0.018914557993412018,
      0.020771367475390434,
      0.020611347630620003,
      0.01935693621635437,
      0.018853912129998207,
      0.021456003189086914,
      0.019926078617572784,
      0.019962185993790627,
      0.019200390204787254,
      0.020568914711475372,
      0.02207004651427269,
      0.01959679275751114,
      0.018276026472449303,
      0.02006816864013672,
      0.01870260015130043,
      0.020324140787124634,
      0.02161630243062973,
      0.019708402454853058,
      0.019933577626943588,
      0.01975022628903389,
      0.018926061689853668,
      0.020456671714782715,
      0.019796302542090416,
      0.019439976662397385,
      0.019995400682091713,
      0.019036652520298958,
      0.019833210855722427,
      0.019374368712306023,
      0.019150158390402794,
      0.01934904418885708,
      0.019570475444197655,
      0.020103301852941513,
      0.01932181604206562,
      0.019587568938732147,
      0.019494544714689255,
      0.019814247265458107,
      0.019952893257141113,
      0.019660543650388718,
      0.020988009870052338,
      0.018663255497813225,
      0.01916983537375927,
      0.018874578177928925,
      0.019128384068608284,
      0.019295532256364822,
      0.018947098404169083,
      0.01922234706580639,
      0.019309762865304947,
      0.020315054804086685,
      0.019639721140265465,
      0.018900098279118538,
      0.018499933183193207,
      0.01862797886133194,
      0.018652521073818207,
      0.018189985305070877,
      0.017711106687784195,
      0.018504565581679344,
      0.018458548933267593,
      0.019302718341350555,
      0.018960468471050262,
      0.018905945122241974,
      0.017908349633216858,
      0.01779601164162159,
      0.017876723781228065,
      0.018549002707004547,
      0.018418246880173683,
      0.018404563888907433,
      0.018610449507832527,
      0.018551884219050407,
      0.018605738878250122,
      0.018707863986492157,
      0.01862318068742752,
      0.018567277118563652,
      0.01918325386941433,
      0.019912369549274445,
      0.019618157297372818,
      0.019190214574337006,
      0.017760049551725388,
      0.01891658455133438,
      0.018118150532245636,
      0.01936860755085945,
      0.01991729624569416,
      0.021297689527273178,
      0.02020455151796341,
      0.018575476482510567,
      0.018767349421977997,
      0.018755625933408737,
      0.01882687583565712,
      0.019140085205435753,
      0.019398406147956848,
      0.01833835430443287,
      0.018219806253910065,
      0.018632588908076286,
      0.018465783447027206,
      0.019936256110668182,
      0.01912658102810383,
      0.01870751567184925,
      0.01952819712460041,
      0.018725860863924026,
      0.01962897926568985
   ],
   "valid_errors": [
      0.02106083557009697,
      0.011606505140662193,
      0.010129274800419807,
      0.009623770602047443,
      0.009614646434783936,
      0.009658128023147583,
      0.009529727511107922,
      0.009529585018754005,
      0.00933007150888443,
      0.009178722277283669,
      0.008744515478610992,
      0.008571774698793888,
      0.008163182996213436,
      0.007588796317577362,
      0.006932140793651342,
      0.006345715839415789,
      0.0059285350143909454,
      0.0057080029509961605,
      0.005346162710338831,
      0.0050840298645198345,
      0.005419039633125067,
      0.004940695594996214,
      0.005197246093302965,
      0.004893462639302015,
      0.004902958869934082,
      0.004722625017166138,
      0.004766207654029131,
      0.004837873857468367,
      0.004547063261270523,
      0.004797263070940971,
      0.005052147898823023,
      0.00576135516166687,
      0.006142677739262581,
      0.005850305315107107,
      0.005717339459806681,
      0.005017747636884451,
      0.005285740830004215,
      0.0055344682186841965,
      0.0056450082920491695,
      0.005960370879620314,
      0.005975440144538879
   ],
   "val_epochs": [
      0,
      5,
      10,
      15,
      20,
      25,
      30,
      35,
      40,
      45,
      50,
      55,
      60,
      65,
      70,
      75,
      80,
      85,
      90,
      95,
      100,
      105,
      110,
      115,
      120,
      125,
      130,
      135,
      140,
      145,
      150,
      155,
      160,
      165,
      170,
      175,
      180,
      185,
      190,
      195,
      199
   ],
   "input_data_path": "../data/dataset_photo_pce10/data.csv",
   "gradwcontext": true,
   "Encompassing Param": 0.1,
   "Normalize Grads & Contx": false,
   "cluster_all_classes": false,
   "imputation method": "",
   "model_dropout": 0.05
}