{
   "number_epochs": 200,
   "info_used": "use hypothesis",
   "perc_full_data": 0.03,
   "n_epochs_no_selection": 0,
   "Frequency % cutoff": 0.33,
   "hidden_size": 32,
   "random_state": 0,
   "train_errors": [
      0.021785560995340347,
      0.017584115266799927,
      0.018332473933696747,
      0.01532106101512909,
      0.015152188017964363,
      0.0151884276419878,
      0.014161012135446072,
      0.01409579161554575,
      0.013600127771496773,
      0.013501056469976902,
      0.013092102482914925,
      0.012888624332845211,
      0.013084345497190952,
      0.01325690746307373,
      0.012679386883974075,
      0.012773636728525162,
      0.012414706870913506,
      0.012799298390746117,
      0.013342663645744324,
      0.013908243738114834,
      0.013170728459954262,
      0.01417445670813322,
      0.014347885735332966,
      0.01560388132929802,
      0.015113607048988342,
      0.016484353691339493,
      0.01683715730905533,
      0.017723355442285538,
      0.018126703798770905,
      0.016303887590765953,
      0.019280143082141876,
      0.01819196529686451,
      0.01926765963435173,
      0.019199475646018982,
      0.019313428550958633,
      0.019049199298024178,
      0.018737751990556717,
      0.020889855921268463,
      0.020390350371599197,
      0.019034944474697113,
      0.02125333994626999,
      0.01836458034813404,
      0.02038249559700489,
      0.020472511649131775,
      0.01985715515911579,
      0.021714776754379272,
      0.022015634924173355,
      0.021316971629858017,
      0.020264118909835815,
      0.020871657878160477,
      0.0214435625821352,
      0.020890895277261734,
      0.01948561891913414,
      0.020742960274219513,
      0.02045583352446556,
      0.018912114202976227,
      0.021199172362685204,
      0.01989479549229145,
      0.01963040418922901,
      0.020621638745069504,
      0.020113151520490646,
      0.018482152372598648,
      0.018462885171175003,
      0.019436640664935112,
      0.018989423289895058,
      0.01938718929886818,
      0.020736178383231163,
      0.02021327242255211,
      0.018810011446475983,
      0.021371103823184967,
      0.017930855974555016,
      0.020463546738028526,
      0.018856758251786232,
      0.019166164100170135,
      0.021725725382566452,
      0.019206872209906578,
      0.020179107785224915,
      0.01677101105451584,
      0.019341668114066124,
      0.019261866807937622,
      0.018579425290226936,
      0.020595697686076164,
      0.018149975687265396,
      0.01936446689069271,
      0.01896093040704727,
      0.019202854484319687,
      0.018802480772137642,
      0.019954033195972443,
      0.020343773066997528,
      0.021177412942051888,
      0.018690794706344604,
      0.02232668548822403,
      0.017737647518515587,
      0.019689537584781647,
      0.01949462667107582,
      0.019128821790218353,
      0.020706867799162865,
      0.02085644006729126,
      0.019028905779123306,
      0.01921762526035309,
      0.018709128722548485,
      0.018115561455488205,
      0.02075803466141224,
      0.01746761053800583,
      0.019253842532634735,
      0.02081492729485035,
      0.019650232046842575,
      0.019420862197875977,
      0.019206510856747627,
      0.01861805096268654,
      0.02005811780691147,
      0.019480518996715546,
      0.018804574385285378,
      0.020517855882644653,
      0.019416818395256996,
      0.019125794991850853,
      0.017907515168190002,
      0.020287279039621353,
      0.02053961716592312,
      0.01943083480000496,
      0.02062309719622135,
      0.021897194907069206,
      0.018555115908384323,
      0.019564040005207062,
      0.021224070340394974,
      0.02143230475485325,
      0.020204177126288414,
      0.020479660481214523,
      0.018684638664126396,
      0.0205167755484581,
      0.019010314717888832,
      0.020032012835144997,
      0.022450720891356468,
      0.019088096916675568,
      0.02109626680612564,
      0.020552562549710274,
      0.019180169329047203,
      0.021357789635658264,
      0.020989565178751945,
      0.020534344017505646,
      0.0203538965433836,
      0.02033909223973751,
      0.021213077008724213,
      0.020014677196741104,
      0.019644543528556824,
      0.01866055838763714,
      0.021611444652080536,
      0.020542800426483154,
      0.020886437967419624,
      0.0207247082144022,
      0.01891184225678444,
      0.021203702315688133,
      0.02059634029865265,
      0.02060665562748909,
      0.020387910306453705,
      0.02194776013493538,
      0.019889257848262787,
      0.020309824496507645,
      0.019559303298592567,
      0.01928236521780491,
      0.020899899303913116,
      0.019648557528853416,
      0.022103145718574524,
      0.022977758198976517,
      0.020699435845017433,
      0.020322643220424652,
      0.020512590184807777,
      0.02328868955373764,
      0.020049739629030228,
      0.021677367389202118,
      0.0223704781383276,
      0.02060791477560997,
      0.022938674315810204,
      0.020222488790750504,
      0.0226895734667778,
      0.0216357484459877,
      0.02323066256940365,
      0.019793596118688583,
      0.0236082524061203,
      0.0203472301363945,
      0.019649308174848557,
      0.021230200305581093,
      0.020038526505231857,
      0.020566975697875023,
      0.019038360565900803,
      0.02068963088095188,
      0.021293427795171738,
      0.020959986373782158,
      0.02079620026051998,
      0.021001555025577545,
      0.021855395287275314,
      0.022434936836361885,
      0.02242007851600647,
      0.019130511209368706,
      0.02119584009051323,
      0.019591160118579865,
      0.021018415689468384,
      0.021823551505804062,
      0.0212702713906765,
      0.01983407884836197
   ],
   "valid_errors": [
      0.020783163607120514,
      0.010613618418574333,
      0.00914077740162611,
      0.008812208659946918,
      0.00928922276943922,
      0.010721087455749512,
      0.011758014559745789,
      0.012300034053623676,
      0.012539360672235489,
      0.012577416375279427,
      0.012652845121920109,
      0.01210435014218092,
      0.012579958885908127,
      0.01204165443778038,
      0.012290597893297672,
      0.012506557628512383,
      0.01219064462929964,
      0.011859528720378876,
      0.012086424045264721,
      0.012137901037931442,
      0.012237698771059513,
      0.011921697296202183,
      0.012176671996712685,
      0.01298599224537611,
      0.012722115032374859,
      0.013162661343812943,
      0.012272264808416367,
      0.012933307327330112,
      0.012549309991300106,
      0.012390104122459888,
      0.012446098029613495,
      0.013328803703188896,
      0.01319192536175251,
      0.013413320295512676,
      0.013042897917330265,
      0.013772571459412575,
      0.013012547977268696,
      0.013007651083171368,
      0.013428013771772385,
      0.013354855589568615,
      0.013669396750628948
   ],
   "val_epochs": [
      0,
      5,
      10,
      15,
      20,
      25,
      30,
      35,
      40,
      45,
      50,
      55,
      60,
      65,
      70,
      75,
      80,
      85,
      90,
      95,
      100,
      105,
      110,
      115,
      120,
      125,
      130,
      135,
      140,
      145,
      150,
      155,
      160,
      165,
      170,
      175,
      180,
      185,
      190,
      195,
      199
   ],
   "input_data_path": "../data/dataset_photo_pce10/data.csv",
   "gradwcontext": true,
   "Encompassing Param": 0.1,
   "Normalize Grads & Contx": false,
   "cluster_all_classes": false,
   "imputation method": "",
   "model_dropout": 0.05
}