{
   "number_epochs": 200,
   "info_used": "use hypothesis",
   "perc_full_data": 0.02,
   "n_epochs_no_selection": 0,
   "Frequency % cutoff": 0.33,
   "hidden_size": 32,
   "random_state": 7,
   "train_errors": [
      0.011872902512550354,
      0.010254967026412487,
      0.010231945663690567,
      0.010127496905624866,
      0.010054800659418106,
      0.010059399530291557,
      0.009942627511918545,
      0.01013546995818615,
      0.009843585081398487,
      0.009575653821229935,
      0.009862944483757019,
      0.009986898861825466,
      0.009877427481114864,
      0.009940997697412968,
      0.010020118206739426,
      0.009902019053697586,
      0.010043219663202763,
      0.010067259892821312,
      0.009794903919100761,
      0.010000134818255901,
      0.010019119828939438,
      0.010060189291834831,
      0.010146040469408035,
      0.01014211867004633,
      0.010134808719158173,
      0.01023437175899744,
      0.009909124113619328,
      0.010191488079726696,
      0.010253704153001308,
      0.010218295268714428,
      0.010214811190962791,
      0.010312152095139027,
      0.010232198983430862,
      0.01026200968772173,
      0.010417414829134941,
      0.010279442183673382,
      0.01027347519993782,
      0.010500559583306313,
      0.010227547958493233,
      0.010256310924887657,
      0.010124175809323788,
      0.01021560374647379,
      0.010363485664129257,
      0.010267794132232666,
      0.010418785735964775,
      0.010486304759979248,
      0.010465968400239944,
      0.010297615081071854,
      0.010504107922315598,
      0.010481401346623898,
      0.010545953176915646,
      0.01046228501945734,
      0.010592265985906124,
      0.010531838051974773,
      0.01035815104842186,
      0.010293688625097275,
      0.010436697863042355,
      0.010369181632995605,
      0.01058906689286232,
      0.010566459968686104,
      0.010383612476289272,
      0.010358714498579502,
      0.010457045398652554,
      0.01055159792304039,
      0.010545662604272366,
      0.010368200950324535,
      0.010303610935807228,
      0.01040459144860506,
      0.010488987900316715,
      0.01040115486830473,
      0.010493012145161629,
      0.010438467375934124,
      0.01060204952955246,
      0.010273362509906292,
      0.010232592932879925,
      0.010507237166166306,
      0.010662843473255634,
      0.010493299923837185,
      0.010437427088618279,
      0.010553384199738503,
      0.010237960144877434,
      0.010475409217178822,
      0.01054733619093895,
      0.010411758907139301,
      0.010459888726472855,
      0.010452274233102798,
      0.010499736294150352,
      0.010685360059142113,
      0.010362411849200726,
      0.010424621403217316,
      0.010736354626715183,
      0.010541427880525589,
      0.010454673320055008,
      0.010502605699002743,
      0.010283582843840122,
      0.01053826417773962,
      0.010538322851061821,
      0.01044904813170433,
      0.01051407027989626,
      0.010598222725093365,
      0.010533156804740429,
      0.010571582242846489,
      0.010529645718634129,
      0.0106419138610363,
      0.010454593226313591,
      0.010391365736722946,
      0.010699896141886711,
      0.010400586761534214,
      0.010441398248076439,
      0.010444455780088902,
      0.010564976371824741,
      0.010533974505960941,
      0.010433129034936428,
      0.010454260744154453,
      0.010563710704445839,
      0.010555040091276169,
      0.010530214756727219,
      0.01047439407557249,
      0.010341139510273933,
      0.010547065176069736,
      0.010523859411478043,
      0.010702504776418209,
      0.010357173159718513,
      0.010308901779353619,
      0.01044137217104435,
      0.010457010939717293,
      0.010402890853583813,
      0.010434846393764019,
      0.010335469618439674,
      0.010347502306103706,
      0.010616366751492023,
      0.010529698804020882,
      0.010277912020683289,
      0.010365891270339489,
      0.010259493254125118,
      0.010666878893971443,
      0.010482004843652248,
      0.010379976592957973,
      0.010384630411863327,
      0.010494288057088852,
      0.010582098737359047,
      0.010486234910786152,
      0.010296571999788284,
      0.010421826504170895,
      0.010359268635511398,
      0.010487987659871578,
      0.01052194181829691,
      0.010460366494953632,
      0.010669106617569923,
      0.01050509326159954,
      0.01058334019035101,
      0.010554260574281216,
      0.010813198983669281,
      0.010726186446845531,
      0.010659979656338692,
      0.010525044053792953,
      0.010771451517939568,
      0.010531817562878132,
      0.010497217066586018,
      0.010499169118702412,
      0.01058525312691927,
      0.010532312095165253,
      0.01071974728256464,
      0.010697897523641586,
      0.01047961600124836,
      0.01056656427681446,
      0.010653635486960411,
      0.01066247746348381,
      0.010627362877130508,
      0.010543666779994965,
      0.010615598410367966,
      0.010552608408033848,
      0.010715008713304996,
      0.010679456405341625,
      0.010543148033320904,
      0.010810830630362034,
      0.010749989189207554,
      0.010652237571775913,
      0.010688986629247665,
      0.010646350681781769,
      0.010814998298883438,
      0.010780195705592632,
      0.010524660348892212,
      0.010504009202122688,
      0.010570107959210873,
      0.010656118392944336,
      0.010432160459458828,
      0.010643694549798965,
      0.010762791149318218,
      0.010788578540086746,
      0.010880973190069199,
      0.010471384041011333,
      0.010613804683089256,
      0.010905242525041103,
      0.010771379806101322,
      0.010588963516056538,
      0.011116920970380306,
      0.010558987967669964,
      0.010753381997346878,
      0.010456491261720657
   ],
   "valid_errors": [
      0.009125055745244026,
      0.007936173118650913,
      0.007722158450633287,
      0.007636945229023695,
      0.007646193727850914,
      0.007670889142900705,
      0.007750095799565315,
      0.007765543647110462,
      0.007776097394526005,
      0.007879171520471573,
      0.007946766912937164,
      0.007952908985316753,
      0.008042870089411736,
      0.00810168031603098,
      0.008158615790307522,
      0.008118677884340286,
      0.008118106052279472,
      0.008181014098227024,
      0.00822251383215189,
      0.008201577700674534,
      0.008140400983393192,
      0.008153057657182217,
      0.00826127640902996,
      0.008305979892611504,
      0.00818582996726036,
      0.0082479789853096,
      0.008360112085938454,
      0.008375032804906368,
      0.00828381534665823,
      0.008309457451105118,
      0.008269810117781162,
      0.008357102051377296,
      0.00829792208969593,
      0.008416620083153248,
      0.008477906696498394,
      0.008398419246077538,
      0.00846047606319189,
      0.008550296537578106,
      0.008570333942770958,
      0.00867040641605854,
      0.008572530932724476
   ],
   "val_epochs": [
      0,
      5,
      10,
      15,
      20,
      25,
      30,
      35,
      40,
      45,
      50,
      55,
      60,
      65,
      70,
      75,
      80,
      85,
      90,
      95,
      100,
      105,
      110,
      115,
      120,
      125,
      130,
      135,
      140,
      145,
      150,
      155,
      160,
      165,
      170,
      175,
      180,
      185,
      190,
      195,
      199
   ],
   "input_data_path": "../data/dataset_photo_pce10/data.csv",
   "gradwcontext": true,
   "Encompassing Param": 0.1,
   "Normalize Grads & Contx": false,
   "cluster_all_classes": false,
   "imputation method": "",
   "model_dropout": 0.05
}