{
   "number_epochs": 500,
   "info_used": "partial info",
   "perc_full_data": 0.02,
   "n_epochs_no_selection": 0,
   "Frequency % cutoff": 0.33,
   "hidden_size": 32,
   "random_state": 3,
   "train_errors": [
      0.0296770092099905,
      0.024083616212010384,
      0.023890724405646324,
      0.022363202646374702,
      0.022949131205677986,
      0.025376444682478905,
      0.020849676802754402,
      0.020922159776091576,
      0.019899580627679825,
      0.01964941993355751,
      0.021220963448286057,
      0.020281067118048668,
      0.019999206066131592,
      0.018125254660844803,
      0.018227841705083847,
      0.01757640205323696,
      0.017310170456767082,
      0.015864061191678047,
      0.019188450649380684,
      0.02029988542199135,
      0.017776023596525192,
      0.017545798793435097,
      0.019007587805390358,
      0.017536191269755363,
      0.016418907791376114,
      0.01746957376599312,
      0.017864787951111794,
      0.016399353742599487,
      0.016717931255698204,
      0.014722494408488274,
      0.017924794927239418,
      0.016077712178230286,
      0.01599166728556156,
      0.015687860548496246,
      0.017536738887429237,
      0.01605922169983387,
      0.015578496269881725,
      0.016462042927742004,
      0.019306715577840805,
      0.01784544810652733,
      0.015735549852252007,
      0.016001371666789055,
      0.014290226623415947,
      0.013984903693199158,
      0.014620591886341572,
      0.01546762976795435,
      0.014865676872432232,
      0.019112396985292435,
      0.012821908108890057,
      0.01342377346009016,
      0.01713220402598381,
      0.016791338101029396,
      0.01646849513053894,
      0.013460250571370125,
      0.014513234607875347,
      0.0151901226490736,
      0.015298555605113506,
      0.017658600583672523,
      0.013169691897928715,
      0.014635336585342884,
      0.01409967988729477,
      0.017581846565008163,
      0.013072861358523369,
      0.013758637011051178,
      0.01538890041410923,
      0.013488449156284332,
      0.015305779874324799,
      0.013154769316315651,
      0.01337349507957697,
      0.013685778714716434,
      0.0130394222214818,
      0.014211832545697689,
      0.013220718130469322,
      0.011694866232573986,
      0.012096800841391087,
      0.01021278090775013,
      0.012460818514227867,
      0.013129581697285175,
      0.012728066183626652,
      0.014740541577339172,
      0.013599053025245667,
      0.014927677810192108,
      0.011690021492540836,
      0.013352440670132637,
      0.009952934458851814,
      0.010538840666413307,
      0.013650624081492424,
      0.011530643329024315,
      0.011495247483253479,
      0.013859136961400509,
      0.009541123174130917,
      0.012349491938948631,
      0.017190666869282722,
      0.011920714750885963,
      0.008722971193492413,
      0.011723577044904232,
      0.01007996965199709,
      0.009425552561879158,
      0.010581540875136852,
      0.01061128731817007,
      0.01024608314037323,
      0.009986315853893757,
      0.008925910107791424,
      0.00935664214193821,
      0.007388030644506216,
      0.009291796945035458,
      0.010809240862727165,
      0.010339106433093548,
      0.010028587654232979,
      0.010305123403668404,
      0.008327672258019447,
      0.009668072685599327,
      0.008085210807621479,
      0.007949541322886944,
      0.006739539094269276,
      0.008407116867601871,
      0.006875480990856886,
      0.007822041399776936,
      0.008237292990088463,
      0.012086336500942707,
      0.007042767945677042,
      0.005840993486344814,
      0.01263442076742649,
      0.00757551146671176,
      0.008892836980521679,
      0.007937380112707615,
      0.007238190621137619,
      0.00630986550822854,
      0.005868273321539164,
      0.00665413960814476,
      0.005782567895948887,
      0.005643308162689209,
      0.005560539197176695,
      0.00520770950242877,
      0.004596679005771875,
      0.009804710745811462,
      0.004026648588478565,
      0.004006172064691782,
      0.006822568830102682,
      0.006229200400412083,
      0.00507545517757535,
      0.0052703917026519775,
      0.006249119993299246,
      0.003327240701764822,
      0.005498617887496948,
      0.0037181745283305645,
      0.0078085497952997684,
      0.0035790125839412212,
      0.0035251567605882883,
      0.004111605696380138,
      0.004251647274941206,
      0.0032004867680370808,
      0.0026307585649192333,
      0.0032501176465302706,
      0.004665844142436981,
      0.0023599581327289343,
      0.0030490721110254526,
      0.0030026284512132406,
      0.004419808741658926,
      0.006041472312062979,
      0.005339960101991892,
      0.004514824133366346,
      0.0034217569045722485,
      0.002316281432285905,
      0.0099028330296278,
      0.0015792780322954059,
      0.002564984606578946,
      0.003062073839828372,
      0.002282382920384407,
      0.005669821053743362,
      0.0018733125180006027,
      0.0017230039229616523,
      0.0014346966054290533,
      0.011653353460133076,
      0.001399796106852591,
      0.0031517173629254103,
      0.003618558868765831,
      0.00200500781647861,
      0.003167062997817993,
      0.008794755674898624,
      0.0020138928666710854,
      0.0022518110927194357,
      0.0019346335902810097,
      0.0014586106408387423,
      0.0012014139210805297,
      0.008225848898291588,
      0.001624165684916079,
      0.004671535920351744,
      0.003281730692833662,
      0.002771663013845682,
      0.0029813710134476423,
      0.0051415348425507545,
      0.0012077767169103026,
      0.0012819733237847686,
      0.001429376075975597,
      0.004585214890539646,
      0.0009485540213063359,
      0.0018262416124343872,
      0.0021014236845076084,
      0.001065374119207263,
      0.0018849066691473126,
      0.0018488812493160367,
      0.0010576244676485658,
      0.0014778564218431711,
      0.0023636515252292156,
      0.0007997748325578868,
      0.0011534171644598246,
      0.0006875409744679928,
      0.0024587486404925585,
      0.0008343717781826854,
      0.002442606957629323,
      0.0010654224315658212,
      0.002948461566120386,
      0.002006435301154852,
      0.010232252068817616,
      0.0014266030630096793,
      0.0016331507358700037,
      0.0009970864048227668,
      0.0016598800430074334,
      0.0024555909913033247,
      0.0007825681823305786,
      0.003518820973113179,
      0.0017816537292674184,
      0.001011573476716876,
      0.00349874678067863,
      0.010968692600727081,
      0.0010063763475045562,
      0.0008433372713625431,
      0.00512940576300025,
      0.002697229152545333,
      0.0017455884953960776,
      0.002565468195825815,
      0.0008951361523941159,
      0.0018362334230914712,
      0.0014110462507233024,
      0.0008949810289777815,
      0.0007238824618980289,
      0.0008690051618032157,
      0.0033116743434220552,
      0.0010696330573409796,
      0.0038227925542742014,
      0.0005721818888559937,
      0.0008793193846940994,
      0.0014370151329785585,
      0.0034373037051409483,
      0.0004955281619913876,
      0.0038115389179438353,
      0.001749904011376202,
      0.010014915838837624,
      0.0032340988982468843,
      0.0018733838805928826,
      0.0020884214900434017,
      0.003183135064318776,
      0.0026127644814550877,
      0.0018722478998824954,
      0.0013085749233141541,
      0.0022323268931359053,
      0.0025540112983435392,
      0.0009993042331188917,
      0.0020806274842470884,
      0.0015175483422353864,
      0.0018368597375229,
      0.0013398106675595045,
      0.0004951947485096753,
      0.0005530321504920721,
      0.000732848362531513,
      0.0010130625450983644,
      0.0018003437435254455,
      0.001264111022464931,
      0.006396785844117403,
      0.0009693108731880784,
      0.0010134639451280236,
      0.00031130804563872516,
      0.0011523183202371001,
      0.0006484456243924797,
      0.0011035145726054907,
