{
   "number_epochs": 500,
   "info_used": "partial info",
   "perc_full_data": 0.02,
   "n_epochs_no_selection": 0,
   "Frequency % cutoff": 0.33,
   "hidden_size": 32,
   "random_state": 18,
   "train_errors": [
      0.03676676005125046,
      0.023443207144737244,
      0.020640218630433083,
      0.021674316376447678,
      0.019845014438033104,
      0.021638747304677963,
      0.02316942997276783,
      0.02114969864487648,
      0.01850109174847603,
      0.016607841476798058,
      0.018075305968523026,
      0.017223479226231575,
      0.01809104159474373,
      0.016374241560697556,
      0.016460703685879707,
      0.015487500466406345,
      0.01444420125335455,
      0.014901933260262012,
      0.013430088758468628,
      0.012794749811291695,
      0.014022722840309143,
      0.012441420927643776,
      0.012542695738375187,
      0.011787458322942257,
      0.012239505536854267,
      0.014169633388519287,
      0.012885049916803837,
      0.011312989518046379,
      0.011799218133091927,
      0.010901826433837414,
      0.014002707786858082,
      0.011133963242173195,
      0.009934090077877045,
      0.010501104407012463,
      0.009953903034329414,
      0.011434203013777733,
      0.010551996529102325,
      0.009456905536353588,
      0.00967569462954998,
      0.008957703597843647,
      0.00922481995075941,
      0.009510363452136517,
      0.009239601902663708,
      0.009093737229704857,
      0.011675557121634483,
      0.013240846805274487,
      0.008264182135462761,
      0.007661640178412199,
      0.008623620495200157,
      0.008265852928161621,
      0.008191033266484737,
      0.009918144904077053,
      0.007792676333338022,
      0.007786477450281382,
      0.005290061701089144,
      0.010783161036670208,
      0.010450237430632114,
      0.005540110170841217,
      0.007292753551155329,
      0.007898801937699318,
      0.006529136095196009,
      0.006581640802323818,
      0.006358050741255283,
      0.006117269862443209,
      0.006610807962715626,
      0.006845593452453613,
      0.00665681716054678,
      0.00806043203920126,
      0.0054820203222334385,
      0.005102877039462328,
      0.004055493976920843,
      0.006698228884488344,
      0.005696918349713087,
      0.005171685013920069,
      0.007022497244179249,
      0.005932441912591457,
      0.004058071877807379,
      0.005538929719477892,
      0.006274136248975992,
      0.004166855476796627,
      0.0051245479844510555,
      0.004997576121240854,
      0.007102061063051224,
      0.004677827935665846,
      0.007494980935007334,
      0.005021574441343546,
      0.005322148557752371,
      0.005343746393918991,
      0.0047035375609993935,
      0.006052706856280565,
      0.003923977259546518,
      0.004135932773351669,
      0.003665676573291421,
      0.004383812192827463,
      0.005480438005179167,
      0.004417241085320711,
      0.0034663453698158264,
      0.004209179896861315,
      0.004215841647237539,
      0.004385783802717924,
      0.005313721019774675,
      0.003389926627278328,
      0.005502759013324976,
      0.004210726823657751,
      0.002553364960476756,
      0.004252936691045761,
      0.004234990105032921,
      0.0047265165485441685,
      0.003080162452533841,
      0.0038964287377893925,
      0.002913507167249918,
      0.002876103622838855,
      0.006353902630507946,
      0.003926860634237528,
      0.003001354169100523,
      0.0035689063370227814,
      0.00514222402125597,
      0.002753901993855834,
      0.003601910313591361,
      0.00279095652513206,
      0.0034893041010946035,
      0.003843761747702956,
      0.004320493433624506,
      0.0031445957720279694,
      0.0025231714826077223,
      0.005200181622058153,
      0.0028776212129741907,
      0.0035851120483130217,
      0.0033500767312943935,
      0.0022546311374753714,
      0.0034289273899048567,
      0.002305717673152685,
      0.002701806602999568,
      0.0027425698935985565,
      0.0026256830897182226,
      0.003340628230944276,
      0.0027393815107643604,
      0.002178919268772006,
      0.0029072582256048918,
      0.0019918647594749928,
      0.0030134718399494886,
      0.0037957862950861454,
      0.0035372439306229353,
      0.003114111488685012,
      0.002738639246672392,
      0.00236987741664052,
      0.0024629526305943727,
      0.00251430319622159,
      0.004867214243859053,
      0.003382776165381074,
      0.0022602970711886883,
      0.00234610284678638,
      0.0033038053661584854,
      0.0035007032565772533,
      0.002142946468666196,
      0.0022997590713202953,
      0.00281130219809711,
      0.0022798236459493637,
      0.0017180886352434754,
      0.001648001023568213,
      0.002421098994091153,
      0.0017070381436496973,
      0.0025054533034563065,
      0.0015575222205370665,
      0.0019765624310821295,
      0.0019935264717787504,
      0.0036208981182426214,
      0.0027818975504487753,
      0.002360553713515401,
      0.002065309090539813,
      0.0016485706437379122,
      0.0025049203541129827,
      0.002379931742325425,
      0.0028746873140335083,
      0.0031404977198690176,
      0.0014248470542952418,
      0.002069102833047509,
      0.0021437834948301315,
      0.0021301917731761932,
      0.002981417579576373,
      0.0035166547168046236,
      0.00135153962764889,
      0.0017204865580424666,
      0.0029390938580036163,
      0.002877268474549055,
      0.0017598543781787157,
      0.003272749949246645,
      0.002099639270454645,
      0.0025084952358156443,
      0.004245576448738575,
      0.0027114010881632566,
      0.001946743344888091,
      0.0016152627067640424,
      0.0023722960613667965,
      0.0024140800815075636,
      0.00146067317109555,
      0.002264294307678938,
      0.000987657462246716,
      0.0014885723358020186,
      0.0013852509437128901,
      0.001706422190181911,
      0.0019269600743427873,
      0.001974757295101881,
      0.001713095116429031,
      0.0034152900334447622,
      0.0012057962594553828,
      0.0009397772373631597,
      0.0018871751381084323,
      0.0014055342180654407,
      0.0015023950254544616,
      0.001713133417069912,
      0.0015286499401554465,
      0.0011004441184923053,
      0.0030845156870782375,
      0.001311050495132804,
      0.0031869690865278244,
      0.001174258068203926,
      0.002144851256161928,
      0.002370089991018176,
      0.0013333620736375451,
      0.0009583542123436928,
      0.0018622539937496185,
      0.0010394009295850992,
      0.0016030374681577086,
      0.0013182442635297775,
      0.00100631860550493,
      0.0013078991323709488,
      0.0020385286770761013,
      0.0012756241485476494,
      0.0017491213511675596,
      0.0023843906819820404,
      0.0010171405738219619,
      0.0017861675005406141,
      0.000912301242351532,
      0.0012617165921255946,
      0.0006607832619920373,
      0.0012430885108187795,
      0.0015282597159966826,
      0.004283950664103031,
      0.0015674799215048552,
      0.001150969648733735,
      0.0033699036575853825,
      0.0011655770940706134,
      0.0007085881079547107,
      0.0014553200453519821,
      0.0010606994619593024,
      0.0012615494197234511,
      0.0015095581766217947,
      0.0010463270591571927,
      0.0009119728347286582,
      0.000758964684791863,
      0.0013987428974360228,
      0.001297203591093421,
      0.0015472996747121215,
      0.0006981540354900062,
      0.0008568466873839498,
      0.0008448851876892149,
      0.0007072166190482676,
      0.0010987578425556421,
      0.004960194230079651,
      0.0008592811063863337,
      0.0027322012465447187,
      0.001129014533944428,
      0.00127871532458812,
      0.0011225808411836624,
      0.0006294591585174203,
      0.0012190963607281446,
      0.0013526469701901078,
      0.003665549447759986,
      0.002180897630751133,
      0.0016705034067854285,
      0.0009287247085012496,
      0.001193678006529808,
      0.0007866921951062977,
