{
   "number_epochs": 500,
   "info_used": "partial info",
   "perc_full_data": 0.02,
   "n_epochs_no_selection": 0,
   "Frequency % cutoff": 0.33,
   "hidden_size": 32,
   "random_state": 14,
   "train_errors": [
      0.09028629958629608,
      0.06527052074670792,
      0.051785241812467575,
      0.0386623777449131,
      0.0380740761756897,
      0.03750675544142723,
      0.041944555938243866,
      0.04540615528821945,
      0.043554604053497314,
      0.038534976541996,
      0.03788873553276062,
      0.03459608182311058,
      0.03344201296567917,
      0.03446624428033829,
      0.031125247478485107,
      0.03315574303269386,
      0.03277367725968361,
      0.03215314447879791,
      0.03675086051225662,
      0.03139541298151016,
      0.032290268689394,
      0.031117858365178108,
      0.030475879088044167,
      0.02954729087650776,
      0.03182164579629898,
      0.03051890805363655,
      0.027141820639371872,
      0.028182631358504295,
      0.02802281640470028,
      0.029064221307635307,
      0.02913883700966835,
      0.027979183942079544,
      0.024065207690000534,
      0.02574489638209343,
      0.0279573742300272,
      0.0321352444589138,
      0.025455612689256668,
      0.02507067285478115,
      0.024637753143906593,
      0.02495696023106575,
      0.024729501456022263,
      0.0251882616430521,
      0.026453271508216858,
      0.026647834107279778,
      0.0226388331502676,
      0.022232992574572563,
      0.03460642695426941,
      0.02341732382774353,
      0.021345702931284904,
      0.026653680950403214,
      0.02307889796793461,
      0.022951526567339897,
      0.02325838804244995,
      0.025294562801718712,
      0.019055694341659546,
      0.02392931655049324,
      0.019870886579155922,
      0.01627056859433651,
      0.02350323460996151,
      0.02144177444279194,
      0.019483108073472977,
      0.02291586995124817,
      0.02391120232641697,
      0.020611196756362915,
      0.025381779298186302,
      0.02148587442934513,
      0.022061575204133987,
      0.02025158703327179,
      0.01830928400158882,
      0.01697240024805069,
      0.01843523047864437,
      0.02216101810336113,
      0.018228327855467796,
      0.019180184230208397,
      0.018327882513403893,
      0.021326391026377678,
      0.01796649396419525,
      0.027336370199918747,
      0.023152586072683334,
      0.017554646357893944,
      0.019766418263316154,
      0.021252529695630074,
      0.0211299117654562,
      0.02508288063108921,
      0.017375711351633072,
      0.017716195434331894,
      0.014363378286361694,
      0.02123396471142769,
      0.016760213300585747,
      0.014104503206908703,
      0.01585281454026699,
      0.016023512929677963,
      0.01349128969013691,
      0.013795345090329647,
      0.014785687439143658,
      0.013120914809405804,
      0.011801338754594326,
      0.012156352400779724,
      0.030238952487707138,
      0.019129397347569466,
      0.012444582767784595,
      0.015053085051476955,
      0.014909589663147926,
      0.016600394621491432,
      0.0176133643835783,
      0.011767367832362652,
      0.01064903475344181,
      0.012810812331736088,
      0.009529785253107548,
      0.014223678037524223,
      0.0064171189442276955,
      0.009718847461044788,
      0.014145922847092152,
      0.007678554393351078,
      0.011107714846730232,
      0.006580917630344629,
      0.009749363176524639,
      0.007798499893397093,
      0.008306139148771763,
      0.00934032816439867,
      0.013005699031054974,
      0.005548208020627499,
      0.007088974583894014,
      0.005190503783524036,
      0.004095834214240313,
      0.006493482273072004,
      0.004961864557117224,
      0.004660066217184067,
      0.006289583630859852,
      0.004345953464508057,
      0.018760543316602707,
      0.008045348338782787,
      0.006111409515142441,
      0.01141147781163454,
      0.005666919518262148,
      0.006497176829725504,
      0.007239506114274263,
      0.0039048674516379833,
      0.004106389824301004,
      0.0034010738600045443,
      0.0031761599238961935,
      0.002953281858935952,
      0.003711589379236102,
      0.0035985533613711596,
      0.006956164259463549,
      0.00291050155647099,
      0.005116174463182688,
      0.0026013569440692663,
      0.0024306436534971,
      0.0025283568538725376,
      0.004676605574786663,
      0.006318256258964539,
      0.00461646169424057,
      0.002576418686658144,
      0.0029861070215702057,
      0.0036765311378985643,
      0.001912058680318296,
      0.00465754559263587,
      0.004988281987607479,
      0.011488452553749084,
      0.0045237792655825615,
      0.003433396341279149,
      0.002793549792841077,
      0.0041833301074802876,
      0.0024260948412120342,
      0.003773448755964637,
      0.0030667304527014494,
      0.0038753151893615723,
      0.002852983307093382,
      0.0035307854413986206,
      0.021608751267194748,
      0.0024689275305718184,
      0.0021821442060172558,
      0.0019011328695341945,
      0.0023538849782198668,
      0.0034299050457775593,
      0.0021121071185916662,
      0.002748671220615506,
      0.0019688585307449102,
      0.0020339852198958397,
      0.007847906090319157,
      0.002276972634717822,
      0.0015137947630137205,
      0.0014378780033439398,
      0.0018803142011165619,
      0.0014081236440688372,
      0.00220449804328382,
      0.0010362674947828054,
      0.0010156158823519945,
      0.0013373831752687693,
      0.004278452135622501,
      0.002275646897032857,
      0.001745592220686376,
      0.002906148787587881,
      0.0021823900751769543,
      0.0007532178424298763,
      0.0007079552742652595,
      0.0008835414773784578,
      0.005175657570362091,
      0.001165165682323277,
      0.0011909730965271592,
      0.0029990915209054947,
      0.001265048049390316,
      0.0014290970284491777,
      0.01821530982851982,
      0.002031606389209628,
      0.0011650285450741649,
      0.003051093313843012,
      0.0011185199255123734,
      0.0008591205114498734,
      0.0007721275906078517,
      0.001085396041162312,
      0.0013182229595258832,
      0.0034106061793863773,
      0.0011088465107604861,
      0.013448523357510567,
      0.0016405308851972222,
      0.01165897399187088,
      0.005228755064308643,
      0.002811100799590349,
      0.001492597395554185,
      0.0013795440318062901,
      0.0012034308165311813,
      0.0018248017877340317,
      0.0021540168672800064,
      0.001028779661282897,
      0.0004742263408843428,
      0.0017795271705836058,
      0.0006676298216916621,
      0.0022164261899888515,
      0.0009219121420755982,
      0.007276275660842657,
      0.001518365927040577,
      0.00266645266674459,
      0.009064878337085247,
      0.004390213172882795,
      0.0013933955924585462,
      0.0005746170645579696,
      0.00046220890362747014,
      0.0007065311656333506,
      0.012889495119452477,
      0.001557364477775991,
      0.002336460631340742,
      0.0012020200956612825,
      0.010333423502743244,
      0.0014982331776991487,
      0.0022368652280420065,
      0.0037905569188296795,
      0.00149406713899225,
      0.0017654281109571457,
      0.0040299249812960625,
      0.0006969352834858,
      0.0005209773662500083,
      0.000743935932405293,
      0.00043139728950336576,
      0.0009138717432506382,
      0.0007048827828839421,
      0.0022727809846401215,
      0.0007642809650860727,
      0.0015366588486358523,
      0.0007392457919195294,
      0.0017911113100126386,
      0.000879738770890981,
      0.0003616803733166307,
      0.00046414745156653225,
      0.003750597359612584,
      0.000995634705759585,
      0.0018643058137968183,
      0.00040314230136573315,
      0.0007895762682892382,
      0.001218977733515203,
      0.0017037421930581331,
      0.0008145698229782283,
      0.0026021157391369343,
      0.0005669936654157937,
      0.0004943447420373559,
      0.010682309977710247,
